page,date,clicks,impressions,ctr,position,ctr_pct
https://www.miaphotobooth.net/post/what-size-are-photo-booth-pictures-a-complete-breakdown,2026-05-07,29,1009,0.028741328047571853,3.4390485629335976,2.874
https://www.miaphotobooth.net/post/what-size-are-photo-booth-pictures-a-complete-breakdown,2026-03-29,28,1044,0.02681992337164751,2.842911877394636,2.682
https://www.miaphotobooth.net/post/what-size-are-photo-booth-pictures-a-complete-breakdown,2026-05-20,28,868,0.03225806451612903,3.8744239631336406,3.226
https://www.miaphotobooth.net/post/what-size-are-photo-booth-pictures-a-complete-breakdown,2026-03-16,26,941,0.02763018065887354,2.9298618490967057,2.763
https://www.miaphotobooth.net/post/what-size-are-photo-booth-pictures-a-complete-breakdown,2026-04-28,26,913,0.028477546549835708,3.593647316538883,2.848
https://www.miaphotobooth.net/post/what-size-are-photo-booth-pictures-a-complete-breakdown,2026-05-11,26,917,0.028353326063249727,3.1908396946564888,2.835
https://www.miaphotobooth.net/post/what-size-are-photo-booth-pictures-a-complete-breakdown,2026-04-21,24,881,0.02724177071509648,3.3144154370034054,2.724
https://www.miaphotobooth.net/post/what-size-are-photo-booth-pictures-a-complete-breakdown,2026-04-29,24,917,0.026172300981461286,3.548527808069793,2.617
https://www.miaphotobooth.net/post/what-size-are-photo-booth-pictures-a-complete-breakdown,2026-05-18,24,914,0.0262582056892779,3.675054704595186,2.626
https://www.miaphotobooth.net/post/what-size-are-photo-booth-pictures-a-complete-breakdown,2026-05-25,24,937,0.025613660618996798,3.831376734258271,2.561
https://www.miaphotobooth.net/post/what-size-are-photo-booth-pictures-a-complete-breakdown,2026-04-12,23,967,0.023784901758014478,3.0703205791106516,2.378
https://www.miaphotobooth.net/post/what-size-are-photo-booth-pictures-a-complete-breakdown,2026-04-22,23,956,0.02405857740585774,3.514644351464435,2.406
https://www.miaphotobooth.net/post/what-size-are-photo-booth-pictures-a-complete-breakdown,2026-05-12,23,937,0.02454642475987193,3.44076840981857,2.455
https://www.miaphotobooth.net/post/what-size-are-photo-booth-pictures-a-complete-breakdown,2026-05-14,23,942,0.024416135881104035,3.4150743099787686,2.442
https://www.miaphotobooth.net/post/what-size-are-photo-booth-pictures-a-complete-breakdown,2026-03-30,22,1032,0.02131782945736434,2.8643410852713176,2.132
https://www.miaphotobooth.net/post/what-size-are-photo-booth-pictures-a-complete-breakdown,2026-04-27,22,1035,0.021256038647342997,3.7932367149758455,2.126
https://www.miaphotobooth.net/post/what-size-are-photo-booth-pictures-a-complete-breakdown,2026-05-19,22,976,0.022540983606557378,3.5040983606557377,2.254
https://www.miaphotobooth.net/post/what-size-are-photo-booth-pictures-a-complete-breakdown,2026-03-12,21,842,0.02494061757719715,3.1282660332541568,2.494
https://www.miaphotobooth.net/post/what-size-are-photo-booth-pictures-a-complete-breakdown,2026-03-17,21,1022,0.02054794520547945,2.727005870841487,2.055
https://www.miaphotobooth.net/post/what-size-are-photo-booth-pictures-a-complete-breakdown,2026-04-16,21,880,0.023863636363636365,3.1829545454545456,2.386
https://www.miaphotobooth.net/post/what-size-are-photo-booth-pictures-a-complete-breakdown,2026-05-06,21,1018,0.0206286836935167,3.522593320235756,2.063
https://www.miaphotobooth.net/post/what-size-are-photo-booth-pictures-a-complete-breakdown,2026-03-05,20,912,0.021929824561403508,2.987938596491228,2.193
https://www.miaphotobooth.net/post/what-size-are-photo-booth-pictures-a-complete-breakdown,2026-03-23,20,1064,0.018796992481203006,2.6907894736842106,1.88
https://www.miaphotobooth.net/post/what-size-are-photo-booth-pictures-a-complete-breakdown,2026-03-31,20,974,0.02053388090349076,2.683778234086242,2.053
https://www.miaphotobooth.net/post/what-size-are-photo-booth-pictures-a-complete-breakdown,2026-04-07,20,980,0.02040816326530612,2.8183673469387758,2.041
https://www.miaphotobooth.net/post/what-size-are-photo-booth-pictures-a-complete-breakdown,2026-05-04,20,1007,0.019860973187686197,3.7130089374379343,1.986
https://www.miaphotobooth.net/post/what-size-are-photo-booth-pictures-a-complete-breakdown,2026-05-05,20,1046,0.019120458891013385,3.3107074569789674,1.912
https://www.miaphotobooth.net/post/what-size-are-photo-booth-pictures-a-complete-breakdown,2026-03-15,19,929,0.02045209903121636,2.7168998923573735,2.045
https://www.miaphotobooth.net/post/what-size-are-photo-booth-pictures-a-complete-breakdown,2026-04-08,19,907,0.020948180815876516,2.782800441014333,2.095
https://www.miaphotobooth.net/post/what-size-are-photo-booth-pictures-a-complete-breakdown,2026-04-15,19,907,0.020948180815876516,2.9691289966923926,2.095
https://www.miaphotobooth.net/post/what-size-are-photo-booth-pictures-a-complete-breakdown,2026-05-10,19,882,0.021541950113378686,3.5396825396825395,2.154
https://www.miaphotobooth.net/post/what-size-are-photo-booth-pictures-a-complete-breakdown,2026-05-13,19,908,0.02092511013215859,3.6244493392070485,2.093
https://www.miaphotobooth.net/post/what-size-are-photo-booth-pictures-a-complete-breakdown,2026-05-16,19,794,0.02392947103274559,3.853904282115869,2.393
https://www.miaphotobooth.net/post/what-size-are-photo-booth-pictures-a-complete-breakdown,2026-05-21,19,925,0.02054054054054054,3.6183783783783783,2.054
https://www.miaphotobooth.net/post/what-size-are-photo-booth-pictures-a-complete-breakdown,2026-03-08,18,880,0.020454545454545454,2.956818181818182,2.045
https://www.miaphotobooth.net/post/what-size-are-photo-booth-pictures-a-complete-breakdown,2026-03-09,18,1522,0.011826544021024968,2.2135348226018396,1.183
https://www.miaphotobooth.net/post/what-size-are-photo-booth-pictures-a-complete-breakdown,2026-03-13,18,804,0.022388059701492536,2.753731343283582,2.239
https://www.miaphotobooth.net/post/what-size-are-photo-booth-pictures-a-complete-breakdown,2026-03-19,18,942,0.01910828025477707,2.762208067940552,1.911
https://www.miaphotobooth.net/post/what-size-are-photo-booth-pictures-a-complete-breakdown,2026-03-25,18,949,0.018967334035827187,2.922023182297155,1.897
https://www.miaphotobooth.net/post/what-size-are-photo-booth-pictures-a-complete-breakdown,2026-03-27,18,899,0.020022246941045607,2.995550611790879,2.002
https://www.miaphotobooth.net/post/what-size-are-photo-booth-pictures-a-complete-breakdown,2026-04-01,18,970,0.018556701030927835,2.8484536082474228,1.856
https://www.miaphotobooth.net/post/what-size-are-photo-booth-pictures-a-complete-breakdown,2026-05-03,18,891,0.020202020202020204,3.6621773288439954,2.02
https://www.miaphotobooth.net/post/what-size-are-photo-booth-pictures-a-complete-breakdown,2026-05-08,18,946,0.019027484143763214,3.5475687103594082,1.903
https://www.miaphotobooth.net/post/what-size-are-photo-booth-pictures-a-complete-breakdown,2026-03-26,17,957,0.017763845350052248,2.699059561128527,1.776
https://www.miaphotobooth.net/post/what-size-are-photo-booth-pictures-a-complete-breakdown,2026-04-10,17,865,0.019653179190751446,3.069364161849711,1.965
https://www.miaphotobooth.net/post/what-size-are-photo-booth-pictures-a-complete-breakdown,2026-05-01,17,876,0.019406392694063926,3.743150684931507,1.941
https://www.miaphotobooth.net/post/what-size-are-photo-booth-pictures-a-complete-breakdown,2026-05-28,17,836,0.02033492822966507,3.632775119617225,2.033
https://www.miaphotobooth.net/post/what-size-are-photo-booth-pictures-a-complete-breakdown,2026-03-04,16,874,0.018306636155606407,2.754004576659039,1.831
https://www.miaphotobooth.net/post/what-size-are-photo-booth-pictures-a-complete-breakdown,2026-03-11,16,908,0.01762114537444934,3.512114537444934,1.762
https://www.miaphotobooth.net/post/what-size-are-photo-booth-pictures-a-complete-breakdown,2026-03-20,16,990,0.01616161616161616,2.833333333333333,1.616
https://www.miaphotobooth.net/post/what-size-are-photo-booth-pictures-a-complete-breakdown,2026-03-24,16,1060,0.01509433962264151,2.7650943396226415,1.509
https://www.miaphotobooth.net/post/what-size-are-photo-booth-pictures-a-complete-breakdown,2026-03-28,16,807,0.01982651796778191,2.675340768277571,1.983
https://www.miaphotobooth.net/post/what-size-are-photo-booth-pictures-a-complete-breakdown,2026-04-04,16,859,0.018626309662398137,2.777648428405122,1.863
https://www.miaphotobooth.net/post/what-size-are-photo-booth-pictures-a-complete-breakdown,2026-04-20,16,1030,0.015533980582524271,3.137864077669903,1.553
https://www.miaphotobooth.net/post/what-size-are-photo-booth-pictures-a-complete-breakdown,2026-04-23,16,828,0.01932367149758454,3.385265700483092,1.932
https://www.miaphotobooth.net/post/what-size-are-photo-booth-pictures-a-complete-breakdown,2026-04-25,16,816,0.0196078431372549,3.488970588235294,1.961
https://www.miaphotobooth.net/post/what-size-are-photo-booth-pictures-a-complete-breakdown,2026-04-26,16,826,0.01937046004842615,3.6077481840193704,1.937
https://www.miaphotobooth.net/post/what-size-are-photo-booth-pictures-a-complete-breakdown,2026-04-30,16,892,0.017937219730941704,3.476457399103139,1.794
https://www.miaphotobooth.net/post/what-size-are-photo-booth-pictures-a-complete-breakdown,2026-05-26,16,909,0.0176017601760176,3.905390539053905,1.76
https://www.miaphotobooth.net/post/what-size-are-photo-booth-pictures-a-complete-breakdown,2026-05-30,16,770,0.02077922077922078,3.587012987012987,2.078
https://www.miaphotobooth.net/post/what-size-are-photo-booth-pictures-a-complete-breakdown,2026-04-06,15,1006,0.014910536779324055,2.933399602385686,1.491
https://www.miaphotobooth.net/post/what-size-are-photo-booth-pictures-a-complete-breakdown,2026-04-17,15,847,0.01770956316410862,3.204250295159386,1.771
https://www.miaphotobooth.net/post/what-size-are-photo-booth-pictures-a-complete-breakdown,2026-05-17,15,914,0.016411378555798686,3.8938730853391683,1.641
https://www.miaphotobooth.net/post/what-size-are-photo-booth-pictures-a-complete-breakdown,2026-05-22,15,834,0.017985611510791366,3.514388489208633,1.799
https://www.miaphotobooth.net/post/what-size-are-photo-booth-pictures-a-complete-breakdown,2026-03-18,14,993,0.014098690835850957,2.6273917421953676,1.41
https://www.miaphotobooth.net/post/what-size-are-photo-booth-pictures-a-complete-breakdown,2026-03-21,14,808,0.017326732673267328,2.858910891089109,1.733
https://www.miaphotobooth.net/post/what-size-are-photo-booth-pictures-a-complete-breakdown,2026-03-22,14,909,0.015401540154015401,2.6523652365236523,1.54
https://www.miaphotobooth.net/post/what-size-are-photo-booth-pictures-a-complete-breakdown,2026-04-02,14,824,0.01699029126213592,2.9186893203883493,1.699
https://www.miaphotobooth.net/post/what-size-are-photo-booth-pictures-a-complete-breakdown,2026-04-14,14,942,0.014861995753715499,3.082802547770701,1.486
https://www.miaphotobooth.net/post/what-size-are-photo-booth-pictures-a-complete-breakdown,2026-05-09,14,909,0.015401540154015401,3.361936193619362,1.54
https://www.miaphotobooth.net/post/what-size-are-photo-booth-pictures-a-complete-breakdown,2026-05-27,14,944,0.014830508474576272,4.307203389830509,1.483
https://www.miaphotobooth.net/post/what-size-are-photo-booth-pictures-a-complete-breakdown,2026-03-06,13,852,0.015258215962441314,3.356807511737089,1.526
https://www.miaphotobooth.net/post/what-size-are-photo-booth-pictures-a-complete-breakdown,2026-04-19,13,927,0.014023732470334413,2.9784250269687162,1.402
https://www.miaphotobooth.net/post/what-size-are-photo-booth-pictures-a-complete-breakdown,2026-05-24,13,758,0.017150395778364115,4.215039577836412,1.715
https://www.miaphotobooth.net/post/what-size-are-photo-booth-pictures-a-complete-breakdown,2026-03-07,12,837,0.014336917562724014,2.930704898446834,1.434
https://www.miaphotobooth.net/post/what-size-are-photo-booth-pictures-a-complete-breakdown,2026-03-10,12,772,0.015544041450777202,3.349740932642487,1.554
https://www.miaphotobooth.net/post/what-size-are-photo-booth-pictures-a-complete-breakdown,2026-04-03,12,759,0.015810276679841896,3.1923583662714097,1.581
https://www.miaphotobooth.net/post/what-size-are-photo-booth-pictures-a-complete-breakdown,2026-04-09,12,897,0.013377926421404682,2.89520624303233,1.338
https://www.miaphotobooth.net/post/what-size-are-photo-booth-pictures-a-complete-breakdown,2026-04-13,12,1010,0.011881188118811881,3.0613861386138614,1.188
https://www.miaphotobooth.net/post/what-size-are-photo-booth-pictures-a-complete-breakdown,2026-04-05,11,874,0.012585812356979404,2.830663615560641,1.259
https://www.miaphotobooth.net/post/what-size-are-photo-booth-pictures-a-complete-breakdown,2026-05-29,11,771,0.014267185473411154,3.345006485084306,1.427
https://www.miaphotobooth.net/post/what-size-are-photo-booth-pictures-a-complete-breakdown,2026-04-11,10,828,0.012077294685990338,3.03743961352657,1.208
https://www.miaphotobooth.net/post/what-size-are-photo-booth-pictures-a-complete-breakdown,2026-04-18,10,766,0.013054830287206266,2.8172323759791125,1.305
https://www.miaphotobooth.net/post/what-size-are-photo-booth-pictures-a-complete-breakdown,2026-05-02,10,771,0.01297016861219196,3.594033722438392,1.297
https://www.miaphotobooth.net/post/what-size-are-photo-booth-pictures-a-complete-breakdown,2026-03-14,9,744,0.012096774193548387,2.8198924731182795,1.21
https://www.miaphotobooth.net/post/what-size-are-photo-booth-pictures-a-complete-breakdown,2026-04-24,9,818,0.011002444987775062,3.4902200488997557,1.1
https://www.miaphotobooth.net/post/what-size-are-photo-booth-pictures-a-complete-breakdown,2026-05-15,9,900,0.01,4.029999999999999,1.0
https://www.miaphotobooth.net/post/what-size-are-photo-booth-pictures-a-complete-breakdown,2026-05-23,8,758,0.010554089709762533,4.054089709762533,1.055
https://www.miaphotobooth.net/,2026-03-04,6,423,0.014184397163120567,8.990543735224588,1.418
https://www.miaphotobooth.net/post/what-are-the-photo-booth-pictures-called-understanding-photo-booth-photos,2026-03-12,5,394,0.012690355329949238,2.7944162436548226,1.269
https://www.miaphotobooth.net/post/what-are-the-photo-booth-pictures-called-understanding-photo-booth-photos,2026-05-17,5,369,0.013550135501355014,3.368563685636856,1.355
https://www.miaphotobooth.net/,2026-04-01,4,223,0.017937219730941704,17.47085201793722,1.794
https://www.miaphotobooth.net/,2026-04-02,4,208,0.019230769230769232,13.033653846153847,1.923
https://www.miaphotobooth.net/post/what-are-the-photo-booth-pictures-called-understanding-photo-booth-photos,2026-03-22,4,401,0.00997506234413965,3.3516209476309227,0.998
https://www.miaphotobooth.net/post/what-are-the-photo-booth-pictures-called-understanding-photo-booth-photos,2026-05-02,4,374,0.0106951871657754,2.96524064171123,1.07
https://www.miaphotobooth.net/post/what-are-the-photo-booth-pictures-called-understanding-photo-booth-photos,2026-05-21,4,386,0.010362694300518135,3.8134715025906734,1.036
https://www.miaphotobooth.net/,2026-03-05,3,320,0.009375,11.315625,0.938
https://www.miaphotobooth.net/,2026-03-23,3,222,0.013513513513513514,11.045045045045045,1.351
https://www.miaphotobooth.net/,2026-04-10,3,139,0.02158273381294964,12.532374100719425,2.158
https://www.miaphotobooth.net/,2026-05-04,3,647,0.00463678516228748,9.191653786707883,0.464
https://www.miaphotobooth.net/,2026-05-05,3,617,0.004862236628849271,8.222042139384117,0.486
https://www.miaphotobooth.net/,2026-05-12,3,715,0.004195804195804196,8.53006993006993,0.42
https://www.miaphotobooth.net/?utm_source=gmb&utm_medium=click&utm_campaign=gmb_listing,2026-04-07,3,56,0.05357142857142857,5.642857142857143,5.357
https://www.miaphotobooth.net/post/how-can-i-create-a-polaroid-frame-for-my-photo-booth,2026-05-16,3,29,0.10344827586206896,10.448275862068966,10.345
https://www.miaphotobooth.net/post/how-to-make-photo-booth-props-fun-and-easy-diy-ideas,2026-04-29,3,49,0.061224489795918366,10.204081632653061,6.122
https://www.miaphotobooth.net/post/what-are-the-photo-booth-pictures-called-understanding-photo-booth-photos,2026-03-09,3,378,0.007936507936507936,3.261904761904762,0.794
https://www.miaphotobooth.net/post/what-are-the-photo-booth-pictures-called-understanding-photo-booth-photos,2026-03-15,3,487,0.006160164271047228,3.782340862422998,0.616
https://www.miaphotobooth.net/post/what-are-the-photo-booth-pictures-called-understanding-photo-booth-photos,2026-03-17,3,461,0.006507592190889371,3.932754880694143,0.651
https://www.miaphotobooth.net/post/what-are-the-photo-booth-pictures-called-understanding-photo-booth-photos,2026-04-05,3,461,0.006507592190889371,3.2190889370932756,0.651
https://www.miaphotobooth.net/post/what-are-the-photo-booth-pictures-called-understanding-photo-booth-photos,2026-04-28,3,295,0.010169491525423728,3.8440677966101693,1.017
https://www.miaphotobooth.net/post/what-are-the-photo-booth-pictures-called-understanding-photo-booth-photos,2026-05-10,3,426,0.007042253521126761,3.4694835680751175,0.704
https://www.miaphotobooth.net/post/what-are-the-photo-booth-pictures-called-understanding-photo-booth-photos,2026-05-24,3,351,0.008547008547008548,3.2051282051282053,0.855
https://www.miaphotobooth.net/post/what-are-the-photo-booth-pictures-called-understanding-photo-booth-photos,2026-05-26,3,320,0.009375,3.471875,0.938
https://www.miaphotobooth.net/,2026-03-17,2,223,0.008968609865470852,10.201793721973095,0.897
https://www.miaphotobooth.net/,2026-03-20,2,211,0.009478672985781991,10.132701421800947,0.948
https://www.miaphotobooth.net/,2026-03-21,2,182,0.01098901098901099,11.098901098901099,1.099
https://www.miaphotobooth.net/,2026-03-22,2,159,0.012578616352201259,9.339622641509434,1.258
https://www.miaphotobooth.net/,2026-03-24,2,208,0.009615384615384616,11.54326923076923,0.962
https://www.miaphotobooth.net/,2026-03-26,2,173,0.011560693641618497,8.526011560693641,1.156
https://www.miaphotobooth.net/,2026-03-29,2,198,0.010101010101010102,19.57070707070707,1.01
https://www.miaphotobooth.net/,2026-04-05,2,202,0.009900990099009901,19.856435643564357,0.99
https://www.miaphotobooth.net/,2026-04-15,2,140,0.014285714285714285,11.321428571428571,1.429
https://www.miaphotobooth.net/,2026-04-16,2,169,0.011834319526627219,12.863905325443787,1.183
https://www.miaphotobooth.net/?utm_source=gmb&utm_medium=click&utm_campaign=gmb_listing,2026-03-15,2,25,0.08,2.3600000000000003,8.0
https://www.miaphotobooth.net/?utm_source=gmb&utm_medium=click&utm_campaign=gmb_listing,2026-03-26,2,41,0.04878048780487805,5.2682926829268295,4.878
https://www.miaphotobooth.net/post/audio-guestbook-experience-miami,2026-03-10,2,3,0.6666666666666666,4.666666666666666,66.667
https://www.miaphotobooth.net/post/how-can-i-create-a-polaroid-frame-for-my-photo-booth,2026-03-30,2,9,0.2222222222222222,6.666666666666667,22.222
https://www.miaphotobooth.net/post/how-to-effectively-display-photo-booth-props,2026-05-16,2,13,0.15384615384615385,7.615384615384615,15.385
https://www.miaphotobooth.net/post/how-to-make-photo-booth-props-fun-and-easy-diy-ideas,2026-03-21,2,40,0.05,7.0,5.0
https://www.miaphotobooth.net/post/how-to-make-photo-booth-props-fun-and-easy-diy-ideas,2026-05-04,2,89,0.02247191011235955,8.662921348314606,2.247
https://www.miaphotobooth.net/post/how-to-make-photo-booth-props-fun-and-easy-diy-ideas,2026-05-08,2,63,0.031746031746031744,6.888888888888889,3.175
https://www.miaphotobooth.net/post/what-are-the-photo-booth-pictures-called-understanding-photo-booth-photos,2026-03-05,2,340,0.0058823529411764705,3.773529411764706,0.588
https://www.miaphotobooth.net/post/what-are-the-photo-booth-pictures-called-understanding-photo-booth-photos,2026-03-20,2,394,0.005076142131979695,3.489847715736041,0.508
https://www.miaphotobooth.net/post/what-are-the-photo-booth-pictures-called-understanding-photo-booth-photos,2026-03-25,2,374,0.0053475935828877,3.342245989304813,0.535
https://www.miaphotobooth.net/post/what-are-the-photo-booth-pictures-called-understanding-photo-booth-photos,2026-04-03,2,467,0.004282655246252677,3.3918629550321198,0.428
https://www.miaphotobooth.net/post/what-are-the-photo-booth-pictures-called-understanding-photo-booth-photos,2026-04-06,2,414,0.004830917874396135,3.4613526570048307,0.483
https://www.miaphotobooth.net/post/what-are-the-photo-booth-pictures-called-understanding-photo-booth-photos,2026-04-07,2,443,0.004514672686230248,3.2076749435665914,0.451
https://www.miaphotobooth.net/post/what-are-the-photo-booth-pictures-called-understanding-photo-booth-photos,2026-04-14,2,474,0.004219409282700422,2.9957805907173,0.422
https://www.miaphotobooth.net/post/what-are-the-photo-booth-pictures-called-understanding-photo-booth-photos,2026-04-15,2,455,0.004395604395604396,3.3978021978021977,0.44
https://www.miaphotobooth.net/post/what-are-the-photo-booth-pictures-called-understanding-photo-booth-photos,2026-04-18,2,454,0.004405286343612335,3.1674008810572687,0.441
https://www.miaphotobooth.net/post/what-are-the-photo-booth-pictures-called-understanding-photo-booth-photos,2026-04-24,2,324,0.006172839506172839,3.734567901234568,0.617
https://www.miaphotobooth.net/post/what-are-the-photo-booth-pictures-called-understanding-photo-booth-photos,2026-05-12,2,375,0.005333333333333333,3.624,0.533
https://www.miaphotobooth.net/post/what-are-the-photo-booth-pictures-called-understanding-photo-booth-photos,2026-05-15,2,439,0.004555808656036446,3.478359908883827,0.456
https://www.miaphotobooth.net/post/what-are-the-photo-booth-pictures-called-understanding-photo-booth-photos,2026-05-22,2,328,0.006097560975609756,3.7560975609756095,0.61
https://www.miaphotobooth.net/post/what-are-the-photo-booth-pictures-called-understanding-photo-booth-photos,2026-05-25,2,365,0.005479452054794521,3.632876712328767,0.548
https://www.miaphotobooth.net/,2026-03-10,1,163,0.006134969325153374,10.190184049079754,0.613
https://www.miaphotobooth.net/,2026-03-13,1,169,0.005917159763313609,10.514792899408285,0.592
https://www.miaphotobooth.net/,2026-03-16,1,263,0.0038022813688212928,8.064638783269963,0.38
https://www.miaphotobooth.net/,2026-03-19,1,156,0.00641025641025641,8.153846153846153,0.641
https://www.miaphotobooth.net/,2026-03-25,1,155,0.0064516129032258064,10.825806451612904,0.645
https://www.miaphotobooth.net/,2026-03-27,1,196,0.00510204081632653,8.841836734693878,0.51
https://www.miaphotobooth.net/,2026-03-30,1,272,0.003676470588235294,14.797794117647058,0.368
https://www.miaphotobooth.net/,2026-03-31,1,216,0.004629629629629629,12.273148148148149,0.463
https://www.miaphotobooth.net/,2026-04-07,1,224,0.004464285714285714,13.008928571428571,0.446
https://www.miaphotobooth.net/,2026-04-08,1,175,0.005714285714285714,13.342857142857143,0.571
https://www.miaphotobooth.net/,2026-04-09,1,158,0.006329113924050633,15.018987341772151,0.633
https://www.miaphotobooth.net/,2026-04-11,1,169,0.005917159763313609,10.781065088757396,0.592
https://www.miaphotobooth.net/,2026-04-13,1,202,0.0049504950495049506,10.504950495049505,0.495
https://www.miaphotobooth.net/,2026-04-14,1,138,0.007246376811594203,11.543478260869565,0.725
https://www.miaphotobooth.net/,2026-04-20,1,223,0.004484304932735426,24.847533632286996,0.448
https://www.miaphotobooth.net/,2026-04-21,1,138,0.007246376811594203,15.978260869565217,0.725
https://www.miaphotobooth.net/,2026-04-22,1,164,0.006097560975609756,12.96951219512195,0.61
https://www.miaphotobooth.net/,2026-04-23,1,151,0.006622516556291391,14.456953642384105,0.662
https://www.miaphotobooth.net/,2026-04-27,1,232,0.004310344827586207,13.892241379310345,0.431
https://www.miaphotobooth.net/,2026-04-29,1,682,0.001466275659824047,8.304985337243401,0.147
https://www.miaphotobooth.net/,2026-05-07,1,562,0.0017793594306049821,8.137010676156583,0.178
https://www.miaphotobooth.net/,2026-05-10,1,630,0.0015873015873015873,8.420634920634921,0.159
https://www.miaphotobooth.net/,2026-05-11,1,720,0.001388888888888889,8.776388888888889,0.139
https://www.miaphotobooth.net/,2026-05-14,1,796,0.001256281407035176,7.99748743718593,0.126
https://www.miaphotobooth.net/,2026-05-17,1,123,0.008130081300813009,14.674796747967479,0.813
https://www.miaphotobooth.net/,2026-05-18,1,151,0.006622516556291391,10.695364238410596,0.662
https://www.miaphotobooth.net/,2026-05-20,1,134,0.007462686567164179,13.104477611940299,0.746
https://www.miaphotobooth.net/,2026-05-22,1,127,0.007874015748031496,13.78740157480315,0.787
https://www.miaphotobooth.net/,2026-05-23,1,111,0.009009009009009009,18.504504504504503,0.901
https://www.miaphotobooth.net/360-photo-booth,2026-03-23,1,7,0.14285714285714285,15.714285714285714,14.286
https://www.miaphotobooth.net/360-photo-booth,2026-04-13,1,17,0.058823529411764705,7.647058823529412,5.882
https://www.miaphotobooth.net/?utm_source=gmb&utm_medium=click&utm_campaign=gmb_listing,2026-03-08,1,43,0.023255813953488372,2.7209302325581395,2.326
https://www.miaphotobooth.net/?utm_source=gmb&utm_medium=click&utm_campaign=gmb_listing,2026-03-11,1,48,0.020833333333333332,5.5,2.083
https://www.miaphotobooth.net/?utm_source=gmb&utm_medium=click&utm_campaign=gmb_listing,2026-03-17,1,150,0.006666666666666667,2.84,0.667
https://www.miaphotobooth.net/?utm_source=gmb&utm_medium=click&utm_campaign=gmb_listing,2026-03-21,1,51,0.0196078431372549,2.686274509803922,1.961
https://www.miaphotobooth.net/?utm_source=gmb&utm_medium=click&utm_campaign=gmb_listing,2026-03-22,1,50,0.02,2.6799999999999997,2.0
https://www.miaphotobooth.net/?utm_source=gmb&utm_medium=click&utm_campaign=gmb_listing,2026-03-23,1,38,0.02631578947368421,2.8421052631578947,2.632
https://www.miaphotobooth.net/?utm_source=gmb&utm_medium=click&utm_campaign=gmb_listing,2026-03-25,1,45,0.022222222222222223,5.711111111111111,2.222
https://www.miaphotobooth.net/?utm_source=gmb&utm_medium=click&utm_campaign=gmb_listing,2026-03-30,1,48,0.020833333333333332,6.958333333333333,2.083
https://www.miaphotobooth.net/?utm_source=gmb&utm_medium=click&utm_campaign=gmb_listing,2026-04-03,1,61,0.01639344262295082,5.704918032786885,1.639
https://www.miaphotobooth.net/?utm_source=gmb&utm_medium=click&utm_campaign=gmb_listing,2026-04-04,1,65,0.015384615384615385,5.569230769230769,1.538
https://www.miaphotobooth.net/?utm_source=gmb&utm_medium=click&utm_campaign=gmb_listing,2026-04-05,1,46,0.021739130434782608,6.369565217391305,2.174
https://www.miaphotobooth.net/?utm_source=gmb&utm_medium=click&utm_campaign=gmb_listing,2026-04-06,1,213,0.004694835680751174,2.197183098591549,0.469
https://www.miaphotobooth.net/?utm_source=gmb&utm_medium=click&utm_campaign=gmb_listing,2026-04-09,1,49,0.02040816326530612,3.6530612244897958,2.041
https://www.miaphotobooth.net/?utm_source=gmb&utm_medium=click&utm_campaign=gmb_listing,2026-04-19,1,52,0.019230769230769232,1.8076923076923077,1.923
https://www.miaphotobooth.net/?utm_source=gmb&utm_medium=click&utm_campaign=gmb_listing,2026-04-20,1,45,0.022222222222222223,5.4,2.222
https://www.miaphotobooth.net/?utm_source=gmb&utm_medium=click&utm_campaign=gmb_listing,2026-04-22,1,37,0.02702702702702703,2.945945945945946,2.703
https://www.miaphotobooth.net/?utm_source=gmb&utm_medium=click&utm_campaign=gmb_listing,2026-04-24,1,35,0.02857142857142857,2.8285714285714283,2.857
https://www.miaphotobooth.net/?utm_source=gmb&utm_medium=click&utm_campaign=gmb_listing,2026-04-27,1,84,0.011904761904761904,2.7261904761904763,1.19
https://www.miaphotobooth.net/?utm_source=gmb&utm_medium=click&utm_campaign=gmb_listing,2026-05-01,1,846,0.001182033096926714,5.670212765957447,0.118
https://www.miaphotobooth.net/?utm_source=gmb&utm_medium=click&utm_campaign=gmb_listing,2026-05-02,1,828,0.0012077294685990338,7.369565217391305,0.121
https://www.miaphotobooth.net/?utm_source=gmb&utm_medium=click&utm_campaign=gmb_listing,2026-05-03,1,602,0.0016611295681063123,6.410299003322259,0.166
https://www.miaphotobooth.net/?utm_source=gmb&utm_medium=click&utm_campaign=gmb_listing,2026-05-07,1,529,0.001890359168241966,2.6899810964083173,0.189
https://www.miaphotobooth.net/?utm_source=gmb&utm_medium=click&utm_campaign=gmb_listing,2026-05-12,1,375,0.0026666666666666666,3.648,0.267
https://www.miaphotobooth.net/audio-guestbook,2026-04-04,1,3,0.3333333333333333,5.666666666666667,33.333
https://www.miaphotobooth.net/audio-guestbook,2026-04-27,1,2,0.5,3.5,50.0
https://www.miaphotobooth.net/audio-guestbook,2026-05-29,1,1,1.0,1.0,100.0
https://www.miaphotobooth.net/classy-photo-booth-rental-in-coral-terrace-fl,2026-05-04,1,6,0.16666666666666666,19.833333333333332,16.667
https://www.miaphotobooth.net/contact,2026-04-14,1,5,0.2,6.8,20.0
https://www.miaphotobooth.net/contact,2026-05-14,1,3,0.3333333333333333,4.333333333333334,33.333
https://www.miaphotobooth.net/events-gallery,2026-04-01,1,9,0.1111111111111111,13.0,11.111
https://www.miaphotobooth.net/events-gallery,2026-04-03,1,10,0.1,25.0,10.0
https://www.miaphotobooth.net/events-gallery,2026-05-12,1,5,0.2,6.8,20.0
https://www.miaphotobooth.net/events-gallery,2026-05-30,1,3,0.3333333333333333,12.666666666666666,33.333
https://www.miaphotobooth.net/glam-booth,2026-03-15,1,15,0.06666666666666667,24.6,6.667
https://www.miaphotobooth.net/glam-booth,2026-04-13,1,36,0.027777777777777776,12.36111111111111,2.778
https://www.miaphotobooth.net/glam-booth,2026-04-27,1,20,0.05,25.3,5.0
https://www.miaphotobooth.net/high-quality-photo-booth-rental-in-westchester-fl,2026-04-02,1,2,0.5,46.0,50.0
https://www.miaphotobooth.net/leading-photo-booth-rental-in-coral-gables-fl,2026-03-25,1,1,1.0,2.0,100.0
https://www.miaphotobooth.net/popular-photo-booth-rental-in-wynwood-fl,2026-03-12,1,2,0.5,6.5,50.0
https://www.miaphotobooth.net/post/audio-guestbook-experience-miami,2026-03-30,1,2,0.5,9.0,50.0
https://www.miaphotobooth.net/post/audio-guestbook-experience-miami,2026-04-09,1,1,1.0,5.0,100.0
https://www.miaphotobooth.net/post/audio-guestbook-experience-miami,2026-04-21,1,8,0.125,14.0,12.5
https://www.miaphotobooth.net/post/audio-guestbook-experience-miami,2026-04-22,1,3,0.3333333333333333,5.333333333333333,33.333
https://www.miaphotobooth.net/post/audio-guestbook-experience-miami,2026-04-25,1,5,0.2,12.2,20.0
https://www.miaphotobooth.net/post/audio-guestbook-experience-miami,2026-05-04,1,4,0.25,3.75,25.0
https://www.miaphotobooth.net/post/audio-guestbook-experience-miami,2026-05-10,1,3,0.3333333333333333,4.0,33.333
https://www.miaphotobooth.net/post/audio-guestbook-experience-miami,2026-05-18,1,2,0.5,13.0,50.0
https://www.miaphotobooth.net/post/audio-guestbook-experience-miami,2026-05-21,1,5,0.2,7.2,20.0
https://www.miaphotobooth.net/post/audio-guestbook-experience-miami,2026-05-28,1,5,0.2,6.4,20.0
https://www.miaphotobooth.net/post/how-a-360-photo-booth-can-take-your-miami-event-to-the-next-level,2026-03-07,1,3,0.3333333333333333,25.333333333333332,33.333
https://www.miaphotobooth.net/post/how-can-i-create-a-polaroid-frame-for-my-photo-booth,2026-03-28,1,6,0.16666666666666666,3.3333333333333335,16.667
https://www.miaphotobooth.net/post/how-can-i-create-a-polaroid-frame-for-my-photo-booth,2026-03-29,1,9,0.1111111111111111,3.3333333333333335,11.111
https://www.miaphotobooth.net/post/how-can-i-create-a-polaroid-frame-for-my-photo-booth,2026-03-31,1,9,0.1111111111111111,5.0,11.111
https://www.miaphotobooth.net/post/how-can-i-create-a-polaroid-frame-for-my-photo-booth,2026-04-03,1,4,0.25,3.25,25.0
https://www.miaphotobooth.net/post/how-can-i-create-a-polaroid-frame-for-my-photo-booth,2026-04-08,1,9,0.1111111111111111,10.11111111111111,11.111
https://www.miaphotobooth.net/post/how-can-i-create-a-polaroid-frame-for-my-photo-booth,2026-04-10,1,16,0.0625,6.5625,6.25
https://www.miaphotobooth.net/post/how-can-i-create-a-polaroid-frame-for-my-photo-booth,2026-04-14,1,14,0.07142857142857142,7.571428571428571,7.143
https://www.miaphotobooth.net/post/how-can-i-create-a-polaroid-frame-for-my-photo-booth,2026-04-17,1,18,0.05555555555555555,11.11111111111111,5.556
https://www.miaphotobooth.net/post/how-can-i-create-a-polaroid-frame-for-my-photo-booth,2026-04-24,1,16,0.0625,12.25,6.25
https://www.miaphotobooth.net/post/how-can-i-create-a-polaroid-frame-for-my-photo-booth,2026-04-25,1,31,0.03225806451612903,9.064516129032258,3.226
https://www.miaphotobooth.net/post/how-can-i-create-a-polaroid-frame-for-my-photo-booth,2026-04-27,1,23,0.043478260869565216,13.91304347826087,4.348
https://www.miaphotobooth.net/post/how-can-i-create-a-polaroid-frame-for-my-photo-booth,2026-05-03,1,20,0.05,11.25,5.0
https://www.miaphotobooth.net/post/how-can-i-create-a-polaroid-frame-for-my-photo-booth,2026-05-06,1,33,0.030303030303030304,10.848484848484848,3.03
https://www.miaphotobooth.net/post/how-can-i-create-a-polaroid-frame-for-my-photo-booth,2026-05-14,1,47,0.02127659574468085,9.085106382978724,2.128
https://www.miaphotobooth.net/post/how-can-i-create-a-polaroid-frame-for-my-photo-booth,2026-05-15,1,37,0.02702702702702703,11.64864864864865,2.703
https://www.miaphotobooth.net/post/how-can-i-create-a-polaroid-frame-for-my-photo-booth,2026-05-17,1,24,0.041666666666666664,9.541666666666666,4.167
https://www.miaphotobooth.net/post/how-can-i-create-a-polaroid-frame-for-my-photo-booth,2026-05-20,1,25,0.04,9.32,4.0
https://www.miaphotobooth.net/post/how-can-i-create-a-polaroid-frame-for-my-photo-booth,2026-05-26,1,25,0.04,8.48,4.0
https://www.miaphotobooth.net/post/how-can-i-create-a-polaroid-frame-for-my-photo-booth,2026-05-29,1,29,0.034482758620689655,9.310344827586206,3.448
https://www.miaphotobooth.net/post/how-to-display-photo-booth-strips-tips-and-ideas,2026-03-09,1,15,0.06666666666666667,4.266666666666667,6.667
https://www.miaphotobooth.net/post/how-to-display-photo-booth-strips-tips-and-ideas,2026-03-17,1,16,0.0625,5.0625,6.25
https://www.miaphotobooth.net/post/how-to-display-photo-booth-strips-tips-and-ideas,2026-03-31,1,16,0.0625,4.3125,6.25
https://www.miaphotobooth.net/post/how-to-display-photo-booth-strips-tips-and-ideas,2026-04-25,1,4,0.25,9.5,25.0
https://www.miaphotobooth.net/post/how-to-effectively-display-photo-booth-props,2026-03-20,1,11,0.09090909090909091,4.636363636363637,9.091
https://www.miaphotobooth.net/post/how-to-effectively-display-photo-booth-props,2026-03-21,1,15,0.06666666666666667,4.6,6.667
https://www.miaphotobooth.net/post/how-to-effectively-display-photo-booth-props,2026-03-22,1,18,0.05555555555555555,3.888888888888889,5.556
https://www.miaphotobooth.net/post/how-to-effectively-display-photo-booth-props,2026-04-01,1,6,0.16666666666666666,6.0,16.667
https://www.miaphotobooth.net/post/how-to-effectively-display-photo-booth-props,2026-04-04,1,10,0.1,5.4,10.0
https://www.miaphotobooth.net/post/how-to-effectively-display-photo-booth-props,2026-05-14,1,21,0.047619047619047616,8.333333333333332,4.762
https://www.miaphotobooth.net/post/how-to-effectively-display-photo-booth-props,2026-05-19,1,8,0.125,10.0,12.5
https://www.miaphotobooth.net/post/how-to-make-photo-booth-props-fun-and-easy-diy-ideas,2026-03-06,1,45,0.022222222222222223,6.977777777777778,2.222
https://www.miaphotobooth.net/post/how-to-make-photo-booth-props-fun-and-easy-diy-ideas,2026-03-07,1,20,0.05,10.3,5.0
https://www.miaphotobooth.net/post/how-to-make-photo-booth-props-fun-and-easy-diy-ideas,2026-03-12,1,22,0.045454545454545456,9.5,4.545
https://www.miaphotobooth.net/post/how-to-make-photo-booth-props-fun-and-easy-diy-ideas,2026-03-18,1,30,0.03333333333333333,5.933333333333334,3.333
https://www.miaphotobooth.net/post/how-to-make-photo-booth-props-fun-and-easy-diy-ideas,2026-03-25,1,49,0.02040816326530612,4.5102040816326525,2.041
https://www.miaphotobooth.net/post/how-to-make-photo-booth-props-fun-and-easy-diy-ideas,2026-04-05,1,55,0.01818181818181818,5.945454545454545,1.818
https://www.miaphotobooth.net/post/how-to-make-photo-booth-props-fun-and-easy-diy-ideas,2026-04-08,1,77,0.012987012987012988,5.688311688311688,1.299
https://www.miaphotobooth.net/post/how-to-make-photo-booth-props-fun-and-easy-diy-ideas,2026-04-15,1,63,0.015873015873015872,6.222222222222222,1.587
https://www.miaphotobooth.net/post/how-to-make-photo-booth-props-fun-and-easy-diy-ideas,2026-04-20,1,132,0.007575757575757576,4.53030303030303,0.758
https://www.miaphotobooth.net/post/how-to-make-photo-booth-props-fun-and-easy-diy-ideas,2026-04-22,1,69,0.014492753623188406,6.0144927536231885,1.449
https://www.miaphotobooth.net/post/how-to-make-photo-booth-props-fun-and-easy-diy-ideas,2026-04-27,1,35,0.02857142857142857,8.542857142857143,2.857
https://www.miaphotobooth.net/post/how-to-make-photo-booth-props-fun-and-easy-diy-ideas,2026-04-28,1,50,0.02,9.48,2.0
https://www.miaphotobooth.net/post/how-to-make-photo-booth-props-fun-and-easy-diy-ideas,2026-05-01,1,37,0.02702702702702703,10.837837837837839,2.703
https://www.miaphotobooth.net/post/how-to-make-photo-booth-props-fun-and-easy-diy-ideas,2026-05-02,1,34,0.029411764705882353,6.970588235294118,2.941
https://www.miaphotobooth.net/post/how-to-make-photo-booth-props-fun-and-easy-diy-ideas,2026-05-06,1,99,0.010101010101010102,7.202020202020202,1.01
https://www.miaphotobooth.net/post/how-to-make-photo-booth-props-fun-and-easy-diy-ideas,2026-05-10,1,45,0.022222222222222223,9.2,2.222
https://www.miaphotobooth.net/post/how-to-make-photo-booth-props-fun-and-easy-diy-ideas,2026-05-22,1,26,0.038461538461538464,13.423076923076923,3.846
https://www.miaphotobooth.net/post/how-to-make-photo-booth-props-fun-and-easy-diy-ideas,2026-05-24,1,24,0.041666666666666664,17.791666666666668,4.167
https://www.miaphotobooth.net/post/how-to-make-photo-booth-props-fun-and-easy-diy-ideas,2026-05-25,1,23,0.043478260869565216,14.217391304347826,4.348
https://www.miaphotobooth.net/post/how-to-make-photo-booth-props-fun-and-easy-diy-ideas,2026-05-27,1,28,0.03571428571428571,10.75,3.571
https://www.miaphotobooth.net/post/how-to-take-a-boomerang-photo,2026-04-05,1,4,0.25,1.5,25.0
https://www.miaphotobooth.net/post/miamis-best-photo-booth-rentals,2026-03-22,1,9,0.1111111111111111,50.666666666666664,11.111
https://www.miaphotobooth.net/post/roamer-photo-booth-rental-miami,2026-03-30,1,10,0.1,24.5,10.0
https://www.miaphotobooth.net/post/roamer-photo-booth-rental-miami,2026-05-26,1,9,0.1111111111111111,10.777777777777779,11.111
https://www.miaphotobooth.net/post/what-are-the-photo-booth-pictures-called-understanding-photo-booth-photos,2026-03-04,1,356,0.0028089887640449437,3.856741573033708,0.281
https://www.miaphotobooth.net/post/what-are-the-photo-booth-pictures-called-understanding-photo-booth-photos,2026-03-06,1,373,0.002680965147453083,3.4638069705093835,0.268
https://www.miaphotobooth.net/post/what-are-the-photo-booth-pictures-called-understanding-photo-booth-photos,2026-03-10,1,350,0.002857142857142857,3.4485714285714284,0.286
https://www.miaphotobooth.net/post/what-are-the-photo-booth-pictures-called-understanding-photo-booth-photos,2026-03-14,1,399,0.002506265664160401,4.0250626566416035,0.251
https://www.miaphotobooth.net/post/what-are-the-photo-booth-pictures-called-understanding-photo-booth-photos,2026-03-18,1,390,0.002564102564102564,3.3743589743589744,0.256
https://www.miaphotobooth.net/post/what-are-the-photo-booth-pictures-called-understanding-photo-booth-photos,2026-03-19,1,322,0.003105590062111801,2.9968944099378882,0.311
https://www.miaphotobooth.net/post/what-are-the-photo-booth-pictures-called-understanding-photo-booth-photos,2026-03-24,1,444,0.0022522522522522522,3.3265765765765765,0.225
https://www.miaphotobooth.net/post/what-are-the-photo-booth-pictures-called-understanding-photo-booth-photos,2026-03-26,1,440,0.0022727272727272726,3.3659090909090907,0.227
https://www.miaphotobooth.net/post/what-are-the-photo-booth-pictures-called-understanding-photo-booth-photos,2026-03-27,1,461,0.0021691973969631237,3.065075921908894,0.217
https://www.miaphotobooth.net/post/what-are-the-photo-booth-pictures-called-understanding-photo-booth-photos,2026-03-29,1,612,0.0016339869281045752,3.145424836601307,0.163
https://www.miaphotobooth.net/post/what-are-the-photo-booth-pictures-called-understanding-photo-booth-photos,2026-03-30,1,447,0.0022371364653243847,2.472035794183445,0.224
https://www.miaphotobooth.net/post/what-are-the-photo-booth-pictures-called-understanding-photo-booth-photos,2026-04-01,1,510,0.00196078431372549,3.0215686274509803,0.196
https://www.miaphotobooth.net/post/what-are-the-photo-booth-pictures-called-understanding-photo-booth-photos,2026-04-08,1,453,0.002207505518763797,3.3642384105960264,0.221
https://www.miaphotobooth.net/post/what-are-the-photo-booth-pictures-called-understanding-photo-booth-photos,2026-04-13,1,472,0.00211864406779661,3.4322033898305087,0.212
https://www.miaphotobooth.net/post/what-are-the-photo-booth-pictures-called-understanding-photo-booth-photos,2026-04-19,1,488,0.0020491803278688526,3.331967213114754,0.205
https://www.miaphotobooth.net/post/what-are-the-photo-booth-pictures-called-understanding-photo-booth-photos,2026-04-21,1,388,0.002577319587628866,3.1752577319587627,0.258
https://www.miaphotobooth.net/post/what-are-the-photo-booth-pictures-called-understanding-photo-booth-photos,2026-04-23,1,334,0.0029940119760479044,3.6646706586826348,0.299
https://www.miaphotobooth.net/post/what-are-the-photo-booth-pictures-called-understanding-photo-booth-photos,2026-04-25,1,304,0.003289473684210526,3.835526315789474,0.329
https://www.miaphotobooth.net/post/what-are-the-photo-booth-pictures-called-understanding-photo-booth-photos,2026-04-27,1,316,0.0031645569620253164,3.740506329113924,0.316
https://www.miaphotobooth.net/post/what-are-the-photo-booth-pictures-called-understanding-photo-booth-photos,2026-04-29,1,352,0.002840909090909091,3.75,0.284
https://www.miaphotobooth.net/post/what-are-the-photo-booth-pictures-called-understanding-photo-booth-photos,2026-05-01,1,408,0.0024509803921568627,3.3848039215686274,0.245
https://www.miaphotobooth.net/post/what-are-the-photo-booth-pictures-called-understanding-photo-booth-photos,2026-05-03,1,414,0.0024154589371980675,2.8115942028985508,0.242
https://www.miaphotobooth.net/post/what-are-the-photo-booth-pictures-called-understanding-photo-booth-photos,2026-05-04,1,410,0.0024390243902439024,3.2414634146341466,0.244
https://www.miaphotobooth.net/post/what-are-the-photo-booth-pictures-called-understanding-photo-booth-photos,2026-05-06,1,403,0.0024813895781637717,3.26302729528536,0.248
https://www.miaphotobooth.net/post/what-are-the-photo-booth-pictures-called-understanding-photo-booth-photos,2026-05-07,1,514,0.0019455252918287938,3.2976653696498053,0.195
https://www.miaphotobooth.net/post/what-are-the-photo-booth-pictures-called-understanding-photo-booth-photos,2026-05-09,1,395,0.002531645569620253,2.9367088607594938,0.253
https://www.miaphotobooth.net/post/what-are-the-photo-booth-pictures-called-understanding-photo-booth-photos,2026-05-14,1,387,0.002583979328165375,4.496124031007752,0.258
https://www.miaphotobooth.net/post/what-are-the-photo-booth-pictures-called-understanding-photo-booth-photos,2026-05-18,1,386,0.0025906735751295338,4.0310880829015545,0.259
https://www.miaphotobooth.net/post/what-are-the-photo-booth-pictures-called-understanding-photo-booth-photos,2026-05-23,1,353,0.0028328611898017,3.6600566572237963,0.283
https://www.miaphotobooth.net/post/what-are-the-photo-booth-pictures-called-understanding-photo-booth-photos,2026-05-27,1,248,0.004032258064516129,3.5483870967741935,0.403
https://www.miaphotobooth.net/post/what-are-the-photo-booth-pictures-called-understanding-photo-booth-photos,2026-05-28,1,280,0.0035714285714285713,3.9285714285714284,0.357
https://www.miaphotobooth.net/post/what-do-360-photo-booth-pictures-look-like,2026-03-10,1,22,0.045454545454545456,7.2272727272727275,4.545
https://www.miaphotobooth.net/post/what-do-360-photo-booth-pictures-look-like,2026-03-12,1,6,0.16666666666666666,7.5,16.667
https://www.miaphotobooth.net/post/what-do-360-photo-booth-pictures-look-like,2026-03-13,1,1,1.0,6.0,100.0
https://www.miaphotobooth.net/post/what-do-360-photo-booth-pictures-look-like,2026-05-20,1,28,0.03571428571428571,7.25,3.571
https://www.miaphotobooth.net/post/what-do-360-photo-booth-pictures-look-like,2026-05-26,1,7,0.14285714285714285,36.57142857142857,14.286
https://www.miaphotobooth.net/roamer-booth,2026-03-05,1,8,0.125,7.875,12.5
https://www.miaphotobooth.net/roamer-booth,2026-03-30,1,10,0.1,13.1,10.0
https://www.miaphotobooth.net/serving-all-of-miami-fl,2026-04-15,1,13,0.07692307692307693,7.461538461538462,7.692
https://www.miaphotobooth.net/,2026-03-06,0,165,0.0,12.442424242424243,0.0
https://www.miaphotobooth.net/,2026-03-07,0,85,0.0,11.117647058823529,0.0
https://www.miaphotobooth.net/,2026-03-08,0,100,0.0,9.08,0.0
https://www.miaphotobooth.net/,2026-03-09,0,141,0.0,10.304964539007091,0.0
https://www.miaphotobooth.net/,2026-03-11,0,152,0.0,8.644736842105264,0.0
https://www.miaphotobooth.net/,2026-03-12,0,151,0.0,9.28476821192053,0.0
https://www.miaphotobooth.net/,2026-03-14,0,156,0.0,11.121794871794872,0.0
https://www.miaphotobooth.net/,2026-03-15,0,112,0.0,11.25,0.0
https://www.miaphotobooth.net/,2026-03-18,0,185,0.0,8.545945945945945,0.0
https://www.miaphotobooth.net/,2026-03-28,0,236,0.0,14.504237288135593,0.0
https://www.miaphotobooth.net/,2026-04-03,0,174,0.0,13.89655172413793,0.0
https://www.miaphotobooth.net/,2026-04-04,0,286,0.0,15.342657342657343,0.0
https://www.miaphotobooth.net/,2026-04-06,0,236,0.0,16.084745762711865,0.0
https://www.miaphotobooth.net/,2026-04-12,0,124,0.0,10.290322580645162,0.0
https://www.miaphotobooth.net/,2026-04-17,0,174,0.0,14.948275862068966,0.0
https://www.miaphotobooth.net/,2026-04-18,0,224,0.0,14.660714285714286,0.0
https://www.miaphotobooth.net/,2026-04-19,0,163,0.0,15.699386503067485,0.0
https://www.miaphotobooth.net/,2026-04-24,0,100,0.0,15.38,0.0
https://www.miaphotobooth.net/,2026-04-25,0,179,0.0,15.1731843575419,0.0
https://www.miaphotobooth.net/,2026-04-26,0,144,0.0,19.25,0.0
https://www.miaphotobooth.net/,2026-04-28,0,434,0.0,9.170506912442397,0.0
https://www.miaphotobooth.net/,2026-04-30,0,777,0.0,7.682110682110682,0.0
https://www.miaphotobooth.net/,2026-05-01,0,890,0.0,8.31123595505618,0.0
https://www.miaphotobooth.net/,2026-05-02,0,860,0.0,8.17906976744186,0.0
https://www.miaphotobooth.net/,2026-05-03,0,629,0.0,8.85214626391097,0.0
https://www.miaphotobooth.net/,2026-05-06,0,580,0.0,8.551724137931036,0.0
https://www.miaphotobooth.net/,2026-05-08,0,593,0.0,8.716694772344013,0.0
https://www.miaphotobooth.net/,2026-05-09,0,572,0.0,8.01923076923077,0.0
https://www.miaphotobooth.net/,2026-05-13,0,783,0.0,8.100893997445722,0.0
https://www.miaphotobooth.net/,2026-05-15,0,604,0.0,8.12251655629139,0.0
https://www.miaphotobooth.net/,2026-05-16,0,139,0.0,15.482014388489208,0.0
https://www.miaphotobooth.net/,2026-05-19,0,132,0.0,14.446969696969697,0.0
https://www.miaphotobooth.net/,2026-05-21,0,140,0.0,13.335714285714285,0.0
https://www.miaphotobooth.net/,2026-05-24,0,71,0.0,23.098591549295776,0.0
https://www.miaphotobooth.net/,2026-05-25,0,71,0.0,18.507042253521128,0.0
https://www.miaphotobooth.net/,2026-05-26,0,94,0.0,21.414893617021278,0.0
https://www.miaphotobooth.net/,2026-05-27,0,106,0.0,16.047169811320757,0.0
https://www.miaphotobooth.net/,2026-05-28,0,74,0.0,18.635135135135137,0.0
https://www.miaphotobooth.net/,2026-05-29,0,74,0.0,18.72972972972973,0.0
https://www.miaphotobooth.net/,2026-05-30,0,104,0.0,18.08653846153846,0.0
https://www.miaphotobooth.net/360-photo-booth,2026-03-04,0,14,0.0,9.571428571428571,0.0
https://www.miaphotobooth.net/360-photo-booth,2026-03-05,0,3,0.0,6.333333333333333,0.0
https://www.miaphotobooth.net/360-photo-booth,2026-03-06,0,4,0.0,16.5,0.0
https://www.miaphotobooth.net/360-photo-booth,2026-03-07,0,3,0.0,10.0,0.0
https://www.miaphotobooth.net/360-photo-booth,2026-03-08,0,6,0.0,9.833333333333334,0.0
https://www.miaphotobooth.net/360-photo-booth,2026-03-09,0,16,0.0,13.5,0.0
https://www.miaphotobooth.net/360-photo-booth,2026-03-10,0,10,0.0,9.4,0.0
https://www.miaphotobooth.net/360-photo-booth,2026-03-11,0,15,0.0,12.666666666666666,0.0
https://www.miaphotobooth.net/360-photo-booth,2026-03-12,0,11,0.0,16.727272727272727,0.0
https://www.miaphotobooth.net/360-photo-booth,2026-03-13,0,15,0.0,9.466666666666667,0.0
https://www.miaphotobooth.net/360-photo-booth,2026-03-14,0,6,0.0,9.166666666666666,0.0
https://www.miaphotobooth.net/360-photo-booth,2026-03-15,0,15,0.0,15.133333333333333,0.0
https://www.miaphotobooth.net/360-photo-booth,2026-03-16,0,11,0.0,9.272727272727273,0.0
https://www.miaphotobooth.net/360-photo-booth,2026-03-17,0,14,0.0,7.714285714285714,0.0
https://www.miaphotobooth.net/360-photo-booth,2026-03-18,0,10,0.0,9.7,0.0
https://www.miaphotobooth.net/360-photo-booth,2026-03-19,0,11,0.0,10.363636363636363,0.0
https://www.miaphotobooth.net/360-photo-booth,2026-03-20,0,8,0.0,33.875,0.0
https://www.miaphotobooth.net/360-photo-booth,2026-03-21,0,6,0.0,6.5,0.0
https://www.miaphotobooth.net/360-photo-booth,2026-03-22,0,10,0.0,8.1,0.0
https://www.miaphotobooth.net/360-photo-booth,2026-03-24,0,4,0.0,9.25,0.0
https://www.miaphotobooth.net/360-photo-booth,2026-03-25,0,1,0.0,10.0,0.0
https://www.miaphotobooth.net/360-photo-booth,2026-03-26,0,13,0.0,8.538461538461538,0.0
https://www.miaphotobooth.net/360-photo-booth,2026-03-27,0,6,0.0,9.5,0.0
https://www.miaphotobooth.net/360-photo-booth,2026-03-28,0,26,0.0,9.5,0.0
https://www.miaphotobooth.net/360-photo-booth,2026-03-29,0,14,0.0,9.214285714285714,0.0
https://www.miaphotobooth.net/360-photo-booth,2026-03-30,0,25,0.0,9.68,0.0
https://www.miaphotobooth.net/360-photo-booth,2026-03-31,0,16,0.0,8.0,0.0
https://www.miaphotobooth.net/360-photo-booth,2026-04-01,0,10,0.0,8.9,0.0
https://www.miaphotobooth.net/360-photo-booth,2026-04-02,0,14,0.0,9.785714285714286,0.0
https://www.miaphotobooth.net/360-photo-booth,2026-04-03,0,11,0.0,16.636363636363637,0.0
https://www.miaphotobooth.net/360-photo-booth,2026-04-04,0,13,0.0,21.307692307692307,0.0
https://www.miaphotobooth.net/360-photo-booth,2026-04-05,0,11,0.0,7.545454545454546,0.0
https://www.miaphotobooth.net/360-photo-booth,2026-04-06,0,4,0.0,7.75,0.0
https://www.miaphotobooth.net/360-photo-booth,2026-04-07,0,11,0.0,8.272727272727273,0.0
https://www.miaphotobooth.net/360-photo-booth,2026-04-08,0,6,0.0,10.333333333333334,0.0
https://www.miaphotobooth.net/360-photo-booth,2026-04-09,0,11,0.0,9.272727272727273,0.0
https://www.miaphotobooth.net/360-photo-booth,2026-04-10,0,7,0.0,4.428571428571429,0.0
https://www.miaphotobooth.net/360-photo-booth,2026-04-11,0,11,0.0,8.454545454545453,0.0
https://www.miaphotobooth.net/360-photo-booth,2026-04-12,0,12,0.0,8.583333333333332,0.0
https://www.miaphotobooth.net/360-photo-booth,2026-04-14,0,5,0.0,8.0,0.0
https://www.miaphotobooth.net/360-photo-booth,2026-04-15,0,9,0.0,9.444444444444445,0.0
https://www.miaphotobooth.net/360-photo-booth,2026-04-17,0,4,0.0,8.0,0.0
https://www.miaphotobooth.net/360-photo-booth,2026-04-18,0,3,0.0,9.666666666666666,0.0
https://www.miaphotobooth.net/360-photo-booth,2026-04-19,0,6,0.0,8.0,0.0
https://www.miaphotobooth.net/360-photo-booth,2026-04-20,0,5,0.0,8.0,0.0
https://www.miaphotobooth.net/360-photo-booth,2026-04-21,0,4,0.0,5.75,0.0
https://www.miaphotobooth.net/360-photo-booth,2026-04-22,0,4,0.0,6.5,0.0
https://www.miaphotobooth.net/360-photo-booth,2026-04-23,0,3,0.0,13.0,0.0
https://www.miaphotobooth.net/360-photo-booth,2026-04-24,0,1,0.0,7.0,0.0
https://www.miaphotobooth.net/360-photo-booth,2026-04-25,0,5,0.0,11.6,0.0
https://www.miaphotobooth.net/360-photo-booth,2026-04-26,0,5,0.0,6.8,0.0
https://www.miaphotobooth.net/360-photo-booth,2026-04-27,0,6,0.0,9.833333333333334,0.0
https://www.miaphotobooth.net/360-photo-booth,2026-04-28,0,8,0.0,16.875,0.0
https://www.miaphotobooth.net/360-photo-booth,2026-04-29,0,3,0.0,5.666666666666667,0.0
https://www.miaphotobooth.net/360-photo-booth,2026-04-30,0,5,0.0,10.0,0.0
https://www.miaphotobooth.net/360-photo-booth,2026-05-01,0,4,0.0,9.25,0.0
https://www.miaphotobooth.net/360-photo-booth,2026-05-02,0,4,0.0,8.25,0.0
https://www.miaphotobooth.net/360-photo-booth,2026-05-03,0,7,0.0,20.428571428571427,0.0
https://www.miaphotobooth.net/360-photo-booth,2026-05-04,0,9,0.0,8.222222222222221,0.0
https://www.miaphotobooth.net/360-photo-booth,2026-05-05,0,17,0.0,8.588235294117647,0.0
https://www.miaphotobooth.net/360-photo-booth,2026-05-06,0,1,0.0,44.0,0.0
https://www.miaphotobooth.net/360-photo-booth,2026-05-07,0,9,0.0,6.777777777777778,0.0
https://www.miaphotobooth.net/360-photo-booth,2026-05-08,0,4,0.0,12.0,0.0
https://www.miaphotobooth.net/360-photo-booth,2026-05-09,0,12,0.0,8.916666666666668,0.0
https://www.miaphotobooth.net/360-photo-booth,2026-05-10,0,8,0.0,5.25,0.0
https://www.miaphotobooth.net/360-photo-booth,2026-05-11,0,7,0.0,8.0,0.0
https://www.miaphotobooth.net/360-photo-booth,2026-05-12,0,4,0.0,8.5,0.0
https://www.miaphotobooth.net/360-photo-booth,2026-05-13,0,6,0.0,7.5,0.0
https://www.miaphotobooth.net/360-photo-booth,2026-05-14,0,4,0.0,10.25,0.0
https://www.miaphotobooth.net/360-photo-booth,2026-05-15,0,4,0.0,5.75,0.0
https://www.miaphotobooth.net/360-photo-booth,2026-05-16,0,5,0.0,7.0,0.0
https://www.miaphotobooth.net/360-photo-booth,2026-05-17,0,5,0.0,8.8,0.0
https://www.miaphotobooth.net/360-photo-booth,2026-05-18,0,13,0.0,9.692307692307692,0.0
https://www.miaphotobooth.net/360-photo-booth,2026-05-19,0,2,0.0,9.5,0.0
https://www.miaphotobooth.net/360-photo-booth,2026-05-20,0,14,0.0,6.5,0.0
https://www.miaphotobooth.net/360-photo-booth,2026-05-21,0,2,0.0,6.5,0.0
https://www.miaphotobooth.net/360-photo-booth,2026-05-22,0,3,0.0,8.0,0.0
https://www.miaphotobooth.net/360-photo-booth,2026-05-23,0,1,0.0,8.0,0.0
https://www.miaphotobooth.net/360-photo-booth,2026-05-24,0,10,0.0,13.0,0.0
https://www.miaphotobooth.net/360-photo-booth,2026-05-25,0,1,0.0,1.0,0.0
https://www.miaphotobooth.net/360-photo-booth,2026-05-26,0,1,0.0,20.0,0.0
https://www.miaphotobooth.net/360-photo-booth,2026-05-27,0,8,0.0,5.625,0.0
https://www.miaphotobooth.net/360-photo-booth,2026-05-28,0,8,0.0,9.75,0.0
https://www.miaphotobooth.net/360-photo-booth,2026-05-29,0,1,0.0,9.0,0.0
https://www.miaphotobooth.net/360-photo-booth,2026-05-30,0,6,0.0,4.833333333333334,0.0
https://www.miaphotobooth.net/?utm_source=gmb&utm_medium=click&utm_campaign=gmb_listing,2026-03-04,0,152,0.0,2.980263157894737,0.0
https://www.miaphotobooth.net/?utm_source=gmb&utm_medium=click&utm_campaign=gmb_listing,2026-03-05,0,148,0.0,2.72972972972973,0.0
https://www.miaphotobooth.net/?utm_source=gmb&utm_medium=click&utm_campaign=gmb_listing,2026-03-06,0,80,0.0,3.5125,0.0
https://www.miaphotobooth.net/?utm_source=gmb&utm_medium=click&utm_campaign=gmb_listing,2026-03-07,0,37,0.0,2.8378378378378377,0.0
https://www.miaphotobooth.net/?utm_source=gmb&utm_medium=click&utm_campaign=gmb_listing,2026-03-09,0,40,0.0,2.575,0.0
https://www.miaphotobooth.net/?utm_source=gmb&utm_medium=click&utm_campaign=gmb_listing,2026-03-10,0,54,0.0,3.314814814814815,0.0
https://www.miaphotobooth.net/?utm_source=gmb&utm_medium=click&utm_campaign=gmb_listing,2026-03-12,0,43,0.0,4.511627906976744,0.0
https://www.miaphotobooth.net/?utm_source=gmb&utm_medium=click&utm_campaign=gmb_listing,2026-03-13,0,66,0.0,2.878787878787879,0.0
https://www.miaphotobooth.net/?utm_source=gmb&utm_medium=click&utm_campaign=gmb_listing,2026-03-14,0,58,0.0,4.603448275862069,0.0
https://www.miaphotobooth.net/?utm_source=gmb&utm_medium=click&utm_campaign=gmb_listing,2026-03-16,0,131,0.0,2.3664122137404577,0.0
https://www.miaphotobooth.net/?utm_source=gmb&utm_medium=click&utm_campaign=gmb_listing,2026-03-18,0,295,0.0,2.1322033898305084,0.0
https://www.miaphotobooth.net/?utm_source=gmb&utm_medium=click&utm_campaign=gmb_listing,2026-03-19,0,55,0.0,3.018181818181818,0.0
https://www.miaphotobooth.net/?utm_source=gmb&utm_medium=click&utm_campaign=gmb_listing,2026-03-20,0,58,0.0,2.5517241379310347,0.0
https://www.miaphotobooth.net/?utm_source=gmb&utm_medium=click&utm_campaign=gmb_listing,2026-03-24,0,34,0.0,2.2941176470588234,0.0
https://www.miaphotobooth.net/?utm_source=gmb&utm_medium=click&utm_campaign=gmb_listing,2026-03-27,0,48,0.0,6.875,0.0
https://www.miaphotobooth.net/?utm_source=gmb&utm_medium=click&utm_campaign=gmb_listing,2026-03-28,0,48,0.0,6.166666666666667,0.0
https://www.miaphotobooth.net/?utm_source=gmb&utm_medium=click&utm_campaign=gmb_listing,2026-03-29,0,33,0.0,5.575757575757576,0.0
https://www.miaphotobooth.net/?utm_source=gmb&utm_medium=click&utm_campaign=gmb_listing,2026-03-31,0,50,0.0,5.64,0.0
https://www.miaphotobooth.net/?utm_source=gmb&utm_medium=click&utm_campaign=gmb_listing,2026-04-01,0,64,0.0,7.828125,0.0
https://www.miaphotobooth.net/?utm_source=gmb&utm_medium=click&utm_campaign=gmb_listing,2026-04-02,0,31,0.0,4.903225806451613,0.0
https://www.miaphotobooth.net/?utm_source=gmb&utm_medium=click&utm_campaign=gmb_listing,2026-04-08,0,51,0.0,4.666666666666666,0.0
https://www.miaphotobooth.net/?utm_source=gmb&utm_medium=click&utm_campaign=gmb_listing,2026-04-10,0,41,0.0,3.048780487804878,0.0
https://www.miaphotobooth.net/?utm_source=gmb&utm_medium=click&utm_campaign=gmb_listing,2026-04-11,0,48,0.0,2.895833333333333,0.0
https://www.miaphotobooth.net/?utm_source=gmb&utm_medium=click&utm_campaign=gmb_listing,2026-04-12,0,43,0.0,2.2790697674418605,0.0
https://www.miaphotobooth.net/?utm_source=gmb&utm_medium=click&utm_campaign=gmb_listing,2026-04-13,0,38,0.0,2.2105263157894735,0.0
https://www.miaphotobooth.net/?utm_source=gmb&utm_medium=click&utm_campaign=gmb_listing,2026-04-14,0,39,0.0,3.5641025641025643,0.0
https://www.miaphotobooth.net/?utm_source=gmb&utm_medium=click&utm_campaign=gmb_listing,2026-04-15,0,47,0.0,5.404255319148936,0.0
https://www.miaphotobooth.net/?utm_source=gmb&utm_medium=click&utm_campaign=gmb_listing,2026-04-16,0,43,0.0,2.0697674418604652,0.0
https://www.miaphotobooth.net/?utm_source=gmb&utm_medium=click&utm_campaign=gmb_listing,2026-04-17,0,41,0.0,3.2195121951219514,0.0
https://www.miaphotobooth.net/?utm_source=gmb&utm_medium=click&utm_campaign=gmb_listing,2026-04-18,0,55,0.0,2.0727272727272728,0.0
https://www.miaphotobooth.net/?utm_source=gmb&utm_medium=click&utm_campaign=gmb_listing,2026-04-21,0,32,0.0,4.0,0.0
https://www.miaphotobooth.net/?utm_source=gmb&utm_medium=click&utm_campaign=gmb_listing,2026-04-23,0,29,0.0,2.7241379310344827,0.0
https://www.miaphotobooth.net/?utm_source=gmb&utm_medium=click&utm_campaign=gmb_listing,2026-04-25,0,18,0.0,4.722222222222222,0.0
https://www.miaphotobooth.net/?utm_source=gmb&utm_medium=click&utm_campaign=gmb_listing,2026-04-26,0,36,0.0,3.7222222222222223,0.0
https://www.miaphotobooth.net/?utm_source=gmb&utm_medium=click&utm_campaign=gmb_listing,2026-04-28,0,376,0.0,5.367021276595745,0.0
https://www.miaphotobooth.net/?utm_source=gmb&utm_medium=click&utm_campaign=gmb_listing,2026-04-29,0,608,0.0,5.126644736842105,0.0
https://www.miaphotobooth.net/?utm_source=gmb&utm_medium=click&utm_campaign=gmb_listing,2026-04-30,0,743,0.0,5.3041722745625846,0.0
https://www.miaphotobooth.net/?utm_source=gmb&utm_medium=click&utm_campaign=gmb_listing,2026-05-04,0,560,0.0,2.5410714285714286,0.0
https://www.miaphotobooth.net/?utm_source=gmb&utm_medium=click&utm_campaign=gmb_listing,2026-05-05,0,543,0.0,3.0331491712707184,0.0
https://www.miaphotobooth.net/?utm_source=gmb&utm_medium=click&utm_campaign=gmb_listing,2026-05-06,0,533,0.0,2.6097560975609757,0.0
https://www.miaphotobooth.net/?utm_source=gmb&utm_medium=click&utm_campaign=gmb_listing,2026-05-08,0,656,0.0,2.7789634146341466,0.0
https://www.miaphotobooth.net/?utm_source=gmb&utm_medium=click&utm_campaign=gmb_listing,2026-05-09,0,452,0.0,3.6216814159292037,0.0
https://www.miaphotobooth.net/?utm_source=gmb&utm_medium=click&utm_campaign=gmb_listing,2026-05-10,0,167,0.0,3.7365269461077846,0.0
https://www.miaphotobooth.net/?utm_source=gmb&utm_medium=click&utm_campaign=gmb_listing,2026-05-11,0,110,0.0,5.3090909090909095,0.0
https://www.miaphotobooth.net/?utm_source=gmb&utm_medium=click&utm_campaign=gmb_listing,2026-05-13,0,482,0.0,2.719917012448133,0.0
https://www.miaphotobooth.net/?utm_source=gmb&utm_medium=click&utm_campaign=gmb_listing,2026-05-14,0,437,0.0,3.059496567505721,0.0
https://www.miaphotobooth.net/?utm_source=gmb&utm_medium=click&utm_campaign=gmb_listing,2026-05-15,0,133,0.0,4.879699248120301,0.0
https://www.miaphotobooth.net/?utm_source=gmb&utm_medium=click&utm_campaign=gmb_listing,2026-05-16,0,16,0.0,5.75,0.0
https://www.miaphotobooth.net/?utm_source=gmb&utm_medium=click&utm_campaign=gmb_listing,2026-05-17,0,21,0.0,2.238095238095238,0.0
https://www.miaphotobooth.net/?utm_source=gmb&utm_medium=click&utm_campaign=gmb_listing,2026-05-18,0,34,0.0,5.4411764705882355,0.0
https://www.miaphotobooth.net/?utm_source=gmb&utm_medium=click&utm_campaign=gmb_listing,2026-05-19,0,20,0.0,5.5,0.0
https://www.miaphotobooth.net/?utm_source=gmb&utm_medium=click&utm_campaign=gmb_listing,2026-05-20,0,30,0.0,3.6666666666666665,0.0
https://www.miaphotobooth.net/?utm_source=gmb&utm_medium=click&utm_campaign=gmb_listing,2026-05-21,0,11,0.0,2.909090909090909,0.0
https://www.miaphotobooth.net/?utm_source=gmb&utm_medium=click&utm_campaign=gmb_listing,2026-05-22,0,15,0.0,4.733333333333333,0.0
https://www.miaphotobooth.net/?utm_source=gmb&utm_medium=click&utm_campaign=gmb_listing,2026-05-23,0,20,0.0,4.25,0.0
https://www.miaphotobooth.net/?utm_source=gmb&utm_medium=click&utm_campaign=gmb_listing,2026-05-24,0,23,0.0,3.3043478260869565,0.0
https://www.miaphotobooth.net/?utm_source=gmb&utm_medium=click&utm_campaign=gmb_listing,2026-05-25,0,13,0.0,6.230769230769231,0.0
https://www.miaphotobooth.net/?utm_source=gmb&utm_medium=click&utm_campaign=gmb_listing,2026-05-26,0,118,0.0,1.6864406779661016,0.0
https://www.miaphotobooth.net/?utm_source=gmb&utm_medium=click&utm_campaign=gmb_listing,2026-05-27,0,13,0.0,3.230769230769231,0.0
https://www.miaphotobooth.net/?utm_source=gmb&utm_medium=click&utm_campaign=gmb_listing,2026-05-28,0,102,0.0,1.843137254901961,0.0
https://www.miaphotobooth.net/?utm_source=gmb&utm_medium=click&utm_campaign=gmb_listing,2026-05-29,0,105,0.0,1.5714285714285714,0.0
https://www.miaphotobooth.net/?utm_source=gmb&utm_medium=click&utm_campaign=gmb_listing,2026-05-30,0,27,0.0,3.037037037037037,0.0
https://www.miaphotobooth.net/audio-guestbook,2026-03-17,0,2,0.0,9.0,0.0
https://www.miaphotobooth.net/audio-guestbook,2026-03-18,0,1,0.0,7.0,0.0
https://www.miaphotobooth.net/audio-guestbook,2026-03-19,0,1,0.0,8.0,0.0
https://www.miaphotobooth.net/audio-guestbook,2026-03-20,0,4,0.0,5.25,0.0
https://www.miaphotobooth.net/audio-guestbook,2026-03-21,0,1,0.0,8.0,0.0
https://www.miaphotobooth.net/audio-guestbook,2026-03-22,0,1,0.0,3.0,0.0
https://www.miaphotobooth.net/audio-guestbook,2026-03-25,0,7,0.0,5.571428571428571,0.0
https://www.miaphotobooth.net/audio-guestbook,2026-03-26,0,3,0.0,5.666666666666667,0.0
https://www.miaphotobooth.net/audio-guestbook,2026-03-27,0,4,0.0,7.0,0.0
https://www.miaphotobooth.net/audio-guestbook,2026-03-29,0,1,0.0,5.0,0.0
https://www.miaphotobooth.net/audio-guestbook,2026-03-30,0,1,0.0,2.0,0.0
https://www.miaphotobooth.net/audio-guestbook,2026-03-31,0,2,0.0,8.0,0.0
https://www.miaphotobooth.net/audio-guestbook,2026-04-01,0,1,0.0,7.0,0.0
https://www.miaphotobooth.net/audio-guestbook,2026-04-02,0,1,0.0,3.0,0.0
https://www.miaphotobooth.net/audio-guestbook,2026-04-07,0,2,0.0,5.0,0.0
https://www.miaphotobooth.net/audio-guestbook,2026-04-09,0,1,0.0,6.0,0.0
https://www.miaphotobooth.net/audio-guestbook,2026-04-11,0,1,0.0,3.0,0.0
https://www.miaphotobooth.net/audio-guestbook,2026-04-13,0,2,0.0,2.0,0.0
https://www.miaphotobooth.net/audio-guestbook,2026-04-14,0,1,0.0,6.0,0.0
https://www.miaphotobooth.net/audio-guestbook,2026-04-15,0,1,0.0,3.0,0.0
https://www.miaphotobooth.net/audio-guestbook,2026-04-16,0,1,0.0,8.0,0.0
https://www.miaphotobooth.net/audio-guestbook,2026-04-20,0,3,0.0,17.333333333333332,0.0
https://www.miaphotobooth.net/audio-guestbook,2026-04-21,0,1,0.0,4.0,0.0
https://www.miaphotobooth.net/audio-guestbook,2026-04-22,0,2,0.0,6.5,0.0
https://www.miaphotobooth.net/audio-guestbook,2026-04-24,0,1,0.0,10.0,0.0
https://www.miaphotobooth.net/audio-guestbook,2026-05-02,0,1,0.0,2.0,0.0
https://www.miaphotobooth.net/audio-guestbook,2026-05-05,0,2,0.0,10.5,0.0
https://www.miaphotobooth.net/audio-guestbook,2026-05-07,0,1,0.0,9.0,0.0
https://www.miaphotobooth.net/audio-guestbook,2026-05-08,0,4,0.0,6.25,0.0
https://www.miaphotobooth.net/audio-guestbook,2026-05-10,0,1,0.0,7.0,0.0
https://www.miaphotobooth.net/audio-guestbook,2026-05-11,0,2,0.0,6.0,0.0
https://www.miaphotobooth.net/audio-guestbook,2026-05-12,0,1,0.0,6.0,0.0
https://www.miaphotobooth.net/audio-guestbook,2026-05-13,0,1,0.0,6.0,0.0
https://www.miaphotobooth.net/audio-guestbook,2026-05-15,0,1,0.0,6.0,0.0
https://www.miaphotobooth.net/audio-guestbook,2026-05-16,0,1,0.0,11.0,0.0
https://www.miaphotobooth.net/audio-guestbook,2026-05-22,0,1,0.0,36.0,0.0
https://www.miaphotobooth.net/audio-guestbook,2026-05-30,0,1,0.0,11.0,0.0
https://www.miaphotobooth.net/classy-photo-booth-rental-in-coral-terrace-fl,2026-03-05,0,1,0.0,45.0,0.0
https://www.miaphotobooth.net/classy-photo-booth-rental-in-coral-terrace-fl,2026-03-07,0,1,0.0,38.0,0.0
https://www.miaphotobooth.net/classy-photo-booth-rental-in-coral-terrace-fl,2026-03-08,0,1,0.0,3.0,0.0
https://www.miaphotobooth.net/classy-photo-booth-rental-in-coral-terrace-fl,2026-03-12,0,3,0.0,48.333333333333336,0.0
https://www.miaphotobooth.net/classy-photo-booth-rental-in-coral-terrace-fl,2026-03-15,0,2,0.0,71.0,0.0
https://www.miaphotobooth.net/classy-photo-booth-rental-in-coral-terrace-fl,2026-03-16,0,8,0.0,32.125,0.0
https://www.miaphotobooth.net/classy-photo-booth-rental-in-coral-terrace-fl,2026-03-17,0,9,0.0,12.0,0.0
https://www.miaphotobooth.net/classy-photo-booth-rental-in-coral-terrace-fl,2026-03-19,0,2,0.0,39.0,0.0
https://www.miaphotobooth.net/classy-photo-booth-rental-in-coral-terrace-fl,2026-03-20,0,4,0.0,20.0,0.0
https://www.miaphotobooth.net/classy-photo-booth-rental-in-coral-terrace-fl,2026-03-21,0,1,0.0,89.0,0.0
https://www.miaphotobooth.net/classy-photo-booth-rental-in-coral-terrace-fl,2026-03-24,0,1,0.0,40.0,0.0
https://www.miaphotobooth.net/classy-photo-booth-rental-in-coral-terrace-fl,2026-03-26,0,1,0.0,12.0,0.0
https://www.miaphotobooth.net/classy-photo-booth-rental-in-coral-terrace-fl,2026-03-27,0,3,0.0,33.666666666666664,0.0
https://www.miaphotobooth.net/classy-photo-booth-rental-in-coral-terrace-fl,2026-04-01,0,3,0.0,46.666666666666664,0.0
https://www.miaphotobooth.net/classy-photo-booth-rental-in-coral-terrace-fl,2026-04-04,0,4,0.0,10.25,0.0
https://www.miaphotobooth.net/classy-photo-booth-rental-in-coral-terrace-fl,2026-04-07,0,3,0.0,81.0,0.0
https://www.miaphotobooth.net/classy-photo-booth-rental-in-coral-terrace-fl,2026-04-14,0,1,0.0,11.0,0.0
https://www.miaphotobooth.net/classy-photo-booth-rental-in-coral-terrace-fl,2026-04-15,0,2,0.0,33.5,0.0
https://www.miaphotobooth.net/classy-photo-booth-rental-in-coral-terrace-fl,2026-04-16,0,4,0.0,31.25,0.0
https://www.miaphotobooth.net/classy-photo-booth-rental-in-coral-terrace-fl,2026-04-20,0,4,0.0,10.75,0.0
https://www.miaphotobooth.net/classy-photo-booth-rental-in-coral-terrace-fl,2026-04-22,0,7,0.0,21.857142857142858,0.0
https://www.miaphotobooth.net/classy-photo-booth-rental-in-coral-terrace-fl,2026-04-25,0,4,0.0,39.25,0.0
https://www.miaphotobooth.net/classy-photo-booth-rental-in-coral-terrace-fl,2026-04-26,0,1,0.0,32.0,0.0
https://www.miaphotobooth.net/classy-photo-booth-rental-in-coral-terrace-fl,2026-04-29,0,1,0.0,40.0,0.0
https://www.miaphotobooth.net/classy-photo-booth-rental-in-coral-terrace-fl,2026-04-30,0,1,0.0,83.0,0.0
https://www.miaphotobooth.net/classy-photo-booth-rental-in-coral-terrace-fl,2026-05-01,0,1,0.0,31.0,0.0
https://www.miaphotobooth.net/classy-photo-booth-rental-in-coral-terrace-fl,2026-05-02,0,5,0.0,25.2,0.0
https://www.miaphotobooth.net/classy-photo-booth-rental-in-coral-terrace-fl,2026-05-05,0,5,0.0,4.6,0.0
https://www.miaphotobooth.net/classy-photo-booth-rental-in-coral-terrace-fl,2026-05-06,0,1,0.0,6.0,0.0
https://www.miaphotobooth.net/classy-photo-booth-rental-in-coral-terrace-fl,2026-05-10,0,1,0.0,10.0,0.0
https://www.miaphotobooth.net/classy-photo-booth-rental-in-coral-terrace-fl,2026-05-11,0,1,0.0,48.0,0.0
https://www.miaphotobooth.net/classy-photo-booth-rental-in-coral-terrace-fl,2026-05-12,0,2,0.0,70.5,0.0
https://www.miaphotobooth.net/classy-photo-booth-rental-in-coral-terrace-fl,2026-05-15,0,9,0.0,3.6666666666666665,0.0
https://www.miaphotobooth.net/classy-photo-booth-rental-in-coral-terrace-fl,2026-05-20,0,1,0.0,33.0,0.0
https://www.miaphotobooth.net/classy-photo-booth-rental-in-coral-terrace-fl,2026-05-22,0,1,0.0,84.0,0.0
https://www.miaphotobooth.net/classy-photo-booth-rental-in-coral-terrace-fl,2026-05-28,0,2,0.0,50.5,0.0
https://www.miaphotobooth.net/contact,2026-03-04,0,6,0.0,7.5,0.0
https://www.miaphotobooth.net/contact,2026-03-05,0,1,0.0,9.0,0.0
https://www.miaphotobooth.net/contact,2026-03-06,0,1,0.0,10.0,0.0
https://www.miaphotobooth.net/contact,2026-03-07,0,1,0.0,3.0,0.0
https://www.miaphotobooth.net/contact,2026-03-08,0,3,0.0,7.0,0.0
https://www.miaphotobooth.net/contact,2026-03-09,0,2,0.0,11.0,0.0
https://www.miaphotobooth.net/contact,2026-03-10,0,4,0.0,11.5,0.0
https://www.miaphotobooth.net/contact,2026-03-11,0,5,0.0,9.6,0.0
https://www.miaphotobooth.net/contact,2026-03-12,0,4,0.0,8.75,0.0
https://www.miaphotobooth.net/contact,2026-03-13,0,2,0.0,7.0,0.0
https://www.miaphotobooth.net/contact,2026-03-14,0,2,0.0,10.5,0.0
https://www.miaphotobooth.net/contact,2026-03-15,0,6,0.0,8.666666666666668,0.0
https://www.miaphotobooth.net/contact,2026-03-16,0,4,0.0,10.25,0.0
https://www.miaphotobooth.net/contact,2026-03-17,0,6,0.0,7.333333333333333,0.0
https://www.miaphotobooth.net/contact,2026-03-18,0,3,0.0,10.333333333333334,0.0
https://www.miaphotobooth.net/contact,2026-03-19,0,4,0.0,11.5,0.0
https://www.miaphotobooth.net/contact,2026-03-20,0,4,0.0,6.5,0.0
https://www.miaphotobooth.net/contact,2026-03-21,0,3,0.0,8.666666666666668,0.0
https://www.miaphotobooth.net/contact,2026-03-22,0,9,0.0,33.888888888888886,0.0
https://www.miaphotobooth.net/contact,2026-03-23,0,2,0.0,104.5,0.0
https://www.miaphotobooth.net/contact,2026-03-24,0,2,0.0,29.0,0.0
https://www.miaphotobooth.net/contact,2026-03-25,0,1,0.0,10.0,0.0
https://www.miaphotobooth.net/contact,2026-03-26,0,6,0.0,8.333333333333332,0.0
https://www.miaphotobooth.net/contact,2026-03-27,0,2,0.0,9.5,0.0
https://www.miaphotobooth.net/contact,2026-03-28,0,12,0.0,9.416666666666666,0.0
https://www.miaphotobooth.net/contact,2026-03-29,0,5,0.0,7.6,0.0
https://www.miaphotobooth.net/contact,2026-03-30,0,11,0.0,9.090909090909092,0.0
https://www.miaphotobooth.net/contact,2026-03-31,0,8,0.0,38.875,0.0
https://www.miaphotobooth.net/contact,2026-04-01,0,3,0.0,7.666666666666667,0.0
https://www.miaphotobooth.net/contact,2026-04-02,0,5,0.0,42.0,0.0
https://www.miaphotobooth.net/contact,2026-04-03,0,6,0.0,10.666666666666666,0.0
https://www.miaphotobooth.net/contact,2026-04-04,0,6,0.0,7.5,0.0
https://www.miaphotobooth.net/contact,2026-04-05,0,11,0.0,7.363636363636363,0.0
https://www.miaphotobooth.net/contact,2026-04-06,0,1,0.0,11.0,0.0
https://www.miaphotobooth.net/contact,2026-04-07,0,2,0.0,3.0,0.0
https://www.miaphotobooth.net/contact,2026-04-08,0,1,0.0,11.0,0.0
https://www.miaphotobooth.net/contact,2026-04-09,0,2,0.0,4.0,0.0
https://www.miaphotobooth.net/contact,2026-04-10,0,2,0.0,2.5,0.0
https://www.miaphotobooth.net/contact,2026-04-11,0,5,0.0,10.2,0.0
https://www.miaphotobooth.net/contact,2026-04-12,0,7,0.0,6.428571428571429,0.0
https://www.miaphotobooth.net/contact,2026-04-13,0,8,0.0,6.375,0.0
https://www.miaphotobooth.net/contact,2026-04-15,0,2,0.0,9.0,0.0
https://www.miaphotobooth.net/contact,2026-04-16,0,6,0.0,8.0,0.0
https://www.miaphotobooth.net/contact,2026-04-17,0,3,0.0,35.666666666666664,0.0
https://www.miaphotobooth.net/contact,2026-04-18,0,4,0.0,10.0,0.0
https://www.miaphotobooth.net/contact,2026-04-19,0,11,0.0,7.545454545454546,0.0
https://www.miaphotobooth.net/contact,2026-04-20,0,4,0.0,33.5,0.0
https://www.miaphotobooth.net/contact,2026-04-21,0,5,0.0,37.6,0.0
https://www.miaphotobooth.net/contact,2026-04-22,0,5,0.0,6.4,0.0
https://www.miaphotobooth.net/contact,2026-04-23,0,1,0.0,3.0,0.0
https://www.miaphotobooth.net/contact,2026-04-24,0,1,0.0,83.0,0.0
https://www.miaphotobooth.net/contact,2026-04-25,0,1,0.0,11.0,0.0
https://www.miaphotobooth.net/contact,2026-04-26,0,3,0.0,7.333333333333333,0.0
https://www.miaphotobooth.net/contact,2026-04-27,0,5,0.0,9.4,0.0
https://www.miaphotobooth.net/contact,2026-04-28,0,3,0.0,11.333333333333334,0.0
https://www.miaphotobooth.net/contact,2026-04-29,0,1,0.0,3.0,0.0
https://www.miaphotobooth.net/contact,2026-04-30,0,4,0.0,10.75,0.0
https://www.miaphotobooth.net/contact,2026-05-01,0,2,0.0,10.0,0.0
https://www.miaphotobooth.net/contact,2026-05-02,0,2,0.0,9.0,0.0
https://www.miaphotobooth.net/contact,2026-05-03,0,13,0.0,7.538461538461538,0.0
https://www.miaphotobooth.net/contact,2026-05-04,0,14,0.0,29.857142857142858,0.0
https://www.miaphotobooth.net/contact,2026-05-05,0,12,0.0,9.0,0.0
https://www.miaphotobooth.net/contact,2026-05-07,0,5,0.0,5.6,0.0
https://www.miaphotobooth.net/contact,2026-05-08,0,2,0.0,11.0,0.0
https://www.miaphotobooth.net/contact,2026-05-09,0,5,0.0,8.6,0.0
https://www.miaphotobooth.net/contact,2026-05-10,0,2,0.0,8.5,0.0
https://www.miaphotobooth.net/contact,2026-05-11,0,3,0.0,3.6666666666666665,0.0
https://www.miaphotobooth.net/contact,2026-05-12,0,4,0.0,5.5,0.0
https://www.miaphotobooth.net/contact,2026-05-13,0,3,0.0,3.0,0.0
https://www.miaphotobooth.net/contact,2026-05-15,0,3,0.0,4.666666666666666,0.0
https://www.miaphotobooth.net/contact,2026-05-16,0,1,0.0,8.0,0.0
https://www.miaphotobooth.net/contact,2026-05-17,0,4,0.0,7.25,0.0
https://www.miaphotobooth.net/contact,2026-05-18,0,4,0.0,8.75,0.0
https://www.miaphotobooth.net/contact,2026-05-19,0,2,0.0,7.5,0.0
https://www.miaphotobooth.net/contact,2026-05-20,0,8,0.0,7.625,0.0
https://www.miaphotobooth.net/contact,2026-05-21,0,1,0.0,8.0,0.0
https://www.miaphotobooth.net/contact,2026-05-22,0,3,0.0,8.0,0.0
https://www.miaphotobooth.net/contact,2026-05-23,0,1,0.0,47.0,0.0
https://www.miaphotobooth.net/contact,2026-05-24,0,2,0.0,10.5,0.0
https://www.miaphotobooth.net/contact,2026-05-25,0,2,0.0,9.5,0.0
https://www.miaphotobooth.net/contact,2026-05-26,0,8,0.0,7.125,0.0
https://www.miaphotobooth.net/contact,2026-05-27,0,3,0.0,11.0,0.0
https://www.miaphotobooth.net/contact,2026-05-28,0,2,0.0,8.5,0.0
https://www.miaphotobooth.net/contact,2026-05-29,0,1,0.0,9.0,0.0
https://www.miaphotobooth.net/contact,2026-05-30,0,1,0.0,7.0,0.0
https://www.miaphotobooth.net/dependable-photo-booth-rental-in-sunset-fl,2026-03-06,0,1,0.0,85.0,0.0
https://www.miaphotobooth.net/dependable-photo-booth-rental-in-sunset-fl,2026-03-07,0,2,0.0,8.5,0.0
https://www.miaphotobooth.net/dependable-photo-booth-rental-in-sunset-fl,2026-03-09,0,2,0.0,69.5,0.0
https://www.miaphotobooth.net/dependable-photo-booth-rental-in-sunset-fl,2026-03-11,0,1,0.0,11.0,0.0
https://www.miaphotobooth.net/dependable-photo-booth-rental-in-sunset-fl,2026-03-13,0,1,0.0,21.0,0.0
https://www.miaphotobooth.net/dependable-photo-booth-rental-in-sunset-fl,2026-03-14,0,1,0.0,6.0,0.0
https://www.miaphotobooth.net/dependable-photo-booth-rental-in-sunset-fl,2026-03-16,0,2,0.0,25.5,0.0
https://www.miaphotobooth.net/dependable-photo-booth-rental-in-sunset-fl,2026-03-17,0,3,0.0,42.666666666666664,0.0
https://www.miaphotobooth.net/dependable-photo-booth-rental-in-sunset-fl,2026-03-20,0,4,0.0,21.25,0.0
https://www.miaphotobooth.net/dependable-photo-booth-rental-in-sunset-fl,2026-03-23,0,1,0.0,3.0,0.0
https://www.miaphotobooth.net/dependable-photo-booth-rental-in-sunset-fl,2026-03-26,0,1,0.0,2.0,0.0
https://www.miaphotobooth.net/dependable-photo-booth-rental-in-sunset-fl,2026-03-27,0,2,0.0,30.5,0.0
https://www.miaphotobooth.net/dependable-photo-booth-rental-in-sunset-fl,2026-04-02,0,1,0.0,59.0,0.0
https://www.miaphotobooth.net/dependable-photo-booth-rental-in-sunset-fl,2026-04-04,0,2,0.0,59.5,0.0
https://www.miaphotobooth.net/dependable-photo-booth-rental-in-sunset-fl,2026-04-06,0,1,0.0,58.0,0.0
https://www.miaphotobooth.net/dependable-photo-booth-rental-in-sunset-fl,2026-04-07,0,1,0.0,41.0,0.0
https://www.miaphotobooth.net/dependable-photo-booth-rental-in-sunset-fl,2026-04-09,0,8,0.0,3.0,0.0
https://www.miaphotobooth.net/dependable-photo-booth-rental-in-sunset-fl,2026-04-10,0,2,0.0,17.0,0.0
https://www.miaphotobooth.net/dependable-photo-booth-rental-in-sunset-fl,2026-04-11,0,2,0.0,21.5,0.0
https://www.miaphotobooth.net/dependable-photo-booth-rental-in-sunset-fl,2026-04-14,0,2,0.0,27.0,0.0
https://www.miaphotobooth.net/dependable-photo-booth-rental-in-sunset-fl,2026-04-15,0,3,0.0,22.666666666666668,0.0
https://www.miaphotobooth.net/dependable-photo-booth-rental-in-sunset-fl,2026-04-17,0,1,0.0,65.0,0.0
https://www.miaphotobooth.net/dependable-photo-booth-rental-in-sunset-fl,2026-04-22,0,3,0.0,48.333333333333336,0.0
https://www.miaphotobooth.net/dependable-photo-booth-rental-in-sunset-fl,2026-04-23,0,1,0.0,7.0,0.0
https://www.miaphotobooth.net/dependable-photo-booth-rental-in-sunset-fl,2026-04-24,0,1,0.0,1.0,0.0
https://www.miaphotobooth.net/dependable-photo-booth-rental-in-sunset-fl,2026-04-25,0,1,0.0,81.0,0.0
https://www.miaphotobooth.net/dependable-photo-booth-rental-in-sunset-fl,2026-05-01,0,4,0.0,44.25,0.0
https://www.miaphotobooth.net/dependable-photo-booth-rental-in-sunset-fl,2026-05-02,0,4,0.0,7.25,0.0
https://www.miaphotobooth.net/dependable-photo-booth-rental-in-sunset-fl,2026-05-03,0,5,0.0,39.4,0.0
https://www.miaphotobooth.net/dependable-photo-booth-rental-in-sunset-fl,2026-05-04,0,2,0.0,28.0,0.0
https://www.miaphotobooth.net/dependable-photo-booth-rental-in-sunset-fl,2026-05-07,0,3,0.0,1.6666666666666665,0.0
https://www.miaphotobooth.net/dependable-photo-booth-rental-in-sunset-fl,2026-05-08,0,1,0.0,2.0,0.0
https://www.miaphotobooth.net/dependable-photo-booth-rental-in-sunset-fl,2026-05-13,0,1,0.0,87.0,0.0
https://www.miaphotobooth.net/dependable-photo-booth-rental-in-sunset-fl,2026-05-15,0,1,0.0,73.0,0.0
https://www.miaphotobooth.net/dependable-photo-booth-rental-in-sunset-fl,2026-05-16,0,1,0.0,11.0,0.0
https://www.miaphotobooth.net/dependable-photo-booth-rental-in-sunset-fl,2026-05-17,0,3,0.0,49.333333333333336,0.0
https://www.miaphotobooth.net/dependable-photo-booth-rental-in-sunset-fl,2026-05-21,0,1,0.0,9.0,0.0
https://www.miaphotobooth.net/dependable-photo-booth-rental-in-sunset-fl,2026-05-28,0,1,0.0,85.0,0.0
https://www.miaphotobooth.net/dependable-photo-booth-rental-in-sunset-fl,2026-05-29,0,3,0.0,9.0,0.0
https://www.miaphotobooth.net/dependable-photo-booth-rental-in-sunset-fl,2026-05-30,0,1,0.0,3.0,0.0
https://www.miaphotobooth.net/events-gallery,2026-03-04,0,10,0.0,7.3,0.0
https://www.miaphotobooth.net/events-gallery,2026-03-07,0,1,0.0,4.0,0.0
https://www.miaphotobooth.net/events-gallery,2026-03-08,0,2,0.0,9.5,0.0
https://www.miaphotobooth.net/events-gallery,2026-03-09,0,12,0.0,9.916666666666666,0.0
https://www.miaphotobooth.net/events-gallery,2026-03-10,0,7,0.0,11.285714285714286,0.0
https://www.miaphotobooth.net/events-gallery,2026-03-11,0,9,0.0,9.444444444444445,0.0
https://www.miaphotobooth.net/events-gallery,2026-03-12,0,8,0.0,10.0,0.0
https://www.miaphotobooth.net/events-gallery,2026-03-13,0,12,0.0,9.416666666666666,0.0
https://www.miaphotobooth.net/events-gallery,2026-03-14,0,4,0.0,10.25,0.0
https://www.miaphotobooth.net/events-gallery,2026-03-15,0,11,0.0,9.363636363636363,0.0
https://www.miaphotobooth.net/events-gallery,2026-03-16,0,9,0.0,9.666666666666666,0.0
https://www.miaphotobooth.net/events-gallery,2026-03-17,0,11,0.0,8.09090909090909,0.0
https://www.miaphotobooth.net/events-gallery,2026-03-18,0,9,0.0,9.777777777777779,0.0
https://www.miaphotobooth.net/events-gallery,2026-03-19,0,8,0.0,34.375,0.0
https://www.miaphotobooth.net/events-gallery,2026-03-20,0,5,0.0,7.2,0.0
https://www.miaphotobooth.net/events-gallery,2026-03-21,0,4,0.0,8.75,0.0
https://www.miaphotobooth.net/events-gallery,2026-03-22,0,7,0.0,9.857142857142858,0.0
https://www.miaphotobooth.net/events-gallery,2026-03-23,0,4,0.0,8.5,0.0
https://www.miaphotobooth.net/events-gallery,2026-03-24,0,4,0.0,9.25,0.0
https://www.miaphotobooth.net/events-gallery,2026-03-25,0,1,0.0,10.0,0.0
https://www.miaphotobooth.net/events-gallery,2026-03-26,0,12,0.0,8.666666666666668,0.0
https://www.miaphotobooth.net/events-gallery,2026-03-27,0,6,0.0,9.5,0.0
https://www.miaphotobooth.net/events-gallery,2026-03-28,0,26,0.0,9.5,0.0
https://www.miaphotobooth.net/events-gallery,2026-03-29,0,10,0.0,8.7,0.0
https://www.miaphotobooth.net/events-gallery,2026-03-30,0,25,0.0,9.52,0.0
https://www.miaphotobooth.net/events-gallery,2026-03-31,0,16,0.0,8.0,0.0
https://www.miaphotobooth.net/events-gallery,2026-04-02,0,10,0.0,9.5,0.0
https://www.miaphotobooth.net/events-gallery,2026-04-04,0,10,0.0,8.9,0.0
https://www.miaphotobooth.net/events-gallery,2026-04-05,0,11,0.0,8.272727272727273,0.0
https://www.miaphotobooth.net/events-gallery,2026-04-06,0,4,0.0,7.75,0.0
https://www.miaphotobooth.net/events-gallery,2026-04-07,0,8,0.0,8.875,0.0
https://www.miaphotobooth.net/events-gallery,2026-04-08,0,6,0.0,10.333333333333334,0.0
https://www.miaphotobooth.net/events-gallery,2026-04-09,0,10,0.0,8.5,0.0
https://www.miaphotobooth.net/events-gallery,2026-04-10,0,5,0.0,12.8,0.0
https://www.miaphotobooth.net/events-gallery,2026-04-11,0,10,0.0,9.8,0.0
https://www.miaphotobooth.net/events-gallery,2026-04-12,0,10,0.0,8.0,0.0
https://www.miaphotobooth.net/events-gallery,2026-04-13,0,13,0.0,8.0,0.0
https://www.miaphotobooth.net/events-gallery,2026-04-14,0,4,0.0,8.25,0.0
https://www.miaphotobooth.net/events-gallery,2026-04-15,0,8,0.0,8.875,0.0
https://www.miaphotobooth.net/events-gallery,2026-04-16,0,1,0.0,11.0,0.0
https://www.miaphotobooth.net/events-gallery,2026-04-17,0,5,0.0,21.4,0.0
https://www.miaphotobooth.net/events-gallery,2026-04-18,0,3,0.0,9.666666666666666,0.0
https://www.miaphotobooth.net/events-gallery,2026-04-19,0,7,0.0,9.714285714285714,0.0
https://www.miaphotobooth.net/events-gallery,2026-04-20,0,2,0.0,8.5,0.0
https://www.miaphotobooth.net/events-gallery,2026-04-21,0,5,0.0,7.0,0.0
https://www.miaphotobooth.net/events-gallery,2026-04-22,0,3,0.0,5.333333333333333,0.0
https://www.miaphotobooth.net/events-gallery,2026-04-23,0,2,0.0,6.5,0.0
https://www.miaphotobooth.net/events-gallery,2026-04-24,0,2,0.0,73.0,0.0
https://www.miaphotobooth.net/events-gallery,2026-04-25,0,4,0.0,15.0,0.0
https://www.miaphotobooth.net/events-gallery,2026-04-26,0,2,0.0,7.0,0.0
https://www.miaphotobooth.net/events-gallery,2026-04-27,0,4,0.0,10.0,0.0
https://www.miaphotobooth.net/events-gallery,2026-04-28,0,6,0.0,11.333333333333334,0.0
https://www.miaphotobooth.net/events-gallery,2026-04-29,0,3,0.0,10.333333333333334,0.0
https://www.miaphotobooth.net/events-gallery,2026-04-30,0,2,0.0,10.0,0.0
https://www.miaphotobooth.net/events-gallery,2026-05-01,0,3,0.0,8.666666666666668,0.0
https://www.miaphotobooth.net/events-gallery,2026-05-02,0,3,0.0,7.0,0.0
https://www.miaphotobooth.net/events-gallery,2026-05-03,0,9,0.0,12.0,0.0
https://www.miaphotobooth.net/events-gallery,2026-05-04,0,6,0.0,9.666666666666666,0.0
https://www.miaphotobooth.net/events-gallery,2026-05-05,0,14,0.0,8.928571428571429,0.0
https://www.miaphotobooth.net/events-gallery,2026-05-07,0,3,0.0,5.0,0.0
https://www.miaphotobooth.net/events-gallery,2026-05-08,0,5,0.0,9.0,0.0
https://www.miaphotobooth.net/events-gallery,2026-05-09,0,9,0.0,8.666666666666668,0.0
https://www.miaphotobooth.net/events-gallery,2026-05-10,0,1,0.0,9.0,0.0
https://www.miaphotobooth.net/events-gallery,2026-05-11,0,6,0.0,7.5,0.0
https://www.miaphotobooth.net/events-gallery,2026-05-13,0,6,0.0,6.5,0.0
https://www.miaphotobooth.net/events-gallery,2026-05-14,0,3,0.0,9.666666666666666,0.0
https://www.miaphotobooth.net/events-gallery,2026-05-15,0,3,0.0,5.0,0.0
https://www.miaphotobooth.net/events-gallery,2026-05-16,0,3,0.0,8.666666666666668,0.0
https://www.miaphotobooth.net/events-gallery,2026-05-17,0,4,0.0,8.75,0.0
https://www.miaphotobooth.net/events-gallery,2026-05-18,0,6,0.0,10.0,0.0
https://www.miaphotobooth.net/events-gallery,2026-05-19,0,1,0.0,10.0,0.0
https://www.miaphotobooth.net/events-gallery,2026-05-20,0,8,0.0,6.75,0.0
https://www.miaphotobooth.net/events-gallery,2026-05-21,0,1,0.0,9.0,0.0
https://www.miaphotobooth.net/events-gallery,2026-05-22,0,4,0.0,8.5,0.0
https://www.miaphotobooth.net/events-gallery,2026-05-24,0,1,0.0,11.0,0.0
https://www.miaphotobooth.net/events-gallery,2026-05-26,0,1,0.0,10.0,0.0
https://www.miaphotobooth.net/events-gallery,2026-05-27,0,3,0.0,11.0,0.0
https://www.miaphotobooth.net/events-gallery,2026-05-28,0,5,0.0,10.6,0.0
https://www.miaphotobooth.net/events-gallery,2026-05-29,0,1,0.0,8.0,0.0
https://www.miaphotobooth.net/exceptional-photo-booth-rental-in-granada-fl,2026-03-04,0,1,0.0,4.0,0.0
https://www.miaphotobooth.net/exceptional-photo-booth-rental-in-granada-fl,2026-03-05,0,1,0.0,89.0,0.0
https://www.miaphotobooth.net/exceptional-photo-booth-rental-in-granada-fl,2026-03-06,0,2,0.0,8.0,0.0
https://www.miaphotobooth.net/exceptional-photo-booth-rental-in-granada-fl,2026-03-07,0,1,0.0,54.0,0.0
https://www.miaphotobooth.net/exceptional-photo-booth-rental-in-granada-fl,2026-03-09,0,3,0.0,7.0,0.0
https://www.miaphotobooth.net/exceptional-photo-booth-rental-in-granada-fl,2026-03-10,0,1,0.0,5.0,0.0
https://www.miaphotobooth.net/exceptional-photo-booth-rental-in-granada-fl,2026-03-15,0,1,0.0,14.0,0.0
https://www.miaphotobooth.net/exceptional-photo-booth-rental-in-granada-fl,2026-03-17,0,10,0.0,27.7,0.0
https://www.miaphotobooth.net/exceptional-photo-booth-rental-in-granada-fl,2026-03-18,0,1,0.0,2.0,0.0
https://www.miaphotobooth.net/exceptional-photo-booth-rental-in-granada-fl,2026-03-21,0,1,0.0,13.0,0.0
https://www.miaphotobooth.net/exceptional-photo-booth-rental-in-granada-fl,2026-03-23,0,3,0.0,10.333333333333334,0.0
https://www.miaphotobooth.net/exceptional-photo-booth-rental-in-granada-fl,2026-03-25,0,4,0.0,8.25,0.0
https://www.miaphotobooth.net/exceptional-photo-booth-rental-in-granada-fl,2026-03-27,0,1,0.0,100.0,0.0
https://www.miaphotobooth.net/exceptional-photo-booth-rental-in-granada-fl,2026-03-28,0,1,0.0,12.0,0.0
https://www.miaphotobooth.net/exceptional-photo-booth-rental-in-granada-fl,2026-03-29,0,1,0.0,16.0,0.0
https://www.miaphotobooth.net/exceptional-photo-booth-rental-in-granada-fl,2026-04-02,0,1,0.0,7.0,0.0
https://www.miaphotobooth.net/exceptional-photo-booth-rental-in-granada-fl,2026-04-03,0,1,0.0,67.0,0.0
https://www.miaphotobooth.net/exceptional-photo-booth-rental-in-granada-fl,2026-04-04,0,1,0.0,72.0,0.0
https://www.miaphotobooth.net/exceptional-photo-booth-rental-in-granada-fl,2026-04-05,0,1,0.0,9.0,0.0
https://www.miaphotobooth.net/exceptional-photo-booth-rental-in-granada-fl,2026-04-06,0,1,0.0,7.0,0.0
https://www.miaphotobooth.net/exceptional-photo-booth-rental-in-granada-fl,2026-04-07,0,1,0.0,4.0,0.0
https://www.miaphotobooth.net/exceptional-photo-booth-rental-in-granada-fl,2026-04-09,0,2,0.0,10.0,0.0
https://www.miaphotobooth.net/exceptional-photo-booth-rental-in-granada-fl,2026-04-12,0,1,0.0,9.0,0.0
https://www.miaphotobooth.net/exceptional-photo-booth-rental-in-granada-fl,2026-04-13,0,2,0.0,12.0,0.0
https://www.miaphotobooth.net/exceptional-photo-booth-rental-in-granada-fl,2026-04-15,0,1,0.0,7.0,0.0
https://www.miaphotobooth.net/exceptional-photo-booth-rental-in-granada-fl,2026-04-16,0,2,0.0,10.0,0.0
https://www.miaphotobooth.net/exceptional-photo-booth-rental-in-granada-fl,2026-04-19,0,1,0.0,11.0,0.0
https://www.miaphotobooth.net/exceptional-photo-booth-rental-in-granada-fl,2026-04-20,0,1,0.0,1.0,0.0
https://www.miaphotobooth.net/exceptional-photo-booth-rental-in-granada-fl,2026-04-21,0,2,0.0,5.5,0.0
https://www.miaphotobooth.net/exceptional-photo-booth-rental-in-granada-fl,2026-04-22,0,4,0.0,6.5,0.0
https://www.miaphotobooth.net/exceptional-photo-booth-rental-in-granada-fl,2026-04-25,0,1,0.0,24.0,0.0
https://www.miaphotobooth.net/exceptional-photo-booth-rental-in-granada-fl,2026-04-26,0,1,0.0,8.0,0.0
https://www.miaphotobooth.net/exceptional-photo-booth-rental-in-granada-fl,2026-04-29,0,1,0.0,12.0,0.0
https://www.miaphotobooth.net/exceptional-photo-booth-rental-in-granada-fl,2026-05-02,0,1,0.0,10.0,0.0
https://www.miaphotobooth.net/exceptional-photo-booth-rental-in-granada-fl,2026-05-03,0,2,0.0,7.5,0.0
https://www.miaphotobooth.net/exceptional-photo-booth-rental-in-granada-fl,2026-05-04,0,1,0.0,91.0,0.0
https://www.miaphotobooth.net/exceptional-photo-booth-rental-in-granada-fl,2026-05-05,0,2,0.0,6.5,0.0
https://www.miaphotobooth.net/exceptional-photo-booth-rental-in-granada-fl,2026-05-06,0,1,0.0,9.0,0.0
https://www.miaphotobooth.net/exceptional-photo-booth-rental-in-granada-fl,2026-05-07,0,2,0.0,6.0,0.0
https://www.miaphotobooth.net/exceptional-photo-booth-rental-in-granada-fl,2026-05-09,0,2,0.0,9.0,0.0
https://www.miaphotobooth.net/exceptional-photo-booth-rental-in-granada-fl,2026-05-10,0,2,0.0,7.0,0.0
https://www.miaphotobooth.net/exceptional-photo-booth-rental-in-granada-fl,2026-05-12,0,1,0.0,12.0,0.0
https://www.miaphotobooth.net/exceptional-photo-booth-rental-in-granada-fl,2026-05-13,0,1,0.0,8.0,0.0
https://www.miaphotobooth.net/exceptional-photo-booth-rental-in-granada-fl,2026-05-14,0,1,0.0,8.0,0.0
https://www.miaphotobooth.net/exceptional-photo-booth-rental-in-granada-fl,2026-05-15,0,2,0.0,8.0,0.0
https://www.miaphotobooth.net/exceptional-photo-booth-rental-in-granada-fl,2026-05-16,0,1,0.0,8.0,0.0
https://www.miaphotobooth.net/exceptional-photo-booth-rental-in-granada-fl,2026-05-18,0,4,0.0,7.5,0.0
https://www.miaphotobooth.net/exceptional-photo-booth-rental-in-granada-fl,2026-05-19,0,1,0.0,4.0,0.0
https://www.miaphotobooth.net/exceptional-photo-booth-rental-in-granada-fl,2026-05-20,0,1,0.0,10.0,0.0
https://www.miaphotobooth.net/exceptional-photo-booth-rental-in-granada-fl,2026-05-22,0,3,0.0,6.666666666666667,0.0
https://www.miaphotobooth.net/exceptional-photo-booth-rental-in-granada-fl,2026-05-25,0,2,0.0,10.0,0.0
https://www.miaphotobooth.net/exceptional-photo-booth-rental-in-granada-fl,2026-05-26,0,1,0.0,11.0,0.0
https://www.miaphotobooth.net/exceptional-photo-booth-rental-in-granada-fl,2026-05-27,0,2,0.0,4.0,0.0
https://www.miaphotobooth.net/exceptional-photo-booth-rental-in-granada-fl,2026-05-28,0,2,0.0,9.5,0.0
https://www.miaphotobooth.net/exceptional-photo-booth-rental-in-granada-fl,2026-05-29,0,4,0.0,4.25,0.0
https://www.miaphotobooth.net/exceptional-photo-booth-rental-in-granada-fl,2026-05-30,0,2,0.0,29.5,0.0
https://www.miaphotobooth.net/exclusive-photobooth-rental-in-gladeview-fl,2026-03-08,0,1,0.0,39.0,0.0
https://www.miaphotobooth.net/exclusive-photobooth-rental-in-gladeview-fl,2026-03-12,0,3,0.0,49.0,0.0
https://www.miaphotobooth.net/exclusive-photobooth-rental-in-gladeview-fl,2026-03-14,0,1,0.0,10.0,0.0
https://www.miaphotobooth.net/exclusive-photobooth-rental-in-gladeview-fl,2026-03-16,0,4,0.0,29.0,0.0
https://www.miaphotobooth.net/exclusive-photobooth-rental-in-gladeview-fl,2026-03-17,0,4,0.0,40.5,0.0
https://www.miaphotobooth.net/exclusive-photobooth-rental-in-gladeview-fl,2026-03-20,0,2,0.0,9.5,0.0
https://www.miaphotobooth.net/exclusive-photobooth-rental-in-gladeview-fl,2026-03-21,0,1,0.0,44.0,0.0
https://www.miaphotobooth.net/exclusive-photobooth-rental-in-gladeview-fl,2026-04-01,0,1,0.0,51.0,0.0
https://www.miaphotobooth.net/exclusive-photobooth-rental-in-gladeview-fl,2026-04-02,0,1,0.0,91.0,0.0
https://www.miaphotobooth.net/exclusive-photobooth-rental-in-gladeview-fl,2026-04-04,0,3,0.0,35.666666666666664,0.0
https://www.miaphotobooth.net/exclusive-photobooth-rental-in-gladeview-fl,2026-04-05,0,1,0.0,1.0,0.0
https://www.miaphotobooth.net/exclusive-photobooth-rental-in-gladeview-fl,2026-04-06,0,1,0.0,6.0,0.0
https://www.miaphotobooth.net/exclusive-photobooth-rental-in-gladeview-fl,2026-04-13,0,1,0.0,25.0,0.0
https://www.miaphotobooth.net/exclusive-photobooth-rental-in-gladeview-fl,2026-04-15,0,1,0.0,44.0,0.0
https://www.miaphotobooth.net/exclusive-photobooth-rental-in-gladeview-fl,2026-04-21,0,4,0.0,25.0,0.0
https://www.miaphotobooth.net/exclusive-photobooth-rental-in-gladeview-fl,2026-04-22,0,5,0.0,54.2,0.0
https://www.miaphotobooth.net/exclusive-photobooth-rental-in-gladeview-fl,2026-04-30,0,2,0.0,11.5,0.0
https://www.miaphotobooth.net/exclusive-photobooth-rental-in-gladeview-fl,2026-05-01,0,2,0.0,63.0,0.0
https://www.miaphotobooth.net/exclusive-photobooth-rental-in-gladeview-fl,2026-05-02,0,4,0.0,30.5,0.0
https://www.miaphotobooth.net/exclusive-photobooth-rental-in-gladeview-fl,2026-05-03,0,1,0.0,3.0,0.0
https://www.miaphotobooth.net/exclusive-photobooth-rental-in-gladeview-fl,2026-05-04,0,3,0.0,50.0,0.0
https://www.miaphotobooth.net/exclusive-photobooth-rental-in-gladeview-fl,2026-05-05,0,2,0.0,38.5,0.0
https://www.miaphotobooth.net/exclusive-photobooth-rental-in-gladeview-fl,2026-05-12,0,2,0.0,35.0,0.0
https://www.miaphotobooth.net/exclusive-photobooth-rental-in-gladeview-fl,2026-05-13,0,2,0.0,38.0,0.0
https://www.miaphotobooth.net/exclusive-photobooth-rental-in-gladeview-fl,2026-05-15,0,3,0.0,58.333333333333336,0.0
https://www.miaphotobooth.net/exclusive-photobooth-rental-in-gladeview-fl,2026-05-17,0,4,0.0,34.0,0.0
https://www.miaphotobooth.net/exclusive-photobooth-rental-in-gladeview-fl,2026-05-18,0,5,0.0,46.2,0.0
https://www.miaphotobooth.net/exclusive-photobooth-rental-in-gladeview-fl,2026-05-23,0,1,0.0,41.0,0.0
https://www.miaphotobooth.net/exclusive-photobooth-rental-in-gladeview-fl,2026-05-26,0,1,0.0,75.0,0.0
https://www.miaphotobooth.net/exclusive-photobooth-rental-in-gladeview-fl,2026-05-27,0,5,0.0,85.0,0.0
https://www.miaphotobooth.net/exclusive-photobooth-rental-in-gladeview-fl,2026-05-28,0,1,0.0,26.0,0.0
https://www.miaphotobooth.net/famous-photo-booth-rental-in-douglas-fl,2026-03-06,0,1,0.0,1.0,0.0
https://www.miaphotobooth.net/famous-photo-booth-rental-in-douglas-fl,2026-03-07,0,1,0.0,16.0,0.0
https://www.miaphotobooth.net/famous-photo-booth-rental-in-douglas-fl,2026-03-09,0,1,0.0,38.0,0.0
https://www.miaphotobooth.net/famous-photo-booth-rental-in-douglas-fl,2026-03-12,0,2,0.0,77.5,0.0
https://www.miaphotobooth.net/famous-photo-booth-rental-in-douglas-fl,2026-03-13,0,1,0.0,76.0,0.0
https://www.miaphotobooth.net/famous-photo-booth-rental-in-douglas-fl,2026-03-14,0,2,0.0,75.5,0.0
https://www.miaphotobooth.net/famous-photo-booth-rental-in-douglas-fl,2026-03-17,0,4,0.0,40.25,0.0
https://www.miaphotobooth.net/famous-photo-booth-rental-in-douglas-fl,2026-03-22,0,1,0.0,7.0,0.0
https://www.miaphotobooth.net/famous-photo-booth-rental-in-douglas-fl,2026-03-27,0,2,0.0,63.0,0.0
https://www.miaphotobooth.net/famous-photo-booth-rental-in-douglas-fl,2026-04-02,0,2,0.0,10.5,0.0
https://www.miaphotobooth.net/famous-photo-booth-rental-in-douglas-fl,2026-04-03,0,1,0.0,46.0,0.0
https://www.miaphotobooth.net/famous-photo-booth-rental-in-douglas-fl,2026-04-04,0,1,0.0,70.0,0.0
https://www.miaphotobooth.net/famous-photo-booth-rental-in-douglas-fl,2026-04-06,0,1,0.0,11.0,0.0
https://www.miaphotobooth.net/famous-photo-booth-rental-in-douglas-fl,2026-04-08,0,1,0.0,62.0,0.0
https://www.miaphotobooth.net/famous-photo-booth-rental-in-douglas-fl,2026-04-10,0,1,0.0,10.0,0.0
https://www.miaphotobooth.net/famous-photo-booth-rental-in-douglas-fl,2026-04-24,0,1,0.0,41.0,0.0
https://www.miaphotobooth.net/famous-photo-booth-rental-in-douglas-fl,2026-04-27,0,1,0.0,9.0,0.0
https://www.miaphotobooth.net/famous-photo-booth-rental-in-douglas-fl,2026-04-28,0,1,0.0,10.0,0.0
https://www.miaphotobooth.net/famous-photo-booth-rental-in-douglas-fl,2026-05-03,0,1,0.0,64.0,0.0
https://www.miaphotobooth.net/famous-photo-booth-rental-in-douglas-fl,2026-05-04,0,1,0.0,87.0,0.0
https://www.miaphotobooth.net/famous-photo-booth-rental-in-douglas-fl,2026-05-14,0,3,0.0,31.333333333333332,0.0
https://www.miaphotobooth.net/famous-photo-booth-rental-in-douglas-fl,2026-05-15,0,1,0.0,98.0,0.0
https://www.miaphotobooth.net/famous-photo-booth-rental-in-douglas-fl,2026-05-20,0,1,0.0,5.0,0.0
https://www.miaphotobooth.net/famous-photo-booth-rental-in-douglas-fl,2026-05-28,0,1,0.0,7.0,0.0
https://www.miaphotobooth.net/frequently-asked-questions,2026-03-04,0,5,0.0,7.0,0.0
https://www.miaphotobooth.net/frequently-asked-questions,2026-03-07,0,1,0.0,10.0,0.0
https://www.miaphotobooth.net/frequently-asked-questions,2026-03-08,0,4,0.0,11.0,0.0
https://www.miaphotobooth.net/frequently-asked-questions,2026-03-09,0,2,0.0,11.0,0.0
https://www.miaphotobooth.net/frequently-asked-questions,2026-03-10,0,3,0.0,11.666666666666666,0.0
https://www.miaphotobooth.net/frequently-asked-questions,2026-03-11,0,6,0.0,8.833333333333332,0.0
https://www.miaphotobooth.net/frequently-asked-questions,2026-03-12,0,4,0.0,10.75,0.0
https://www.miaphotobooth.net/frequently-asked-questions,2026-03-13,0,2,0.0,10.5,0.0
https://www.miaphotobooth.net/frequently-asked-questions,2026-03-14,0,2,0.0,10.5,0.0
https://www.miaphotobooth.net/frequently-asked-questions,2026-03-15,0,6,0.0,9.833333333333334,0.0
https://www.miaphotobooth.net/frequently-asked-questions,2026-03-16,0,4,0.0,10.25,0.0
https://www.miaphotobooth.net/frequently-asked-questions,2026-03-17,0,8,0.0,36.25,0.0
https://www.miaphotobooth.net/frequently-asked-questions,2026-03-18,0,3,0.0,10.333333333333334,0.0
https://www.miaphotobooth.net/frequently-asked-questions,2026-03-19,0,4,0.0,11.5,0.0
https://www.miaphotobooth.net/frequently-asked-questions,2026-03-20,0,6,0.0,32.83333333333333,0.0
https://www.miaphotobooth.net/frequently-asked-questions,2026-03-21,0,4,0.0,9.0,0.0
https://www.miaphotobooth.net/frequently-asked-questions,2026-03-22,0,6,0.0,10.0,0.0
https://www.miaphotobooth.net/frequently-asked-questions,2026-03-23,0,1,0.0,7.0,0.0
https://www.miaphotobooth.net/frequently-asked-questions,2026-03-24,0,1,0.0,8.0,0.0
https://www.miaphotobooth.net/frequently-asked-questions,2026-03-25,0,3,0.0,19.0,0.0
https://www.miaphotobooth.net/frequently-asked-questions,2026-03-26,0,6,0.0,8.333333333333332,0.0
https://www.miaphotobooth.net/frequently-asked-questions,2026-03-27,0,3,0.0,32.0,0.0
https://www.miaphotobooth.net/frequently-asked-questions,2026-03-28,0,12,0.0,9.416666666666666,0.0
https://www.miaphotobooth.net/frequently-asked-questions,2026-03-29,0,6,0.0,7.833333333333333,0.0
https://www.miaphotobooth.net/frequently-asked-questions,2026-03-30,0,11,0.0,9.090909090909092,0.0
https://www.miaphotobooth.net/frequently-asked-questions,2026-03-31,0,6,0.0,6.833333333333333,0.0
https://www.miaphotobooth.net/frequently-asked-questions,2026-04-01,0,2,0.0,10.0,0.0
https://www.miaphotobooth.net/frequently-asked-questions,2026-04-02,0,4,0.0,12.75,0.0
https://www.miaphotobooth.net/frequently-asked-questions,2026-04-03,0,6,0.0,10.666666666666666,0.0
https://www.miaphotobooth.net/frequently-asked-questions,2026-04-04,0,7,0.0,35.285714285714285,0.0
https://www.miaphotobooth.net/frequently-asked-questions,2026-04-05,0,6,0.0,7.666666666666667,0.0
https://www.miaphotobooth.net/frequently-asked-questions,2026-04-06,0,1,0.0,11.0,0.0
https://www.miaphotobooth.net/frequently-asked-questions,2026-04-07,0,1,0.0,48.0,0.0
https://www.miaphotobooth.net/frequently-asked-questions,2026-04-08,0,2,0.0,17.5,0.0
https://www.miaphotobooth.net/frequently-asked-questions,2026-04-09,0,1,0.0,5.0,0.0
https://www.miaphotobooth.net/frequently-asked-questions,2026-04-10,0,7,0.0,25.285714285714285,0.0
https://www.miaphotobooth.net/frequently-asked-questions,2026-04-11,0,6,0.0,8.666666666666668,0.0
https://www.miaphotobooth.net/frequently-asked-questions,2026-04-12,0,5,0.0,6.6,0.0
https://www.miaphotobooth.net/frequently-asked-questions,2026-04-13,0,7,0.0,6.142857142857143,0.0
https://www.miaphotobooth.net/frequently-asked-questions,2026-04-14,0,3,0.0,9.0,0.0
https://www.miaphotobooth.net/frequently-asked-questions,2026-04-15,0,2,0.0,9.0,0.0
https://www.miaphotobooth.net/frequently-asked-questions,2026-04-17,0,1,0.0,9.0,0.0
https://www.miaphotobooth.net/frequently-asked-questions,2026-04-18,0,4,0.0,16.75,0.0
https://www.miaphotobooth.net/frequently-asked-questions,2026-04-19,0,5,0.0,13.2,0.0
https://www.miaphotobooth.net/frequently-asked-questions,2026-04-20,0,1,0.0,8.0,0.0
https://www.miaphotobooth.net/frequently-asked-questions,2026-04-21,0,5,0.0,23.6,0.0
https://www.miaphotobooth.net/frequently-asked-questions,2026-04-22,0,5,0.0,37.2,0.0
https://www.miaphotobooth.net/frequently-asked-questions,2026-04-23,0,1,0.0,3.0,0.0
https://www.miaphotobooth.net/frequently-asked-questions,2026-04-25,0,2,0.0,7.0,0.0
https://www.miaphotobooth.net/frequently-asked-questions,2026-04-26,0,1,0.0,6.0,0.0
https://www.miaphotobooth.net/frequently-asked-questions,2026-04-27,0,7,0.0,6.142857142857143,0.0
https://www.miaphotobooth.net/frequently-asked-questions,2026-04-28,0,3,0.0,11.333333333333334,0.0
https://www.miaphotobooth.net/frequently-asked-questions,2026-04-29,0,2,0.0,27.0,0.0
https://www.miaphotobooth.net/frequently-asked-questions,2026-04-30,0,3,0.0,6.0,0.0
https://www.miaphotobooth.net/frequently-asked-questions,2026-05-01,0,2,0.0,6.0,0.0
https://www.miaphotobooth.net/frequently-asked-questions,2026-05-02,0,2,0.0,7.5,0.0
https://www.miaphotobooth.net/frequently-asked-questions,2026-05-03,0,3,0.0,6.666666666666667,0.0
https://www.miaphotobooth.net/frequently-asked-questions,2026-05-04,0,6,0.0,34.833333333333336,0.0
https://www.miaphotobooth.net/frequently-asked-questions,2026-05-05,0,13,0.0,12.076923076923077,0.0
https://www.miaphotobooth.net/frequently-asked-questions,2026-05-07,0,3,0.0,5.0,0.0
https://www.miaphotobooth.net/frequently-asked-questions,2026-05-08,0,3,0.0,14.0,0.0
https://www.miaphotobooth.net/frequently-asked-questions,2026-05-09,0,4,0.0,8.75,0.0
https://www.miaphotobooth.net/frequently-asked-questions,2026-05-11,0,1,0.0,10.0,0.0
https://www.miaphotobooth.net/frequently-asked-questions,2026-05-12,0,2,0.0,7.5,0.0
https://www.miaphotobooth.net/frequently-asked-questions,2026-05-13,0,2,0.0,3.0,0.0
https://www.miaphotobooth.net/frequently-asked-questions,2026-05-15,0,3,0.0,4.333333333333334,0.0
https://www.miaphotobooth.net/frequently-asked-questions,2026-05-16,0,1,0.0,8.0,0.0
https://www.miaphotobooth.net/frequently-asked-questions,2026-05-17,0,3,0.0,7.666666666666667,0.0
https://www.miaphotobooth.net/frequently-asked-questions,2026-05-18,0,2,0.0,8.5,0.0
https://www.miaphotobooth.net/frequently-asked-questions,2026-05-19,0,4,0.0,66.25,0.0
https://www.miaphotobooth.net/frequently-asked-questions,2026-05-20,0,9,0.0,36.666666666666664,0.0
https://www.miaphotobooth.net/frequently-asked-questions,2026-05-22,0,3,0.0,8.0,0.0
https://www.miaphotobooth.net/frequently-asked-questions,2026-05-23,0,1,0.0,18.0,0.0
https://www.miaphotobooth.net/frequently-asked-questions,2026-05-24,0,3,0.0,39.333333333333336,0.0
https://www.miaphotobooth.net/frequently-asked-questions,2026-05-26,0,6,0.0,37.666666666666664,0.0
https://www.miaphotobooth.net/frequently-asked-questions,2026-05-27,0,4,0.0,8.5,0.0
https://www.miaphotobooth.net/frequently-asked-questions,2026-05-28,0,1,0.0,10.0,0.0
https://www.miaphotobooth.net/glam-booth,2026-03-04,0,5,0.0,15.6,0.0
https://www.miaphotobooth.net/glam-booth,2026-03-05,0,5,0.0,52.0,0.0
https://www.miaphotobooth.net/glam-booth,2026-03-06,0,6,0.0,8.833333333333332,0.0
https://www.miaphotobooth.net/glam-booth,2026-03-07,0,50,0.0,61.24,0.0
https://www.miaphotobooth.net/glam-booth,2026-03-08,0,4,0.0,61.75,0.0
https://www.miaphotobooth.net/glam-booth,2026-03-09,0,35,0.0,64.94285714285715,0.0
https://www.miaphotobooth.net/glam-booth,2026-03-10,0,3,0.0,3.6666666666666665,0.0
https://www.miaphotobooth.net/glam-booth,2026-03-11,0,74,0.0,55.04054054054054,0.0
https://www.miaphotobooth.net/glam-booth,2026-03-12,0,29,0.0,50.13793103448276,0.0
https://www.miaphotobooth.net/glam-booth,2026-03-13,0,2,0.0,6.5,0.0
https://www.miaphotobooth.net/glam-booth,2026-03-14,0,1,0.0,11.0,0.0
https://www.miaphotobooth.net/glam-booth,2026-03-16,0,9,0.0,18.555555555555557,0.0
https://www.miaphotobooth.net/glam-booth,2026-03-17,0,16,0.0,33.875,0.0
https://www.miaphotobooth.net/glam-booth,2026-03-18,0,10,0.0,16.9,0.0
https://www.miaphotobooth.net/glam-booth,2026-03-19,0,8,0.0,10.5,0.0
https://www.miaphotobooth.net/glam-booth,2026-03-20,0,7,0.0,45.857142857142854,0.0
https://www.miaphotobooth.net/glam-booth,2026-03-21,0,3,0.0,9.333333333333334,0.0
https://www.miaphotobooth.net/glam-booth,2026-03-22,0,8,0.0,6.375,0.0
https://www.miaphotobooth.net/glam-booth,2026-03-23,0,12,0.0,18.916666666666668,0.0
https://www.miaphotobooth.net/glam-booth,2026-03-24,0,4,0.0,4.75,0.0
https://www.miaphotobooth.net/glam-booth,2026-03-25,0,10,0.0,9.7,0.0
https://www.miaphotobooth.net/glam-booth,2026-03-26,0,8,0.0,10.625,0.0
https://www.miaphotobooth.net/glam-booth,2026-03-27,0,10,0.0,16.2,0.0
https://www.miaphotobooth.net/glam-booth,2026-03-28,0,30,0.0,9.966666666666667,0.0
https://www.miaphotobooth.net/glam-booth,2026-03-29,0,31,0.0,9.709677419354838,0.0
https://www.miaphotobooth.net/glam-booth,2026-03-30,0,20,0.0,7.35,0.0
https://www.miaphotobooth.net/glam-booth,2026-03-31,0,10,0.0,10.8,0.0
https://www.miaphotobooth.net/glam-booth,2026-04-01,0,5,0.0,6.2,0.0
https://www.miaphotobooth.net/glam-booth,2026-04-02,0,5,0.0,8.8,0.0
https://www.miaphotobooth.net/glam-booth,2026-04-03,0,21,0.0,9.19047619047619,0.0
https://www.miaphotobooth.net/glam-booth,2026-04-04,0,23,0.0,11.73913043478261,0.0
https://www.miaphotobooth.net/glam-booth,2026-04-05,0,15,0.0,15.933333333333334,0.0
https://www.miaphotobooth.net/glam-booth,2026-04-06,0,5,0.0,10.0,0.0
https://www.miaphotobooth.net/glam-booth,2026-04-07,0,9,0.0,7.333333333333333,0.0
https://www.miaphotobooth.net/glam-booth,2026-04-08,0,9,0.0,20.444444444444443,0.0
https://www.miaphotobooth.net/glam-booth,2026-04-09,0,11,0.0,9.272727272727273,0.0
https://www.miaphotobooth.net/glam-booth,2026-04-10,0,35,0.0,9.628571428571428,0.0
https://www.miaphotobooth.net/glam-booth,2026-04-11,0,38,0.0,9.657894736842104,0.0
https://www.miaphotobooth.net/glam-booth,2026-04-12,0,32,0.0,9.75,0.0
https://www.miaphotobooth.net/glam-booth,2026-04-14,0,41,0.0,18.878048780487806,0.0
https://www.miaphotobooth.net/glam-booth,2026-04-15,0,20,0.0,10.5,0.0
https://www.miaphotobooth.net/glam-booth,2026-04-16,0,16,0.0,17.75,0.0
https://www.miaphotobooth.net/glam-booth,2026-04-17,0,22,0.0,9.363636363636363,0.0
https://www.miaphotobooth.net/glam-booth,2026-04-18,0,9,0.0,21.22222222222222,0.0
https://www.miaphotobooth.net/glam-booth,2026-04-19,0,3,0.0,4.0,0.0
https://www.miaphotobooth.net/glam-booth,2026-04-20,0,9,0.0,25.11111111111111,0.0
https://www.miaphotobooth.net/glam-booth,2026-04-21,0,5,0.0,21.0,0.0
https://www.miaphotobooth.net/glam-booth,2026-04-22,0,6,0.0,41.166666666666664,0.0
https://www.miaphotobooth.net/glam-booth,2026-04-23,0,6,0.0,46.333333333333336,0.0
https://www.miaphotobooth.net/glam-booth,2026-04-24,0,4,0.0,17.0,0.0
https://www.miaphotobooth.net/glam-booth,2026-04-25,0,4,0.0,10.5,0.0
https://www.miaphotobooth.net/glam-booth,2026-04-26,0,4,0.0,23.0,0.0
https://www.miaphotobooth.net/glam-booth,2026-04-28,0,27,0.0,13.11111111111111,0.0
https://www.miaphotobooth.net/glam-booth,2026-04-29,0,49,0.0,11.53061224489796,0.0
https://www.miaphotobooth.net/glam-booth,2026-04-30,0,57,0.0,11.350877192982455,0.0
https://www.miaphotobooth.net/glam-booth,2026-05-01,0,56,0.0,10.714285714285714,0.0
https://www.miaphotobooth.net/glam-booth,2026-05-02,0,20,0.0,9.0,0.0
https://www.miaphotobooth.net/glam-booth,2026-05-03,0,29,0.0,16.137931034482758,0.0
https://www.miaphotobooth.net/glam-booth,2026-05-04,0,53,0.0,10.830188679245284,0.0
https://www.miaphotobooth.net/glam-booth,2026-05-05,0,13,0.0,9.615384615384615,0.0
https://www.miaphotobooth.net/glam-booth,2026-05-06,0,14,0.0,8.214285714285715,0.0
https://www.miaphotobooth.net/glam-booth,2026-05-07,0,6,0.0,22.5,0.0
https://www.miaphotobooth.net/glam-booth,2026-05-08,0,2,0.0,38.5,0.0
https://www.miaphotobooth.net/glam-booth,2026-05-09,0,1,0.0,6.0,0.0
https://www.miaphotobooth.net/glam-booth,2026-05-10,0,2,0.0,15.5,0.0
https://www.miaphotobooth.net/glam-booth,2026-05-11,0,9,0.0,30.22222222222222,0.0
https://www.miaphotobooth.net/glam-booth,2026-05-12,0,16,0.0,15.125,0.0
https://www.miaphotobooth.net/glam-booth,2026-05-13,0,4,0.0,4.5,0.0
https://www.miaphotobooth.net/glam-booth,2026-05-14,0,2,0.0,17.5,0.0
https://www.miaphotobooth.net/glam-booth,2026-05-15,0,4,0.0,9.5,0.0
https://www.miaphotobooth.net/glam-booth,2026-05-16,0,3,0.0,4.333333333333334,0.0
https://www.miaphotobooth.net/glam-booth,2026-05-17,0,5,0.0,33.0,0.0
https://www.miaphotobooth.net/glam-booth,2026-05-18,0,2,0.0,54.0,0.0
https://www.miaphotobooth.net/glam-booth,2026-05-20,0,6,0.0,6.333333333333333,0.0
https://www.miaphotobooth.net/glam-booth,2026-05-21,0,5,0.0,24.4,0.0
https://www.miaphotobooth.net/glam-booth,2026-05-22,0,1,0.0,12.0,0.0
https://www.miaphotobooth.net/glam-booth,2026-05-23,0,3,0.0,29.333333333333332,0.0
https://www.miaphotobooth.net/glam-booth,2026-05-24,0,2,0.0,48.5,0.0
https://www.miaphotobooth.net/glam-booth,2026-05-25,0,3,0.0,58.0,0.0
https://www.miaphotobooth.net/glam-booth,2026-05-26,0,2,0.0,53.0,0.0
https://www.miaphotobooth.net/glam-booth,2026-05-27,0,13,0.0,26.692307692307693,0.0
https://www.miaphotobooth.net/glam-booth,2026-05-28,0,6,0.0,21.666666666666668,0.0
https://www.miaphotobooth.net/glam-booth,2026-05-29,0,2,0.0,7.0,0.0
https://www.miaphotobooth.net/glam-booth,2026-05-30,0,3,0.0,33.666666666666664,0.0
https://www.miaphotobooth.net/high-quality-photo-booth-rental-in-westchester-fl,2026-03-05,0,1,0.0,87.0,0.0
https://www.miaphotobooth.net/high-quality-photo-booth-rental-in-westchester-fl,2026-03-08,0,4,0.0,42.5,0.0
https://www.miaphotobooth.net/high-quality-photo-booth-rental-in-westchester-fl,2026-03-09,0,1,0.0,7.0,0.0
https://www.miaphotobooth.net/high-quality-photo-booth-rental-in-westchester-fl,2026-03-10,0,1,0.0,62.0,0.0
https://www.miaphotobooth.net/high-quality-photo-booth-rental-in-westchester-fl,2026-03-12,0,3,0.0,67.66666666666667,0.0
https://www.miaphotobooth.net/high-quality-photo-booth-rental-in-westchester-fl,2026-03-14,0,1,0.0,91.0,0.0
https://www.miaphotobooth.net/high-quality-photo-booth-rental-in-westchester-fl,2026-03-15,0,1,0.0,88.0,0.0
https://www.miaphotobooth.net/high-quality-photo-booth-rental-in-westchester-fl,2026-03-16,0,1,0.0,86.0,0.0
https://www.miaphotobooth.net/high-quality-photo-booth-rental-in-westchester-fl,2026-03-17,0,7,0.0,60.142857142857146,0.0
https://www.miaphotobooth.net/high-quality-photo-booth-rental-in-westchester-fl,2026-03-18,0,1,0.0,82.0,0.0
https://www.miaphotobooth.net/high-quality-photo-booth-rental-in-westchester-fl,2026-03-20,0,1,0.0,86.0,0.0
https://www.miaphotobooth.net/high-quality-photo-booth-rental-in-westchester-fl,2026-03-24,0,1,0.0,80.0,0.0
https://www.miaphotobooth.net/high-quality-photo-booth-rental-in-westchester-fl,2026-03-25,0,4,0.0,51.5,0.0
https://www.miaphotobooth.net/high-quality-photo-booth-rental-in-westchester-fl,2026-03-26,0,1,0.0,90.0,0.0
https://www.miaphotobooth.net/high-quality-photo-booth-rental-in-westchester-fl,2026-03-27,0,1,0.0,55.0,0.0
https://www.miaphotobooth.net/high-quality-photo-booth-rental-in-westchester-fl,2026-03-31,0,2,0.0,59.5,0.0
https://www.miaphotobooth.net/high-quality-photo-booth-rental-in-westchester-fl,2026-04-01,0,2,0.0,39.0,0.0
https://www.miaphotobooth.net/high-quality-photo-booth-rental-in-westchester-fl,2026-04-04,0,1,0.0,91.0,0.0
https://www.miaphotobooth.net/high-quality-photo-booth-rental-in-westchester-fl,2026-04-06,0,1,0.0,32.0,0.0
https://www.miaphotobooth.net/high-quality-photo-booth-rental-in-westchester-fl,2026-04-07,0,3,0.0,56.0,0.0
https://www.miaphotobooth.net/high-quality-photo-booth-rental-in-westchester-fl,2026-04-09,0,1,0.0,74.0,0.0
https://www.miaphotobooth.net/high-quality-photo-booth-rental-in-westchester-fl,2026-04-12,0,1,0.0,33.0,0.0
https://www.miaphotobooth.net/high-quality-photo-booth-rental-in-westchester-fl,2026-04-13,0,1,0.0,26.0,0.0
https://www.miaphotobooth.net/high-quality-photo-booth-rental-in-westchester-fl,2026-04-14,0,1,0.0,66.0,0.0
https://www.miaphotobooth.net/high-quality-photo-booth-rental-in-westchester-fl,2026-04-16,0,1,0.0,70.0,0.0
https://www.miaphotobooth.net/high-quality-photo-booth-rental-in-westchester-fl,2026-04-19,0,1,0.0,74.0,0.0
https://www.miaphotobooth.net/high-quality-photo-booth-rental-in-westchester-fl,2026-04-20,0,1,0.0,34.0,0.0
https://www.miaphotobooth.net/high-quality-photo-booth-rental-in-westchester-fl,2026-04-21,0,1,0.0,62.0,0.0
https://www.miaphotobooth.net/high-quality-photo-booth-rental-in-westchester-fl,2026-04-22,0,1,0.0,82.0,0.0
https://www.miaphotobooth.net/high-quality-photo-booth-rental-in-westchester-fl,2026-04-23,0,1,0.0,72.0,0.0
https://www.miaphotobooth.net/high-quality-photo-booth-rental-in-westchester-fl,2026-04-25,0,1,0.0,75.0,0.0
https://www.miaphotobooth.net/high-quality-photo-booth-rental-in-westchester-fl,2026-04-27,0,1,0.0,39.0,0.0
https://www.miaphotobooth.net/high-quality-photo-booth-rental-in-westchester-fl,2026-04-28,0,2,0.0,38.5,0.0
https://www.miaphotobooth.net/high-quality-photo-booth-rental-in-westchester-fl,2026-04-30,0,1,0.0,71.0,0.0
https://www.miaphotobooth.net/high-quality-photo-booth-rental-in-westchester-fl,2026-05-02,0,1,0.0,10.0,0.0
https://www.miaphotobooth.net/high-quality-photo-booth-rental-in-westchester-fl,2026-05-03,0,2,0.0,40.0,0.0
https://www.miaphotobooth.net/high-quality-photo-booth-rental-in-westchester-fl,2026-05-04,0,1,0.0,81.0,0.0
https://www.miaphotobooth.net/high-quality-photo-booth-rental-in-westchester-fl,2026-05-05,0,1,0.0,64.0,0.0
https://www.miaphotobooth.net/high-quality-photo-booth-rental-in-westchester-fl,2026-05-06,0,5,0.0,50.0,0.0
https://www.miaphotobooth.net/high-quality-photo-booth-rental-in-westchester-fl,2026-05-07,0,1,0.0,71.0,0.0
https://www.miaphotobooth.net/high-quality-photo-booth-rental-in-westchester-fl,2026-05-10,0,1,0.0,10.0,0.0
https://www.miaphotobooth.net/high-quality-photo-booth-rental-in-westchester-fl,2026-05-11,0,1,0.0,39.0,0.0
https://www.miaphotobooth.net/high-quality-photo-booth-rental-in-westchester-fl,2026-05-12,0,1,0.0,75.0,0.0
https://www.miaphotobooth.net/high-quality-photo-booth-rental-in-westchester-fl,2026-05-14,0,2,0.0,66.0,0.0
https://www.miaphotobooth.net/high-quality-photo-booth-rental-in-westchester-fl,2026-05-15,0,2,0.0,60.0,0.0
https://www.miaphotobooth.net/high-quality-photo-booth-rental-in-westchester-fl,2026-05-19,0,1,0.0,63.0,0.0
https://www.miaphotobooth.net/high-quality-photo-booth-rental-in-westchester-fl,2026-05-20,0,1,0.0,1.0,0.0
https://www.miaphotobooth.net/high-quality-photo-booth-rental-in-westchester-fl,2026-05-21,0,1,0.0,63.0,0.0
https://www.miaphotobooth.net/high-quality-photo-booth-rental-in-westchester-fl,2026-05-22,0,1,0.0,23.0,0.0
https://www.miaphotobooth.net/high-quality-photo-booth-rental-in-westchester-fl,2026-05-26,0,1,0.0,61.0,0.0
https://www.miaphotobooth.net/high-quality-photo-booth-rental-in-westchester-fl,2026-05-28,0,1,0.0,69.0,0.0
https://www.miaphotobooth.net/high-quality-photo-booth-rental-in-westchester-fl,2026-05-29,0,1,0.0,36.0,0.0
https://www.miaphotobooth.net/high-quality-photo-booth-rental-in-westchester-fl,2026-05-30,0,3,0.0,48.333333333333336,0.0
https://www.miaphotobooth.net/leading-photo-booth-rental-in-coral-gables-fl,2026-03-04,0,1,0.0,7.0,0.0
https://www.miaphotobooth.net/leading-photo-booth-rental-in-coral-gables-fl,2026-03-05,0,6,0.0,7.5,0.0
https://www.miaphotobooth.net/leading-photo-booth-rental-in-coral-gables-fl,2026-03-06,0,2,0.0,7.0,0.0
https://www.miaphotobooth.net/leading-photo-booth-rental-in-coral-gables-fl,2026-03-07,0,2,0.0,7.5,0.0
https://www.miaphotobooth.net/leading-photo-booth-rental-in-coral-gables-fl,2026-03-08,0,2,0.0,22.0,0.0
https://www.miaphotobooth.net/leading-photo-booth-rental-in-coral-gables-fl,2026-03-09,0,2,0.0,6.5,0.0
https://www.miaphotobooth.net/leading-photo-booth-rental-in-coral-gables-fl,2026-03-10,0,1,0.0,69.0,0.0
https://www.miaphotobooth.net/leading-photo-booth-rental-in-coral-gables-fl,2026-03-11,0,7,0.0,32.42857142857143,0.0
https://www.miaphotobooth.net/leading-photo-booth-rental-in-coral-gables-fl,2026-03-12,0,6,0.0,25.5,0.0
https://www.miaphotobooth.net/leading-photo-booth-rental-in-coral-gables-fl,2026-03-13,0,1,0.0,56.0,0.0
https://www.miaphotobooth.net/leading-photo-booth-rental-in-coral-gables-fl,2026-03-14,0,3,0.0,51.0,0.0
https://www.miaphotobooth.net/leading-photo-booth-rental-in-coral-gables-fl,2026-03-15,0,2,0.0,51.5,0.0
https://www.miaphotobooth.net/leading-photo-booth-rental-in-coral-gables-fl,2026-03-16,0,5,0.0,23.0,0.0
https://www.miaphotobooth.net/leading-photo-booth-rental-in-coral-gables-fl,2026-03-17,0,9,0.0,37.22222222222222,0.0
https://www.miaphotobooth.net/leading-photo-booth-rental-in-coral-gables-fl,2026-03-18,0,2,0.0,3.0,0.0
https://www.miaphotobooth.net/leading-photo-booth-rental-in-coral-gables-fl,2026-03-19,0,5,0.0,4.0,0.0
https://www.miaphotobooth.net/leading-photo-booth-rental-in-coral-gables-fl,2026-03-20,0,1,0.0,23.0,0.0
https://www.miaphotobooth.net/leading-photo-booth-rental-in-coral-gables-fl,2026-03-22,0,8,0.0,17.25,0.0
https://www.miaphotobooth.net/leading-photo-booth-rental-in-coral-gables-fl,2026-03-23,0,3,0.0,38.666666666666664,0.0
https://www.miaphotobooth.net/leading-photo-booth-rental-in-coral-gables-fl,2026-03-26,0,1,0.0,1.0,0.0
https://www.miaphotobooth.net/leading-photo-booth-rental-in-coral-gables-fl,2026-03-27,0,3,0.0,4.666666666666666,0.0
https://www.miaphotobooth.net/leading-photo-booth-rental-in-coral-gables-fl,2026-03-28,0,3,0.0,5.0,0.0
https://www.miaphotobooth.net/leading-photo-booth-rental-in-coral-gables-fl,2026-03-30,0,3,0.0,4.333333333333334,0.0
https://www.miaphotobooth.net/leading-photo-booth-rental-in-coral-gables-fl,2026-03-31,0,3,0.0,10.0,0.0
https://www.miaphotobooth.net/leading-photo-booth-rental-in-coral-gables-fl,2026-04-01,0,4,0.0,13.0,0.0
https://www.miaphotobooth.net/leading-photo-booth-rental-in-coral-gables-fl,2026-04-02,0,1,0.0,53.0,0.0
https://www.miaphotobooth.net/leading-photo-booth-rental-in-coral-gables-fl,2026-04-03,0,1,0.0,5.0,0.0
https://www.miaphotobooth.net/leading-photo-booth-rental-in-coral-gables-fl,2026-04-04,0,2,0.0,38.0,0.0
https://www.miaphotobooth.net/leading-photo-booth-rental-in-coral-gables-fl,2026-04-05,0,1,0.0,15.0,0.0
https://www.miaphotobooth.net/leading-photo-booth-rental-in-coral-gables-fl,2026-04-06,0,1,0.0,7.0,0.0
https://www.miaphotobooth.net/leading-photo-booth-rental-in-coral-gables-fl,2026-04-07,0,1,0.0,12.0,0.0
https://www.miaphotobooth.net/leading-photo-booth-rental-in-coral-gables-fl,2026-04-08,0,2,0.0,28.5,0.0
https://www.miaphotobooth.net/leading-photo-booth-rental-in-coral-gables-fl,2026-04-09,0,2,0.0,8.5,0.0
https://www.miaphotobooth.net/leading-photo-booth-rental-in-coral-gables-fl,2026-04-10,0,1,0.0,5.0,0.0
https://www.miaphotobooth.net/leading-photo-booth-rental-in-coral-gables-fl,2026-04-11,0,2,0.0,23.5,0.0
https://www.miaphotobooth.net/leading-photo-booth-rental-in-coral-gables-fl,2026-04-12,0,1,0.0,8.0,0.0
https://www.miaphotobooth.net/leading-photo-booth-rental-in-coral-gables-fl,2026-04-13,0,1,0.0,6.0,0.0
https://www.miaphotobooth.net/leading-photo-booth-rental-in-coral-gables-fl,2026-04-14,0,2,0.0,4.0,0.0
https://www.miaphotobooth.net/leading-photo-booth-rental-in-coral-gables-fl,2026-04-17,0,2,0.0,9.0,0.0
https://www.miaphotobooth.net/leading-photo-booth-rental-in-coral-gables-fl,2026-04-20,0,1,0.0,72.0,0.0
https://www.miaphotobooth.net/leading-photo-booth-rental-in-coral-gables-fl,2026-04-21,0,1,0.0,38.0,0.0
https://www.miaphotobooth.net/leading-photo-booth-rental-in-coral-gables-fl,2026-04-22,0,3,0.0,23.333333333333332,0.0
https://www.miaphotobooth.net/leading-photo-booth-rental-in-coral-gables-fl,2026-04-23,0,1,0.0,13.0,0.0
https://www.miaphotobooth.net/leading-photo-booth-rental-in-coral-gables-fl,2026-04-24,0,3,0.0,4.666666666666666,0.0
https://www.miaphotobooth.net/leading-photo-booth-rental-in-coral-gables-fl,2026-04-25,0,2,0.0,51.5,0.0
https://www.miaphotobooth.net/leading-photo-booth-rental-in-coral-gables-fl,2026-04-26,0,1,0.0,52.0,0.0
https://www.miaphotobooth.net/leading-photo-booth-rental-in-coral-gables-fl,2026-04-27,0,1,0.0,6.0,0.0
https://www.miaphotobooth.net/leading-photo-booth-rental-in-coral-gables-fl,2026-04-28,0,1,0.0,13.0,0.0
https://www.miaphotobooth.net/leading-photo-booth-rental-in-coral-gables-fl,2026-04-29,0,2,0.0,11.5,0.0
https://www.miaphotobooth.net/leading-photo-booth-rental-in-coral-gables-fl,2026-04-30,0,2,0.0,6.5,0.0
https://www.miaphotobooth.net/leading-photo-booth-rental-in-coral-gables-fl,2026-05-01,0,2,0.0,5.5,0.0
https://www.miaphotobooth.net/leading-photo-booth-rental-in-coral-gables-fl,2026-05-02,0,3,0.0,9.0,0.0
https://www.miaphotobooth.net/leading-photo-booth-rental-in-coral-gables-fl,2026-05-03,0,1,0.0,15.0,0.0
https://www.miaphotobooth.net/leading-photo-booth-rental-in-coral-gables-fl,2026-05-04,0,1,0.0,11.0,0.0
https://www.miaphotobooth.net/leading-photo-booth-rental-in-coral-gables-fl,2026-05-05,0,1,0.0,17.0,0.0
https://www.miaphotobooth.net/leading-photo-booth-rental-in-coral-gables-fl,2026-05-06,0,1,0.0,19.0,0.0
https://www.miaphotobooth.net/leading-photo-booth-rental-in-coral-gables-fl,2026-05-07,0,2,0.0,9.5,0.0
https://www.miaphotobooth.net/leading-photo-booth-rental-in-coral-gables-fl,2026-05-08,0,2,0.0,13.0,0.0
https://www.miaphotobooth.net/leading-photo-booth-rental-in-coral-gables-fl,2026-05-09,0,3,0.0,24.333333333333332,0.0
https://www.miaphotobooth.net/leading-photo-booth-rental-in-coral-gables-fl,2026-05-11,0,3,0.0,35.333333333333336,0.0
https://www.miaphotobooth.net/leading-photo-booth-rental-in-coral-gables-fl,2026-05-12,0,2,0.0,27.5,0.0
https://www.miaphotobooth.net/leading-photo-booth-rental-in-coral-gables-fl,2026-05-13,0,4,0.0,38.0,0.0
https://www.miaphotobooth.net/leading-photo-booth-rental-in-coral-gables-fl,2026-05-14,0,3,0.0,63.333333333333336,0.0
https://www.miaphotobooth.net/leading-photo-booth-rental-in-coral-gables-fl,2026-05-15,0,7,0.0,28.142857142857142,0.0
https://www.miaphotobooth.net/leading-photo-booth-rental-in-coral-gables-fl,2026-05-16,0,4,0.0,26.0,0.0
https://www.miaphotobooth.net/leading-photo-booth-rental-in-coral-gables-fl,2026-05-17,0,3,0.0,31.666666666666668,0.0
https://www.miaphotobooth.net/leading-photo-booth-rental-in-coral-gables-fl,2026-05-21,0,2,0.0,6.0,0.0
https://www.miaphotobooth.net/leading-photo-booth-rental-in-coral-gables-fl,2026-05-22,0,5,0.0,6.8,0.0
https://www.miaphotobooth.net/leading-photo-booth-rental-in-coral-gables-fl,2026-05-23,0,7,0.0,8.714285714285715,0.0
https://www.miaphotobooth.net/leading-photo-booth-rental-in-coral-gables-fl,2026-05-24,0,2,0.0,10.0,0.0
https://www.miaphotobooth.net/leading-photo-booth-rental-in-coral-gables-fl,2026-05-25,0,3,0.0,38.0,0.0
https://www.miaphotobooth.net/leading-photo-booth-rental-in-coral-gables-fl,2026-05-26,0,2,0.0,3.5,0.0
https://www.miaphotobooth.net/leading-photo-booth-rental-in-coral-gables-fl,2026-05-27,0,1,0.0,32.0,0.0
https://www.miaphotobooth.net/leading-photo-booth-rental-in-coral-gables-fl,2026-05-28,0,2,0.0,29.5,0.0
https://www.miaphotobooth.net/local-photo-booth-rental-in-town-park-estates-fl,2026-03-13,0,1,0.0,62.0,0.0
https://www.miaphotobooth.net/local-photo-booth-rental-in-town-park-estates-fl,2026-03-17,0,3,0.0,48.666666666666664,0.0
https://www.miaphotobooth.net/local-photo-booth-rental-in-town-park-estates-fl,2026-03-20,0,1,0.0,65.0,0.0
https://www.miaphotobooth.net/local-photo-booth-rental-in-town-park-estates-fl,2026-03-27,0,1,0.0,94.0,0.0
https://www.miaphotobooth.net/local-photo-booth-rental-in-town-park-estates-fl,2026-03-31,0,1,0.0,1.0,0.0
https://www.miaphotobooth.net/local-photo-booth-rental-in-town-park-estates-fl,2026-04-04,0,2,0.0,77.0,0.0
https://www.miaphotobooth.net/local-photo-booth-rental-in-town-park-estates-fl,2026-04-05,0,1,0.0,5.0,0.0
https://www.miaphotobooth.net/local-photo-booth-rental-in-town-park-estates-fl,2026-04-11,0,2,0.0,49.5,0.0
https://www.miaphotobooth.net/local-photo-booth-rental-in-town-park-estates-fl,2026-04-19,0,1,0.0,39.0,0.0
https://www.miaphotobooth.net/local-photo-booth-rental-in-town-park-estates-fl,2026-04-22,0,3,0.0,87.33333333333333,0.0
https://www.miaphotobooth.net/local-photo-booth-rental-in-town-park-estates-fl,2026-04-24,0,1,0.0,26.0,0.0
https://www.miaphotobooth.net/local-photo-booth-rental-in-town-park-estates-fl,2026-04-28,0,1,0.0,3.0,0.0
https://www.miaphotobooth.net/local-photo-booth-rental-in-town-park-estates-fl,2026-04-30,0,2,0.0,38.5,0.0
https://www.miaphotobooth.net/local-photo-booth-rental-in-town-park-estates-fl,2026-05-04,0,1,0.0,85.0,0.0
https://www.miaphotobooth.net/local-photo-booth-rental-in-town-park-estates-fl,2026-05-07,0,3,0.0,16.333333333333336,0.0
https://www.miaphotobooth.net/local-photo-booth-rental-in-town-park-estates-fl,2026-05-12,0,2,0.0,6.5,0.0
https://www.miaphotobooth.net/local-photo-booth-rental-in-town-park-estates-fl,2026-05-15,0,1,0.0,78.0,0.0
https://www.miaphotobooth.net/local-photo-booth-rental-in-town-park-estates-fl,2026-05-16,0,1,0.0,72.0,0.0
https://www.miaphotobooth.net/local-photo-booth-rental-in-town-park-estates-fl,2026-05-30,0,1,0.0,66.0,0.0
https://www.miaphotobooth.net/luxury-photo-booth-rental-in-overtown-fl,2026-03-07,0,1,0.0,99.0,0.0
https://www.miaphotobooth.net/luxury-photo-booth-rental-in-overtown-fl,2026-03-12,0,3,0.0,28.666666666666668,0.0
https://www.miaphotobooth.net/luxury-photo-booth-rental-in-overtown-fl,2026-03-14,0,2,0.0,79.0,0.0
https://www.miaphotobooth.net/luxury-photo-booth-rental-in-overtown-fl,2026-03-17,0,4,0.0,43.25,0.0
https://www.miaphotobooth.net/luxury-photo-booth-rental-in-overtown-fl,2026-03-19,0,1,0.0,4.0,0.0
https://www.miaphotobooth.net/luxury-photo-booth-rental-in-overtown-fl,2026-03-20,0,1,0.0,75.0,0.0
https://www.miaphotobooth.net/luxury-photo-booth-rental-in-overtown-fl,2026-04-04,0,2,0.0,78.5,0.0
https://www.miaphotobooth.net/luxury-photo-booth-rental-in-overtown-fl,2026-04-08,0,1,0.0,17.0,0.0
https://www.miaphotobooth.net/luxury-photo-booth-rental-in-overtown-fl,2026-04-15,0,1,0.0,11.0,0.0
https://www.miaphotobooth.net/luxury-photo-booth-rental-in-overtown-fl,2026-04-19,0,1,0.0,3.0,0.0
https://www.miaphotobooth.net/luxury-photo-booth-rental-in-overtown-fl,2026-04-22,0,2,0.0,65.5,0.0
https://www.miaphotobooth.net/luxury-photo-booth-rental-in-overtown-fl,2026-04-29,0,1,0.0,1.0,0.0
https://www.miaphotobooth.net/luxury-photo-booth-rental-in-overtown-fl,2026-04-30,0,5,0.0,4.6,0.0
https://www.miaphotobooth.net/luxury-photo-booth-rental-in-overtown-fl,2026-05-02,0,1,0.0,2.0,0.0
https://www.miaphotobooth.net/luxury-photo-booth-rental-in-overtown-fl,2026-05-04,0,1,0.0,90.0,0.0
https://www.miaphotobooth.net/luxury-photo-booth-rental-in-overtown-fl,2026-05-07,0,2,0.0,3.5,0.0
https://www.miaphotobooth.net/luxury-photo-booth-rental-in-overtown-fl,2026-05-10,0,2,0.0,3.0,0.0
https://www.miaphotobooth.net/luxury-photo-booth-rental-in-overtown-fl,2026-05-12,0,2,0.0,7.0,0.0
https://www.miaphotobooth.net/luxury-photo-booth-rental-in-overtown-fl,2026-05-15,0,1,0.0,86.0,0.0
https://www.miaphotobooth.net/luxury-photo-booth-rental-in-overtown-fl,2026-05-30,0,1,0.0,83.0,0.0
https://www.miaphotobooth.net/modern-photo-booth-rental-in-coral-groves-fl,2026-03-04,0,2,0.0,54.0,0.0
https://www.miaphotobooth.net/modern-photo-booth-rental-in-coral-groves-fl,2026-03-05,0,5,0.0,62.8,0.0
https://www.miaphotobooth.net/modern-photo-booth-rental-in-coral-groves-fl,2026-03-06,0,1,0.0,33.0,0.0
https://www.miaphotobooth.net/modern-photo-booth-rental-in-coral-groves-fl,2026-03-07,0,2,0.0,51.5,0.0
https://www.miaphotobooth.net/modern-photo-booth-rental-in-coral-groves-fl,2026-03-08,0,2,0.0,42.0,0.0
https://www.miaphotobooth.net/modern-photo-booth-rental-in-coral-groves-fl,2026-03-10,0,1,0.0,32.0,0.0
https://www.miaphotobooth.net/modern-photo-booth-rental-in-coral-groves-fl,2026-03-11,0,2,0.0,54.0,0.0
https://www.miaphotobooth.net/modern-photo-booth-rental-in-coral-groves-fl,2026-03-12,0,2,0.0,34.0,0.0
https://www.miaphotobooth.net/modern-photo-booth-rental-in-coral-groves-fl,2026-03-13,0,5,0.0,19.0,0.0
https://www.miaphotobooth.net/modern-photo-booth-rental-in-coral-groves-fl,2026-03-14,0,2,0.0,52.5,0.0
https://www.miaphotobooth.net/modern-photo-booth-rental-in-coral-groves-fl,2026-03-15,0,5,0.0,31.6,0.0
https://www.miaphotobooth.net/modern-photo-booth-rental-in-coral-groves-fl,2026-03-16,0,2,0.0,56.5,0.0
https://www.miaphotobooth.net/modern-photo-booth-rental-in-coral-groves-fl,2026-03-17,0,5,0.0,55.6,0.0
https://www.miaphotobooth.net/modern-photo-booth-rental-in-coral-groves-fl,2026-03-18,0,2,0.0,47.5,0.0
https://www.miaphotobooth.net/modern-photo-booth-rental-in-coral-groves-fl,2026-03-19,0,3,0.0,32.33333333333333,0.0
https://www.miaphotobooth.net/modern-photo-booth-rental-in-coral-groves-fl,2026-03-20,0,3,0.0,64.66666666666666,0.0
https://www.miaphotobooth.net/modern-photo-booth-rental-in-coral-groves-fl,2026-03-21,0,1,0.0,81.0,0.0
https://www.miaphotobooth.net/modern-photo-booth-rental-in-coral-groves-fl,2026-03-22,0,2,0.0,54.5,0.0
https://www.miaphotobooth.net/modern-photo-booth-rental-in-coral-groves-fl,2026-03-23,0,1,0.0,78.0,0.0
https://www.miaphotobooth.net/modern-photo-booth-rental-in-coral-groves-fl,2026-03-24,0,4,0.0,35.25,0.0
https://www.miaphotobooth.net/modern-photo-booth-rental-in-coral-groves-fl,2026-03-25,0,2,0.0,49.0,0.0
https://www.miaphotobooth.net/modern-photo-booth-rental-in-coral-groves-fl,2026-03-26,0,1,0.0,9.0,0.0
https://www.miaphotobooth.net/modern-photo-booth-rental-in-coral-groves-fl,2026-03-27,0,1,0.0,87.0,0.0
https://www.miaphotobooth.net/modern-photo-booth-rental-in-coral-groves-fl,2026-03-28,0,2,0.0,55.0,0.0
https://www.miaphotobooth.net/modern-photo-booth-rental-in-coral-groves-fl,2026-03-30,0,1,0.0,69.0,0.0
https://www.miaphotobooth.net/modern-photo-booth-rental-in-coral-groves-fl,2026-03-31,0,2,0.0,49.5,0.0
https://www.miaphotobooth.net/modern-photo-booth-rental-in-coral-groves-fl,2026-04-01,0,2,0.0,25.5,0.0
https://www.miaphotobooth.net/modern-photo-booth-rental-in-coral-groves-fl,2026-04-02,0,1,0.0,89.0,0.0
https://www.miaphotobooth.net/modern-photo-booth-rental-in-coral-groves-fl,2026-04-03,0,2,0.0,53.5,0.0
https://www.miaphotobooth.net/modern-photo-booth-rental-in-coral-groves-fl,2026-04-04,0,2,0.0,65.5,0.0
https://www.miaphotobooth.net/modern-photo-booth-rental-in-coral-groves-fl,2026-04-05,0,1,0.0,88.0,0.0
https://www.miaphotobooth.net/modern-photo-booth-rental-in-coral-groves-fl,2026-04-06,0,2,0.0,56.0,0.0
https://www.miaphotobooth.net/modern-photo-booth-rental-in-coral-groves-fl,2026-04-07,0,6,0.0,40.166666666666664,0.0
https://www.miaphotobooth.net/modern-photo-booth-rental-in-coral-groves-fl,2026-04-08,0,2,0.0,47.0,0.0
https://www.miaphotobooth.net/modern-photo-booth-rental-in-coral-groves-fl,2026-04-13,0,2,0.0,29.5,0.0
https://www.miaphotobooth.net/modern-photo-booth-rental-in-coral-groves-fl,2026-04-19,0,1,0.0,86.0,0.0
https://www.miaphotobooth.net/modern-photo-booth-rental-in-coral-groves-fl,2026-04-20,0,1,0.0,8.0,0.0
https://www.miaphotobooth.net/modern-photo-booth-rental-in-coral-groves-fl,2026-04-21,0,1,0.0,60.0,0.0
https://www.miaphotobooth.net/modern-photo-booth-rental-in-coral-groves-fl,2026-04-22,0,2,0.0,16.5,0.0
https://www.miaphotobooth.net/modern-photo-booth-rental-in-coral-groves-fl,2026-05-01,0,2,0.0,31.0,0.0
https://www.miaphotobooth.net/modern-photo-booth-rental-in-coral-groves-fl,2026-05-04,0,4,0.0,54.25,0.0
https://www.miaphotobooth.net/modern-photo-booth-rental-in-coral-groves-fl,2026-05-05,0,1,0.0,2.0,0.0
https://www.miaphotobooth.net/modern-photo-booth-rental-in-coral-groves-fl,2026-05-06,0,5,0.0,26.6,0.0
https://www.miaphotobooth.net/modern-photo-booth-rental-in-coral-groves-fl,2026-05-12,0,6,0.0,28.333333333333332,0.0
https://www.miaphotobooth.net/modern-photo-booth-rental-in-coral-groves-fl,2026-05-15,0,3,0.0,12.333333333333334,0.0
https://www.miaphotobooth.net/modern-photo-booth-rental-in-coral-groves-fl,2026-05-20,0,1,0.0,3.0,0.0
https://www.miaphotobooth.net/modern-photo-booth-rental-in-coral-groves-fl,2026-05-22,0,2,0.0,35.5,0.0
https://www.miaphotobooth.net/modern-photo-booth-rental-in-coral-groves-fl,2026-05-28,0,2,0.0,73.5,0.0
https://www.miaphotobooth.net/modern-photo-booth-rental-in-coral-groves-fl,2026-05-29,0,1,0.0,7.0,0.0
https://www.miaphotobooth.net/outstanding-photo-booth-rental-in-west-flagler-fl,2026-03-08,0,1,0.0,5.0,0.0
https://www.miaphotobooth.net/outstanding-photo-booth-rental-in-west-flagler-fl,2026-03-14,0,2,0.0,8.0,0.0
https://www.miaphotobooth.net/outstanding-photo-booth-rental-in-west-flagler-fl,2026-03-19,0,1,0.0,92.0,0.0
https://www.miaphotobooth.net/outstanding-photo-booth-rental-in-west-flagler-fl,2026-03-20,0,3,0.0,60.0,0.0
https://www.miaphotobooth.net/outstanding-photo-booth-rental-in-west-flagler-fl,2026-03-28,0,1,0.0,4.0,0.0
https://www.miaphotobooth.net/outstanding-photo-booth-rental-in-west-flagler-fl,2026-04-04,0,2,0.0,36.5,0.0
https://www.miaphotobooth.net/outstanding-photo-booth-rental-in-west-flagler-fl,2026-04-10,0,1,0.0,87.0,0.0
https://www.miaphotobooth.net/outstanding-photo-booth-rental-in-west-flagler-fl,2026-04-16,0,1,0.0,35.0,0.0
https://www.miaphotobooth.net/outstanding-photo-booth-rental-in-west-flagler-fl,2026-04-22,0,2,0.0,74.0,0.0
https://www.miaphotobooth.net/outstanding-photo-booth-rental-in-west-flagler-fl,2026-04-23,0,1,0.0,10.0,0.0
https://www.miaphotobooth.net/outstanding-photo-booth-rental-in-west-flagler-fl,2026-05-04,0,3,0.0,52.666666666666664,0.0
https://www.miaphotobooth.net/outstanding-photo-booth-rental-in-west-flagler-fl,2026-05-11,0,1,0.0,31.0,0.0
https://www.miaphotobooth.net/outstanding-photo-booth-rental-in-west-flagler-fl,2026-05-12,0,8,0.0,4.25,0.0
https://www.miaphotobooth.net/outstanding-photo-booth-rental-in-west-flagler-fl,2026-05-13,0,2,0.0,56.5,0.0
https://www.miaphotobooth.net/outstanding-photo-booth-rental-in-west-flagler-fl,2026-05-14,0,1,0.0,2.0,0.0
https://www.miaphotobooth.net/outstanding-photo-booth-rental-in-west-flagler-fl,2026-05-15,0,1,0.0,100.0,0.0
https://www.miaphotobooth.net/outstanding-photo-booth-rental-in-west-flagler-fl,2026-05-17,0,2,0.0,12.0,0.0
https://www.miaphotobooth.net/outstanding-photo-booth-rental-in-west-flagler-fl,2026-05-19,0,1,0.0,66.0,0.0
https://www.miaphotobooth.net/outstanding-photo-booth-rental-in-west-flagler-fl,2026-05-22,0,2,0.0,78.5,0.0
https://www.miaphotobooth.net/outstanding-photo-booth-rental-in-west-flagler-fl,2026-05-25,0,1,0.0,44.0,0.0
https://www.miaphotobooth.net/outstanding-photo-booth-rental-in-west-flagler-fl,2026-05-26,0,1,0.0,3.0,0.0
https://www.miaphotobooth.net/outstanding-photo-booth-rental-in-west-flagler-fl,2026-05-30,0,2,0.0,41.0,0.0
https://www.miaphotobooth.net/packages,2026-03-04,0,10,0.0,7.3,0.0
https://www.miaphotobooth.net/packages,2026-03-07,0,3,0.0,2.0,0.0
https://www.miaphotobooth.net/packages,2026-03-08,0,3,0.0,9.333333333333334,0.0
https://www.miaphotobooth.net/packages,2026-03-09,0,13,0.0,9.461538461538462,0.0
https://www.miaphotobooth.net/packages,2026-03-10,0,7,0.0,11.285714285714286,0.0
https://www.miaphotobooth.net/packages,2026-03-11,0,11,0.0,9.0,0.0
https://www.miaphotobooth.net/packages,2026-03-12,0,9,0.0,17.0,0.0
https://www.miaphotobooth.net/packages,2026-03-13,0,12,0.0,9.25,0.0
https://www.miaphotobooth.net/packages,2026-03-14,0,4,0.0,10.25,0.0
https://www.miaphotobooth.net/packages,2026-03-15,0,12,0.0,9.25,0.0
https://www.miaphotobooth.net/packages,2026-03-16,0,11,0.0,9.454545454545455,0.0
https://www.miaphotobooth.net/packages,2026-03-17,0,12,0.0,7.666666666666667,0.0
https://www.miaphotobooth.net/packages,2026-03-18,0,9,0.0,9.777777777777779,0.0
https://www.miaphotobooth.net/packages,2026-03-19,0,11,0.0,9.272727272727273,0.0
https://www.miaphotobooth.net/packages,2026-03-20,0,6,0.0,6.5,0.0
https://www.miaphotobooth.net/packages,2026-03-21,0,5,0.0,8.0,0.0
https://www.miaphotobooth.net/packages,2026-03-22,0,9,0.0,8.777777777777779,0.0
https://www.miaphotobooth.net/packages,2026-03-23,0,4,0.0,8.5,0.0
https://www.miaphotobooth.net/packages,2026-03-24,0,5,0.0,28.0,0.0
https://www.miaphotobooth.net/packages,2026-03-25,0,1,0.0,10.0,0.0
https://www.miaphotobooth.net/packages,2026-03-26,0,11,0.0,8.636363636363637,0.0
https://www.miaphotobooth.net/packages,2026-03-27,0,10,0.0,8.5,0.0
https://www.miaphotobooth.net/packages,2026-03-28,0,27,0.0,9.25925925925926,0.0
https://www.miaphotobooth.net/packages,2026-03-29,0,11,0.0,8.0,0.0
https://www.miaphotobooth.net/packages,2026-03-30,0,25,0.0,9.6,0.0
https://www.miaphotobooth.net/packages,2026-03-31,0,15,0.0,7.866666666666666,0.0
https://www.miaphotobooth.net/packages,2026-04-01,0,9,0.0,9.555555555555555,0.0
https://www.miaphotobooth.net/packages,2026-04-02,0,12,0.0,9.416666666666666,0.0
https://www.miaphotobooth.net/packages,2026-04-03,0,9,0.0,10.222222222222221,0.0
https://www.miaphotobooth.net/packages,2026-04-04,0,10,0.0,17.0,0.0
https://www.miaphotobooth.net/packages,2026-04-05,0,9,0.0,8.444444444444445,0.0
https://www.miaphotobooth.net/packages,2026-04-06,0,6,0.0,7.0,0.0
https://www.miaphotobooth.net/packages,2026-04-07,0,8,0.0,8.625,0.0
https://www.miaphotobooth.net/packages,2026-04-08,0,6,0.0,10.333333333333334,0.0
https://www.miaphotobooth.net/packages,2026-04-09,0,10,0.0,8.3,0.0
https://www.miaphotobooth.net/packages,2026-04-10,0,7,0.0,4.285714285714286,0.0
https://www.miaphotobooth.net/packages,2026-04-11,0,10,0.0,9.6,0.0
https://www.miaphotobooth.net/packages,2026-04-12,0,9,0.0,7.888888888888889,0.0
https://www.miaphotobooth.net/packages,2026-04-13,0,13,0.0,8.0,0.0
https://www.miaphotobooth.net/packages,2026-04-14,0,4,0.0,7.75,0.0
https://www.miaphotobooth.net/packages,2026-04-15,0,9,0.0,8.88888888888889,0.0
https://www.miaphotobooth.net/packages,2026-04-16,0,3,0.0,6.333333333333333,0.0
https://www.miaphotobooth.net/packages,2026-04-17,0,5,0.0,9.4,0.0
https://www.miaphotobooth.net/packages,2026-04-18,0,3,0.0,9.666666666666666,0.0
https://www.miaphotobooth.net/packages,2026-04-19,0,5,0.0,9.2,0.0
https://www.miaphotobooth.net/packages,2026-04-20,0,7,0.0,9.142857142857142,0.0
https://www.miaphotobooth.net/packages,2026-04-21,0,4,0.0,5.75,0.0
https://www.miaphotobooth.net/packages,2026-04-22,0,6,0.0,6.666666666666667,0.0
https://www.miaphotobooth.net/packages,2026-04-23,0,2,0.0,6.5,0.0
https://www.miaphotobooth.net/packages,2026-04-24,0,3,0.0,7.333333333333333,0.0
https://www.miaphotobooth.net/packages,2026-04-25,0,2,0.0,10.0,0.0
https://www.miaphotobooth.net/packages,2026-04-26,0,3,0.0,7.0,0.0
https://www.miaphotobooth.net/packages,2026-04-27,0,5,0.0,8.6,0.0
https://www.miaphotobooth.net/packages,2026-04-28,0,6,0.0,11.333333333333334,0.0
https://www.miaphotobooth.net/packages,2026-04-29,0,5,0.0,7.0,0.0
https://www.miaphotobooth.net/packages,2026-04-30,0,3,0.0,9.0,0.0
https://www.miaphotobooth.net/packages,2026-05-01,0,2,0.0,10.0,0.0
https://www.miaphotobooth.net/packages,2026-05-02,0,13,0.0,4.076923076923077,0.0
https://www.miaphotobooth.net/packages,2026-05-03,0,4,0.0,10.25,0.0
https://www.miaphotobooth.net/packages,2026-05-04,0,5,0.0,6.2,0.0
https://www.miaphotobooth.net/packages,2026-05-05,0,15,0.0,8.4,0.0
https://www.miaphotobooth.net/packages,2026-05-07,0,4,0.0,4.5,0.0
https://www.miaphotobooth.net/packages,2026-05-08,0,4,0.0,7.5,0.0
https://www.miaphotobooth.net/packages,2026-05-09,0,9,0.0,8.555555555555555,0.0
https://www.miaphotobooth.net/packages,2026-05-10,0,2,0.0,7.5,0.0
https://www.miaphotobooth.net/packages,2026-05-11,0,5,0.0,6.8,0.0
https://www.miaphotobooth.net/packages,2026-05-12,0,8,0.0,6.375,0.0
https://www.miaphotobooth.net/packages,2026-05-13,0,7,0.0,6.285714285714286,0.0
https://www.miaphotobooth.net/packages,2026-05-14,0,5,0.0,12.8,0.0
https://www.miaphotobooth.net/packages,2026-05-15,0,4,0.0,5.0,0.0
https://www.miaphotobooth.net/packages,2026-05-16,0,4,0.0,8.75,0.0
https://www.miaphotobooth.net/packages,2026-05-17,0,4,0.0,8.75,0.0
https://www.miaphotobooth.net/packages,2026-05-18,0,7,0.0,9.0,0.0
https://www.miaphotobooth.net/packages,2026-05-19,0,1,0.0,10.0,0.0
https://www.miaphotobooth.net/packages,2026-05-20,0,6,0.0,7.333333333333333,0.0
https://www.miaphotobooth.net/packages,2026-05-21,0,1,0.0,9.0,0.0
https://www.miaphotobooth.net/packages,2026-05-22,0,3,0.0,8.0,0.0
https://www.miaphotobooth.net/packages,2026-05-23,0,2,0.0,58.0,0.0
https://www.miaphotobooth.net/packages,2026-05-24,0,2,0.0,51.5,0.0
https://www.miaphotobooth.net/packages,2026-05-25,0,2,0.0,9.5,0.0
https://www.miaphotobooth.net/packages,2026-05-26,0,1,0.0,8.0,0.0
https://www.miaphotobooth.net/packages,2026-05-27,0,6,0.0,32.83333333333333,0.0
https://www.miaphotobooth.net/packages,2026-05-28,0,5,0.0,18.0,0.0
https://www.miaphotobooth.net/packages,2026-05-29,0,1,0.0,9.0,0.0
https://www.miaphotobooth.net/packages,2026-05-30,0,1,0.0,10.0,0.0
https://www.miaphotobooth.net/popular-photo-booth-rental-in-wynwood-fl,2026-03-04,0,1,0.0,9.0,0.0
https://www.miaphotobooth.net/popular-photo-booth-rental-in-wynwood-fl,2026-03-05,0,4,0.0,8.5,0.0
https://www.miaphotobooth.net/popular-photo-booth-rental-in-wynwood-fl,2026-03-06,0,5,0.0,20.0,0.0
https://www.miaphotobooth.net/popular-photo-booth-rental-in-wynwood-fl,2026-03-07,0,9,0.0,13.88888888888889,0.0
https://www.miaphotobooth.net/popular-photo-booth-rental-in-wynwood-fl,2026-03-08,0,2,0.0,4.5,0.0
https://www.miaphotobooth.net/popular-photo-booth-rental-in-wynwood-fl,2026-03-09,0,8,0.0,12.625,0.0
https://www.miaphotobooth.net/popular-photo-booth-rental-in-wynwood-fl,2026-03-10,0,10,0.0,8.4,0.0
https://www.miaphotobooth.net/popular-photo-booth-rental-in-wynwood-fl,2026-03-11,0,1,0.0,7.0,0.0
https://www.miaphotobooth.net/popular-photo-booth-rental-in-wynwood-fl,2026-03-13,0,1,0.0,10.0,0.0
https://www.miaphotobooth.net/popular-photo-booth-rental-in-wynwood-fl,2026-03-14,0,5,0.0,9.4,0.0
https://www.miaphotobooth.net/popular-photo-booth-rental-in-wynwood-fl,2026-03-15,0,8,0.0,8.5,0.0
https://www.miaphotobooth.net/popular-photo-booth-rental-in-wynwood-fl,2026-03-16,0,3,0.0,9.666666666666666,0.0
https://www.miaphotobooth.net/popular-photo-booth-rental-in-wynwood-fl,2026-03-17,0,13,0.0,17.384615384615383,0.0
https://www.miaphotobooth.net/popular-photo-booth-rental-in-wynwood-fl,2026-03-18,0,7,0.0,10.428571428571429,0.0
https://www.miaphotobooth.net/popular-photo-booth-rental-in-wynwood-fl,2026-03-19,0,10,0.0,6.4,0.0
https://www.miaphotobooth.net/popular-photo-booth-rental-in-wynwood-fl,2026-03-20,0,4,0.0,29.0,0.0
https://www.miaphotobooth.net/popular-photo-booth-rental-in-wynwood-fl,2026-03-21,0,3,0.0,11.333333333333334,0.0
https://www.miaphotobooth.net/popular-photo-booth-rental-in-wynwood-fl,2026-03-22,0,4,0.0,8.5,0.0
https://www.miaphotobooth.net/popular-photo-booth-rental-in-wynwood-fl,2026-03-23,0,5,0.0,8.2,0.0
https://www.miaphotobooth.net/popular-photo-booth-rental-in-wynwood-fl,2026-03-24,0,7,0.0,8.857142857142858,0.0
https://www.miaphotobooth.net/popular-photo-booth-rental-in-wynwood-fl,2026-03-25,0,3,0.0,11.0,0.0
https://www.miaphotobooth.net/popular-photo-booth-rental-in-wynwood-fl,2026-03-26,0,2,0.0,6.0,0.0
https://www.miaphotobooth.net/popular-photo-booth-rental-in-wynwood-fl,2026-03-27,0,1,0.0,11.0,0.0
https://www.miaphotobooth.net/popular-photo-booth-rental-in-wynwood-fl,2026-03-28,0,1,0.0,8.0,0.0
https://www.miaphotobooth.net/popular-photo-booth-rental-in-wynwood-fl,2026-03-29,0,4,0.0,9.5,0.0
https://www.miaphotobooth.net/popular-photo-booth-rental-in-wynwood-fl,2026-03-30,0,2,0.0,10.5,0.0
https://www.miaphotobooth.net/popular-photo-booth-rental-in-wynwood-fl,2026-03-31,0,1,0.0,11.0,0.0
https://www.miaphotobooth.net/popular-photo-booth-rental-in-wynwood-fl,2026-04-01,0,4,0.0,8.75,0.0
https://www.miaphotobooth.net/popular-photo-booth-rental-in-wynwood-fl,2026-04-02,0,4,0.0,10.5,0.0
https://www.miaphotobooth.net/popular-photo-booth-rental-in-wynwood-fl,2026-04-03,0,1,0.0,11.0,0.0
https://www.miaphotobooth.net/popular-photo-booth-rental-in-wynwood-fl,2026-04-04,0,4,0.0,42.5,0.0
https://www.miaphotobooth.net/popular-photo-booth-rental-in-wynwood-fl,2026-04-05,0,1,0.0,9.0,0.0
https://www.miaphotobooth.net/popular-photo-booth-rental-in-wynwood-fl,2026-04-06,0,2,0.0,10.0,0.0
https://www.miaphotobooth.net/popular-photo-booth-rental-in-wynwood-fl,2026-04-07,0,5,0.0,6.2,0.0
https://www.miaphotobooth.net/popular-photo-booth-rental-in-wynwood-fl,2026-04-08,0,4,0.0,9.25,0.0
https://www.miaphotobooth.net/popular-photo-booth-rental-in-wynwood-fl,2026-04-10,0,3,0.0,9.0,0.0
https://www.miaphotobooth.net/popular-photo-booth-rental-in-wynwood-fl,2026-04-11,0,1,0.0,5.0,0.0
https://www.miaphotobooth.net/popular-photo-booth-rental-in-wynwood-fl,2026-04-12,0,2,0.0,9.5,0.0
https://www.miaphotobooth.net/popular-photo-booth-rental-in-wynwood-fl,2026-04-14,0,2,0.0,7.0,0.0
https://www.miaphotobooth.net/popular-photo-booth-rental-in-wynwood-fl,2026-04-15,0,6,0.0,5.166666666666667,0.0
https://www.miaphotobooth.net/popular-photo-booth-rental-in-wynwood-fl,2026-04-17,0,1,0.0,10.0,0.0
https://www.miaphotobooth.net/popular-photo-booth-rental-in-wynwood-fl,2026-04-20,0,2,0.0,8.5,0.0
https://www.miaphotobooth.net/popular-photo-booth-rental-in-wynwood-fl,2026-04-24,0,5,0.0,6.4,0.0
https://www.miaphotobooth.net/popular-photo-booth-rental-in-wynwood-fl,2026-04-25,0,2,0.0,10.0,0.0
https://www.miaphotobooth.net/popular-photo-booth-rental-in-wynwood-fl,2026-04-27,0,1,0.0,11.0,0.0
https://www.miaphotobooth.net/popular-photo-booth-rental-in-wynwood-fl,2026-04-28,0,1,0.0,8.0,0.0
https://www.miaphotobooth.net/popular-photo-booth-rental-in-wynwood-fl,2026-04-29,0,2,0.0,9.5,0.0
https://www.miaphotobooth.net/popular-photo-booth-rental-in-wynwood-fl,2026-04-30,0,2,0.0,5.5,0.0
https://www.miaphotobooth.net/popular-photo-booth-rental-in-wynwood-fl,2026-05-02,0,6,0.0,9.666666666666666,0.0
https://www.miaphotobooth.net/popular-photo-booth-rental-in-wynwood-fl,2026-05-03,0,2,0.0,7.0,0.0
https://www.miaphotobooth.net/popular-photo-booth-rental-in-wynwood-fl,2026-05-04,0,3,0.0,29.0,0.0
https://www.miaphotobooth.net/popular-photo-booth-rental-in-wynwood-fl,2026-05-06,0,1,0.0,96.0,0.0
https://www.miaphotobooth.net/popular-photo-booth-rental-in-wynwood-fl,2026-05-07,0,4,0.0,9.0,0.0
https://www.miaphotobooth.net/popular-photo-booth-rental-in-wynwood-fl,2026-05-08,0,3,0.0,8.333333333333332,0.0
https://www.miaphotobooth.net/popular-photo-booth-rental-in-wynwood-fl,2026-05-09,0,6,0.0,6.666666666666667,0.0
https://www.miaphotobooth.net/popular-photo-booth-rental-in-wynwood-fl,2026-05-10,0,1,0.0,12.0,0.0
https://www.miaphotobooth.net/popular-photo-booth-rental-in-wynwood-fl,2026-05-11,0,4,0.0,9.5,0.0
https://www.miaphotobooth.net/popular-photo-booth-rental-in-wynwood-fl,2026-05-12,0,3,0.0,9.333333333333334,0.0
https://www.miaphotobooth.net/popular-photo-booth-rental-in-wynwood-fl,2026-05-13,0,2,0.0,51.0,0.0
https://www.miaphotobooth.net/popular-photo-booth-rental-in-wynwood-fl,2026-05-14,0,1,0.0,9.0,0.0
https://www.miaphotobooth.net/popular-photo-booth-rental-in-wynwood-fl,2026-05-15,0,2,0.0,51.5,0.0
https://www.miaphotobooth.net/popular-photo-booth-rental-in-wynwood-fl,2026-05-16,0,2,0.0,11.5,0.0
https://www.miaphotobooth.net/popular-photo-booth-rental-in-wynwood-fl,2026-05-17,0,1,0.0,67.0,0.0
https://www.miaphotobooth.net/popular-photo-booth-rental-in-wynwood-fl,2026-05-26,0,1,0.0,12.0,0.0
https://www.miaphotobooth.net/popular-photo-booth-rental-in-wynwood-fl,2026-05-30,0,2,0.0,32.0,0.0
https://www.miaphotobooth.net/post/360-event-photo-booth-miami,2026-05-23,0,1,0.0,33.0,0.0
https://www.miaphotobooth.net/post/360-event-photo-booth-miami,2026-05-24,0,1,0.0,37.0,0.0
https://www.miaphotobooth.net/post/360-photo-booth,2026-04-07,0,1,0.0,7.0,0.0
https://www.miaphotobooth.net/post/360-photo-booth,2026-04-16,0,2,0.0,9.0,0.0
https://www.miaphotobooth.net/post/360-photo-booth,2026-04-18,0,3,0.0,6.666666666666667,0.0
https://www.miaphotobooth.net/post/360-photo-booth,2026-05-02,0,1,0.0,1.0,0.0
https://www.miaphotobooth.net/post/360-photo-booth-rental-miami,2026-03-04,0,1,0.0,92.0,0.0
https://www.miaphotobooth.net/post/360-photo-booth-rental-miami,2026-03-09,0,1,0.0,75.0,0.0
https://www.miaphotobooth.net/post/360-photo-booth-rental-miami,2026-03-10,0,2,0.0,59.0,0.0
https://www.miaphotobooth.net/post/360-photo-booth-rental-miami,2026-03-11,0,2,0.0,69.5,0.0
https://www.miaphotobooth.net/post/360-photo-booth-rental-miami,2026-03-16,0,1,0.0,72.0,0.0
https://www.miaphotobooth.net/post/360-photo-booth-rental-miami,2026-03-17,0,2,0.0,82.5,0.0
https://www.miaphotobooth.net/post/audio-guestbook-experience-miami,2026-03-05,0,2,0.0,4.0,0.0
https://www.miaphotobooth.net/post/audio-guestbook-experience-miami,2026-03-06,0,1,0.0,6.0,0.0
https://www.miaphotobooth.net/post/audio-guestbook-experience-miami,2026-03-07,0,3,0.0,5.0,0.0
https://www.miaphotobooth.net/post/audio-guestbook-experience-miami,2026-03-09,0,3,0.0,7.333333333333333,0.0
https://www.miaphotobooth.net/post/audio-guestbook-experience-miami,2026-03-11,0,3,0.0,7.666666666666667,0.0
https://www.miaphotobooth.net/post/audio-guestbook-experience-miami,2026-03-13,0,3,0.0,19.333333333333332,0.0
https://www.miaphotobooth.net/post/audio-guestbook-experience-miami,2026-03-14,0,1,0.0,4.0,0.0
https://www.miaphotobooth.net/post/audio-guestbook-experience-miami,2026-03-15,0,4,0.0,8.75,0.0
https://www.miaphotobooth.net/post/audio-guestbook-experience-miami,2026-03-16,0,3,0.0,3.0,0.0
https://www.miaphotobooth.net/post/audio-guestbook-experience-miami,2026-03-20,0,4,0.0,18.0,0.0
https://www.miaphotobooth.net/post/audio-guestbook-experience-miami,2026-03-22,0,2,0.0,25.0,0.0
https://www.miaphotobooth.net/post/audio-guestbook-experience-miami,2026-03-23,0,3,0.0,9.0,0.0
https://www.miaphotobooth.net/post/audio-guestbook-experience-miami,2026-03-24,0,2,0.0,4.5,0.0
https://www.miaphotobooth.net/post/audio-guestbook-experience-miami,2026-03-25,0,4,0.0,8.0,0.0
https://www.miaphotobooth.net/post/audio-guestbook-experience-miami,2026-03-26,0,2,0.0,37.0,0.0
https://www.miaphotobooth.net/post/audio-guestbook-experience-miami,2026-03-27,0,6,0.0,14.666666666666666,0.0
https://www.miaphotobooth.net/post/audio-guestbook-experience-miami,2026-04-01,0,2,0.0,5.0,0.0
https://www.miaphotobooth.net/post/audio-guestbook-experience-miami,2026-04-03,0,1,0.0,5.0,0.0
https://www.miaphotobooth.net/post/audio-guestbook-experience-miami,2026-04-04,0,2,0.0,4.5,0.0
https://www.miaphotobooth.net/post/audio-guestbook-experience-miami,2026-04-05,0,1,0.0,5.0,0.0
https://www.miaphotobooth.net/post/audio-guestbook-experience-miami,2026-04-06,0,3,0.0,23.0,0.0
https://www.miaphotobooth.net/post/audio-guestbook-experience-miami,2026-04-07,0,4,0.0,3.25,0.0
https://www.miaphotobooth.net/post/audio-guestbook-experience-miami,2026-04-08,0,1,0.0,3.0,0.0
https://www.miaphotobooth.net/post/audio-guestbook-experience-miami,2026-04-10,0,3,0.0,17.0,0.0
https://www.miaphotobooth.net/post/audio-guestbook-experience-miami,2026-04-12,0,2,0.0,4.5,0.0
https://www.miaphotobooth.net/post/audio-guestbook-experience-miami,2026-04-13,0,3,0.0,9.0,0.0
https://www.miaphotobooth.net/post/audio-guestbook-experience-miami,2026-04-14,0,5,0.0,6.0,0.0
https://www.miaphotobooth.net/post/audio-guestbook-experience-miami,2026-04-15,0,4,0.0,4.75,0.0
https://www.miaphotobooth.net/post/audio-guestbook-experience-miami,2026-04-16,0,3,0.0,6.0,0.0
https://www.miaphotobooth.net/post/audio-guestbook-experience-miami,2026-04-17,0,5,0.0,12.2,0.0
https://www.miaphotobooth.net/post/audio-guestbook-experience-miami,2026-04-18,0,3,0.0,7.333333333333333,0.0
https://www.miaphotobooth.net/post/audio-guestbook-experience-miami,2026-04-19,0,1,0.0,5.0,0.0
https://www.miaphotobooth.net/post/audio-guestbook-experience-miami,2026-04-20,0,2,0.0,7.5,0.0
https://www.miaphotobooth.net/post/audio-guestbook-experience-miami,2026-04-23,0,1,0.0,2.0,0.0
https://www.miaphotobooth.net/post/audio-guestbook-experience-miami,2026-04-24,0,2,0.0,38.0,0.0
https://www.miaphotobooth.net/post/audio-guestbook-experience-miami,2026-04-26,0,3,0.0,8.666666666666668,0.0
https://www.miaphotobooth.net/post/audio-guestbook-experience-miami,2026-04-27,0,4,0.0,6.5,0.0
https://www.miaphotobooth.net/post/audio-guestbook-experience-miami,2026-04-28,0,3,0.0,6.666666666666667,0.0
https://www.miaphotobooth.net/post/audio-guestbook-experience-miami,2026-05-01,0,2,0.0,18.0,0.0
https://www.miaphotobooth.net/post/audio-guestbook-experience-miami,2026-05-02,0,3,0.0,6.666666666666667,0.0
https://www.miaphotobooth.net/post/audio-guestbook-experience-miami,2026-05-03,0,3,0.0,6.666666666666667,0.0
https://www.miaphotobooth.net/post/audio-guestbook-experience-miami,2026-05-05,0,3,0.0,6.666666666666667,0.0
https://www.miaphotobooth.net/post/audio-guestbook-experience-miami,2026-05-06,0,1,0.0,6.0,0.0
https://www.miaphotobooth.net/post/audio-guestbook-experience-miami,2026-05-07,0,4,0.0,7.0,0.0
https://www.miaphotobooth.net/post/audio-guestbook-experience-miami,2026-05-08,0,4,0.0,14.0,0.0
https://www.miaphotobooth.net/post/audio-guestbook-experience-miami,2026-05-09,0,2,0.0,8.5,0.0
https://www.miaphotobooth.net/post/audio-guestbook-experience-miami,2026-05-11,0,2,0.0,22.0,0.0
https://www.miaphotobooth.net/post/audio-guestbook-experience-miami,2026-05-13,0,1,0.0,10.0,0.0
https://www.miaphotobooth.net/post/audio-guestbook-experience-miami,2026-05-15,0,1,0.0,4.0,0.0
https://www.miaphotobooth.net/post/audio-guestbook-experience-miami,2026-05-16,0,3,0.0,10.0,0.0
https://www.miaphotobooth.net/post/audio-guestbook-experience-miami,2026-05-17,0,3,0.0,29.0,0.0
https://www.miaphotobooth.net/post/audio-guestbook-experience-miami,2026-05-19,0,4,0.0,9.75,0.0
https://www.miaphotobooth.net/post/audio-guestbook-experience-miami,2026-05-20,0,1,0.0,13.0,0.0
https://www.miaphotobooth.net/post/audio-guestbook-experience-miami,2026-05-23,0,3,0.0,5.333333333333333,0.0
https://www.miaphotobooth.net/post/audio-guestbook-experience-miami,2026-05-24,0,4,0.0,12.5,0.0
https://www.miaphotobooth.net/post/audio-guestbook-experience-miami,2026-05-25,0,1,0.0,10.0,0.0
https://www.miaphotobooth.net/post/audio-guestbook-experience-miami,2026-05-26,0,3,0.0,6.0,0.0
https://www.miaphotobooth.net/post/audio-guestbook-experience-miami,2026-05-27,0,3,0.0,9.666666666666666,0.0
https://www.miaphotobooth.net/post/audio-guestbook-experience-miami,2026-05-29,0,5,0.0,17.6,0.0
https://www.miaphotobooth.net/post/audio-guestbook-experience-miami,2026-05-30,0,1,0.0,4.0,0.0
https://www.miaphotobooth.net/post/best-photo-booth-rental-packages-for-corporate-events-in-miami,2026-03-05,0,2,0.0,7.5,0.0
https://www.miaphotobooth.net/post/best-photo-booth-rental-packages-for-corporate-events-in-miami,2026-03-08,0,4,0.0,31.5,0.0
https://www.miaphotobooth.net/post/best-photo-booth-rental-packages-for-corporate-events-in-miami,2026-03-09,0,1,0.0,8.0,0.0
https://www.miaphotobooth.net/post/best-photo-booth-rental-packages-for-corporate-events-in-miami,2026-03-10,0,8,0.0,7.25,0.0
https://www.miaphotobooth.net/post/best-photo-booth-rental-packages-for-corporate-events-in-miami,2026-03-12,0,1,0.0,2.0,0.0
https://www.miaphotobooth.net/post/best-photo-booth-rental-packages-for-corporate-events-in-miami,2026-03-13,0,1,0.0,10.0,0.0
https://www.miaphotobooth.net/post/best-photo-booth-rental-packages-for-corporate-events-in-miami,2026-03-14,0,1,0.0,2.0,0.0
https://www.miaphotobooth.net/post/best-photo-booth-rental-packages-for-corporate-events-in-miami,2026-03-16,0,1,0.0,8.0,0.0
https://www.miaphotobooth.net/post/best-photo-booth-rental-packages-for-corporate-events-in-miami,2026-03-17,0,3,0.0,7.666666666666667,0.0
https://www.miaphotobooth.net/post/best-photo-booth-rental-packages-for-corporate-events-in-miami,2026-03-19,0,2,0.0,4.5,0.0
https://www.miaphotobooth.net/post/best-photo-booth-rental-packages-for-corporate-events-in-miami,2026-03-22,0,1,0.0,26.0,0.0
https://www.miaphotobooth.net/post/best-photo-booth-rental-packages-for-corporate-events-in-miami,2026-03-23,0,2,0.0,38.0,0.0
https://www.miaphotobooth.net/post/best-photo-booth-rental-packages-for-corporate-events-in-miami,2026-03-28,0,2,0.0,16.0,0.0
https://www.miaphotobooth.net/post/best-photo-booth-rental-packages-for-corporate-events-in-miami,2026-03-31,0,1,0.0,12.0,0.0
https://www.miaphotobooth.net/post/best-photo-booth-rental-packages-for-corporate-events-in-miami,2026-04-01,0,3,0.0,10.333333333333334,0.0
https://www.miaphotobooth.net/post/best-photo-booth-rental-packages-for-corporate-events-in-miami,2026-04-02,0,1,0.0,5.0,0.0
https://www.miaphotobooth.net/post/best-photo-booth-rental-packages-for-corporate-events-in-miami,2026-04-03,0,1,0.0,12.0,0.0
https://www.miaphotobooth.net/post/best-photo-booth-rental-packages-for-corporate-events-in-miami,2026-04-06,0,1,0.0,10.0,0.0
https://www.miaphotobooth.net/post/best-photo-booth-rental-packages-for-corporate-events-in-miami,2026-04-07,0,1,0.0,6.0,0.0
https://www.miaphotobooth.net/post/best-photo-booth-rental-packages-for-corporate-events-in-miami,2026-04-08,0,8,0.0,6.5,0.0
https://www.miaphotobooth.net/post/best-photo-booth-rental-packages-for-corporate-events-in-miami,2026-04-11,0,2,0.0,7.0,0.0
https://www.miaphotobooth.net/post/best-photo-booth-rental-packages-for-corporate-events-in-miami,2026-04-13,0,6,0.0,22.666666666666668,0.0
https://www.miaphotobooth.net/post/best-photo-booth-rental-packages-for-corporate-events-in-miami,2026-04-14,0,1,0.0,10.0,0.0
https://www.miaphotobooth.net/post/best-photo-booth-rental-packages-for-corporate-events-in-miami,2026-04-15,0,1,0.0,9.0,0.0
https://www.miaphotobooth.net/post/best-photo-booth-rental-packages-for-corporate-events-in-miami,2026-04-16,0,2,0.0,36.5,0.0
https://www.miaphotobooth.net/post/best-photo-booth-rental-packages-for-corporate-events-in-miami,2026-04-20,0,3,0.0,7.333333333333333,0.0
https://www.miaphotobooth.net/post/best-photo-booth-rental-packages-for-corporate-events-in-miami,2026-04-21,0,1,0.0,5.0,0.0
https://www.miaphotobooth.net/post/best-photo-booth-rental-packages-for-corporate-events-in-miami,2026-04-22,0,1,0.0,4.0,0.0
https://www.miaphotobooth.net/post/best-photo-booth-rental-packages-for-corporate-events-in-miami,2026-04-24,0,1,0.0,11.0,0.0
https://www.miaphotobooth.net/post/best-photo-booth-rental-packages-for-corporate-events-in-miami,2026-04-25,0,1,0.0,4.0,0.0
https://www.miaphotobooth.net/post/best-photo-booth-rental-packages-for-corporate-events-in-miami,2026-04-28,0,32,0.0,10.375,0.0
https://www.miaphotobooth.net/post/best-photo-booth-rental-packages-for-corporate-events-in-miami,2026-04-29,0,19,0.0,9.736842105263158,0.0
https://www.miaphotobooth.net/post/best-photo-booth-rental-packages-for-corporate-events-in-miami,2026-04-30,0,71,0.0,9.52112676056338,0.0
https://www.miaphotobooth.net/post/best-photo-booth-rental-packages-for-corporate-events-in-miami,2026-05-01,0,60,0.0,9.133333333333333,0.0
https://www.miaphotobooth.net/post/best-photo-booth-rental-packages-for-corporate-events-in-miami,2026-05-02,0,41,0.0,9.292682926829269,0.0
https://www.miaphotobooth.net/post/best-photo-booth-rental-packages-for-corporate-events-in-miami,2026-05-03,0,49,0.0,11.204081632653061,0.0
https://www.miaphotobooth.net/post/best-photo-booth-rental-packages-for-corporate-events-in-miami,2026-05-04,0,17,0.0,14.588235294117647,0.0
https://www.miaphotobooth.net/post/best-photo-booth-rental-packages-for-corporate-events-in-miami,2026-05-05,0,16,0.0,9.9375,0.0
https://www.miaphotobooth.net/post/best-photo-booth-rental-packages-for-corporate-events-in-miami,2026-05-06,0,9,0.0,8.444444444444445,0.0
https://www.miaphotobooth.net/post/best-photo-booth-rental-packages-for-corporate-events-in-miami,2026-05-07,0,18,0.0,9.61111111111111,0.0
https://www.miaphotobooth.net/post/best-photo-booth-rental-packages-for-corporate-events-in-miami,2026-05-08,0,38,0.0,10.026315789473685,0.0
https://www.miaphotobooth.net/post/best-photo-booth-rental-packages-for-corporate-events-in-miami,2026-05-09,0,18,0.0,9.61111111111111,0.0
https://www.miaphotobooth.net/post/best-photo-booth-rental-packages-for-corporate-events-in-miami,2026-05-10,0,3,0.0,8.333333333333332,0.0
https://www.miaphotobooth.net/post/best-photo-booth-rental-packages-for-corporate-events-in-miami,2026-05-11,0,7,0.0,21.428571428571427,0.0
https://www.miaphotobooth.net/post/best-photo-booth-rental-packages-for-corporate-events-in-miami,2026-05-12,0,7,0.0,9.857142857142858,0.0
https://www.miaphotobooth.net/post/best-photo-booth-rental-packages-for-corporate-events-in-miami,2026-05-13,0,32,0.0,9.78125,0.0
https://www.miaphotobooth.net/post/best-photo-booth-rental-packages-for-corporate-events-in-miami,2026-05-14,0,32,0.0,10.59375,0.0
https://www.miaphotobooth.net/post/best-photo-booth-rental-packages-for-corporate-events-in-miami,2026-05-15,0,3,0.0,7.0,0.0
https://www.miaphotobooth.net/post/best-photo-booth-rental-packages-for-corporate-events-in-miami,2026-05-16,0,2,0.0,48.0,0.0
https://www.miaphotobooth.net/post/best-photo-booth-rental-packages-for-corporate-events-in-miami,2026-05-17,0,3,0.0,9.0,0.0
https://www.miaphotobooth.net/post/best-photo-booth-rental-packages-for-corporate-events-in-miami,2026-05-18,0,2,0.0,7.5,0.0
https://www.miaphotobooth.net/post/best-photo-booth-rental-packages-for-corporate-events-in-miami,2026-05-20,0,1,0.0,10.0,0.0
https://www.miaphotobooth.net/post/best-photo-booth-rental-packages-for-corporate-events-in-miami,2026-05-21,0,1,0.0,19.0,0.0
https://www.miaphotobooth.net/post/best-photo-booth-rental-packages-for-corporate-events-in-miami,2026-05-22,0,2,0.0,5.5,0.0
https://www.miaphotobooth.net/post/best-photo-booth-rental-packages-for-corporate-events-in-miami,2026-05-23,0,2,0.0,10.0,0.0
https://www.miaphotobooth.net/post/best-photo-booth-rental-packages-for-corporate-events-in-miami,2026-05-24,0,2,0.0,10.0,0.0
https://www.miaphotobooth.net/post/best-photo-booth-rental-packages-for-corporate-events-in-miami,2026-05-25,0,1,0.0,9.0,0.0
https://www.miaphotobooth.net/post/best-photo-booth-rental-packages-for-corporate-events-in-miami,2026-05-27,0,1,0.0,30.0,0.0
https://www.miaphotobooth.net/post/best-photo-booth-rental-packages-for-corporate-events-in-miami,2026-05-28,0,2,0.0,12.0,0.0
https://www.miaphotobooth.net/post/best-photo-booth-rental-packages-for-corporate-events-in-miami,2026-05-29,0,2,0.0,11.5,0.0
https://www.miaphotobooth.net/post/best-photo-booth-rental-packages-for-corporate-events-in-miami,2026-05-30,0,2,0.0,8.5,0.0
https://www.miaphotobooth.net/post/bridal-shower-photo-booth-companies,2026-05-07,0,2,0.0,18.5,0.0
https://www.miaphotobooth.net/post/bridal-shower-photo-booth-companies,2026-05-08,0,5,0.0,18.2,0.0
https://www.miaphotobooth.net/post/bridal-shower-photo-booth-companies,2026-05-09,0,2,0.0,13.5,0.0
https://www.miaphotobooth.net/post/bridal-shower-photo-booth-companies,2026-05-10,0,6,0.0,43.666666666666664,0.0
https://www.miaphotobooth.net/post/bridal-shower-photo-booth-companies,2026-05-11,0,6,0.0,18.5,0.0
https://www.miaphotobooth.net/post/bridal-shower-photo-booth-companies,2026-05-12,0,2,0.0,14.5,0.0
https://www.miaphotobooth.net/post/bridal-shower-photo-booth-companies,2026-05-13,0,4,0.0,3.0,0.0
https://www.miaphotobooth.net/post/bridal-shower-photo-booth-companies,2026-05-14,0,3,0.0,19.666666666666668,0.0
https://www.miaphotobooth.net/post/bridal-shower-photo-booth-companies,2026-05-15,0,3,0.0,11.333333333333334,0.0
https://www.miaphotobooth.net/post/bridal-shower-photo-booth-companies,2026-05-16,0,1,0.0,22.0,0.0
https://www.miaphotobooth.net/post/bridal-shower-photo-booth-companies,2026-05-17,0,2,0.0,11.0,0.0
https://www.miaphotobooth.net/post/bridal-shower-photo-booth-companies,2026-05-18,0,1,0.0,17.0,0.0
https://www.miaphotobooth.net/post/bridal-shower-photo-booth-companies,2026-05-19,0,1,0.0,12.0,0.0
https://www.miaphotobooth.net/post/bridal-shower-photo-booth-companies,2026-05-20,0,8,0.0,9.375,0.0
https://www.miaphotobooth.net/post/bridal-shower-photo-booth-companies,2026-05-24,0,1,0.0,58.0,0.0
https://www.miaphotobooth.net/post/custom-instagram-photo-booth-frame,2026-03-10,0,2,0.0,6.5,0.0
https://www.miaphotobooth.net/post/custom-instagram-photo-booth-frame,2026-03-17,0,1,0.0,12.0,0.0
https://www.miaphotobooth.net/post/diy-photo-booth-setup-for-home-parties,2026-04-05,0,1,0.0,5.0,0.0
https://www.miaphotobooth.net/post/diy-photo-booth-setup-for-home-parties,2026-04-08,0,1,0.0,2.0,0.0
https://www.miaphotobooth.net/post/diy-photo-booth-setup-for-home-parties,2026-04-10,0,1,0.0,6.0,0.0
https://www.miaphotobooth.net/post/diy-photo-booth-setup-for-home-parties,2026-04-21,0,1,0.0,6.0,0.0
https://www.miaphotobooth.net/post/diy-photo-booth-setup-for-home-parties,2026-04-28,0,1,0.0,4.0,0.0
https://www.miaphotobooth.net/post/diy-photo-booth-setup-for-home-parties,2026-04-29,0,1,0.0,6.0,0.0
https://www.miaphotobooth.net/post/diy-photo-booth-setup-for-home-parties,2026-05-08,0,1,0.0,10.0,0.0
https://www.miaphotobooth.net/post/diy-photo-booth-setup-for-home-parties,2026-05-12,0,1,0.0,11.0,0.0
https://www.miaphotobooth.net/post/diy-photo-booth-setup-for-home-parties,2026-05-15,0,1,0.0,3.0,0.0
https://www.miaphotobooth.net/post/diy-photo-booth-setup-for-home-parties,2026-05-16,0,1,0.0,10.0,0.0
https://www.miaphotobooth.net/post/diy-photo-booth-setup-for-home-parties,2026-05-18,0,1,0.0,11.0,0.0
https://www.miaphotobooth.net/post/diy-photo-booth-setup-for-home-parties,2026-05-30,0,1,0.0,6.0,0.0
https://www.miaphotobooth.net/post/glam-photo-booths-for-brides,2026-05-07,0,493,0.0,4.9026369168357,0.0
https://www.miaphotobooth.net/post/glam-photo-booths-for-brides,2026-05-08,0,757,0.0,5.498018494055482,0.0
https://www.miaphotobooth.net/post/glam-photo-booths-for-brides,2026-05-09,0,719,0.0,5.752433936022253,0.0
https://www.miaphotobooth.net/post/glam-photo-booths-for-brides,2026-05-10,0,641,0.0,5.648985959438377,0.0
https://www.miaphotobooth.net/post/glam-photo-booths-for-brides,2026-05-11,0,561,0.0,6.0142602495543676,0.0
https://www.miaphotobooth.net/post/glam-photo-booths-for-brides,2026-05-12,0,573,0.0,5.849912739965096,0.0
https://www.miaphotobooth.net/post/glam-photo-booths-for-brides,2026-05-13,0,258,0.0,7.213178294573644,0.0
https://www.miaphotobooth.net/post/glam-photo-booths-for-brides,2026-05-14,0,403,0.0,7.528535980148884,0.0
https://www.miaphotobooth.net/post/glam-photo-booths-for-brides,2026-05-15,0,290,0.0,5.982758620689655,0.0
https://www.miaphotobooth.net/post/glam-photo-booths-for-brides,2026-05-16,0,3,0.0,10.0,0.0
https://www.miaphotobooth.net/post/glam-photo-booths-for-brides,2026-05-17,0,9,0.0,9.666666666666666,0.0
https://www.miaphotobooth.net/post/glam-photo-booths-for-brides,2026-05-18,0,19,0.0,8.0,0.0
https://www.miaphotobooth.net/post/glam-photo-booths-for-brides,2026-05-19,0,18,0.0,8.38888888888889,0.0
https://www.miaphotobooth.net/post/glam-photo-booths-for-brides,2026-05-20,0,17,0.0,10.235294117647058,0.0
https://www.miaphotobooth.net/post/glam-photo-booths-for-brides,2026-05-21,0,15,0.0,10.533333333333333,0.0
https://www.miaphotobooth.net/post/glam-photo-booths-for-brides,2026-05-22,0,13,0.0,10.23076923076923,0.0
https://www.miaphotobooth.net/post/glam-photo-booths-for-brides,2026-05-23,0,13,0.0,9.923076923076923,0.0
https://www.miaphotobooth.net/post/glam-photo-booths-for-brides,2026-05-24,0,18,0.0,9.833333333333334,0.0
https://www.miaphotobooth.net/post/glam-photo-booths-for-brides,2026-05-25,0,23,0.0,20.956521739130434,0.0
https://www.miaphotobooth.net/post/glam-photo-booths-for-brides,2026-05-26,0,15,0.0,9.4,0.0
https://www.miaphotobooth.net/post/glam-photo-booths-for-brides,2026-05-27,0,19,0.0,14.210526315789474,0.0
https://www.miaphotobooth.net/post/glam-photo-booths-for-brides,2026-05-28,0,18,0.0,9.0,0.0
https://www.miaphotobooth.net/post/glam-photo-booths-for-brides,2026-05-29,0,12,0.0,8.166666666666668,0.0
https://www.miaphotobooth.net/post/glam-photo-booths-for-brides,2026-05-30,0,13,0.0,8.76923076923077,0.0
https://www.miaphotobooth.net/post/how-a-360-photo-booth-can-take-your-miami-event-to-the-next-level,2026-03-04,0,2,0.0,10.5,0.0
https://www.miaphotobooth.net/post/how-a-360-photo-booth-can-take-your-miami-event-to-the-next-level,2026-03-05,0,5,0.0,20.8,0.0
https://www.miaphotobooth.net/post/how-a-360-photo-booth-can-take-your-miami-event-to-the-next-level,2026-03-06,0,10,0.0,9.6,0.0
https://www.miaphotobooth.net/post/how-a-360-photo-booth-can-take-your-miami-event-to-the-next-level,2026-03-08,0,1,0.0,6.0,0.0
https://www.miaphotobooth.net/post/how-a-360-photo-booth-can-take-your-miami-event-to-the-next-level,2026-03-09,0,8,0.0,30.25,0.0
https://www.miaphotobooth.net/post/how-a-360-photo-booth-can-take-your-miami-event-to-the-next-level,2026-03-10,0,7,0.0,22.714285714285715,0.0
https://www.miaphotobooth.net/post/how-a-360-photo-booth-can-take-your-miami-event-to-the-next-level,2026-03-11,0,4,0.0,42.5,0.0
https://www.miaphotobooth.net/post/how-a-360-photo-booth-can-take-your-miami-event-to-the-next-level,2026-03-12,0,1,0.0,36.0,0.0
https://www.miaphotobooth.net/post/how-a-360-photo-booth-can-take-your-miami-event-to-the-next-level,2026-03-13,0,4,0.0,29.0,0.0
https://www.miaphotobooth.net/post/how-a-360-photo-booth-can-take-your-miami-event-to-the-next-level,2026-03-15,0,1,0.0,32.0,0.0
https://www.miaphotobooth.net/post/how-a-360-photo-booth-can-take-your-miami-event-to-the-next-level,2026-03-16,0,4,0.0,37.5,0.0
https://www.miaphotobooth.net/post/how-a-360-photo-booth-can-take-your-miami-event-to-the-next-level,2026-03-17,0,3,0.0,24.666666666666668,0.0
https://www.miaphotobooth.net/post/how-a-360-photo-booth-can-take-your-miami-event-to-the-next-level,2026-03-18,0,3,0.0,1.3333333333333333,0.0
https://www.miaphotobooth.net/post/how-a-360-photo-booth-can-take-your-miami-event-to-the-next-level,2026-03-19,0,1,0.0,5.0,0.0
https://www.miaphotobooth.net/post/how-a-360-photo-booth-can-take-your-miami-event-to-the-next-level,2026-04-10,0,1,0.0,6.0,0.0
https://www.miaphotobooth.net/post/how-a-360-photo-booth-can-take-your-miami-event-to-the-next-level,2026-04-20,0,1,0.0,6.0,0.0
https://www.miaphotobooth.net/post/how-a-360-photo-booth-can-take-your-miami-event-to-the-next-level,2026-04-25,0,1,0.0,7.0,0.0
https://www.miaphotobooth.net/post/how-a-360-photo-booth-can-take-your-miami-event-to-the-next-level,2026-04-28,0,1,0.0,5.0,0.0
https://www.miaphotobooth.net/post/how-a-360-photo-booth-can-take-your-miami-event-to-the-next-level,2026-05-02,0,2,0.0,6.5,0.0
https://www.miaphotobooth.net/post/how-a-360-photo-booth-can-take-your-miami-event-to-the-next-level,2026-05-03,0,1,0.0,12.0,0.0
https://www.miaphotobooth.net/post/how-a-360-photo-booth-can-take-your-miami-event-to-the-next-level,2026-05-09,0,1,0.0,6.0,0.0
https://www.miaphotobooth.net/post/how-a-360-photo-booth-can-take-your-miami-event-to-the-next-level,2026-05-11,0,2,0.0,9.5,0.0
https://www.miaphotobooth.net/post/how-a-360-photo-booth-can-take-your-miami-event-to-the-next-level,2026-05-12,0,2,0.0,8.0,0.0
https://www.miaphotobooth.net/post/how-a-360-photo-booth-can-take-your-miami-event-to-the-next-level,2026-05-17,0,1,0.0,10.0,0.0
https://www.miaphotobooth.net/post/how-a-360-photo-booth-can-take-your-miami-event-to-the-next-level,2026-05-28,0,2,0.0,13.0,0.0
https://www.miaphotobooth.net/post/how-can-i-create-a-polaroid-frame-for-my-photo-booth,2026-03-25,0,7,0.0,8.857142857142858,0.0
https://www.miaphotobooth.net/post/how-can-i-create-a-polaroid-frame-for-my-photo-booth,2026-03-26,0,4,0.0,5.0,0.0
https://www.miaphotobooth.net/post/how-can-i-create-a-polaroid-frame-for-my-photo-booth,2026-03-27,0,1,0.0,7.0,0.0
https://www.miaphotobooth.net/post/how-can-i-create-a-polaroid-frame-for-my-photo-booth,2026-04-01,0,12,0.0,8.75,0.0
https://www.miaphotobooth.net/post/how-can-i-create-a-polaroid-frame-for-my-photo-booth,2026-04-02,0,7,0.0,5.571428571428571,0.0
https://www.miaphotobooth.net/post/how-can-i-create-a-polaroid-frame-for-my-photo-booth,2026-04-04,0,4,0.0,5.75,0.0
https://www.miaphotobooth.net/post/how-can-i-create-a-polaroid-frame-for-my-photo-booth,2026-04-05,0,21,0.0,9.714285714285714,0.0
https://www.miaphotobooth.net/post/how-can-i-create-a-polaroid-frame-for-my-photo-booth,2026-04-06,0,10,0.0,17.2,0.0
https://www.miaphotobooth.net/post/how-can-i-create-a-polaroid-frame-for-my-photo-booth,2026-04-07,0,10,0.0,6.4,0.0
https://www.miaphotobooth.net/post/how-can-i-create-a-polaroid-frame-for-my-photo-booth,2026-04-09,0,10,0.0,8.5,0.0
https://www.miaphotobooth.net/post/how-can-i-create-a-polaroid-frame-for-my-photo-booth,2026-04-11,0,12,0.0,7.75,0.0
https://www.miaphotobooth.net/post/how-can-i-create-a-polaroid-frame-for-my-photo-booth,2026-04-12,0,7,0.0,6.142857142857143,0.0
https://www.miaphotobooth.net/post/how-can-i-create-a-polaroid-frame-for-my-photo-booth,2026-04-13,0,16,0.0,6.9375,0.0
https://www.miaphotobooth.net/post/how-can-i-create-a-polaroid-frame-for-my-photo-booth,2026-04-15,0,14,0.0,7.5,0.0
https://www.miaphotobooth.net/post/how-can-i-create-a-polaroid-frame-for-my-photo-booth,2026-04-16,0,19,0.0,12.0,0.0
https://www.miaphotobooth.net/post/how-can-i-create-a-polaroid-frame-for-my-photo-booth,2026-04-18,0,22,0.0,13.090909090909092,0.0
https://www.miaphotobooth.net/post/how-can-i-create-a-polaroid-frame-for-my-photo-booth,2026-04-19,0,20,0.0,10.35,0.0
https://www.miaphotobooth.net/post/how-can-i-create-a-polaroid-frame-for-my-photo-booth,2026-04-20,0,20,0.0,9.35,0.0
https://www.miaphotobooth.net/post/how-can-i-create-a-polaroid-frame-for-my-photo-booth,2026-04-21,0,14,0.0,15.0,0.0
https://www.miaphotobooth.net/post/how-can-i-create-a-polaroid-frame-for-my-photo-booth,2026-04-22,0,17,0.0,11.941176470588236,0.0
https://www.miaphotobooth.net/post/how-can-i-create-a-polaroid-frame-for-my-photo-booth,2026-04-23,0,18,0.0,9.38888888888889,0.0
https://www.miaphotobooth.net/post/how-can-i-create-a-polaroid-frame-for-my-photo-booth,2026-04-26,0,26,0.0,10.423076923076923,0.0
https://www.miaphotobooth.net/post/how-can-i-create-a-polaroid-frame-for-my-photo-booth,2026-04-28,0,27,0.0,13.148148148148149,0.0
https://www.miaphotobooth.net/post/how-can-i-create-a-polaroid-frame-for-my-photo-booth,2026-04-29,0,28,0.0,12.214285714285714,0.0
https://www.miaphotobooth.net/post/how-can-i-create-a-polaroid-frame-for-my-photo-booth,2026-04-30,0,29,0.0,8.89655172413793,0.0
https://www.miaphotobooth.net/post/how-can-i-create-a-polaroid-frame-for-my-photo-booth,2026-05-01,0,29,0.0,10.137931034482758,0.0
https://www.miaphotobooth.net/post/how-can-i-create-a-polaroid-frame-for-my-photo-booth,2026-05-02,0,28,0.0,12.428571428571429,0.0
https://www.miaphotobooth.net/post/how-can-i-create-a-polaroid-frame-for-my-photo-booth,2026-05-04,0,37,0.0,9.864864864864865,0.0
https://www.miaphotobooth.net/post/how-can-i-create-a-polaroid-frame-for-my-photo-booth,2026-05-05,0,29,0.0,12.241379310344827,0.0
https://www.miaphotobooth.net/post/how-can-i-create-a-polaroid-frame-for-my-photo-booth,2026-05-07,0,19,0.0,10.31578947368421,0.0
https://www.miaphotobooth.net/post/how-can-i-create-a-polaroid-frame-for-my-photo-booth,2026-05-08,0,25,0.0,11.48,0.0
https://www.miaphotobooth.net/post/how-can-i-create-a-polaroid-frame-for-my-photo-booth,2026-05-09,0,27,0.0,10.518518518518519,0.0
https://www.miaphotobooth.net/post/how-can-i-create-a-polaroid-frame-for-my-photo-booth,2026-05-10,0,20,0.0,13.1,0.0
https://www.miaphotobooth.net/post/how-can-i-create-a-polaroid-frame-for-my-photo-booth,2026-05-11,0,33,0.0,13.0,0.0
https://www.miaphotobooth.net/post/how-can-i-create-a-polaroid-frame-for-my-photo-booth,2026-05-12,0,37,0.0,11.513513513513514,0.0
https://www.miaphotobooth.net/post/how-can-i-create-a-polaroid-frame-for-my-photo-booth,2026-05-13,0,45,0.0,7.888888888888889,0.0
https://www.miaphotobooth.net/post/how-can-i-create-a-polaroid-frame-for-my-photo-booth,2026-05-18,0,35,0.0,11.0,0.0
https://www.miaphotobooth.net/post/how-can-i-create-a-polaroid-frame-for-my-photo-booth,2026-05-19,0,41,0.0,10.048780487804878,0.0
https://www.miaphotobooth.net/post/how-can-i-create-a-polaroid-frame-for-my-photo-booth,2026-05-21,0,32,0.0,8.625,0.0
https://www.miaphotobooth.net/post/how-can-i-create-a-polaroid-frame-for-my-photo-booth,2026-05-22,0,37,0.0,8.135135135135135,0.0
https://www.miaphotobooth.net/post/how-can-i-create-a-polaroid-frame-for-my-photo-booth,2026-05-23,0,33,0.0,8.454545454545453,0.0
https://www.miaphotobooth.net/post/how-can-i-create-a-polaroid-frame-for-my-photo-booth,2026-05-24,0,29,0.0,9.586206896551724,0.0
https://www.miaphotobooth.net/post/how-can-i-create-a-polaroid-frame-for-my-photo-booth,2026-05-25,0,14,0.0,9.071428571428571,0.0
https://www.miaphotobooth.net/post/how-can-i-create-a-polaroid-frame-for-my-photo-booth,2026-05-27,0,21,0.0,9.80952380952381,0.0
https://www.miaphotobooth.net/post/how-can-i-create-a-polaroid-frame-for-my-photo-booth,2026-05-28,0,37,0.0,9.81081081081081,0.0
https://www.miaphotobooth.net/post/how-can-i-create-a-polaroid-frame-for-my-photo-booth,2026-05-30,0,27,0.0,16.11111111111111,0.0
https://www.miaphotobooth.net/post/how-do-you-make-a-photo-booth-for-a-wedding-a-complete-diy-guide,2026-03-04,0,1,0.0,27.0,0.0
https://www.miaphotobooth.net/post/how-do-you-make-a-photo-booth-for-a-wedding-a-complete-diy-guide,2026-03-05,0,1,0.0,8.0,0.0
https://www.miaphotobooth.net/post/how-do-you-make-a-photo-booth-for-a-wedding-a-complete-diy-guide,2026-03-07,0,1,0.0,2.0,0.0
https://www.miaphotobooth.net/post/how-do-you-make-a-photo-booth-for-a-wedding-a-complete-diy-guide,2026-03-16,0,1,0.0,22.0,0.0
https://www.miaphotobooth.net/post/how-do-you-make-a-photo-booth-for-a-wedding-a-complete-diy-guide,2026-03-19,0,2,0.0,14.0,0.0
https://www.miaphotobooth.net/post/how-do-you-make-a-photo-booth-for-a-wedding-a-complete-diy-guide,2026-03-23,0,1,0.0,18.0,0.0
https://www.miaphotobooth.net/post/how-do-you-make-a-photo-booth-for-a-wedding-a-complete-diy-guide,2026-03-24,0,3,0.0,17.666666666666668,0.0
https://www.miaphotobooth.net/post/how-do-you-make-a-photo-booth-for-a-wedding-a-complete-diy-guide,2026-03-25,0,1,0.0,23.0,0.0
https://www.miaphotobooth.net/post/how-do-you-make-a-photo-booth-for-a-wedding-a-complete-diy-guide,2026-04-02,0,1,0.0,2.0,0.0
https://www.miaphotobooth.net/post/how-do-you-make-a-photo-booth-for-a-wedding-a-complete-diy-guide,2026-04-05,0,1,0.0,23.0,0.0
https://www.miaphotobooth.net/post/how-do-you-make-a-photo-booth-for-a-wedding-a-complete-diy-guide,2026-04-07,0,1,0.0,19.0,0.0
https://www.miaphotobooth.net/post/how-do-you-make-a-photo-booth-for-a-wedding-a-complete-diy-guide,2026-04-12,0,1,0.0,12.0,0.0
https://www.miaphotobooth.net/post/how-do-you-make-a-photo-booth-for-a-wedding-a-complete-diy-guide,2026-04-13,0,3,0.0,15.0,0.0
https://www.miaphotobooth.net/post/how-do-you-make-a-photo-booth-for-a-wedding-a-complete-diy-guide,2026-04-14,0,2,0.0,16.5,0.0
https://www.miaphotobooth.net/post/how-do-you-make-a-photo-booth-for-a-wedding-a-complete-diy-guide,2026-04-15,0,1,0.0,12.0,0.0
https://www.miaphotobooth.net/post/how-do-you-make-a-photo-booth-for-a-wedding-a-complete-diy-guide,2026-05-02,0,2,0.0,8.5,0.0
https://www.miaphotobooth.net/post/how-do-you-make-a-photo-booth-for-a-wedding-a-complete-diy-guide,2026-05-05,0,1,0.0,17.0,0.0
https://www.miaphotobooth.net/post/how-do-you-make-a-photo-booth-frame-a-step-by-step-guide,2026-03-04,0,2,0.0,6.5,0.0
https://www.miaphotobooth.net/post/how-do-you-make-a-photo-booth-frame-a-step-by-step-guide,2026-03-05,0,2,0.0,1.0,0.0
https://www.miaphotobooth.net/post/how-do-you-make-a-photo-booth-frame-a-step-by-step-guide,2026-03-07,0,4,0.0,6.0,0.0
https://www.miaphotobooth.net/post/how-do-you-make-a-photo-booth-frame-a-step-by-step-guide,2026-03-08,0,8,0.0,6.5,0.0
https://www.miaphotobooth.net/post/how-do-you-make-a-photo-booth-frame-a-step-by-step-guide,2026-03-09,0,4,0.0,4.75,0.0
https://www.miaphotobooth.net/post/how-do-you-make-a-photo-booth-frame-a-step-by-step-guide,2026-03-10,0,6,0.0,6.5,0.0
https://www.miaphotobooth.net/post/how-do-you-make-a-photo-booth-frame-a-step-by-step-guide,2026-03-11,0,3,0.0,5.333333333333333,0.0
https://www.miaphotobooth.net/post/how-do-you-make-a-photo-booth-frame-a-step-by-step-guide,2026-03-12,0,7,0.0,5.857142857142857,0.0
https://www.miaphotobooth.net/post/how-do-you-make-a-photo-booth-frame-a-step-by-step-guide,2026-03-13,0,4,0.0,8.0,0.0
https://www.miaphotobooth.net/post/how-do-you-make-a-photo-booth-frame-a-step-by-step-guide,2026-03-14,0,1,0.0,6.0,0.0
https://www.miaphotobooth.net/post/how-do-you-make-a-photo-booth-frame-a-step-by-step-guide,2026-03-16,0,5,0.0,6.8,0.0
https://www.miaphotobooth.net/post/how-do-you-make-a-photo-booth-frame-a-step-by-step-guide,2026-03-17,0,2,0.0,5.0,0.0
https://www.miaphotobooth.net/post/how-do-you-make-a-photo-booth-frame-a-step-by-step-guide,2026-03-18,0,1,0.0,9.0,0.0
https://www.miaphotobooth.net/post/how-do-you-make-a-photo-booth-frame-a-step-by-step-guide,2026-03-19,0,2,0.0,10.0,0.0
https://www.miaphotobooth.net/post/how-do-you-make-a-photo-booth-frame-a-step-by-step-guide,2026-03-20,0,3,0.0,6.666666666666667,0.0
https://www.miaphotobooth.net/post/how-do-you-make-a-photo-booth-frame-a-step-by-step-guide,2026-05-14,0,1,0.0,8.0,0.0
https://www.miaphotobooth.net/post/how-do-you-make-a-photo-booth-frame-a-step-by-step-guide,2026-05-16,0,1,0.0,9.0,0.0
https://www.miaphotobooth.net/post/how-do-you-make-a-photo-booth-frame-a-step-by-step-guide,2026-05-18,0,1,0.0,6.0,0.0
https://www.miaphotobooth.net/post/how-do-you-make-a-photo-booth-frame-a-step-by-step-guide,2026-05-19,0,1,0.0,8.0,0.0
https://www.miaphotobooth.net/post/how-do-you-make-a-photo-booth-frame-a-step-by-step-guide,2026-05-21,0,3,0.0,9.333333333333334,0.0
https://www.miaphotobooth.net/post/how-do-you-make-a-photo-booth-frame-a-step-by-step-guide,2026-05-22,0,1,0.0,7.0,0.0
https://www.miaphotobooth.net/post/how-do-you-make-a-photo-booth-frame-a-step-by-step-guide,2026-05-23,0,1,0.0,11.0,0.0
https://www.miaphotobooth.net/post/how-do-you-make-a-photo-booth-frame-a-step-by-step-guide,2026-05-25,0,1,0.0,7.0,0.0
https://www.miaphotobooth.net/post/how-do-you-make-a-photo-booth-frame-a-step-by-step-guide,2026-05-26,0,1,0.0,13.0,0.0
https://www.miaphotobooth.net/post/how-do-you-make-a-photo-booth-frame-a-step-by-step-guide,2026-05-27,0,1,0.0,5.0,0.0
https://www.miaphotobooth.net/post/how-do-you-make-a-photo-booth-frame-a-step-by-step-guide,2026-05-28,0,1,0.0,11.0,0.0
https://www.miaphotobooth.net/post/how-do-you-make-a-photo-booth-frame-a-step-by-step-guide,2026-05-30,0,1,0.0,10.0,0.0
https://www.miaphotobooth.net/post/how-to-display-photo-booth-strips-tips-and-ideas,2026-03-04,0,23,0.0,5.130434782608695,0.0
https://www.miaphotobooth.net/post/how-to-display-photo-booth-strips-tips-and-ideas,2026-03-05,0,21,0.0,4.142857142857142,0.0
https://www.miaphotobooth.net/post/how-to-display-photo-booth-strips-tips-and-ideas,2026-03-06,0,25,0.0,5.48,0.0
https://www.miaphotobooth.net/post/how-to-display-photo-booth-strips-tips-and-ideas,2026-03-07,0,32,0.0,8.0,0.0
https://www.miaphotobooth.net/post/how-to-display-photo-booth-strips-tips-and-ideas,2026-03-08,0,25,0.0,4.04,0.0
https://www.miaphotobooth.net/post/how-to-display-photo-booth-strips-tips-and-ideas,2026-03-10,0,25,0.0,3.2,0.0
https://www.miaphotobooth.net/post/how-to-display-photo-booth-strips-tips-and-ideas,2026-03-11,0,25,0.0,6.4,0.0
https://www.miaphotobooth.net/post/how-to-display-photo-booth-strips-tips-and-ideas,2026-03-12,0,13,0.0,6.076923076923077,0.0
https://www.miaphotobooth.net/post/how-to-display-photo-booth-strips-tips-and-ideas,2026-03-13,0,22,0.0,5.0,0.0
https://www.miaphotobooth.net/post/how-to-display-photo-booth-strips-tips-and-ideas,2026-03-14,0,21,0.0,5.904761904761905,0.0
https://www.miaphotobooth.net/post/how-to-display-photo-booth-strips-tips-and-ideas,2026-03-15,0,42,0.0,3.738095238095238,0.0
https://www.miaphotobooth.net/post/how-to-display-photo-booth-strips-tips-and-ideas,2026-03-16,0,20,0.0,4.1,0.0
https://www.miaphotobooth.net/post/how-to-display-photo-booth-strips-tips-and-ideas,2026-03-18,0,21,0.0,3.619047619047619,0.0
https://www.miaphotobooth.net/post/how-to-display-photo-booth-strips-tips-and-ideas,2026-03-19,0,13,0.0,3.1538461538461537,0.0
https://www.miaphotobooth.net/post/how-to-display-photo-booth-strips-tips-and-ideas,2026-03-20,0,15,0.0,4.466666666666667,0.0
https://www.miaphotobooth.net/post/how-to-display-photo-booth-strips-tips-and-ideas,2026-03-21,0,7,0.0,4.285714285714286,0.0
https://www.miaphotobooth.net/post/how-to-display-photo-booth-strips-tips-and-ideas,2026-03-22,0,8,0.0,5.875,0.0
https://www.miaphotobooth.net/post/how-to-display-photo-booth-strips-tips-and-ideas,2026-03-23,0,10,0.0,3.9,0.0
https://www.miaphotobooth.net/post/how-to-display-photo-booth-strips-tips-and-ideas,2026-03-24,0,8,0.0,6.5,0.0
https://www.miaphotobooth.net/post/how-to-display-photo-booth-strips-tips-and-ideas,2026-03-25,0,4,0.0,3.25,0.0
https://www.miaphotobooth.net/post/how-to-display-photo-booth-strips-tips-and-ideas,2026-03-26,0,10,0.0,6.1,0.0
https://www.miaphotobooth.net/post/how-to-display-photo-booth-strips-tips-and-ideas,2026-03-27,0,9,0.0,4.0,0.0
https://www.miaphotobooth.net/post/how-to-display-photo-booth-strips-tips-and-ideas,2026-03-28,0,23,0.0,5.173913043478261,0.0
https://www.miaphotobooth.net/post/how-to-display-photo-booth-strips-tips-and-ideas,2026-03-29,0,10,0.0,1.3,0.0
https://www.miaphotobooth.net/post/how-to-display-photo-booth-strips-tips-and-ideas,2026-03-30,0,12,0.0,5.583333333333333,0.0
https://www.miaphotobooth.net/post/how-to-display-photo-booth-strips-tips-and-ideas,2026-04-01,0,6,0.0,6.166666666666667,0.0
https://www.miaphotobooth.net/post/how-to-display-photo-booth-strips-tips-and-ideas,2026-04-02,0,10,0.0,9.9,0.0
https://www.miaphotobooth.net/post/how-to-display-photo-booth-strips-tips-and-ideas,2026-04-03,0,9,0.0,12.11111111111111,0.0
https://www.miaphotobooth.net/post/how-to-display-photo-booth-strips-tips-and-ideas,2026-04-04,0,7,0.0,3.0,0.0
https://www.miaphotobooth.net/post/how-to-display-photo-booth-strips-tips-and-ideas,2026-04-05,0,14,0.0,4.285714285714286,0.0
https://www.miaphotobooth.net/post/how-to-display-photo-booth-strips-tips-and-ideas,2026-04-06,0,10,0.0,7.5,0.0
https://www.miaphotobooth.net/post/how-to-display-photo-booth-strips-tips-and-ideas,2026-04-07,0,7,0.0,16.0,0.0
https://www.miaphotobooth.net/post/how-to-display-photo-booth-strips-tips-and-ideas,2026-04-08,0,8,0.0,2.875,0.0
https://www.miaphotobooth.net/post/how-to-display-photo-booth-strips-tips-and-ideas,2026-04-09,0,18,0.0,10.61111111111111,0.0
https://www.miaphotobooth.net/post/how-to-display-photo-booth-strips-tips-and-ideas,2026-04-10,0,15,0.0,7.466666666666667,0.0
https://www.miaphotobooth.net/post/how-to-display-photo-booth-strips-tips-and-ideas,2026-04-11,0,13,0.0,8.846153846153847,0.0
https://www.miaphotobooth.net/post/how-to-display-photo-booth-strips-tips-and-ideas,2026-04-12,0,20,0.0,7.7,0.0
https://www.miaphotobooth.net/post/how-to-display-photo-booth-strips-tips-and-ideas,2026-04-13,0,7,0.0,5.714285714285714,0.0
https://www.miaphotobooth.net/post/how-to-display-photo-booth-strips-tips-and-ideas,2026-04-14,0,20,0.0,10.15,0.0
https://www.miaphotobooth.net/post/how-to-display-photo-booth-strips-tips-and-ideas,2026-04-15,0,22,0.0,5.954545454545454,0.0
https://www.miaphotobooth.net/post/how-to-display-photo-booth-strips-tips-and-ideas,2026-04-16,0,13,0.0,8.76923076923077,0.0
https://www.miaphotobooth.net/post/how-to-display-photo-booth-strips-tips-and-ideas,2026-04-17,0,4,0.0,5.0,0.0
https://www.miaphotobooth.net/post/how-to-display-photo-booth-strips-tips-and-ideas,2026-04-18,0,6,0.0,3.3333333333333335,0.0
https://www.miaphotobooth.net/post/how-to-display-photo-booth-strips-tips-and-ideas,2026-04-19,0,8,0.0,4.5,0.0
https://www.miaphotobooth.net/post/how-to-display-photo-booth-strips-tips-and-ideas,2026-04-20,0,7,0.0,6.0,0.0
https://www.miaphotobooth.net/post/how-to-display-photo-booth-strips-tips-and-ideas,2026-04-21,0,2,0.0,15.5,0.0
https://www.miaphotobooth.net/post/how-to-display-photo-booth-strips-tips-and-ideas,2026-04-22,0,5,0.0,15.0,0.0
https://www.miaphotobooth.net/post/how-to-display-photo-booth-strips-tips-and-ideas,2026-04-23,0,7,0.0,12.285714285714286,0.0
https://www.miaphotobooth.net/post/how-to-display-photo-booth-strips-tips-and-ideas,2026-04-24,0,2,0.0,8.5,0.0
https://www.miaphotobooth.net/post/how-to-display-photo-booth-strips-tips-and-ideas,2026-04-26,0,8,0.0,10.0,0.0
https://www.miaphotobooth.net/post/how-to-display-photo-booth-strips-tips-and-ideas,2026-04-27,0,2,0.0,7.5,0.0
https://www.miaphotobooth.net/post/how-to-display-photo-booth-strips-tips-and-ideas,2026-04-28,0,12,0.0,7.25,0.0
https://www.miaphotobooth.net/post/how-to-display-photo-booth-strips-tips-and-ideas,2026-04-29,0,5,0.0,8.4,0.0
https://www.miaphotobooth.net/post/how-to-display-photo-booth-strips-tips-and-ideas,2026-04-30,0,6,0.0,12.5,0.0
https://www.miaphotobooth.net/post/how-to-display-photo-booth-strips-tips-and-ideas,2026-05-01,0,4,0.0,5.25,0.0
https://www.miaphotobooth.net/post/how-to-display-photo-booth-strips-tips-and-ideas,2026-05-02,0,6,0.0,9.666666666666666,0.0
https://www.miaphotobooth.net/post/how-to-display-photo-booth-strips-tips-and-ideas,2026-05-03,0,10,0.0,14.7,0.0
https://www.miaphotobooth.net/post/how-to-display-photo-booth-strips-tips-and-ideas,2026-05-04,0,2,0.0,22.0,0.0
https://www.miaphotobooth.net/post/how-to-display-photo-booth-strips-tips-and-ideas,2026-05-05,0,1,0.0,11.0,0.0
https://www.miaphotobooth.net/post/how-to-display-photo-booth-strips-tips-and-ideas,2026-05-06,0,2,0.0,28.0,0.0
https://www.miaphotobooth.net/post/how-to-display-photo-booth-strips-tips-and-ideas,2026-05-07,0,2,0.0,15.0,0.0
https://www.miaphotobooth.net/post/how-to-display-photo-booth-strips-tips-and-ideas,2026-05-08,0,3,0.0,26.333333333333332,0.0
https://www.miaphotobooth.net/post/how-to-display-photo-booth-strips-tips-and-ideas,2026-05-09,0,1,0.0,12.0,0.0
https://www.miaphotobooth.net/post/how-to-display-photo-booth-strips-tips-and-ideas,2026-05-11,0,4,0.0,13.75,0.0
https://www.miaphotobooth.net/post/how-to-display-photo-booth-strips-tips-and-ideas,2026-05-12,0,4,0.0,12.75,0.0
https://www.miaphotobooth.net/post/how-to-display-photo-booth-strips-tips-and-ideas,2026-05-13,0,1,0.0,1.0,0.0
https://www.miaphotobooth.net/post/how-to-display-photo-booth-strips-tips-and-ideas,2026-05-14,0,6,0.0,15.333333333333334,0.0
https://www.miaphotobooth.net/post/how-to-display-photo-booth-strips-tips-and-ideas,2026-05-15,0,2,0.0,15.5,0.0
https://www.miaphotobooth.net/post/how-to-display-photo-booth-strips-tips-and-ideas,2026-05-17,0,1,0.0,17.0,0.0
https://www.miaphotobooth.net/post/how-to-display-photo-booth-strips-tips-and-ideas,2026-05-18,0,2,0.0,43.5,0.0
https://www.miaphotobooth.net/post/how-to-display-photo-booth-strips-tips-and-ideas,2026-05-20,0,3,0.0,33.0,0.0
https://www.miaphotobooth.net/post/how-to-display-photo-booth-strips-tips-and-ideas,2026-05-21,0,2,0.0,16.5,0.0
https://www.miaphotobooth.net/post/how-to-display-photo-booth-strips-tips-and-ideas,2026-05-23,0,1,0.0,17.0,0.0
https://www.miaphotobooth.net/post/how-to-display-photo-booth-strips-tips-and-ideas,2026-05-25,0,4,0.0,8.25,0.0
https://www.miaphotobooth.net/post/how-to-display-photo-booth-strips-tips-and-ideas,2026-05-26,0,2,0.0,7.0,0.0
https://www.miaphotobooth.net/post/how-to-display-photo-booth-strips-tips-and-ideas,2026-05-27,0,2,0.0,15.5,0.0
https://www.miaphotobooth.net/post/how-to-display-photo-booth-strips-tips-and-ideas,2026-05-28,0,4,0.0,15.5,0.0
https://www.miaphotobooth.net/post/how-to-display-photo-booth-strips-tips-and-ideas,2026-05-29,0,4,0.0,6.0,0.0
https://www.miaphotobooth.net/post/how-to-display-photo-booth-strips-tips-and-ideas,2026-05-30,0,4,0.0,11.5,0.0
https://www.miaphotobooth.net/post/how-to-effectively-display-photo-booth-props,2026-03-17,0,4,0.0,3.5,0.0
https://www.miaphotobooth.net/post/how-to-effectively-display-photo-booth-props,2026-03-18,0,4,0.0,14.25,0.0
https://www.miaphotobooth.net/post/how-to-effectively-display-photo-booth-props,2026-03-19,0,5,0.0,6.2,0.0
https://www.miaphotobooth.net/post/how-to-effectively-display-photo-booth-props,2026-03-23,0,9,0.0,5.888888888888889,0.0
https://www.miaphotobooth.net/post/how-to-effectively-display-photo-booth-props,2026-03-24,0,10,0.0,5.1,0.0
https://www.miaphotobooth.net/post/how-to-effectively-display-photo-booth-props,2026-03-25,0,6,0.0,5.5,0.0
https://www.miaphotobooth.net/post/how-to-effectively-display-photo-booth-props,2026-03-26,0,8,0.0,3.5,0.0
https://www.miaphotobooth.net/post/how-to-effectively-display-photo-booth-props,2026-03-27,0,10,0.0,2.2,0.0
https://www.miaphotobooth.net/post/how-to-effectively-display-photo-booth-props,2026-03-28,0,8,0.0,7.25,0.0
https://www.miaphotobooth.net/post/how-to-effectively-display-photo-booth-props,2026-03-29,0,4,0.0,3.5,0.0
https://www.miaphotobooth.net/post/how-to-effectively-display-photo-booth-props,2026-03-30,0,2,0.0,5.5,0.0
https://www.miaphotobooth.net/post/how-to-effectively-display-photo-booth-props,2026-03-31,0,3,0.0,3.0,0.0
https://www.miaphotobooth.net/post/how-to-effectively-display-photo-booth-props,2026-04-02,0,11,0.0,11.636363636363637,0.0
https://www.miaphotobooth.net/post/how-to-effectively-display-photo-booth-props,2026-04-03,0,12,0.0,8.166666666666668,0.0
https://www.miaphotobooth.net/post/how-to-effectively-display-photo-booth-props,2026-04-05,0,5,0.0,7.2,0.0
https://www.miaphotobooth.net/post/how-to-effectively-display-photo-booth-props,2026-04-06,0,5,0.0,3.8,0.0
https://www.miaphotobooth.net/post/how-to-effectively-display-photo-booth-props,2026-04-08,0,1,0.0,1.0,0.0
https://www.miaphotobooth.net/post/how-to-effectively-display-photo-booth-props,2026-04-09,0,2,0.0,7.0,0.0
https://www.miaphotobooth.net/post/how-to-effectively-display-photo-booth-props,2026-04-22,0,1,0.0,8.0,0.0
https://www.miaphotobooth.net/post/how-to-effectively-display-photo-booth-props,2026-04-25,0,1,0.0,8.0,0.0
https://www.miaphotobooth.net/post/how-to-effectively-display-photo-booth-props,2026-04-27,0,1,0.0,2.0,0.0
https://www.miaphotobooth.net/post/how-to-effectively-display-photo-booth-props,2026-04-28,0,2,0.0,8.0,0.0
https://www.miaphotobooth.net/post/how-to-effectively-display-photo-booth-props,2026-04-29,0,4,0.0,6.5,0.0
https://www.miaphotobooth.net/post/how-to-effectively-display-photo-booth-props,2026-05-01,0,3,0.0,8.666666666666668,0.0
https://www.miaphotobooth.net/post/how-to-effectively-display-photo-booth-props,2026-05-02,0,3,0.0,8.666666666666668,0.0
https://www.miaphotobooth.net/post/how-to-effectively-display-photo-booth-props,2026-05-03,0,1,0.0,8.0,0.0
https://www.miaphotobooth.net/post/how-to-effectively-display-photo-booth-props,2026-05-04,0,1,0.0,7.0,0.0
https://www.miaphotobooth.net/post/how-to-effectively-display-photo-booth-props,2026-05-05,0,3,0.0,9.666666666666666,0.0
https://www.miaphotobooth.net/post/how-to-effectively-display-photo-booth-props,2026-05-12,0,2,0.0,1.0,0.0
https://www.miaphotobooth.net/post/how-to-effectively-display-photo-booth-props,2026-05-13,0,12,0.0,9.5,0.0
https://www.miaphotobooth.net/post/how-to-effectively-display-photo-booth-props,2026-05-15,0,5,0.0,7.2,0.0
https://www.miaphotobooth.net/post/how-to-effectively-display-photo-booth-props,2026-05-17,0,10,0.0,6.5,0.0
https://www.miaphotobooth.net/post/how-to-effectively-display-photo-booth-props,2026-05-18,0,4,0.0,10.0,0.0
https://www.miaphotobooth.net/post/how-to-effectively-display-photo-booth-props,2026-05-20,0,11,0.0,6.636363636363637,0.0
https://www.miaphotobooth.net/post/how-to-effectively-display-photo-booth-props,2026-05-21,0,10,0.0,8.3,0.0
https://www.miaphotobooth.net/post/how-to-effectively-display-photo-booth-props,2026-05-22,0,13,0.0,7.461538461538462,0.0
https://www.miaphotobooth.net/post/how-to-effectively-display-photo-booth-props,2026-05-23,0,9,0.0,5.0,0.0
https://www.miaphotobooth.net/post/how-to-effectively-display-photo-booth-props,2026-05-24,0,6,0.0,6.5,0.0
https://www.miaphotobooth.net/post/how-to-effectively-display-photo-booth-props,2026-05-25,0,7,0.0,14.285714285714286,0.0
https://www.miaphotobooth.net/post/how-to-effectively-display-photo-booth-props,2026-05-26,0,7,0.0,5.285714285714286,0.0
https://www.miaphotobooth.net/post/how-to-effectively-display-photo-booth-props,2026-05-27,0,5,0.0,27.8,0.0
https://www.miaphotobooth.net/post/how-to-effectively-display-photo-booth-props,2026-05-28,0,7,0.0,8.714285714285715,0.0
https://www.miaphotobooth.net/post/how-to-effectively-display-photo-booth-props,2026-05-29,0,4,0.0,7.5,0.0
https://www.miaphotobooth.net/post/how-to-effectively-display-photo-booth-props,2026-05-30,0,9,0.0,7.333333333333333,0.0
https://www.miaphotobooth.net/post/how-to-make-photo-booth-props-fun-and-easy-diy-ideas,2026-03-04,0,52,0.0,7.480769230769231,0.0
https://www.miaphotobooth.net/post/how-to-make-photo-booth-props-fun-and-easy-diy-ideas,2026-03-05,0,60,0.0,9.966666666666667,0.0
https://www.miaphotobooth.net/post/how-to-make-photo-booth-props-fun-and-easy-diy-ideas,2026-03-08,0,25,0.0,6.92,0.0
https://www.miaphotobooth.net/post/how-to-make-photo-booth-props-fun-and-easy-diy-ideas,2026-03-09,0,42,0.0,9.571428571428571,0.0
https://www.miaphotobooth.net/post/how-to-make-photo-booth-props-fun-and-easy-diy-ideas,2026-03-10,0,57,0.0,9.736842105263158,0.0
https://www.miaphotobooth.net/post/how-to-make-photo-booth-props-fun-and-easy-diy-ideas,2026-03-11,0,50,0.0,6.02,0.0
https://www.miaphotobooth.net/post/how-to-make-photo-booth-props-fun-and-easy-diy-ideas,2026-03-13,0,26,0.0,11.653846153846153,0.0
https://www.miaphotobooth.net/post/how-to-make-photo-booth-props-fun-and-easy-diy-ideas,2026-03-14,0,28,0.0,9.107142857142858,0.0
https://www.miaphotobooth.net/post/how-to-make-photo-booth-props-fun-and-easy-diy-ideas,2026-03-15,0,27,0.0,8.925925925925926,0.0
https://www.miaphotobooth.net/post/how-to-make-photo-booth-props-fun-and-easy-diy-ideas,2026-03-16,0,50,0.0,12.16,0.0
https://www.miaphotobooth.net/post/how-to-make-photo-booth-props-fun-and-easy-diy-ideas,2026-03-17,0,41,0.0,7.073170731707317,0.0
https://www.miaphotobooth.net/post/how-to-make-photo-booth-props-fun-and-easy-diy-ideas,2026-03-19,0,47,0.0,6.914893617021277,0.0
https://www.miaphotobooth.net/post/how-to-make-photo-booth-props-fun-and-easy-diy-ideas,2026-03-20,0,45,0.0,10.044444444444444,0.0
https://www.miaphotobooth.net/post/how-to-make-photo-booth-props-fun-and-easy-diy-ideas,2026-03-22,0,26,0.0,10.692307692307692,0.0
https://www.miaphotobooth.net/post/how-to-make-photo-booth-props-fun-and-easy-diy-ideas,2026-03-23,0,42,0.0,7.928571428571429,0.0
https://www.miaphotobooth.net/post/how-to-make-photo-booth-props-fun-and-easy-diy-ideas,2026-03-24,0,27,0.0,8.37037037037037,0.0
https://www.miaphotobooth.net/post/how-to-make-photo-booth-props-fun-and-easy-diy-ideas,2026-03-26,0,50,0.0,5.26,0.0
https://www.miaphotobooth.net/post/how-to-make-photo-booth-props-fun-and-easy-diy-ideas,2026-03-27,0,39,0.0,4.487179487179487,0.0
https://www.miaphotobooth.net/post/how-to-make-photo-booth-props-fun-and-easy-diy-ideas,2026-03-28,0,46,0.0,5.978260869565218,0.0
https://www.miaphotobooth.net/post/how-to-make-photo-booth-props-fun-and-easy-diy-ideas,2026-03-29,0,68,0.0,5.029411764705882,0.0
https://www.miaphotobooth.net/post/how-to-make-photo-booth-props-fun-and-easy-diy-ideas,2026-03-30,0,69,0.0,6.057971014492754,0.0
https://www.miaphotobooth.net/post/how-to-make-photo-booth-props-fun-and-easy-diy-ideas,2026-03-31,0,54,0.0,4.62962962962963,0.0
https://www.miaphotobooth.net/post/how-to-make-photo-booth-props-fun-and-easy-diy-ideas,2026-04-01,0,48,0.0,4.4375,0.0
https://www.miaphotobooth.net/post/how-to-make-photo-booth-props-fun-and-easy-diy-ideas,2026-04-02,0,63,0.0,4.619047619047619,0.0
https://www.miaphotobooth.net/post/how-to-make-photo-booth-props-fun-and-easy-diy-ideas,2026-04-03,0,73,0.0,5.342465753424658,0.0
https://www.miaphotobooth.net/post/how-to-make-photo-booth-props-fun-and-easy-diy-ideas,2026-04-04,0,47,0.0,5.319148936170213,0.0
https://www.miaphotobooth.net/post/how-to-make-photo-booth-props-fun-and-easy-diy-ideas,2026-04-06,0,56,0.0,4.910714285714286,0.0
https://www.miaphotobooth.net/post/how-to-make-photo-booth-props-fun-and-easy-diy-ideas,2026-04-07,0,89,0.0,6.067415730337078,0.0
https://www.miaphotobooth.net/post/how-to-make-photo-booth-props-fun-and-easy-diy-ideas,2026-04-09,0,93,0.0,5.344086021505376,0.0
https://www.miaphotobooth.net/post/how-to-make-photo-booth-props-fun-and-easy-diy-ideas,2026-04-10,0,95,0.0,6.094736842105263,0.0
https://www.miaphotobooth.net/post/how-to-make-photo-booth-props-fun-and-easy-diy-ideas,2026-04-11,0,64,0.0,8.53125,0.0
https://www.miaphotobooth.net/post/how-to-make-photo-booth-props-fun-and-easy-diy-ideas,2026-04-12,0,61,0.0,9.704918032786885,0.0
https://www.miaphotobooth.net/post/how-to-make-photo-booth-props-fun-and-easy-diy-ideas,2026-04-13,0,48,0.0,6.729166666666667,0.0
https://www.miaphotobooth.net/post/how-to-make-photo-booth-props-fun-and-easy-diy-ideas,2026-04-14,0,59,0.0,5.423728813559322,0.0
https://www.miaphotobooth.net/post/how-to-make-photo-booth-props-fun-and-easy-diy-ideas,2026-04-16,0,63,0.0,7.190476190476191,0.0
https://www.miaphotobooth.net/post/how-to-make-photo-booth-props-fun-and-easy-diy-ideas,2026-04-17,0,85,0.0,8.211764705882352,0.0
https://www.miaphotobooth.net/post/how-to-make-photo-booth-props-fun-and-easy-diy-ideas,2026-04-18,0,83,0.0,8.506024096385541,0.0
https://www.miaphotobooth.net/post/how-to-make-photo-booth-props-fun-and-easy-diy-ideas,2026-04-19,0,105,0.0,6.809523809523809,0.0
https://www.miaphotobooth.net/post/how-to-make-photo-booth-props-fun-and-easy-diy-ideas,2026-04-21,0,77,0.0,7.597402597402597,0.0
https://www.miaphotobooth.net/post/how-to-make-photo-booth-props-fun-and-easy-diy-ideas,2026-04-23,0,68,0.0,7.205882352941177,0.0
https://www.miaphotobooth.net/post/how-to-make-photo-booth-props-fun-and-easy-diy-ideas,2026-04-24,0,33,0.0,11.484848484848484,0.0
https://www.miaphotobooth.net/post/how-to-make-photo-booth-props-fun-and-easy-diy-ideas,2026-04-25,0,39,0.0,6.871794871794871,0.0
https://www.miaphotobooth.net/post/how-to-make-photo-booth-props-fun-and-easy-diy-ideas,2026-04-26,0,36,0.0,7.694444444444445,0.0
https://www.miaphotobooth.net/post/how-to-make-photo-booth-props-fun-and-easy-diy-ideas,2026-04-30,0,42,0.0,10.047619047619047,0.0
https://www.miaphotobooth.net/post/how-to-make-photo-booth-props-fun-and-easy-diy-ideas,2026-05-03,0,75,0.0,8.84,0.0
https://www.miaphotobooth.net/post/how-to-make-photo-booth-props-fun-and-easy-diy-ideas,2026-05-05,0,107,0.0,7.598130841121495,0.0
https://www.miaphotobooth.net/post/how-to-make-photo-booth-props-fun-and-easy-diy-ideas,2026-05-07,0,118,0.0,6.906779661016949,0.0
https://www.miaphotobooth.net/post/how-to-make-photo-booth-props-fun-and-easy-diy-ideas,2026-05-09,0,58,0.0,9.793103448275861,0.0
https://www.miaphotobooth.net/post/how-to-make-photo-booth-props-fun-and-easy-diy-ideas,2026-05-11,0,65,0.0,6.369230769230769,0.0
https://www.miaphotobooth.net/post/how-to-make-photo-booth-props-fun-and-easy-diy-ideas,2026-05-12,0,70,0.0,17.228571428571428,0.0
https://www.miaphotobooth.net/post/how-to-make-photo-booth-props-fun-and-easy-diy-ideas,2026-05-13,0,42,0.0,8.142857142857142,0.0
https://www.miaphotobooth.net/post/how-to-make-photo-booth-props-fun-and-easy-diy-ideas,2026-05-14,0,55,0.0,10.909090909090908,0.0
https://www.miaphotobooth.net/post/how-to-make-photo-booth-props-fun-and-easy-diy-ideas,2026-05-15,0,46,0.0,8.021739130434781,0.0
https://www.miaphotobooth.net/post/how-to-make-photo-booth-props-fun-and-easy-diy-ideas,2026-05-16,0,45,0.0,13.422222222222222,0.0
https://www.miaphotobooth.net/post/how-to-make-photo-booth-props-fun-and-easy-diy-ideas,2026-05-17,0,41,0.0,12.390243902439025,0.0
https://www.miaphotobooth.net/post/how-to-make-photo-booth-props-fun-and-easy-diy-ideas,2026-05-18,0,33,0.0,9.969696969696969,0.0
https://www.miaphotobooth.net/post/how-to-make-photo-booth-props-fun-and-easy-diy-ideas,2026-05-19,0,40,0.0,7.55,0.0
https://www.miaphotobooth.net/post/how-to-make-photo-booth-props-fun-and-easy-diy-ideas,2026-05-20,0,47,0.0,13.382978723404255,0.0
https://www.miaphotobooth.net/post/how-to-make-photo-booth-props-fun-and-easy-diy-ideas,2026-05-21,0,32,0.0,13.59375,0.0
https://www.miaphotobooth.net/post/how-to-make-photo-booth-props-fun-and-easy-diy-ideas,2026-05-23,0,27,0.0,12.074074074074074,0.0
https://www.miaphotobooth.net/post/how-to-make-photo-booth-props-fun-and-easy-diy-ideas,2026-05-26,0,30,0.0,10.266666666666667,0.0
https://www.miaphotobooth.net/post/how-to-make-photo-booth-props-fun-and-easy-diy-ideas,2026-05-28,0,48,0.0,12.770833333333334,0.0
https://www.miaphotobooth.net/post/how-to-make-photo-booth-props-fun-and-easy-diy-ideas,2026-05-29,0,41,0.0,8.24390243902439,0.0
https://www.miaphotobooth.net/post/how-to-make-photo-booth-props-fun-and-easy-diy-ideas,2026-05-30,0,22,0.0,10.5,0.0
https://www.miaphotobooth.net/post/how-to-set-up-proper-lighting,2026-03-04,0,1,0.0,12.0,0.0
https://www.miaphotobooth.net/post/how-to-set-up-proper-lighting,2026-03-05,0,4,0.0,8.5,0.0
https://www.miaphotobooth.net/post/how-to-set-up-proper-lighting,2026-03-06,0,6,0.0,7.0,0.0
https://www.miaphotobooth.net/post/how-to-set-up-proper-lighting,2026-03-07,0,2,0.0,7.0,0.0
https://www.miaphotobooth.net/post/how-to-set-up-proper-lighting,2026-03-08,0,4,0.0,7.0,0.0
https://www.miaphotobooth.net/post/how-to-set-up-proper-lighting,2026-03-09,0,3,0.0,9.0,0.0
https://www.miaphotobooth.net/post/how-to-set-up-proper-lighting,2026-03-10,0,2,0.0,6.0,0.0
https://www.miaphotobooth.net/post/how-to-set-up-proper-lighting,2026-03-11,0,2,0.0,9.5,0.0
https://www.miaphotobooth.net/post/how-to-set-up-proper-lighting,2026-03-12,0,3,0.0,6.666666666666667,0.0
https://www.miaphotobooth.net/post/how-to-set-up-proper-lighting,2026-03-13,0,1,0.0,8.0,0.0
https://www.miaphotobooth.net/post/how-to-set-up-proper-lighting,2026-04-04,0,1,0.0,10.0,0.0
https://www.miaphotobooth.net/post/how-to-set-up-proper-lighting,2026-04-08,0,3,0.0,9.0,0.0
https://www.miaphotobooth.net/post/how-to-set-up-proper-lighting,2026-04-09,0,2,0.0,5.0,0.0
https://www.miaphotobooth.net/post/how-to-set-up-proper-lighting,2026-04-17,0,1,0.0,2.0,0.0
https://www.miaphotobooth.net/post/how-to-set-up-proper-lighting,2026-04-19,0,2,0.0,8.5,0.0
https://www.miaphotobooth.net/post/how-to-set-up-proper-lighting,2026-04-21,0,1,0.0,9.0,0.0
https://www.miaphotobooth.net/post/how-to-set-up-proper-lighting,2026-04-22,0,1,0.0,7.0,0.0
https://www.miaphotobooth.net/post/how-to-set-up-proper-lighting,2026-04-23,0,1,0.0,6.0,0.0
https://www.miaphotobooth.net/post/how-to-set-up-proper-lighting,2026-04-24,0,1,0.0,9.0,0.0
https://www.miaphotobooth.net/post/how-to-set-up-proper-lighting,2026-04-25,0,2,0.0,10.0,0.0
https://www.miaphotobooth.net/post/how-to-set-up-proper-lighting,2026-04-26,0,1,0.0,6.0,0.0
https://www.miaphotobooth.net/post/how-to-set-up-proper-lighting,2026-04-28,0,2,0.0,8.5,0.0
https://www.miaphotobooth.net/post/how-to-set-up-proper-lighting,2026-04-29,0,1,0.0,8.0,0.0
https://www.miaphotobooth.net/post/how-to-set-up-proper-lighting,2026-04-30,0,6,0.0,8.333333333333332,0.0
https://www.miaphotobooth.net/post/how-to-set-up-proper-lighting,2026-05-01,0,2,0.0,8.0,0.0
https://www.miaphotobooth.net/post/how-to-set-up-proper-lighting,2026-05-03,0,3,0.0,9.333333333333334,0.0
https://www.miaphotobooth.net/post/how-to-set-up-proper-lighting,2026-05-04,0,5,0.0,6.0,0.0
https://www.miaphotobooth.net/post/how-to-set-up-proper-lighting,2026-05-05,0,2,0.0,6.5,0.0
https://www.miaphotobooth.net/post/how-to-take-a-boomerang-photo,2026-04-01,0,2,0.0,6.0,0.0
https://www.miaphotobooth.net/post/how-to-take-a-boomerang-photo,2026-04-02,0,11,0.0,3.8181818181818183,0.0
https://www.miaphotobooth.net/post/how-to-take-a-boomerang-photo,2026-04-03,0,11,0.0,1.4545454545454546,0.0
https://www.miaphotobooth.net/post/how-to-take-a-boomerang-photo,2026-04-04,0,14,0.0,1.5,0.0
https://www.miaphotobooth.net/post/how-to-take-a-boomerang-photo,2026-04-06,0,4,0.0,1.25,0.0
https://www.miaphotobooth.net/post/how-to-take-a-boomerang-photo,2026-04-07,0,9,0.0,1.4444444444444444,0.0
https://www.miaphotobooth.net/post/how-to-take-a-boomerang-photo,2026-04-08,0,9,0.0,1.0,0.0
https://www.miaphotobooth.net/post/how-to-take-a-boomerang-photo,2026-04-09,0,4,0.0,2.5,0.0
https://www.miaphotobooth.net/post/how-to-take-a-boomerang-photo,2026-04-23,0,1,0.0,7.0,0.0
https://www.miaphotobooth.net/post/make-a-social-media-frame-for-photo-booth,2026-03-05,0,1,0.0,5.0,0.0
https://www.miaphotobooth.net/post/make-a-social-media-frame-for-photo-booth,2026-03-22,0,1,0.0,5.0,0.0
https://www.miaphotobooth.net/post/make-a-social-media-frame-for-photo-booth,2026-03-30,0,1,0.0,3.0,0.0
https://www.miaphotobooth.net/post/make-a-social-media-frame-for-photo-booth,2026-04-02,0,1,0.0,5.0,0.0
https://www.miaphotobooth.net/post/make-a-social-media-frame-for-photo-booth,2026-04-06,0,1,0.0,7.0,0.0
https://www.miaphotobooth.net/post/master-the-art-of-how-to-pose-for-360-photo-booth-photos,2026-03-04,0,3,0.0,7.333333333333333,0.0
https://www.miaphotobooth.net/post/master-the-art-of-how-to-pose-for-360-photo-booth-photos,2026-03-05,0,1,0.0,6.0,0.0
https://www.miaphotobooth.net/post/master-the-art-of-how-to-pose-for-360-photo-booth-photos,2026-03-06,0,1,0.0,13.0,0.0
https://www.miaphotobooth.net/post/master-the-art-of-how-to-pose-for-360-photo-booth-photos,2026-03-17,0,3,0.0,3.0,0.0
https://www.miaphotobooth.net/post/master-the-art-of-how-to-pose-for-360-photo-booth-photos,2026-03-19,0,1,0.0,11.0,0.0
https://www.miaphotobooth.net/post/master-the-art-of-how-to-pose-for-360-photo-booth-photos,2026-03-21,0,6,0.0,8.833333333333332,0.0
https://www.miaphotobooth.net/post/master-the-art-of-how-to-pose-for-360-photo-booth-photos,2026-03-25,0,1,0.0,5.0,0.0
https://www.miaphotobooth.net/post/master-the-art-of-how-to-pose-for-360-photo-booth-photos,2026-03-27,0,2,0.0,5.0,0.0
https://www.miaphotobooth.net/post/master-the-art-of-how-to-pose-for-360-photo-booth-photos,2026-03-28,0,2,0.0,8.5,0.0
https://www.miaphotobooth.net/post/master-the-art-of-how-to-pose-for-360-photo-booth-photos,2026-03-29,0,1,0.0,10.0,0.0
https://www.miaphotobooth.net/post/master-the-art-of-how-to-pose-for-360-photo-booth-photos,2026-03-30,0,2,0.0,4.0,0.0
https://www.miaphotobooth.net/post/master-the-art-of-how-to-pose-for-360-photo-booth-photos,2026-04-02,0,1,0.0,6.0,0.0
https://www.miaphotobooth.net/post/master-the-art-of-how-to-pose-for-360-photo-booth-photos,2026-04-03,0,3,0.0,8.333333333333332,0.0
https://www.miaphotobooth.net/post/master-the-art-of-how-to-pose-for-360-photo-booth-photos,2026-04-08,0,1,0.0,8.0,0.0
https://www.miaphotobooth.net/post/master-the-art-of-how-to-pose-for-360-photo-booth-photos,2026-04-11,0,5,0.0,5.2,0.0
https://www.miaphotobooth.net/post/master-the-art-of-how-to-pose-for-360-photo-booth-photos,2026-04-12,0,1,0.0,9.0,0.0
https://www.miaphotobooth.net/post/master-the-art-of-how-to-pose-for-360-photo-booth-photos,2026-04-14,0,1,0.0,4.0,0.0
https://www.miaphotobooth.net/post/master-the-art-of-how-to-pose-for-360-photo-booth-photos,2026-04-15,0,1,0.0,1.0,0.0
https://www.miaphotobooth.net/post/master-the-art-of-how-to-pose-for-360-photo-booth-photos,2026-04-16,0,2,0.0,13.0,0.0
https://www.miaphotobooth.net/post/master-the-art-of-how-to-pose-for-360-photo-booth-photos,2026-04-18,0,3,0.0,5.666666666666667,0.0
https://www.miaphotobooth.net/post/master-the-art-of-how-to-pose-for-360-photo-booth-photos,2026-04-19,0,2,0.0,5.5,0.0
https://www.miaphotobooth.net/post/master-the-art-of-how-to-pose-for-360-photo-booth-photos,2026-04-20,0,1,0.0,12.0,0.0
https://www.miaphotobooth.net/post/master-the-art-of-how-to-pose-for-360-photo-booth-photos,2026-04-22,0,1,0.0,5.0,0.0
https://www.miaphotobooth.net/post/master-the-art-of-how-to-pose-for-360-photo-booth-photos,2026-04-23,0,2,0.0,11.0,0.0
https://www.miaphotobooth.net/post/master-the-art-of-how-to-pose-for-360-photo-booth-photos,2026-04-24,0,1,0.0,6.0,0.0
https://www.miaphotobooth.net/post/master-the-art-of-how-to-pose-for-360-photo-booth-photos,2026-04-26,0,3,0.0,7.333333333333333,0.0
https://www.miaphotobooth.net/post/miamis-best-photo-booth-rentals,2026-03-04,0,4,0.0,41.0,0.0
https://www.miaphotobooth.net/post/miamis-best-photo-booth-rentals,2026-03-05,0,4,0.0,71.25,0.0
https://www.miaphotobooth.net/post/miamis-best-photo-booth-rentals,2026-03-06,0,13,0.0,56.46153846153846,0.0
https://www.miaphotobooth.net/post/miamis-best-photo-booth-rentals,2026-03-07,0,12,0.0,57.083333333333336,0.0
https://www.miaphotobooth.net/post/miamis-best-photo-booth-rentals,2026-03-08,0,12,0.0,32.33333333333333,0.0
https://www.miaphotobooth.net/post/miamis-best-photo-booth-rentals,2026-03-09,0,15,0.0,53.2,0.0
https://www.miaphotobooth.net/post/miamis-best-photo-booth-rentals,2026-03-10,0,31,0.0,50.903225806451616,0.0
https://www.miaphotobooth.net/post/miamis-best-photo-booth-rentals,2026-03-11,0,4,0.0,46.5,0.0
https://www.miaphotobooth.net/post/miamis-best-photo-booth-rentals,2026-03-12,0,4,0.0,66.5,0.0
https://www.miaphotobooth.net/post/miamis-best-photo-booth-rentals,2026-03-13,0,8,0.0,42.0,0.0
https://www.miaphotobooth.net/post/miamis-best-photo-booth-rentals,2026-03-14,0,5,0.0,49.6,0.0
https://www.miaphotobooth.net/post/miamis-best-photo-booth-rentals,2026-03-15,0,8,0.0,65.875,0.0
https://www.miaphotobooth.net/post/miamis-best-photo-booth-rentals,2026-03-16,0,6,0.0,51.166666666666664,0.0
https://www.miaphotobooth.net/post/miamis-best-photo-booth-rentals,2026-03-17,0,23,0.0,48.26086956521739,0.0
https://www.miaphotobooth.net/post/miamis-best-photo-booth-rentals,2026-03-18,0,6,0.0,50.5,0.0
https://www.miaphotobooth.net/post/miamis-best-photo-booth-rentals,2026-03-19,0,6,0.0,30.333333333333332,0.0
https://www.miaphotobooth.net/post/miamis-best-photo-booth-rentals,2026-03-20,0,4,0.0,62.75,0.0
https://www.miaphotobooth.net/post/miamis-best-photo-booth-rentals,2026-03-21,0,8,0.0,56.5,0.0
https://www.miaphotobooth.net/post/miamis-best-photo-booth-rentals,2026-03-23,0,13,0.0,56.92307692307692,0.0
https://www.miaphotobooth.net/post/miamis-best-photo-booth-rentals,2026-03-24,0,16,0.0,64.25,0.0
https://www.miaphotobooth.net/post/miamis-best-photo-booth-rentals,2026-03-25,0,3,0.0,72.0,0.0
https://www.miaphotobooth.net/post/miamis-best-photo-booth-rentals,2026-03-26,0,4,0.0,73.0,0.0
https://www.miaphotobooth.net/post/miamis-best-photo-booth-rentals,2026-03-27,0,5,0.0,44.4,0.0
https://www.miaphotobooth.net/post/miamis-best-photo-booth-rentals,2026-03-28,0,5,0.0,68.0,0.0
https://www.miaphotobooth.net/post/miamis-best-photo-booth-rentals,2026-03-29,0,1,0.0,66.0,0.0
https://www.miaphotobooth.net/post/miamis-best-photo-booth-rentals,2026-03-30,0,3,0.0,22.666666666666668,0.0
https://www.miaphotobooth.net/post/miamis-best-photo-booth-rentals,2026-03-31,0,13,0.0,20.46153846153846,0.0
https://www.miaphotobooth.net/post/miamis-best-photo-booth-rentals,2026-04-01,0,3,0.0,49.666666666666664,0.0
https://www.miaphotobooth.net/post/miamis-best-photo-booth-rentals,2026-04-02,0,4,0.0,56.25,0.0
https://www.miaphotobooth.net/post/miamis-best-photo-booth-rentals,2026-04-03,0,2,0.0,54.0,0.0
https://www.miaphotobooth.net/post/miamis-best-photo-booth-rentals,2026-04-04,0,4,0.0,35.25,0.0
https://www.miaphotobooth.net/post/miamis-best-photo-booth-rentals,2026-04-05,0,4,0.0,33.25,0.0
https://www.miaphotobooth.net/post/miamis-best-photo-booth-rentals,2026-04-06,0,4,0.0,46.75,0.0
https://www.miaphotobooth.net/post/miamis-best-photo-booth-rentals,2026-04-07,0,9,0.0,18.11111111111111,0.0
https://www.miaphotobooth.net/post/miamis-best-photo-booth-rentals,2026-04-08,0,6,0.0,24.5,0.0
https://www.miaphotobooth.net/post/miamis-best-photo-booth-rentals,2026-04-09,0,1,0.0,56.0,0.0
https://www.miaphotobooth.net/post/miamis-best-photo-booth-rentals,2026-04-10,0,6,0.0,30.666666666666668,0.0
https://www.miaphotobooth.net/post/miamis-best-photo-booth-rentals,2026-04-11,0,6,0.0,43.833333333333336,0.0
https://www.miaphotobooth.net/post/miamis-best-photo-booth-rentals,2026-04-12,0,7,0.0,42.714285714285715,0.0
https://www.miaphotobooth.net/post/miamis-best-photo-booth-rentals,2026-04-13,0,7,0.0,47.57142857142857,0.0
https://www.miaphotobooth.net/post/miamis-best-photo-booth-rentals,2026-04-14,0,5,0.0,37.6,0.0
https://www.miaphotobooth.net/post/miamis-best-photo-booth-rentals,2026-04-15,0,10,0.0,38.4,0.0
https://www.miaphotobooth.net/post/miamis-best-photo-booth-rentals,2026-04-16,0,3,0.0,43.0,0.0
https://www.miaphotobooth.net/post/miamis-best-photo-booth-rentals,2026-04-17,0,4,0.0,40.0,0.0
https://www.miaphotobooth.net/post/miamis-best-photo-booth-rentals,2026-04-18,0,3,0.0,56.333333333333336,0.0
https://www.miaphotobooth.net/post/miamis-best-photo-booth-rentals,2026-04-19,0,11,0.0,39.45454545454545,0.0
https://www.miaphotobooth.net/post/miamis-best-photo-booth-rentals,2026-04-20,0,3,0.0,35.333333333333336,0.0
https://www.miaphotobooth.net/post/miamis-best-photo-booth-rentals,2026-04-21,0,9,0.0,39.0,0.0
https://www.miaphotobooth.net/post/miamis-best-photo-booth-rentals,2026-04-22,0,5,0.0,28.8,0.0
https://www.miaphotobooth.net/post/miamis-best-photo-booth-rentals,2026-04-23,0,3,0.0,40.0,0.0
https://www.miaphotobooth.net/post/miamis-best-photo-booth-rentals,2026-04-24,0,4,0.0,41.75,0.0
https://www.miaphotobooth.net/post/miamis-best-photo-booth-rentals,2026-04-25,0,3,0.0,52.333333333333336,0.0
https://www.miaphotobooth.net/post/miamis-best-photo-booth-rentals,2026-04-26,0,6,0.0,44.0,0.0
https://www.miaphotobooth.net/post/miamis-best-photo-booth-rentals,2026-04-27,0,10,0.0,39.5,0.0
https://www.miaphotobooth.net/post/miamis-best-photo-booth-rentals,2026-04-28,0,7,0.0,44.714285714285715,0.0
https://www.miaphotobooth.net/post/miamis-best-photo-booth-rentals,2026-04-29,0,8,0.0,22.375,0.0
https://www.miaphotobooth.net/post/miamis-best-photo-booth-rentals,2026-04-30,0,10,0.0,21.9,0.0
https://www.miaphotobooth.net/post/miamis-best-photo-booth-rentals,2026-05-01,0,28,0.0,9.535714285714286,0.0
https://www.miaphotobooth.net/post/miamis-best-photo-booth-rentals,2026-05-02,0,43,0.0,11.69767441860465,0.0
https://www.miaphotobooth.net/post/miamis-best-photo-booth-rentals,2026-05-03,0,45,0.0,15.022222222222222,0.0
https://www.miaphotobooth.net/post/miamis-best-photo-booth-rentals,2026-05-04,0,44,0.0,18.704545454545453,0.0
https://www.miaphotobooth.net/post/miamis-best-photo-booth-rentals,2026-05-05,0,38,0.0,16.763157894736842,0.0
https://www.miaphotobooth.net/post/miamis-best-photo-booth-rentals,2026-05-06,0,45,0.0,11.644444444444444,0.0
https://www.miaphotobooth.net/post/miamis-best-photo-booth-rentals,2026-05-07,0,26,0.0,15.807692307692308,0.0
https://www.miaphotobooth.net/post/miamis-best-photo-booth-rentals,2026-05-08,0,30,0.0,18.033333333333335,0.0
https://www.miaphotobooth.net/post/miamis-best-photo-booth-rentals,2026-05-09,0,45,0.0,15.155555555555555,0.0
https://www.miaphotobooth.net/post/miamis-best-photo-booth-rentals,2026-05-10,0,63,0.0,13.634920634920634,0.0
https://www.miaphotobooth.net/post/miamis-best-photo-booth-rentals,2026-05-11,0,50,0.0,14.2,0.0
https://www.miaphotobooth.net/post/miamis-best-photo-booth-rentals,2026-05-12,0,35,0.0,16.942857142857143,0.0
https://www.miaphotobooth.net/post/miamis-best-photo-booth-rentals,2026-05-13,0,8,0.0,45.0,0.0
https://www.miaphotobooth.net/post/miamis-best-photo-booth-rentals,2026-05-14,0,13,0.0,19.307692307692307,0.0
https://www.miaphotobooth.net/post/miamis-best-photo-booth-rentals,2026-05-15,0,28,0.0,16.464285714285715,0.0
https://www.miaphotobooth.net/post/miamis-best-photo-booth-rentals,2026-05-16,0,9,0.0,64.66666666666666,0.0
https://www.miaphotobooth.net/post/miamis-best-photo-booth-rentals,2026-05-17,0,4,0.0,56.0,0.0
https://www.miaphotobooth.net/post/miamis-best-photo-booth-rentals,2026-05-18,0,8,0.0,55.125,0.0
https://www.miaphotobooth.net/post/miamis-best-photo-booth-rentals,2026-05-19,0,13,0.0,35.30769230769231,0.0
https://www.miaphotobooth.net/post/miamis-best-photo-booth-rentals,2026-05-20,0,13,0.0,45.23076923076923,0.0
https://www.miaphotobooth.net/post/miamis-best-photo-booth-rentals,2026-05-21,0,36,0.0,56.94444444444444,0.0
https://www.miaphotobooth.net/post/miamis-best-photo-booth-rentals,2026-05-22,0,7,0.0,55.42857142857143,0.0
https://www.miaphotobooth.net/post/miamis-best-photo-booth-rentals,2026-05-23,0,12,0.0,49.833333333333336,0.0
https://www.miaphotobooth.net/post/miamis-best-photo-booth-rentals,2026-05-24,0,5,0.0,53.2,0.0
https://www.miaphotobooth.net/post/miamis-best-photo-booth-rentals,2026-05-25,0,1,0.0,54.0,0.0
https://www.miaphotobooth.net/post/miamis-best-photo-booth-rentals,2026-05-26,0,1,0.0,46.0,0.0
https://www.miaphotobooth.net/post/miamis-best-photo-booth-rentals,2026-05-27,0,14,0.0,55.57142857142857,0.0
https://www.miaphotobooth.net/post/miamis-best-photo-booth-rentals,2026-05-28,0,3,0.0,24.0,0.0
https://www.miaphotobooth.net/post/miamis-best-photo-booth-rentals,2026-05-29,0,10,0.0,34.1,0.0
https://www.miaphotobooth.net/post/miamis-best-photo-booth-rentals,2026-05-30,0,24,0.0,42.583333333333336,0.0
https://www.miaphotobooth.net/post/photo-booth-backdrop-ideas-for-any-event,2026-03-04,0,2,0.0,8.5,0.0
https://www.miaphotobooth.net/post/photo-booth-backdrop-ideas-for-any-event,2026-03-15,0,1,0.0,10.0,0.0
https://www.miaphotobooth.net/post/photo-booth-backdrop-ideas-for-any-event,2026-04-09,0,1,0.0,9.0,0.0
https://www.miaphotobooth.net/post/photo-booth-backdrop-ideas-for-any-event,2026-04-11,0,1,0.0,8.0,0.0
https://www.miaphotobooth.net/post/photo-booth-backdrop-ideas-for-any-event,2026-04-21,0,1,0.0,8.0,0.0
https://www.miaphotobooth.net/post/photo-booth-backdrop-ideas-for-any-event,2026-05-01,0,1,0.0,7.0,0.0
https://www.miaphotobooth.net/post/photo-booth-backdrop-ideas-for-any-event,2026-05-23,0,1,0.0,47.0,0.0
https://www.miaphotobooth.net/post/photo-booth-backdrop-ideas-for-any-event,2026-05-24,0,1,0.0,21.0,0.0
https://www.miaphotobooth.net/post/photo-booth-backdrop-ideas-for-any-event,2026-05-27,0,2,0.0,33.5,0.0
https://www.miaphotobooth.net/post/photo-booth-backdrop-ideas-for-any-event,2026-05-28,0,1,0.0,13.0,0.0
https://www.miaphotobooth.net/post/photo-booth-backdrop-ideas-for-any-event,2026-05-29,0,1,0.0,10.0,0.0
https://www.miaphotobooth.net/post/photo-booths-for-corporate-galas,2026-05-08,0,2,0.0,13.5,0.0
https://www.miaphotobooth.net/post/photo-booths-for-corporate-galas,2026-05-09,0,2,0.0,18.0,0.0
https://www.miaphotobooth.net/post/photo-booths-for-corporate-galas,2026-05-10,0,1,0.0,4.0,0.0
https://www.miaphotobooth.net/post/photo-booths-for-corporate-galas,2026-05-11,0,1,0.0,8.0,0.0
https://www.miaphotobooth.net/post/photo-booths-for-corporate-galas,2026-05-12,0,2,0.0,3.5,0.0
https://www.miaphotobooth.net/post/photo-booths-for-corporate-galas,2026-05-13,0,2,0.0,9.0,0.0
https://www.miaphotobooth.net/post/photo-booths-for-corporate-galas,2026-05-16,0,1,0.0,27.0,0.0
https://www.miaphotobooth.net/post/photo-booths-for-corporate-galas,2026-05-17,0,5,0.0,16.0,0.0
https://www.miaphotobooth.net/post/photo-booths-for-corporate-galas,2026-05-18,0,1,0.0,5.0,0.0
https://www.miaphotobooth.net/post/photo-booths-for-corporate-galas,2026-05-20,0,1,0.0,7.0,0.0
https://www.miaphotobooth.net/post/photo-booths-for-corporate-galas,2026-05-21,0,1,0.0,10.0,0.0
https://www.miaphotobooth.net/post/photo-booths-for-wedding-memories,2026-05-07,0,2,0.0,35.5,0.0
https://www.miaphotobooth.net/post/photo-booths-for-wedding-memories,2026-05-09,0,5,0.0,6.4,0.0
https://www.miaphotobooth.net/post/photo-booths-for-wedding-memories,2026-05-10,0,3,0.0,37.666666666666664,0.0
https://www.miaphotobooth.net/post/photo-booths-for-wedding-memories,2026-05-11,0,6,0.0,20.166666666666668,0.0
https://www.miaphotobooth.net/post/photo-booths-for-wedding-memories,2026-05-13,0,2,0.0,8.0,0.0
https://www.miaphotobooth.net/post/photo-booths-for-wedding-memories,2026-05-14,0,6,0.0,7.5,0.0
https://www.miaphotobooth.net/post/photo-booths-for-wedding-memories,2026-05-15,0,3,0.0,2.333333333333333,0.0
https://www.miaphotobooth.net/post/photo-booths-for-wedding-memories,2026-05-16,0,4,0.0,9.0,0.0
https://www.miaphotobooth.net/post/photo-booths-for-wedding-memories,2026-05-17,0,3,0.0,5.0,0.0
https://www.miaphotobooth.net/post/photo-booths-for-wedding-memories,2026-05-18,0,3,0.0,9.333333333333334,0.0
https://www.miaphotobooth.net/post/photo-booths-for-wedding-memories,2026-05-19,0,1,0.0,13.0,0.0
https://www.miaphotobooth.net/post/photo-booths-for-wedding-memories,2026-05-20,0,6,0.0,5.5,0.0
https://www.miaphotobooth.net/post/photo-booths-for-wedding-memories,2026-05-21,0,4,0.0,10.25,0.0
https://www.miaphotobooth.net/post/photo-booths-for-wedding-memories,2026-05-22,0,1,0.0,12.0,0.0
https://www.miaphotobooth.net/post/photo-booths-for-wedding-memories,2026-05-24,0,1,0.0,9.0,0.0
https://www.miaphotobooth.net/post/photo-booths-for-wedding-memories,2026-05-26,0,1,0.0,21.0,0.0
https://www.miaphotobooth.net/post/photo-booths-for-wedding-memories,2026-05-28,0,2,0.0,26.0,0.0
https://www.miaphotobooth.net/post/roamer-booth-benefits-to-events,2026-05-07,0,2,0.0,4.5,0.0
https://www.miaphotobooth.net/post/roamer-booth-benefits-to-events,2026-05-08,0,2,0.0,9.0,0.0
https://www.miaphotobooth.net/post/roamer-booth-benefits-to-events,2026-05-09,0,6,0.0,9.5,0.0
https://www.miaphotobooth.net/post/roamer-booth-benefits-to-events,2026-05-10,0,2,0.0,8.0,0.0
https://www.miaphotobooth.net/post/roamer-booth-benefits-to-events,2026-05-11,0,10,0.0,22.1,0.0
https://www.miaphotobooth.net/post/roamer-booth-benefits-to-events,2026-05-12,0,4,0.0,10.25,0.0
https://www.miaphotobooth.net/post/roamer-booth-benefits-to-events,2026-05-13,0,5,0.0,7.8,0.0
https://www.miaphotobooth.net/post/roamer-booth-benefits-to-events,2026-05-14,0,2,0.0,22.0,0.0
https://www.miaphotobooth.net/post/roamer-booth-benefits-to-events,2026-05-15,0,5,0.0,6.6,0.0
https://www.miaphotobooth.net/post/roamer-booth-benefits-to-events,2026-05-16,0,4,0.0,9.0,0.0
https://www.miaphotobooth.net/post/roamer-booth-benefits-to-events,2026-05-17,0,2,0.0,9.5,0.0
https://www.miaphotobooth.net/post/roamer-booth-benefits-to-events,2026-05-18,0,12,0.0,12.0,0.0
https://www.miaphotobooth.net/post/roamer-booth-benefits-to-events,2026-05-19,0,3,0.0,6.333333333333333,0.0
https://www.miaphotobooth.net/post/roamer-booth-benefits-to-events,2026-05-20,0,2,0.0,12.5,0.0
https://www.miaphotobooth.net/post/roamer-booth-benefits-to-events,2026-05-21,0,7,0.0,9.142857142857142,0.0
https://www.miaphotobooth.net/post/roamer-booth-benefits-to-events,2026-05-27,0,1,0.0,3.0,0.0
https://www.miaphotobooth.net/post/roamer-booth-benefits-to-events,2026-05-28,0,2,0.0,8.0,0.0
https://www.miaphotobooth.net/post/roamer-booth-benefits-to-events,2026-05-29,0,3,0.0,9.333333333333334,0.0
https://www.miaphotobooth.net/post/roamer-booth-benefits-to-events,2026-05-30,0,2,0.0,9.0,0.0
https://www.miaphotobooth.net/post/roamer-photo-booth-rental-miami,2026-03-04,0,4,0.0,12.5,0.0
https://www.miaphotobooth.net/post/roamer-photo-booth-rental-miami,2026-03-05,0,3,0.0,12.0,0.0
https://www.miaphotobooth.net/post/roamer-photo-booth-rental-miami,2026-03-06,0,5,0.0,44.0,0.0
https://www.miaphotobooth.net/post/roamer-photo-booth-rental-miami,2026-03-07,0,1,0.0,15.0,0.0
https://www.miaphotobooth.net/post/roamer-photo-booth-rental-miami,2026-03-08,0,2,0.0,28.5,0.0
https://www.miaphotobooth.net/post/roamer-photo-booth-rental-miami,2026-03-09,0,9,0.0,29.88888888888889,0.0
https://www.miaphotobooth.net/post/roamer-photo-booth-rental-miami,2026-03-10,0,6,0.0,15.333333333333334,0.0
https://www.miaphotobooth.net/post/roamer-photo-booth-rental-miami,2026-03-11,0,2,0.0,11.0,0.0
https://www.miaphotobooth.net/post/roamer-photo-booth-rental-miami,2026-03-12,0,2,0.0,31.5,0.0
https://www.miaphotobooth.net/post/roamer-photo-booth-rental-miami,2026-03-13,0,7,0.0,35.857142857142854,0.0
https://www.miaphotobooth.net/post/roamer-photo-booth-rental-miami,2026-03-14,0,2,0.0,7.0,0.0
https://www.miaphotobooth.net/post/roamer-photo-booth-rental-miami,2026-03-16,0,7,0.0,21.857142857142858,0.0
https://www.miaphotobooth.net/post/roamer-photo-booth-rental-miami,2026-03-17,0,5,0.0,24.8,0.0
https://www.miaphotobooth.net/post/roamer-photo-booth-rental-miami,2026-03-18,0,5,0.0,14.2,0.0
https://www.miaphotobooth.net/post/roamer-photo-booth-rental-miami,2026-03-19,0,2,0.0,10.0,0.0
https://www.miaphotobooth.net/post/roamer-photo-booth-rental-miami,2026-03-20,0,1,0.0,85.0,0.0
https://www.miaphotobooth.net/post/roamer-photo-booth-rental-miami,2026-03-21,0,2,0.0,19.5,0.0
https://www.miaphotobooth.net/post/roamer-photo-booth-rental-miami,2026-03-22,0,1,0.0,1.0,0.0
https://www.miaphotobooth.net/post/roamer-photo-booth-rental-miami,2026-03-23,0,8,0.0,33.0,0.0
https://www.miaphotobooth.net/post/roamer-photo-booth-rental-miami,2026-03-24,0,2,0.0,49.5,0.0
https://www.miaphotobooth.net/post/roamer-photo-booth-rental-miami,2026-03-25,0,6,0.0,55.666666666666664,0.0
https://www.miaphotobooth.net/post/roamer-photo-booth-rental-miami,2026-03-26,0,3,0.0,4.0,0.0
https://www.miaphotobooth.net/post/roamer-photo-booth-rental-miami,2026-03-27,0,3,0.0,33.333333333333336,0.0
https://www.miaphotobooth.net/post/roamer-photo-booth-rental-miami,2026-03-28,0,3,0.0,12.333333333333334,0.0
https://www.miaphotobooth.net/post/roamer-photo-booth-rental-miami,2026-03-29,0,1,0.0,5.0,0.0
https://www.miaphotobooth.net/post/roamer-photo-booth-rental-miami,2026-03-31,0,4,0.0,19.75,0.0
https://www.miaphotobooth.net/post/roamer-photo-booth-rental-miami,2026-04-01,0,12,0.0,18.833333333333332,0.0
https://www.miaphotobooth.net/post/roamer-photo-booth-rental-miami,2026-04-02,0,5,0.0,7.4,0.0
https://www.miaphotobooth.net/post/roamer-photo-booth-rental-miami,2026-04-03,0,1,0.0,87.0,0.0
https://www.miaphotobooth.net/post/roamer-photo-booth-rental-miami,2026-04-04,0,6,0.0,15.666666666666666,0.0
https://www.miaphotobooth.net/post/roamer-photo-booth-rental-miami,2026-04-06,0,10,0.0,12.4,0.0
https://www.miaphotobooth.net/post/roamer-photo-booth-rental-miami,2026-04-07,0,4,0.0,7.5,0.0
https://www.miaphotobooth.net/post/roamer-photo-booth-rental-miami,2026-04-08,0,5,0.0,9.0,0.0
https://www.miaphotobooth.net/post/roamer-photo-booth-rental-miami,2026-04-09,0,8,0.0,11.125,0.0
https://www.miaphotobooth.net/post/roamer-photo-booth-rental-miami,2026-04-10,0,8,0.0,8.75,0.0
https://www.miaphotobooth.net/post/roamer-photo-booth-rental-miami,2026-04-11,0,5,0.0,10.0,0.0
https://www.miaphotobooth.net/post/roamer-photo-booth-rental-miami,2026-04-12,0,3,0.0,28.0,0.0
https://www.miaphotobooth.net/post/roamer-photo-booth-rental-miami,2026-04-13,0,8,0.0,8.75,0.0
https://www.miaphotobooth.net/post/roamer-photo-booth-rental-miami,2026-04-14,0,2,0.0,7.0,0.0
https://www.miaphotobooth.net/post/roamer-photo-booth-rental-miami,2026-04-15,0,7,0.0,9.142857142857142,0.0
https://www.miaphotobooth.net/post/roamer-photo-booth-rental-miami,2026-04-16,0,5,0.0,4.4,0.0
https://www.miaphotobooth.net/post/roamer-photo-booth-rental-miami,2026-04-17,0,5,0.0,12.6,0.0
https://www.miaphotobooth.net/post/roamer-photo-booth-rental-miami,2026-04-18,0,6,0.0,19.166666666666668,0.0
https://www.miaphotobooth.net/post/roamer-photo-booth-rental-miami,2026-04-19,0,4,0.0,14.0,0.0
https://www.miaphotobooth.net/post/roamer-photo-booth-rental-miami,2026-04-20,0,10,0.0,12.7,0.0
https://www.miaphotobooth.net/post/roamer-photo-booth-rental-miami,2026-04-21,0,7,0.0,15.571428571428571,0.0
https://www.miaphotobooth.net/post/roamer-photo-booth-rental-miami,2026-04-22,0,9,0.0,14.11111111111111,0.0
https://www.miaphotobooth.net/post/roamer-photo-booth-rental-miami,2026-04-23,0,16,0.0,9.125,0.0
https://www.miaphotobooth.net/post/roamer-photo-booth-rental-miami,2026-04-24,0,2,0.0,33.5,0.0
https://www.miaphotobooth.net/post/roamer-photo-booth-rental-miami,2026-04-25,0,10,0.0,3.5,0.0
https://www.miaphotobooth.net/post/roamer-photo-booth-rental-miami,2026-04-26,0,6,0.0,9.5,0.0
https://www.miaphotobooth.net/post/roamer-photo-booth-rental-miami,2026-04-27,0,20,0.0,9.25,0.0
https://www.miaphotobooth.net/post/roamer-photo-booth-rental-miami,2026-04-28,0,7,0.0,11.857142857142858,0.0
https://www.miaphotobooth.net/post/roamer-photo-booth-rental-miami,2026-04-29,0,8,0.0,5.75,0.0
https://www.miaphotobooth.net/post/roamer-photo-booth-rental-miami,2026-04-30,0,11,0.0,15.454545454545455,0.0
https://www.miaphotobooth.net/post/roamer-photo-booth-rental-miami,2026-05-01,0,10,0.0,7.4,0.0
https://www.miaphotobooth.net/post/roamer-photo-booth-rental-miami,2026-05-02,0,9,0.0,6.888888888888889,0.0
https://www.miaphotobooth.net/post/roamer-photo-booth-rental-miami,2026-05-03,0,5,0.0,15.0,0.0
https://www.miaphotobooth.net/post/roamer-photo-booth-rental-miami,2026-05-04,0,15,0.0,10.266666666666667,0.0
https://www.miaphotobooth.net/post/roamer-photo-booth-rental-miami,2026-05-05,0,7,0.0,9.428571428571429,0.0
https://www.miaphotobooth.net/post/roamer-photo-booth-rental-miami,2026-05-06,0,9,0.0,6.555555555555555,0.0
https://www.miaphotobooth.net/post/roamer-photo-booth-rental-miami,2026-05-07,0,4,0.0,23.25,0.0
https://www.miaphotobooth.net/post/roamer-photo-booth-rental-miami,2026-05-08,0,4,0.0,18.25,0.0
https://www.miaphotobooth.net/post/roamer-photo-booth-rental-miami,2026-05-09,0,9,0.0,3.6666666666666665,0.0
https://www.miaphotobooth.net/post/roamer-photo-booth-rental-miami,2026-05-10,0,1,0.0,8.0,0.0
https://www.miaphotobooth.net/post/roamer-photo-booth-rental-miami,2026-05-11,0,15,0.0,17.466666666666665,0.0
https://www.miaphotobooth.net/post/roamer-photo-booth-rental-miami,2026-05-12,0,8,0.0,10.5,0.0
https://www.miaphotobooth.net/post/roamer-photo-booth-rental-miami,2026-05-13,0,5,0.0,22.6,0.0
https://www.miaphotobooth.net/post/roamer-photo-booth-rental-miami,2026-05-14,0,2,0.0,33.5,0.0
https://www.miaphotobooth.net/post/roamer-photo-booth-rental-miami,2026-05-15,0,14,0.0,14.142857142857142,0.0
https://www.miaphotobooth.net/post/roamer-photo-booth-rental-miami,2026-05-16,0,7,0.0,45.857142857142854,0.0
https://www.miaphotobooth.net/post/roamer-photo-booth-rental-miami,2026-05-17,0,3,0.0,56.666666666666664,0.0
https://www.miaphotobooth.net/post/roamer-photo-booth-rental-miami,2026-05-18,0,9,0.0,22.666666666666668,0.0
https://www.miaphotobooth.net/post/roamer-photo-booth-rental-miami,2026-05-19,0,9,0.0,13.333333333333334,0.0
https://www.miaphotobooth.net/post/roamer-photo-booth-rental-miami,2026-05-20,0,2,0.0,5.5,0.0
https://www.miaphotobooth.net/post/roamer-photo-booth-rental-miami,2026-05-21,0,3,0.0,19.333333333333332,0.0
https://www.miaphotobooth.net/post/roamer-photo-booth-rental-miami,2026-05-22,0,3,0.0,20.333333333333332,0.0
https://www.miaphotobooth.net/post/roamer-photo-booth-rental-miami,2026-05-23,0,10,0.0,8.6,0.0
https://www.miaphotobooth.net/post/roamer-photo-booth-rental-miami,2026-05-24,0,1,0.0,3.0,0.0
https://www.miaphotobooth.net/post/roamer-photo-booth-rental-miami,2026-05-25,0,7,0.0,15.0,0.0
https://www.miaphotobooth.net/post/roamer-photo-booth-rental-miami,2026-05-27,0,5,0.0,8.2,0.0
https://www.miaphotobooth.net/post/roamer-photo-booth-rental-miami,2026-05-28,0,10,0.0,17.0,0.0
https://www.miaphotobooth.net/post/roamer-photo-booth-rental-miami,2026-05-29,0,5,0.0,15.2,0.0
https://www.miaphotobooth.net/post/roamer-photo-booth-rental-miami,2026-05-30,0,5,0.0,12.0,0.0
https://www.miaphotobooth.net/post/social-photo-booth-rental-miami,2026-03-04,0,2,0.0,43.5,0.0
https://www.miaphotobooth.net/post/social-photo-booth-rental-miami,2026-03-05,0,22,0.0,7.954545454545454,0.0
https://www.miaphotobooth.net/post/social-photo-booth-rental-miami,2026-03-06,0,8,0.0,8.5,0.0
https://www.miaphotobooth.net/post/social-photo-booth-rental-miami,2026-03-07,0,1,0.0,9.0,0.0
https://www.miaphotobooth.net/post/social-photo-booth-rental-miami,2026-03-16,0,1,0.0,33.0,0.0
https://www.miaphotobooth.net/post/social-photo-booth-rental-miami,2026-03-17,0,3,0.0,10.666666666666666,0.0
https://www.miaphotobooth.net/post/social-photo-booth-rental-miami,2026-03-18,0,1,0.0,20.0,0.0
https://www.miaphotobooth.net/post/social-photo-booth-rental-miami,2026-03-19,0,1,0.0,20.0,0.0
https://www.miaphotobooth.net/post/social-photo-booth-rental-miami,2026-03-21,0,1,0.0,23.0,0.0
https://www.miaphotobooth.net/post/social-photo-booth-rental-miami,2026-03-30,0,1,0.0,38.0,0.0
https://www.miaphotobooth.net/post/social-photo-booth-rental-miami,2026-03-31,0,2,0.0,41.0,0.0
https://www.miaphotobooth.net/post/social-photo-booth-rental-miami,2026-04-01,0,3,0.0,37.333333333333336,0.0
https://www.miaphotobooth.net/post/social-photo-booth-rental-miami,2026-04-02,0,1,0.0,62.0,0.0
https://www.miaphotobooth.net/post/social-photo-booth-rental-miami,2026-04-03,0,1,0.0,57.0,0.0
https://www.miaphotobooth.net/post/social-photo-booth-rental-miami,2026-04-04,0,4,0.0,43.0,0.0
https://www.miaphotobooth.net/post/social-photo-booth-rental-miami,2026-04-05,0,3,0.0,29.666666666666668,0.0
https://www.miaphotobooth.net/post/social-photo-booth-rental-miami,2026-04-06,0,4,0.0,26.5,0.0
https://www.miaphotobooth.net/post/social-photo-booth-rental-miami,2026-04-07,0,1,0.0,59.0,0.0
https://www.miaphotobooth.net/post/social-photo-booth-rental-miami,2026-04-08,0,4,0.0,24.25,0.0
https://www.miaphotobooth.net/post/social-photo-booth-rental-miami,2026-04-09,0,3,0.0,37.333333333333336,0.0
https://www.miaphotobooth.net/post/social-photo-booth-rental-miami,2026-04-10,0,6,0.0,29.833333333333332,0.0
https://www.miaphotobooth.net/post/social-photo-booth-rental-miami,2026-04-11,0,3,0.0,35.333333333333336,0.0
https://www.miaphotobooth.net/post/social-photo-booth-rental-miami,2026-04-12,0,1,0.0,35.0,0.0
https://www.miaphotobooth.net/post/social-photo-booth-rental-miami,2026-04-13,0,6,0.0,25.0,0.0
https://www.miaphotobooth.net/post/social-photo-booth-rental-miami,2026-04-14,0,2,0.0,19.5,0.0
https://www.miaphotobooth.net/post/social-photo-booth-rental-miami,2026-04-15,0,3,0.0,23.666666666666668,0.0
https://www.miaphotobooth.net/post/social-photo-booth-rental-miami,2026-04-16,0,3,0.0,16.666666666666664,0.0
https://www.miaphotobooth.net/post/social-photo-booth-rental-miami,2026-04-17,0,3,0.0,24.0,0.0
https://www.miaphotobooth.net/post/social-photo-booth-rental-miami,2026-04-18,0,4,0.0,17.0,0.0
https://www.miaphotobooth.net/post/social-photo-booth-rental-miami,2026-04-19,0,4,0.0,25.0,0.0
https://www.miaphotobooth.net/post/social-photo-booth-rental-miami,2026-04-20,0,6,0.0,11.166666666666666,0.0
https://www.miaphotobooth.net/post/social-photo-booth-rental-miami,2026-04-21,0,3,0.0,13.0,0.0
https://www.miaphotobooth.net/post/social-photo-booth-rental-miami,2026-04-22,0,8,0.0,14.375,0.0
https://www.miaphotobooth.net/post/social-photo-booth-rental-miami,2026-04-23,0,4,0.0,7.75,0.0
https://www.miaphotobooth.net/post/social-photo-booth-rental-miami,2026-04-25,0,9,0.0,11.666666666666666,0.0
https://www.miaphotobooth.net/post/social-photo-booth-rental-miami,2026-04-26,0,2,0.0,5.0,0.0
https://www.miaphotobooth.net/post/social-photo-booth-rental-miami,2026-04-27,0,11,0.0,9.181818181818182,0.0
https://www.miaphotobooth.net/post/social-photo-booth-rental-miami,2026-04-28,0,1,0.0,10.0,0.0
https://www.miaphotobooth.net/post/social-photo-booth-rental-miami,2026-04-29,0,3,0.0,17.333333333333332,0.0
https://www.miaphotobooth.net/post/social-photo-booth-rental-miami,2026-04-30,0,1,0.0,4.0,0.0
https://www.miaphotobooth.net/post/social-photo-booth-rental-miami,2026-05-01,0,9,0.0,10.0,0.0
https://www.miaphotobooth.net/post/social-photo-booth-rental-miami,2026-05-02,0,11,0.0,16.0,0.0
https://www.miaphotobooth.net/post/social-photo-booth-rental-miami,2026-05-03,0,4,0.0,7.0,0.0
https://www.miaphotobooth.net/post/social-photo-booth-rental-miami,2026-05-04,0,17,0.0,21.11764705882353,0.0
https://www.miaphotobooth.net/post/social-photo-booth-rental-miami,2026-05-05,0,9,0.0,8.555555555555555,0.0
https://www.miaphotobooth.net/post/social-photo-booth-rental-miami,2026-05-06,0,3,0.0,8.333333333333332,0.0
https://www.miaphotobooth.net/post/social-photo-booth-rental-miami,2026-05-07,0,6,0.0,9.0,0.0
https://www.miaphotobooth.net/post/social-photo-booth-rental-miami,2026-05-08,0,4,0.0,6.5,0.0
https://www.miaphotobooth.net/post/social-photo-booth-rental-miami,2026-05-09,0,11,0.0,6.454545454545454,0.0
https://www.miaphotobooth.net/post/social-photo-booth-rental-miami,2026-05-10,0,1,0.0,7.0,0.0
https://www.miaphotobooth.net/post/social-photo-booth-rental-miami,2026-05-11,0,13,0.0,13.692307692307692,0.0
https://www.miaphotobooth.net/post/social-photo-booth-rental-miami,2026-05-12,0,15,0.0,9.866666666666667,0.0
https://www.miaphotobooth.net/post/social-photo-booth-rental-miami,2026-05-13,0,11,0.0,22.818181818181817,0.0
https://www.miaphotobooth.net/post/social-photo-booth-rental-miami,2026-05-14,0,17,0.0,14.588235294117647,0.0
https://www.miaphotobooth.net/post/social-photo-booth-rental-miami,2026-05-15,0,34,0.0,10.0,0.0
https://www.miaphotobooth.net/post/social-photo-booth-rental-miami,2026-05-16,0,4,0.0,91.0,0.0
https://www.miaphotobooth.net/post/social-photo-booth-rental-miami,2026-05-17,0,1,0.0,9.0,0.0
https://www.miaphotobooth.net/post/social-photo-booth-rental-miami,2026-05-18,0,8,0.0,31.0,0.0
https://www.miaphotobooth.net/post/social-photo-booth-rental-miami,2026-05-19,0,2,0.0,15.0,0.0
https://www.miaphotobooth.net/post/social-photo-booth-rental-miami,2026-05-20,0,5,0.0,54.0,0.0
https://www.miaphotobooth.net/post/social-photo-booth-rental-miami,2026-05-21,0,1,0.0,11.0,0.0
https://www.miaphotobooth.net/post/social-photo-booth-rental-miami,2026-05-22,0,1,0.0,20.0,0.0
https://www.miaphotobooth.net/post/social-photo-booth-rental-miami,2026-05-23,0,8,0.0,10.125,0.0
https://www.miaphotobooth.net/post/social-photo-booth-rental-miami,2026-05-24,0,4,0.0,10.75,0.0
https://www.miaphotobooth.net/post/social-photo-booth-rental-miami,2026-05-25,0,10,0.0,24.1,0.0
https://www.miaphotobooth.net/post/social-photo-booth-rental-miami,2026-05-26,0,5,0.0,17.2,0.0
https://www.miaphotobooth.net/post/social-photo-booth-rental-miami,2026-05-27,0,5,0.0,44.6,0.0
https://www.miaphotobooth.net/post/social-photo-booth-rental-miami,2026-05-28,0,11,0.0,26.0,0.0
https://www.miaphotobooth.net/post/social-photo-booth-rental-miami,2026-05-29,0,4,0.0,38.0,0.0
https://www.miaphotobooth.net/post/social-photo-booth-rental-miami,2026-05-30,0,6,0.0,77.5,0.0
https://www.miaphotobooth.net/post/top-5-photo-booth-trends-in-miami-for-2026,2026-03-05,0,3,0.0,7.0,0.0
https://www.miaphotobooth.net/post/top-5-photo-booth-trends-in-miami-for-2026,2026-03-06,0,9,0.0,4.888888888888889,0.0
https://www.miaphotobooth.net/post/top-5-photo-booth-trends-in-miami-for-2026,2026-03-07,0,7,0.0,6.857142857142857,0.0
https://www.miaphotobooth.net/post/top-5-photo-booth-trends-in-miami-for-2026,2026-03-08,0,12,0.0,7.5,0.0
https://www.miaphotobooth.net/post/top-5-photo-booth-trends-in-miami-for-2026,2026-03-09,0,13,0.0,8.0,0.0
https://www.miaphotobooth.net/post/top-5-photo-booth-trends-in-miami-for-2026,2026-03-10,0,13,0.0,4.3076923076923075,0.0
https://www.miaphotobooth.net/post/top-5-photo-booth-trends-in-miami-for-2026,2026-03-11,0,10,0.0,11.2,0.0
https://www.miaphotobooth.net/post/top-5-photo-booth-trends-in-miami-for-2026,2026-03-12,0,21,0.0,6.904761904761905,0.0
https://www.miaphotobooth.net/post/top-5-photo-booth-trends-in-miami-for-2026,2026-03-13,0,8,0.0,5.5,0.0
https://www.miaphotobooth.net/post/top-5-photo-booth-trends-in-miami-for-2026,2026-03-14,0,6,0.0,6.5,0.0
https://www.miaphotobooth.net/post/top-5-photo-booth-trends-in-miami-for-2026,2026-03-15,0,7,0.0,7.0,0.0
https://www.miaphotobooth.net/post/top-5-photo-booth-trends-in-miami-for-2026,2026-03-16,0,15,0.0,8.666666666666668,0.0
https://www.miaphotobooth.net/post/top-5-photo-booth-trends-in-miami-for-2026,2026-03-17,0,5,0.0,8.0,0.0
https://www.miaphotobooth.net/post/top-5-photo-booth-trends-in-miami-for-2026,2026-03-18,0,14,0.0,5.071428571428571,0.0
https://www.miaphotobooth.net/post/top-5-photo-booth-trends-in-miami-for-2026,2026-03-19,0,9,0.0,8.222222222222221,0.0
https://www.miaphotobooth.net/post/top-5-photo-booth-trends-in-miami-for-2026,2026-03-20,0,17,0.0,6.823529411764706,0.0
https://www.miaphotobooth.net/post/top-5-photo-booth-trends-in-miami-for-2026,2026-03-22,0,3,0.0,15.666666666666666,0.0
https://www.miaphotobooth.net/post/top-5-photo-booth-trends-in-miami-for-2026,2026-03-23,0,6,0.0,11.0,0.0
https://www.miaphotobooth.net/post/top-5-photo-booth-trends-in-miami-for-2026,2026-03-24,0,3,0.0,3.3333333333333335,0.0
https://www.miaphotobooth.net/post/top-5-photo-booth-trends-in-miami-for-2026,2026-03-25,0,3,0.0,5.666666666666667,0.0
https://www.miaphotobooth.net/post/top-5-photo-booth-trends-in-miami-for-2026,2026-03-26,0,7,0.0,26.285714285714285,0.0
https://www.miaphotobooth.net/post/top-5-photo-booth-trends-in-miami-for-2026,2026-03-27,0,2,0.0,18.0,0.0
https://www.miaphotobooth.net/post/top-5-photo-booth-trends-in-miami-for-2026,2026-03-28,0,5,0.0,9.4,0.0
https://www.miaphotobooth.net/post/top-5-photo-booth-trends-in-miami-for-2026,2026-03-29,0,4,0.0,15.0,0.0
https://www.miaphotobooth.net/post/top-5-photo-booth-trends-in-miami-for-2026,2026-03-30,0,4,0.0,2.5,0.0
https://www.miaphotobooth.net/post/top-5-photo-booth-trends-in-miami-for-2026,2026-03-31,0,2,0.0,8.0,0.0
https://www.miaphotobooth.net/post/top-5-photo-booth-trends-in-miami-for-2026,2026-04-01,0,3,0.0,4.666666666666666,0.0
https://www.miaphotobooth.net/post/top-5-photo-booth-trends-in-miami-for-2026,2026-04-02,0,5,0.0,6.0,0.0
https://www.miaphotobooth.net/post/top-5-photo-booth-trends-in-miami-for-2026,2026-04-03,0,2,0.0,17.5,0.0
https://www.miaphotobooth.net/post/top-5-photo-booth-trends-in-miami-for-2026,2026-04-04,0,2,0.0,7.0,0.0
https://www.miaphotobooth.net/post/top-5-photo-booth-trends-in-miami-for-2026,2026-04-05,0,1,0.0,36.0,0.0
https://www.miaphotobooth.net/post/top-5-photo-booth-trends-in-miami-for-2026,2026-04-06,0,1,0.0,6.0,0.0
https://www.miaphotobooth.net/post/top-5-photo-booth-trends-in-miami-for-2026,2026-04-07,0,7,0.0,3.2857142857142856,0.0
https://www.miaphotobooth.net/post/top-5-photo-booth-trends-in-miami-for-2026,2026-04-08,0,1,0.0,4.0,0.0
https://www.miaphotobooth.net/post/top-5-photo-booth-trends-in-miami-for-2026,2026-04-09,0,1,0.0,12.0,0.0
https://www.miaphotobooth.net/post/top-5-photo-booth-trends-in-miami-for-2026,2026-04-10,0,1,0.0,8.0,0.0
https://www.miaphotobooth.net/post/top-5-photo-booth-trends-in-miami-for-2026,2026-04-11,0,1,0.0,29.0,0.0
https://www.miaphotobooth.net/post/top-5-photo-booth-trends-in-miami-for-2026,2026-04-13,0,3,0.0,14.333333333333334,0.0
https://www.miaphotobooth.net/post/top-5-photo-booth-trends-in-miami-for-2026,2026-04-14,0,1,0.0,4.0,0.0
https://www.miaphotobooth.net/post/top-5-photo-booth-trends-in-miami-for-2026,2026-04-15,0,2,0.0,7.0,0.0
https://www.miaphotobooth.net/post/top-5-photo-booth-trends-in-miami-for-2026,2026-04-16,0,2,0.0,19.0,0.0
https://www.miaphotobooth.net/post/top-5-photo-booth-trends-in-miami-for-2026,2026-04-18,0,4,0.0,12.0,0.0
https://www.miaphotobooth.net/post/top-5-photo-booth-trends-in-miami-for-2026,2026-04-19,0,2,0.0,41.5,0.0
https://www.miaphotobooth.net/post/top-5-photo-booth-trends-in-miami-for-2026,2026-04-20,0,1,0.0,9.0,0.0
https://www.miaphotobooth.net/post/top-5-photo-booth-trends-in-miami-for-2026,2026-04-21,0,4,0.0,15.75,0.0
https://www.miaphotobooth.net/post/top-5-photo-booth-trends-in-miami-for-2026,2026-04-23,0,8,0.0,5.875,0.0
https://www.miaphotobooth.net/post/top-5-photo-booth-trends-in-miami-for-2026,2026-04-24,0,10,0.0,2.5,0.0
https://www.miaphotobooth.net/post/top-5-photo-booth-trends-in-miami-for-2026,2026-04-25,0,5,0.0,5.8,0.0
https://www.miaphotobooth.net/post/top-5-photo-booth-trends-in-miami-for-2026,2026-04-26,0,4,0.0,13.5,0.0
https://www.miaphotobooth.net/post/top-5-photo-booth-trends-in-miami-for-2026,2026-04-27,0,6,0.0,8.166666666666668,0.0
https://www.miaphotobooth.net/post/top-5-photo-booth-trends-in-miami-for-2026,2026-04-28,0,2,0.0,3.5,0.0
https://www.miaphotobooth.net/post/top-5-photo-booth-trends-in-miami-for-2026,2026-04-29,0,1,0.0,11.0,0.0
https://www.miaphotobooth.net/post/top-5-photo-booth-trends-in-miami-for-2026,2026-05-01,0,1,0.0,11.0,0.0
https://www.miaphotobooth.net/post/top-5-photo-booth-trends-in-miami-for-2026,2026-05-02,0,2,0.0,10.5,0.0
https://www.miaphotobooth.net/post/top-5-photo-booth-trends-in-miami-for-2026,2026-05-04,0,2,0.0,4.0,0.0
https://www.miaphotobooth.net/post/top-5-photo-booth-trends-in-miami-for-2026,2026-05-05,0,2,0.0,4.5,0.0
https://www.miaphotobooth.net/post/top-5-photo-booth-trends-in-miami-for-2026,2026-05-06,0,8,0.0,4.625,0.0
https://www.miaphotobooth.net/post/top-5-photo-booth-trends-in-miami-for-2026,2026-05-07,0,1,0.0,2.0,0.0
https://www.miaphotobooth.net/post/top-5-photo-booth-trends-in-miami-for-2026,2026-05-08,0,2,0.0,11.0,0.0
https://www.miaphotobooth.net/post/top-5-photo-booth-trends-in-miami-for-2026,2026-05-09,0,2,0.0,5.5,0.0
https://www.miaphotobooth.net/post/top-5-photo-booth-trends-in-miami-for-2026,2026-05-10,0,4,0.0,10.0,0.0
https://www.miaphotobooth.net/post/top-5-photo-booth-trends-in-miami-for-2026,2026-05-11,0,2,0.0,7.0,0.0
https://www.miaphotobooth.net/post/top-5-photo-booth-trends-in-miami-for-2026,2026-05-12,0,2,0.0,7.5,0.0
https://www.miaphotobooth.net/post/top-5-photo-booth-trends-in-miami-for-2026,2026-05-13,0,1,0.0,9.0,0.0
https://www.miaphotobooth.net/post/top-5-photo-booth-trends-in-miami-for-2026,2026-05-14,0,5,0.0,3.0,0.0
https://www.miaphotobooth.net/post/top-5-photo-booth-trends-in-miami-for-2026,2026-05-15,0,6,0.0,4.833333333333334,0.0
https://www.miaphotobooth.net/post/top-5-photo-booth-trends-in-miami-for-2026,2026-05-16,0,1,0.0,2.0,0.0
https://www.miaphotobooth.net/post/top-5-photo-booth-trends-in-miami-for-2026,2026-05-17,0,1,0.0,2.0,0.0
https://www.miaphotobooth.net/post/top-5-photo-booth-trends-in-miami-for-2026,2026-05-18,0,1,0.0,1.0,0.0
https://www.miaphotobooth.net/post/top-5-photo-booth-trends-in-miami-for-2026,2026-05-20,0,1,0.0,1.0,0.0
https://www.miaphotobooth.net/post/top-5-photo-booth-trends-in-miami-for-2026,2026-05-22,0,1,0.0,11.0,0.0
https://www.miaphotobooth.net/post/top-5-photo-booth-trends-in-miami-for-2026,2026-05-23,0,1,0.0,6.0,0.0
https://www.miaphotobooth.net/post/top-5-photo-booth-trends-in-miami-for-2026,2026-05-29,0,1,0.0,9.0,0.0
https://www.miaphotobooth.net/post/top-5-photo-booth-trends-in-miami-for-2026,2026-05-30,0,1,0.0,9.0,0.0
https://www.miaphotobooth.net/post/top-christmas-photo-booth-prop-ideas-for-festive-fun,2026-03-26,0,2,0.0,6.0,0.0
https://www.miaphotobooth.net/post/top-christmas-photo-booth-prop-ideas-for-festive-fun,2026-03-27,0,1,0.0,8.0,0.0
https://www.miaphotobooth.net/post/top-christmas-photo-booth-prop-ideas-for-festive-fun,2026-03-29,0,1,0.0,4.0,0.0
https://www.miaphotobooth.net/post/top-christmas-photo-booth-prop-ideas-for-festive-fun,2026-04-04,0,1,0.0,4.0,0.0
https://www.miaphotobooth.net/post/top-christmas-photo-booth-prop-ideas-for-festive-fun,2026-04-09,0,2,0.0,6.5,0.0
https://www.miaphotobooth.net/post/top-christmas-photo-booth-prop-ideas-for-festive-fun,2026-04-14,0,1,0.0,8.0,0.0
https://www.miaphotobooth.net/post/what-are-the-photo-booth-pictures-called-understanding-photo-booth-photos,2026-03-07,0,333,0.0,3.3453453453453452,0.0
https://www.miaphotobooth.net/post/what-are-the-photo-booth-pictures-called-understanding-photo-booth-photos,2026-03-08,0,349,0.0,3.140401146131805,0.0
https://www.miaphotobooth.net/post/what-are-the-photo-booth-pictures-called-understanding-photo-booth-photos,2026-03-11,0,349,0.0,3.0830945558739256,0.0
https://www.miaphotobooth.net/post/what-are-the-photo-booth-pictures-called-understanding-photo-booth-photos,2026-03-13,0,386,0.0,3.5854922279792745,0.0
https://www.miaphotobooth.net/post/what-are-the-photo-booth-pictures-called-understanding-photo-booth-photos,2026-03-16,0,471,0.0,3.2144373673036095,0.0
https://www.miaphotobooth.net/post/what-are-the-photo-booth-pictures-called-understanding-photo-booth-photos,2026-03-21,0,432,0.0,3.759259259259259,0.0
https://www.miaphotobooth.net/post/what-are-the-photo-booth-pictures-called-understanding-photo-booth-photos,2026-03-23,0,398,0.0,3.2663316582914574,0.0
https://www.miaphotobooth.net/post/what-are-the-photo-booth-pictures-called-understanding-photo-booth-photos,2026-03-28,0,457,0.0,2.724288840262582,0.0
https://www.miaphotobooth.net/post/what-are-the-photo-booth-pictures-called-understanding-photo-booth-photos,2026-03-31,0,538,0.0,3.1115241635687734,0.0
https://www.miaphotobooth.net/post/what-are-the-photo-booth-pictures-called-understanding-photo-booth-photos,2026-04-02,0,456,0.0,2.9912280701754383,0.0
https://www.miaphotobooth.net/post/what-are-the-photo-booth-pictures-called-understanding-photo-booth-photos,2026-04-04,0,442,0.0,3.764705882352941,0.0
https://www.miaphotobooth.net/post/what-are-the-photo-booth-pictures-called-understanding-photo-booth-photos,2026-04-09,0,447,0.0,3.2460850111856825,0.0
https://www.miaphotobooth.net/post/what-are-the-photo-booth-pictures-called-understanding-photo-booth-photos,2026-04-10,0,426,0.0,2.97887323943662,0.0
https://www.miaphotobooth.net/post/what-are-the-photo-booth-pictures-called-understanding-photo-booth-photos,2026-04-11,0,474,0.0,3.0928270042194095,0.0
https://www.miaphotobooth.net/post/what-are-the-photo-booth-pictures-called-understanding-photo-booth-photos,2026-04-12,0,426,0.0,3.2370892018779345,0.0
https://www.miaphotobooth.net/post/what-are-the-photo-booth-pictures-called-understanding-photo-booth-photos,2026-04-16,0,410,0.0,3.317073170731707,0.0
https://www.miaphotobooth.net/post/what-are-the-photo-booth-pictures-called-understanding-photo-booth-photos,2026-04-17,0,476,0.0,3.063025210084034,0.0
https://www.miaphotobooth.net/post/what-are-the-photo-booth-pictures-called-understanding-photo-booth-photos,2026-04-20,0,442,0.0,3.1515837104072397,0.0
https://www.miaphotobooth.net/post/what-are-the-photo-booth-pictures-called-understanding-photo-booth-photos,2026-04-22,0,409,0.0,3.8557457212713935,0.0
https://www.miaphotobooth.net/post/what-are-the-photo-booth-pictures-called-understanding-photo-booth-photos,2026-04-26,0,366,0.0,4.213114754098361,0.0
https://www.miaphotobooth.net/post/what-are-the-photo-booth-pictures-called-understanding-photo-booth-photos,2026-04-30,0,405,0.0,3.6790123456790123,0.0
https://www.miaphotobooth.net/post/what-are-the-photo-booth-pictures-called-understanding-photo-booth-photos,2026-05-05,0,419,0.0,3.6014319809069213,0.0
https://www.miaphotobooth.net/post/what-are-the-photo-booth-pictures-called-understanding-photo-booth-photos,2026-05-08,0,428,0.0,3.0490654205607477,0.0
https://www.miaphotobooth.net/post/what-are-the-photo-booth-pictures-called-understanding-photo-booth-photos,2026-05-11,0,383,0.0,4.0626631853785895,0.0
https://www.miaphotobooth.net/post/what-are-the-photo-booth-pictures-called-understanding-photo-booth-photos,2026-05-13,0,340,0.0,4.7,0.0
https://www.miaphotobooth.net/post/what-are-the-photo-booth-pictures-called-understanding-photo-booth-photos,2026-05-16,0,331,0.0,3.8308157099697886,0.0
https://www.miaphotobooth.net/post/what-are-the-photo-booth-pictures-called-understanding-photo-booth-photos,2026-05-19,0,392,0.0,3.691326530612245,0.0
https://www.miaphotobooth.net/post/what-are-the-photo-booth-pictures-called-understanding-photo-booth-photos,2026-05-20,0,452,0.0,3.6814159292035398,0.0
https://www.miaphotobooth.net/post/what-are-the-photo-booth-pictures-called-understanding-photo-booth-photos,2026-05-29,0,291,0.0,3.865979381443299,0.0
https://www.miaphotobooth.net/post/what-are-the-photo-booth-pictures-called-understanding-photo-booth-photos,2026-05-30,0,249,0.0,3.6626506024096384,0.0
https://www.miaphotobooth.net/post/what-do-360-photo-booth-pictures-look-like,2026-03-04,0,1,0.0,5.0,0.0
https://www.miaphotobooth.net/post/what-do-360-photo-booth-pictures-look-like,2026-03-05,0,2,0.0,9.0,0.0
https://www.miaphotobooth.net/post/what-do-360-photo-booth-pictures-look-like,2026-03-06,0,4,0.0,10.75,0.0
https://www.miaphotobooth.net/post/what-do-360-photo-booth-pictures-look-like,2026-03-08,0,2,0.0,5.0,0.0
https://www.miaphotobooth.net/post/what-do-360-photo-booth-pictures-look-like,2026-03-09,0,4,0.0,7.0,0.0
https://www.miaphotobooth.net/post/what-do-360-photo-booth-pictures-look-like,2026-03-11,0,14,0.0,6.428571428571429,0.0
https://www.miaphotobooth.net/post/what-do-360-photo-booth-pictures-look-like,2026-03-14,0,4,0.0,7.0,0.0
https://www.miaphotobooth.net/post/what-do-360-photo-booth-pictures-look-like,2026-03-15,0,3,0.0,9.666666666666666,0.0
https://www.miaphotobooth.net/post/what-do-360-photo-booth-pictures-look-like,2026-03-18,0,3,0.0,6.666666666666667,0.0
https://www.miaphotobooth.net/post/what-do-360-photo-booth-pictures-look-like,2026-03-19,0,1,0.0,8.0,0.0
https://www.miaphotobooth.net/post/what-do-360-photo-booth-pictures-look-like,2026-03-20,0,3,0.0,8.0,0.0
https://www.miaphotobooth.net/post/what-do-360-photo-booth-pictures-look-like,2026-03-21,0,2,0.0,3.5,0.0
https://www.miaphotobooth.net/post/what-do-360-photo-booth-pictures-look-like,2026-03-22,0,1,0.0,12.0,0.0
https://www.miaphotobooth.net/post/what-do-360-photo-booth-pictures-look-like,2026-03-24,0,2,0.0,6.0,0.0
https://www.miaphotobooth.net/post/what-do-360-photo-booth-pictures-look-like,2026-04-08,0,1,0.0,7.0,0.0
https://www.miaphotobooth.net/post/what-do-360-photo-booth-pictures-look-like,2026-04-09,0,1,0.0,7.0,0.0
https://www.miaphotobooth.net/post/what-do-360-photo-booth-pictures-look-like,2026-04-13,0,1,0.0,2.0,0.0
https://www.miaphotobooth.net/post/what-do-360-photo-booth-pictures-look-like,2026-04-14,0,1,0.0,4.0,0.0
https://www.miaphotobooth.net/post/what-do-360-photo-booth-pictures-look-like,2026-05-07,0,2,0.0,26.5,0.0
https://www.miaphotobooth.net/post/what-do-360-photo-booth-pictures-look-like,2026-05-08,0,8,0.0,23.625,0.0
https://www.miaphotobooth.net/post/what-do-360-photo-booth-pictures-look-like,2026-05-09,0,9,0.0,12.555555555555555,0.0
https://www.miaphotobooth.net/post/what-do-360-photo-booth-pictures-look-like,2026-05-10,0,8,0.0,10.625,0.0
https://www.miaphotobooth.net/post/what-do-360-photo-booth-pictures-look-like,2026-05-11,0,6,0.0,14.833333333333334,0.0
https://www.miaphotobooth.net/post/what-do-360-photo-booth-pictures-look-like,2026-05-12,0,11,0.0,26.636363636363637,0.0
https://www.miaphotobooth.net/post/what-do-360-photo-booth-pictures-look-like,2026-05-13,0,16,0.0,10.25,0.0
https://www.miaphotobooth.net/post/what-do-360-photo-booth-pictures-look-like,2026-05-14,0,23,0.0,15.173913043478262,0.0
https://www.miaphotobooth.net/post/what-do-360-photo-booth-pictures-look-like,2026-05-15,0,54,0.0,7.277777777777778,0.0
https://www.miaphotobooth.net/post/what-do-360-photo-booth-pictures-look-like,2026-05-16,0,29,0.0,5.413793103448276,0.0
https://www.miaphotobooth.net/post/what-do-360-photo-booth-pictures-look-like,2026-05-17,0,43,0.0,9.418604651162791,0.0
https://www.miaphotobooth.net/post/what-do-360-photo-booth-pictures-look-like,2026-05-18,0,27,0.0,9.407407407407407,0.0
https://www.miaphotobooth.net/post/what-do-360-photo-booth-pictures-look-like,2026-05-19,0,39,0.0,4.6923076923076925,0.0
https://www.miaphotobooth.net/post/what-do-360-photo-booth-pictures-look-like,2026-05-21,0,43,0.0,12.651162790697674,0.0
https://www.miaphotobooth.net/post/what-do-360-photo-booth-pictures-look-like,2026-05-22,0,9,0.0,11.777777777777779,0.0
https://www.miaphotobooth.net/post/what-do-360-photo-booth-pictures-look-like,2026-05-23,0,19,0.0,7.7894736842105265,0.0
https://www.miaphotobooth.net/post/what-do-360-photo-booth-pictures-look-like,2026-05-24,0,13,0.0,33.07692307692308,0.0
https://www.miaphotobooth.net/post/what-do-360-photo-booth-pictures-look-like,2026-05-25,0,11,0.0,37.36363636363637,0.0
https://www.miaphotobooth.net/post/what-do-360-photo-booth-pictures-look-like,2026-05-27,0,23,0.0,24.47826086956522,0.0
https://www.miaphotobooth.net/post/what-do-360-photo-booth-pictures-look-like,2026-05-28,0,9,0.0,45.77777777777778,0.0
https://www.miaphotobooth.net/post/what-do-360-photo-booth-pictures-look-like,2026-05-29,0,28,0.0,15.642857142857142,0.0
https://www.miaphotobooth.net/post/what-do-360-photo-booth-pictures-look-like,2026-05-30,0,14,0.0,21.571428571428573,0.0
https://www.miaphotobooth.net/post/what-is-a-360-photo-booth-a-complete-guide-for-event-planners,2026-03-26,0,8,0.0,34.125,0.0
https://www.miaphotobooth.net/post/what-is-a-360-photo-booth-a-complete-guide-for-event-planners,2026-03-28,0,2,0.0,6.5,0.0
https://www.miaphotobooth.net/post/what-is-a-360-photo-booth-a-complete-guide-for-event-planners,2026-03-29,0,2,0.0,36.0,0.0
https://www.miaphotobooth.net/post/what-is-a-360-photo-booth-a-complete-guide-for-event-planners,2026-03-30,0,3,0.0,26.666666666666668,0.0
https://www.miaphotobooth.net/post/what-is-a-360-photo-booth-a-complete-guide-for-event-planners,2026-04-01,0,2,0.0,24.0,0.0
https://www.miaphotobooth.net/post/what-is-a-360-photo-booth-a-complete-guide-for-event-planners,2026-04-02,0,8,0.0,33.5,0.0
https://www.miaphotobooth.net/post/what-is-a-360-photo-booth-a-complete-guide-for-event-planners,2026-04-03,0,3,0.0,9.0,0.0
https://www.miaphotobooth.net/post/what-is-a-360-photo-booth-a-complete-guide-for-event-planners,2026-04-04,0,4,0.0,26.0,0.0
https://www.miaphotobooth.net/post/what-is-a-360-photo-booth-a-complete-guide-for-event-planners,2026-04-05,0,5,0.0,15.0,0.0
https://www.miaphotobooth.net/post/what-is-a-360-photo-booth-a-complete-guide-for-event-planners,2026-04-06,0,23,0.0,38.17391304347826,0.0
https://www.miaphotobooth.net/post/what-is-a-360-photo-booth-a-complete-guide-for-event-planners,2026-04-07,0,5,0.0,7.8,0.0
https://www.miaphotobooth.net/post/what-is-a-360-photo-booth-a-complete-guide-for-event-planners,2026-04-08,0,2,0.0,25.0,0.0
https://www.miaphotobooth.net/post/what-is-a-360-photo-booth-a-complete-guide-for-event-planners,2026-04-09,0,8,0.0,45.875,0.0
https://www.miaphotobooth.net/post/what-is-a-360-photo-booth-a-complete-guide-for-event-planners,2026-04-10,0,3,0.0,61.666666666666664,0.0
https://www.miaphotobooth.net/post/what-is-a-360-photo-booth-a-complete-guide-for-event-planners,2026-04-11,0,4,0.0,35.0,0.0
https://www.miaphotobooth.net/post/what-is-a-360-photo-booth-a-complete-guide-for-event-planners,2026-04-12,0,6,0.0,25.666666666666668,0.0
https://www.miaphotobooth.net/post/what-is-a-360-photo-booth-a-complete-guide-for-event-planners,2026-04-13,0,3,0.0,22.333333333333332,0.0
https://www.miaphotobooth.net/post/what-is-a-360-photo-booth-a-complete-guide-for-event-planners,2026-04-14,0,5,0.0,24.6,0.0
https://www.miaphotobooth.net/post/what-is-a-360-photo-booth-a-complete-guide-for-event-planners,2026-04-15,0,5,0.0,40.2,0.0
https://www.miaphotobooth.net/post/what-is-a-360-photo-booth-a-complete-guide-for-event-planners,2026-04-16,0,12,0.0,42.25,0.0
https://www.miaphotobooth.net/post/what-is-a-360-photo-booth-a-complete-guide-for-event-planners,2026-04-17,0,11,0.0,18.636363636363637,0.0
https://www.miaphotobooth.net/post/what-is-a-360-photo-booth-a-complete-guide-for-event-planners,2026-04-18,0,10,0.0,16.7,0.0
https://www.miaphotobooth.net/post/what-is-a-360-photo-booth-a-complete-guide-for-event-planners,2026-04-19,0,8,0.0,10.625,0.0
https://www.miaphotobooth.net/post/what-is-a-360-photo-booth-a-complete-guide-for-event-planners,2026-04-20,0,8,0.0,55.0,0.0
https://www.miaphotobooth.net/post/what-is-a-360-photo-booth-a-complete-guide-for-event-planners,2026-04-21,0,2,0.0,15.5,0.0
https://www.miaphotobooth.net/post/what-is-a-360-photo-booth-a-complete-guide-for-event-planners,2026-04-22,0,7,0.0,13.571428571428571,0.0
https://www.miaphotobooth.net/post/what-is-a-360-photo-booth-a-complete-guide-for-event-planners,2026-04-23,0,12,0.0,45.75,0.0
https://www.miaphotobooth.net/post/what-is-a-360-photo-booth-a-complete-guide-for-event-planners,2026-04-24,0,3,0.0,21.333333333333332,0.0
https://www.miaphotobooth.net/post/what-is-a-360-photo-booth-a-complete-guide-for-event-planners,2026-04-25,0,2,0.0,21.5,0.0
https://www.miaphotobooth.net/post/what-is-a-360-photo-booth-a-complete-guide-for-event-planners,2026-04-26,0,4,0.0,19.25,0.0
https://www.miaphotobooth.net/post/what-is-a-360-photo-booth-a-complete-guide-for-event-planners,2026-04-27,0,2,0.0,26.5,0.0
https://www.miaphotobooth.net/post/what-is-a-360-photo-booth-a-complete-guide-for-event-planners,2026-04-28,0,6,0.0,36.0,0.0
https://www.miaphotobooth.net/post/what-is-a-360-photo-booth-a-complete-guide-for-event-planners,2026-04-29,0,3,0.0,40.666666666666664,0.0
https://www.miaphotobooth.net/post/what-is-a-360-photo-booth-a-complete-guide-for-event-planners,2026-04-30,0,6,0.0,41.5,0.0
https://www.miaphotobooth.net/post/what-is-a-360-photo-booth-a-complete-guide-for-event-planners,2026-05-02,0,1,0.0,3.0,0.0
https://www.miaphotobooth.net/post/what-is-a-360-photo-booth-a-complete-guide-for-event-planners,2026-05-04,0,1,0.0,10.0,0.0
https://www.miaphotobooth.net/post/what-is-a-360-photo-booth-a-complete-guide-for-event-planners,2026-05-14,0,1,0.0,12.0,0.0
https://www.miaphotobooth.net/post/what-is-a-360-photo-booth-a-complete-guide-for-event-planners,2026-05-20,0,1,0.0,9.0,0.0
https://www.miaphotobooth.net/post/what-is-a-360-photo-booth-a-complete-guide-for-event-planners,2026-05-21,0,1,0.0,11.0,0.0
https://www.miaphotobooth.net/post/what-is-a-360-photo-booth-a-complete-guide-for-event-planners,2026-05-30,0,1,0.0,11.0,0.0
https://www.miaphotobooth.net/post/what-is-glamour-shots,2026-03-04,0,4,0.0,5.0,0.0
https://www.miaphotobooth.net/post/what-is-glamour-shots,2026-03-05,0,6,0.0,6.166666666666667,0.0
https://www.miaphotobooth.net/post/what-is-glamour-shots,2026-03-06,0,1,0.0,4.0,0.0
https://www.miaphotobooth.net/post/what-is-glamour-shots,2026-03-07,0,3,0.0,9.0,0.0
https://www.miaphotobooth.net/post/what-is-glamour-shots,2026-03-08,0,1,0.0,11.0,0.0
https://www.miaphotobooth.net/post/what-is-glamour-shots,2026-03-09,0,8,0.0,6.875,0.0
https://www.miaphotobooth.net/post/what-is-glamour-shots,2026-03-10,0,2,0.0,7.5,0.0
https://www.miaphotobooth.net/post/what-is-glamour-shots,2026-03-11,0,3,0.0,9.0,0.0
https://www.miaphotobooth.net/post/what-is-glamour-shots,2026-03-12,0,3,0.0,3.3333333333333335,0.0
https://www.miaphotobooth.net/post/what-is-glamour-shots,2026-03-14,0,5,0.0,9.2,0.0
https://www.miaphotobooth.net/post/what-is-glamour-shots,2026-03-15,0,4,0.0,7.25,0.0
https://www.miaphotobooth.net/post/what-is-glamour-shots,2026-03-16,0,3,0.0,6.0,0.0
https://www.miaphotobooth.net/post/what-is-glamour-shots,2026-03-17,0,2,0.0,3.0,0.0
https://www.miaphotobooth.net/post/what-is-glamour-shots,2026-03-18,0,6,0.0,10.166666666666666,0.0
https://www.miaphotobooth.net/post/what-is-glamour-shots,2026-03-19,0,1,0.0,6.0,0.0
https://www.miaphotobooth.net/post/what-is-glamour-shots,2026-03-20,0,1,0.0,11.0,0.0
https://www.miaphotobooth.net/post/what-is-glamour-shots,2026-03-21,0,16,0.0,7.6875,0.0
https://www.miaphotobooth.net/post/what-is-glamour-shots,2026-03-22,0,2,0.0,10.5,0.0
https://www.miaphotobooth.net/post/what-is-glamour-shots,2026-03-24,0,1,0.0,6.0,0.0
https://www.miaphotobooth.net/post/what-is-glamour-shots,2026-03-25,0,3,0.0,9.0,0.0
https://www.miaphotobooth.net/post/what-is-glamour-shots,2026-03-26,0,4,0.0,8.0,0.0
https://www.miaphotobooth.net/post/what-is-glamour-shots,2026-03-27,0,1,0.0,8.0,0.0
https://www.miaphotobooth.net/post/what-to-do-with-photo-booth-pictures,2026-03-06,0,2,0.0,4.5,0.0
https://www.miaphotobooth.net/post/what-to-do-with-photo-booth-pictures,2026-03-07,0,1,0.0,6.0,0.0
https://www.miaphotobooth.net/post/what-to-do-with-photo-booth-pictures,2026-03-08,0,1,0.0,1.0,0.0
https://www.miaphotobooth.net/post/what-to-do-with-photo-booth-pictures,2026-03-09,0,1,0.0,11.0,0.0
https://www.miaphotobooth.net/post/what-to-do-with-photo-booth-pictures,2026-03-11,0,2,0.0,11.5,0.0
https://www.miaphotobooth.net/post/what-to-do-with-photo-booth-pictures,2026-03-13,0,1,0.0,10.0,0.0
https://www.miaphotobooth.net/post/what-to-do-with-photo-booth-pictures,2026-03-15,0,2,0.0,5.5,0.0
https://www.miaphotobooth.net/post/what-to-do-with-photo-booth-pictures,2026-03-19,0,1,0.0,10.0,0.0
https://www.miaphotobooth.net/post/what-to-do-with-photo-booth-pictures,2026-03-20,0,1,0.0,13.0,0.0
https://www.miaphotobooth.net/post/what-to-do-with-photo-booth-pictures,2026-03-24,0,1,0.0,7.0,0.0
https://www.miaphotobooth.net/post/what-to-do-with-photo-booth-pictures,2026-03-25,0,1,0.0,6.0,0.0
https://www.miaphotobooth.net/post/what-to-do-with-photo-booth-pictures,2026-03-27,0,2,0.0,12.0,0.0
https://www.miaphotobooth.net/post/what-to-do-with-photo-booth-pictures,2026-04-02,0,1,0.0,11.0,0.0
https://www.miaphotobooth.net/post/what-to-do-with-photo-booth-pictures,2026-04-03,0,3,0.0,12.0,0.0
https://www.miaphotobooth.net/post/what-to-do-with-photo-booth-pictures,2026-04-04,0,2,0.0,10.0,0.0
https://www.miaphotobooth.net/post/what-to-do-with-photo-booth-pictures,2026-04-05,0,3,0.0,8.0,0.0
https://www.miaphotobooth.net/post/what-to-do-with-photo-booth-pictures,2026-04-06,0,1,0.0,11.0,0.0
https://www.miaphotobooth.net/post/what-to-do-with-photo-booth-pictures,2026-04-12,0,1,0.0,11.0,0.0
https://www.miaphotobooth.net/post/why-miami-events-are-loving-social-booths,2026-03-05,0,2,0.0,38.0,0.0
https://www.miaphotobooth.net/post/why-miami-events-are-loving-social-booths,2026-03-06,0,1,0.0,1.0,0.0
https://www.miaphotobooth.net/post/why-miami-events-are-loving-social-booths,2026-03-07,0,1,0.0,7.0,0.0
https://www.miaphotobooth.net/post/why-miami-events-are-loving-social-booths,2026-03-10,0,1,0.0,4.0,0.0
https://www.miaphotobooth.net/post/why-miami-events-are-loving-social-booths,2026-03-12,0,1,0.0,46.0,0.0
https://www.miaphotobooth.net/post/why-miami-events-are-loving-social-booths,2026-03-13,0,1,0.0,42.0,0.0
https://www.miaphotobooth.net/post/why-miami-events-are-loving-social-booths,2026-03-14,0,1,0.0,6.0,0.0
https://www.miaphotobooth.net/post/why-miami-events-are-loving-social-booths,2026-03-18,0,1,0.0,1.0,0.0
https://www.miaphotobooth.net/post/why-miami-events-are-loving-social-booths,2026-03-30,0,3,0.0,9.0,0.0
https://www.miaphotobooth.net/post/why-miami-events-are-loving-social-booths,2026-04-05,0,1,0.0,7.0,0.0
https://www.miaphotobooth.net/post/why-miami-events-are-loving-social-booths,2026-04-21,0,1,0.0,6.0,0.0
https://www.miaphotobooth.net/post/why-miami-events-are-loving-social-booths,2026-04-23,0,1,0.0,4.0,0.0
https://www.miaphotobooth.net/post/why-miami-events-are-loving-social-booths,2026-04-24,0,1,0.0,5.0,0.0
https://www.miaphotobooth.net/post/why-miami-events-are-loving-social-booths,2026-04-27,0,3,0.0,5.333333333333333,0.0
https://www.miaphotobooth.net/post/why-miami-events-are-loving-social-booths,2026-05-02,0,1,0.0,2.0,0.0
https://www.miaphotobooth.net/post/why-miami-events-are-loving-social-booths,2026-05-03,0,1,0.0,4.0,0.0
https://www.miaphotobooth.net/premier-photobooth-rental-in-miami-springs-fl,2026-03-04,0,1,0.0,1.0,0.0
https://www.miaphotobooth.net/premier-photobooth-rental-in-miami-springs-fl,2026-03-08,0,2,0.0,6.0,0.0
https://www.miaphotobooth.net/premier-photobooth-rental-in-miami-springs-fl,2026-03-12,0,3,0.0,40.333333333333336,0.0
https://www.miaphotobooth.net/premier-photobooth-rental-in-miami-springs-fl,2026-03-13,0,1,0.0,10.0,0.0
https://www.miaphotobooth.net/premier-photobooth-rental-in-miami-springs-fl,2026-03-14,0,1,0.0,1.0,0.0
https://www.miaphotobooth.net/premier-photobooth-rental-in-miami-springs-fl,2026-03-16,0,6,0.0,44.833333333333336,0.0
https://www.miaphotobooth.net/premier-photobooth-rental-in-miami-springs-fl,2026-03-18,0,4,0.0,16.0,0.0
https://www.miaphotobooth.net/premier-photobooth-rental-in-miami-springs-fl,2026-03-19,0,1,0.0,72.0,0.0
https://www.miaphotobooth.net/premier-photobooth-rental-in-miami-springs-fl,2026-03-20,0,4,0.0,22.25,0.0
https://www.miaphotobooth.net/premier-photobooth-rental-in-miami-springs-fl,2026-03-21,0,1,0.0,1.0,0.0
https://www.miaphotobooth.net/premier-photobooth-rental-in-miami-springs-fl,2026-03-22,0,2,0.0,5.0,0.0
https://www.miaphotobooth.net/premier-photobooth-rental-in-miami-springs-fl,2026-03-23,0,1,0.0,64.0,0.0
https://www.miaphotobooth.net/premier-photobooth-rental-in-miami-springs-fl,2026-03-24,0,1,0.0,26.0,0.0
https://www.miaphotobooth.net/premier-photobooth-rental-in-miami-springs-fl,2026-03-27,0,4,0.0,15.25,0.0
https://www.miaphotobooth.net/premier-photobooth-rental-in-miami-springs-fl,2026-03-29,0,2,0.0,4.0,0.0
https://www.miaphotobooth.net/premier-photobooth-rental-in-miami-springs-fl,2026-03-30,0,1,0.0,80.0,0.0
https://www.miaphotobooth.net/premier-photobooth-rental-in-miami-springs-fl,2026-04-01,0,6,0.0,21.666666666666668,0.0
https://www.miaphotobooth.net/premier-photobooth-rental-in-miami-springs-fl,2026-04-03,0,1,0.0,12.0,0.0
https://www.miaphotobooth.net/premier-photobooth-rental-in-miami-springs-fl,2026-04-04,0,5,0.0,48.2,0.0
https://www.miaphotobooth.net/premier-photobooth-rental-in-miami-springs-fl,2026-04-07,0,1,0.0,9.0,0.0
https://www.miaphotobooth.net/premier-photobooth-rental-in-miami-springs-fl,2026-04-11,0,1,0.0,1.0,0.0
https://www.miaphotobooth.net/premier-photobooth-rental-in-miami-springs-fl,2026-04-13,0,3,0.0,52.0,0.0
https://www.miaphotobooth.net/premier-photobooth-rental-in-miami-springs-fl,2026-04-15,0,2,0.0,85.5,0.0
https://www.miaphotobooth.net/premier-photobooth-rental-in-miami-springs-fl,2026-04-16,0,3,0.0,22.333333333333332,0.0
https://www.miaphotobooth.net/premier-photobooth-rental-in-miami-springs-fl,2026-04-20,0,1,0.0,1.0,0.0
https://www.miaphotobooth.net/premier-photobooth-rental-in-miami-springs-fl,2026-04-21,0,4,0.0,1.0,0.0
https://www.miaphotobooth.net/premier-photobooth-rental-in-miami-springs-fl,2026-04-22,0,4,0.0,44.25,0.0
https://www.miaphotobooth.net/premier-photobooth-rental-in-miami-springs-fl,2026-04-24,0,1,0.0,59.0,0.0
https://www.miaphotobooth.net/premier-photobooth-rental-in-miami-springs-fl,2026-04-25,0,2,0.0,3.5,0.0
https://www.miaphotobooth.net/premier-photobooth-rental-in-miami-springs-fl,2026-04-26,0,1,0.0,18.0,0.0
https://www.miaphotobooth.net/premier-photobooth-rental-in-miami-springs-fl,2026-04-30,0,1,0.0,9.0,0.0
https://www.miaphotobooth.net/premier-photobooth-rental-in-miami-springs-fl,2026-05-01,0,3,0.0,57.333333333333336,0.0
https://www.miaphotobooth.net/premier-photobooth-rental-in-miami-springs-fl,2026-05-02,0,2,0.0,34.5,0.0
https://www.miaphotobooth.net/premier-photobooth-rental-in-miami-springs-fl,2026-05-04,0,2,0.0,59.5,0.0
https://www.miaphotobooth.net/premier-photobooth-rental-in-miami-springs-fl,2026-05-05,0,1,0.0,38.0,0.0
https://www.miaphotobooth.net/premier-photobooth-rental-in-miami-springs-fl,2026-05-07,0,1,0.0,7.0,0.0
https://www.miaphotobooth.net/premier-photobooth-rental-in-miami-springs-fl,2026-05-09,0,1,0.0,11.0,0.0
https://www.miaphotobooth.net/premier-photobooth-rental-in-miami-springs-fl,2026-05-11,0,3,0.0,10.333333333333334,0.0
https://www.miaphotobooth.net/premier-photobooth-rental-in-miami-springs-fl,2026-05-13,0,4,0.0,63.5,0.0
https://www.miaphotobooth.net/premier-photobooth-rental-in-miami-springs-fl,2026-05-15,0,2,0.0,72.0,0.0
https://www.miaphotobooth.net/premier-photobooth-rental-in-miami-springs-fl,2026-05-18,0,10,0.0,1.4,0.0
https://www.miaphotobooth.net/premier-photobooth-rental-in-miami-springs-fl,2026-05-20,0,8,0.0,16.125,0.0
https://www.miaphotobooth.net/premier-photobooth-rental-in-miami-springs-fl,2026-05-23,0,1,0.0,84.0,0.0
https://www.miaphotobooth.net/premier-photobooth-rental-in-miami-springs-fl,2026-05-25,0,1,0.0,8.0,0.0
https://www.miaphotobooth.net/premier-photobooth-rental-in-miami-springs-fl,2026-05-30,0,1,0.0,98.0,0.0
https://www.miaphotobooth.net/premium-photo-booth-rental-in-olympia-heights-fl,2026-03-08,0,2,0.0,30.0,0.0
https://www.miaphotobooth.net/premium-photo-booth-rental-in-olympia-heights-fl,2026-03-12,0,3,0.0,34.666666666666664,0.0
https://www.miaphotobooth.net/premium-photo-booth-rental-in-olympia-heights-fl,2026-03-16,0,1,0.0,7.0,0.0
https://www.miaphotobooth.net/premium-photo-booth-rental-in-olympia-heights-fl,2026-03-18,0,1,0.0,8.0,0.0
https://www.miaphotobooth.net/premium-photo-booth-rental-in-olympia-heights-fl,2026-03-21,0,2,0.0,25.0,0.0
https://www.miaphotobooth.net/premium-photo-booth-rental-in-olympia-heights-fl,2026-03-24,0,1,0.0,12.0,0.0
https://www.miaphotobooth.net/premium-photo-booth-rental-in-olympia-heights-fl,2026-03-27,0,1,0.0,3.0,0.0
https://www.miaphotobooth.net/premium-photo-booth-rental-in-olympia-heights-fl,2026-03-28,0,1,0.0,12.0,0.0
https://www.miaphotobooth.net/premium-photo-booth-rental-in-olympia-heights-fl,2026-03-30,0,1,0.0,12.0,0.0
https://www.miaphotobooth.net/premium-photo-booth-rental-in-olympia-heights-fl,2026-04-05,0,2,0.0,40.0,0.0
https://www.miaphotobooth.net/premium-photo-booth-rental-in-olympia-heights-fl,2026-04-07,0,1,0.0,12.0,0.0
https://www.miaphotobooth.net/premium-photo-booth-rental-in-olympia-heights-fl,2026-04-10,0,1,0.0,10.0,0.0
https://www.miaphotobooth.net/premium-photo-booth-rental-in-olympia-heights-fl,2026-04-12,0,1,0.0,46.0,0.0
https://www.miaphotobooth.net/premium-photo-booth-rental-in-olympia-heights-fl,2026-04-14,0,1,0.0,13.0,0.0
https://www.miaphotobooth.net/premium-photo-booth-rental-in-olympia-heights-fl,2026-04-15,0,1,0.0,36.0,0.0
https://www.miaphotobooth.net/premium-photo-booth-rental-in-olympia-heights-fl,2026-04-22,0,3,0.0,5.0,0.0
https://www.miaphotobooth.net/premium-photo-booth-rental-in-olympia-heights-fl,2026-04-26,0,1,0.0,47.0,0.0
https://www.miaphotobooth.net/premium-photo-booth-rental-in-olympia-heights-fl,2026-05-01,0,1,0.0,7.0,0.0
https://www.miaphotobooth.net/premium-photo-booth-rental-in-olympia-heights-fl,2026-05-03,0,1,0.0,49.0,0.0
https://www.miaphotobooth.net/premium-photo-booth-rental-in-olympia-heights-fl,2026-05-04,0,1,0.0,78.0,0.0
https://www.miaphotobooth.net/premium-photo-booth-rental-in-olympia-heights-fl,2026-05-07,0,1,0.0,10.0,0.0
https://www.miaphotobooth.net/premium-photo-booth-rental-in-olympia-heights-fl,2026-05-08,0,4,0.0,9.25,0.0
https://www.miaphotobooth.net/premium-photo-booth-rental-in-olympia-heights-fl,2026-05-09,0,1,0.0,13.0,0.0
https://www.miaphotobooth.net/premium-photo-booth-rental-in-olympia-heights-fl,2026-05-10,0,1,0.0,49.0,0.0
https://www.miaphotobooth.net/premium-photo-booth-rental-in-olympia-heights-fl,2026-05-11,0,2,0.0,26.0,0.0
https://www.miaphotobooth.net/premium-photo-booth-rental-in-olympia-heights-fl,2026-05-12,0,3,0.0,8.333333333333332,0.0
https://www.miaphotobooth.net/premium-photo-booth-rental-in-olympia-heights-fl,2026-05-13,0,1,0.0,7.0,0.0
https://www.miaphotobooth.net/premium-photo-booth-rental-in-olympia-heights-fl,2026-05-14,0,1,0.0,12.0,0.0
https://www.miaphotobooth.net/premium-photo-booth-rental-in-olympia-heights-fl,2026-05-15,0,1,0.0,84.0,0.0
https://www.miaphotobooth.net/premium-photo-booth-rental-in-olympia-heights-fl,2026-05-25,0,1,0.0,13.0,0.0
https://www.miaphotobooth.net/premium-photo-booth-rental-in-olympia-heights-fl,2026-05-27,0,1,0.0,11.0,0.0
https://www.miaphotobooth.net/premium-photo-booth-rental-in-olympia-heights-fl,2026-05-28,0,2,0.0,3.0,0.0
https://www.miaphotobooth.net/prime-photo-booth-rental-in-southeast-gables-fl,2026-03-04,0,4,0.0,56.0,0.0
https://www.miaphotobooth.net/prime-photo-booth-rental-in-southeast-gables-fl,2026-03-05,0,6,0.0,41.166666666666664,0.0
https://www.miaphotobooth.net/prime-photo-booth-rental-in-southeast-gables-fl,2026-03-06,0,6,0.0,66.66666666666667,0.0
https://www.miaphotobooth.net/prime-photo-booth-rental-in-southeast-gables-fl,2026-03-07,0,6,0.0,42.833333333333336,0.0
https://www.miaphotobooth.net/prime-photo-booth-rental-in-southeast-gables-fl,2026-03-08,0,5,0.0,46.2,0.0
https://www.miaphotobooth.net/prime-photo-booth-rental-in-southeast-gables-fl,2026-03-09,0,5,0.0,63.8,0.0
https://www.miaphotobooth.net/prime-photo-booth-rental-in-southeast-gables-fl,2026-03-10,0,8,0.0,37.625,0.0
https://www.miaphotobooth.net/prime-photo-booth-rental-in-southeast-gables-fl,2026-03-11,0,6,0.0,64.0,0.0
https://www.miaphotobooth.net/prime-photo-booth-rental-in-southeast-gables-fl,2026-03-12,0,9,0.0,42.22222222222222,0.0
https://www.miaphotobooth.net/prime-photo-booth-rental-in-southeast-gables-fl,2026-03-13,0,5,0.0,44.0,0.0
https://www.miaphotobooth.net/prime-photo-booth-rental-in-southeast-gables-fl,2026-03-14,0,6,0.0,48.166666666666664,0.0
https://www.miaphotobooth.net/prime-photo-booth-rental-in-southeast-gables-fl,2026-03-15,0,7,0.0,40.0,0.0
https://www.miaphotobooth.net/prime-photo-booth-rental-in-southeast-gables-fl,2026-03-16,0,10,0.0,41.6,0.0
https://www.miaphotobooth.net/prime-photo-booth-rental-in-southeast-gables-fl,2026-03-17,0,13,0.0,32.46153846153846,0.0
https://www.miaphotobooth.net/prime-photo-booth-rental-in-southeast-gables-fl,2026-03-18,0,5,0.0,38.8,0.0
https://www.miaphotobooth.net/prime-photo-booth-rental-in-southeast-gables-fl,2026-03-19,0,7,0.0,39.857142857142854,0.0
https://www.miaphotobooth.net/prime-photo-booth-rental-in-southeast-gables-fl,2026-03-20,0,9,0.0,30.11111111111111,0.0
https://www.miaphotobooth.net/prime-photo-booth-rental-in-southeast-gables-fl,2026-03-21,0,5,0.0,53.4,0.0
https://www.miaphotobooth.net/prime-photo-booth-rental-in-southeast-gables-fl,2026-03-22,0,3,0.0,53.333333333333336,0.0
https://www.miaphotobooth.net/prime-photo-booth-rental-in-southeast-gables-fl,2026-03-23,0,6,0.0,55.0,0.0
https://www.miaphotobooth.net/prime-photo-booth-rental-in-southeast-gables-fl,2026-03-24,0,8,0.0,53.75,0.0
https://www.miaphotobooth.net/prime-photo-booth-rental-in-southeast-gables-fl,2026-03-25,0,3,0.0,24.666666666666668,0.0
https://www.miaphotobooth.net/prime-photo-booth-rental-in-southeast-gables-fl,2026-03-26,0,4,0.0,48.5,0.0
https://www.miaphotobooth.net/prime-photo-booth-rental-in-southeast-gables-fl,2026-03-27,0,6,0.0,43.666666666666664,0.0
https://www.miaphotobooth.net/prime-photo-booth-rental-in-southeast-gables-fl,2026-03-28,0,4,0.0,46.25,0.0
https://www.miaphotobooth.net/prime-photo-booth-rental-in-southeast-gables-fl,2026-03-29,0,5,0.0,45.4,0.0
https://www.miaphotobooth.net/prime-photo-booth-rental-in-southeast-gables-fl,2026-03-30,0,5,0.0,40.0,0.0
https://www.miaphotobooth.net/prime-photo-booth-rental-in-southeast-gables-fl,2026-03-31,0,7,0.0,39.0,0.0
https://www.miaphotobooth.net/prime-photo-booth-rental-in-southeast-gables-fl,2026-04-01,0,7,0.0,54.57142857142857,0.0
https://www.miaphotobooth.net/prime-photo-booth-rental-in-southeast-gables-fl,2026-04-02,0,4,0.0,48.5,0.0
https://www.miaphotobooth.net/prime-photo-booth-rental-in-southeast-gables-fl,2026-04-03,0,4,0.0,47.5,0.0
https://www.miaphotobooth.net/prime-photo-booth-rental-in-southeast-gables-fl,2026-04-04,0,5,0.0,16.2,0.0
https://www.miaphotobooth.net/prime-photo-booth-rental-in-southeast-gables-fl,2026-04-05,0,4,0.0,51.75,0.0
https://www.miaphotobooth.net/prime-photo-booth-rental-in-southeast-gables-fl,2026-04-06,0,2,0.0,65.0,0.0
https://www.miaphotobooth.net/prime-photo-booth-rental-in-southeast-gables-fl,2026-04-07,0,6,0.0,39.833333333333336,0.0
https://www.miaphotobooth.net/prime-photo-booth-rental-in-southeast-gables-fl,2026-04-08,0,3,0.0,52.333333333333336,0.0
https://www.miaphotobooth.net/prime-photo-booth-rental-in-southeast-gables-fl,2026-04-09,0,2,0.0,40.0,0.0
https://www.miaphotobooth.net/prime-photo-booth-rental-in-southeast-gables-fl,2026-04-10,0,3,0.0,72.0,0.0
https://www.miaphotobooth.net/prime-photo-booth-rental-in-southeast-gables-fl,2026-04-11,0,9,0.0,50.0,0.0
https://www.miaphotobooth.net/prime-photo-booth-rental-in-southeast-gables-fl,2026-04-12,0,5,0.0,60.2,0.0
https://www.miaphotobooth.net/prime-photo-booth-rental-in-southeast-gables-fl,2026-04-13,0,3,0.0,74.0,0.0
https://www.miaphotobooth.net/prime-photo-booth-rental-in-southeast-gables-fl,2026-04-14,0,6,0.0,59.0,0.0
https://www.miaphotobooth.net/prime-photo-booth-rental-in-southeast-gables-fl,2026-04-15,0,4,0.0,58.25,0.0
https://www.miaphotobooth.net/prime-photo-booth-rental-in-southeast-gables-fl,2026-04-16,0,5,0.0,54.8,0.0
https://www.miaphotobooth.net/prime-photo-booth-rental-in-southeast-gables-fl,2026-04-17,0,3,0.0,59.333333333333336,0.0
https://www.miaphotobooth.net/prime-photo-booth-rental-in-southeast-gables-fl,2026-04-18,0,2,0.0,70.0,0.0
https://www.miaphotobooth.net/prime-photo-booth-rental-in-southeast-gables-fl,2026-04-19,0,2,0.0,72.0,0.0
https://www.miaphotobooth.net/prime-photo-booth-rental-in-southeast-gables-fl,2026-04-20,0,4,0.0,60.25,0.0
https://www.miaphotobooth.net/prime-photo-booth-rental-in-southeast-gables-fl,2026-04-21,0,2,0.0,70.0,0.0
https://www.miaphotobooth.net/prime-photo-booth-rental-in-southeast-gables-fl,2026-04-22,0,8,0.0,28.75,0.0
https://www.miaphotobooth.net/prime-photo-booth-rental-in-southeast-gables-fl,2026-04-23,0,2,0.0,68.0,0.0
https://www.miaphotobooth.net/prime-photo-booth-rental-in-southeast-gables-fl,2026-04-24,0,5,0.0,54.6,0.0
https://www.miaphotobooth.net/prime-photo-booth-rental-in-southeast-gables-fl,2026-04-25,0,3,0.0,68.0,0.0
https://www.miaphotobooth.net/prime-photo-booth-rental-in-southeast-gables-fl,2026-04-26,0,6,0.0,57.166666666666664,0.0
https://www.miaphotobooth.net/prime-photo-booth-rental-in-southeast-gables-fl,2026-04-27,0,5,0.0,45.2,0.0
https://www.miaphotobooth.net/prime-photo-booth-rental-in-southeast-gables-fl,2026-04-28,0,5,0.0,56.8,0.0
https://www.miaphotobooth.net/prime-photo-booth-rental-in-southeast-gables-fl,2026-04-29,0,3,0.0,61.666666666666664,0.0
https://www.miaphotobooth.net/prime-photo-booth-rental-in-southeast-gables-fl,2026-04-30,0,1,0.0,64.0,0.0
https://www.miaphotobooth.net/prime-photo-booth-rental-in-southeast-gables-fl,2026-05-01,0,4,0.0,58.25,0.0
https://www.miaphotobooth.net/prime-photo-booth-rental-in-southeast-gables-fl,2026-05-02,0,7,0.0,69.14285714285714,0.0
https://www.miaphotobooth.net/prime-photo-booth-rental-in-southeast-gables-fl,2026-05-03,0,4,0.0,69.75,0.0
https://www.miaphotobooth.net/prime-photo-booth-rental-in-southeast-gables-fl,2026-05-04,0,9,0.0,31.333333333333332,0.0
https://www.miaphotobooth.net/prime-photo-booth-rental-in-southeast-gables-fl,2026-05-05,0,4,0.0,63.75,0.0
https://www.miaphotobooth.net/prime-photo-booth-rental-in-southeast-gables-fl,2026-05-06,0,1,0.0,85.0,0.0
https://www.miaphotobooth.net/prime-photo-booth-rental-in-southeast-gables-fl,2026-05-07,0,4,0.0,54.25,0.0
https://www.miaphotobooth.net/prime-photo-booth-rental-in-southeast-gables-fl,2026-05-08,0,2,0.0,23.0,0.0
https://www.miaphotobooth.net/prime-photo-booth-rental-in-southeast-gables-fl,2026-05-09,0,3,0.0,38.0,0.0
https://www.miaphotobooth.net/prime-photo-booth-rental-in-southeast-gables-fl,2026-05-10,0,1,0.0,92.0,0.0
https://www.miaphotobooth.net/prime-photo-booth-rental-in-southeast-gables-fl,2026-05-11,0,2,0.0,65.5,0.0
https://www.miaphotobooth.net/prime-photo-booth-rental-in-southeast-gables-fl,2026-05-12,0,3,0.0,74.0,0.0
https://www.miaphotobooth.net/prime-photo-booth-rental-in-southeast-gables-fl,2026-05-13,0,1,0.0,94.0,0.0
https://www.miaphotobooth.net/prime-photo-booth-rental-in-southeast-gables-fl,2026-05-15,0,5,0.0,16.2,0.0
https://www.miaphotobooth.net/prime-photo-booth-rental-in-southeast-gables-fl,2026-05-16,0,1,0.0,84.0,0.0
https://www.miaphotobooth.net/prime-photo-booth-rental-in-southeast-gables-fl,2026-05-17,0,2,0.0,88.5,0.0
https://www.miaphotobooth.net/prime-photo-booth-rental-in-southeast-gables-fl,2026-05-18,0,1,0.0,95.0,0.0
https://www.miaphotobooth.net/prime-photo-booth-rental-in-southeast-gables-fl,2026-05-19,0,4,0.0,66.25,0.0
https://www.miaphotobooth.net/prime-photo-booth-rental-in-southeast-gables-fl,2026-05-20,0,6,0.0,39.5,0.0
https://www.miaphotobooth.net/prime-photo-booth-rental-in-southeast-gables-fl,2026-05-21,0,4,0.0,74.0,0.0
https://www.miaphotobooth.net/prime-photo-booth-rental-in-southeast-gables-fl,2026-05-22,0,2,0.0,82.0,0.0
https://www.miaphotobooth.net/prime-photo-booth-rental-in-southeast-gables-fl,2026-05-23,0,4,0.0,75.25,0.0
https://www.miaphotobooth.net/prime-photo-booth-rental-in-southeast-gables-fl,2026-05-24,0,2,0.0,84.5,0.0
https://www.miaphotobooth.net/prime-photo-booth-rental-in-southeast-gables-fl,2026-05-25,0,3,0.0,58.666666666666664,0.0
https://www.miaphotobooth.net/prime-photo-booth-rental-in-southeast-gables-fl,2026-05-26,0,1,0.0,11.0,0.0
https://www.miaphotobooth.net/prime-photo-booth-rental-in-southeast-gables-fl,2026-05-27,0,2,0.0,65.5,0.0
https://www.miaphotobooth.net/prime-photo-booth-rental-in-southeast-gables-fl,2026-05-28,0,1,0.0,17.0,0.0
https://www.miaphotobooth.net/prime-photo-booth-rental-in-southeast-gables-fl,2026-05-29,0,2,0.0,67.0,0.0
https://www.miaphotobooth.net/professional-photo-booth-rental-in-university-park-fl,2026-03-06,0,1,0.0,31.0,0.0
https://www.miaphotobooth.net/professional-photo-booth-rental-in-university-park-fl,2026-03-11,0,1,0.0,6.0,0.0
https://www.miaphotobooth.net/professional-photo-booth-rental-in-university-park-fl,2026-03-12,0,3,0.0,46.333333333333336,0.0
https://www.miaphotobooth.net/professional-photo-booth-rental-in-university-park-fl,2026-03-17,0,3,0.0,31.666666666666668,0.0
https://www.miaphotobooth.net/professional-photo-booth-rental-in-university-park-fl,2026-03-20,0,2,0.0,10.0,0.0
https://www.miaphotobooth.net/professional-photo-booth-rental-in-university-park-fl,2026-03-21,0,1,0.0,49.0,0.0
https://www.miaphotobooth.net/professional-photo-booth-rental-in-university-park-fl,2026-03-25,0,1,0.0,33.0,0.0
https://www.miaphotobooth.net/professional-photo-booth-rental-in-university-park-fl,2026-03-27,0,1,0.0,74.0,0.0
https://www.miaphotobooth.net/professional-photo-booth-rental-in-university-park-fl,2026-04-04,0,1,0.0,84.0,0.0
https://www.miaphotobooth.net/professional-photo-booth-rental-in-university-park-fl,2026-04-08,0,1,0.0,17.0,0.0
https://www.miaphotobooth.net/professional-photo-booth-rental-in-university-park-fl,2026-04-10,0,1,0.0,8.0,0.0
https://www.miaphotobooth.net/professional-photo-booth-rental-in-university-park-fl,2026-04-11,0,1,0.0,7.0,0.0
https://www.miaphotobooth.net/professional-photo-booth-rental-in-university-park-fl,2026-04-14,0,1,0.0,39.0,0.0
https://www.miaphotobooth.net/professional-photo-booth-rental-in-university-park-fl,2026-04-15,0,1,0.0,8.0,0.0
https://www.miaphotobooth.net/professional-photo-booth-rental-in-university-park-fl,2026-04-21,0,1,0.0,11.0,0.0
https://www.miaphotobooth.net/professional-photo-booth-rental-in-university-park-fl,2026-04-23,0,1,0.0,19.0,0.0
https://www.miaphotobooth.net/professional-photo-booth-rental-in-university-park-fl,2026-04-29,0,1,0.0,10.0,0.0
https://www.miaphotobooth.net/professional-photo-booth-rental-in-university-park-fl,2026-04-30,0,1,0.0,7.0,0.0
https://www.miaphotobooth.net/professional-photo-booth-rental-in-university-park-fl,2026-05-03,0,2,0.0,6.5,0.0
https://www.miaphotobooth.net/professional-photo-booth-rental-in-university-park-fl,2026-05-04,0,2,0.0,55.0,0.0
https://www.miaphotobooth.net/professional-photo-booth-rental-in-university-park-fl,2026-05-12,0,1,0.0,12.0,0.0
https://www.miaphotobooth.net/professional-photo-booth-rental-in-university-park-fl,2026-05-20,0,1,0.0,6.0,0.0
https://www.miaphotobooth.net/professional-photo-booth-rental-in-university-park-fl,2026-05-25,0,2,0.0,33.5,0.0
https://www.miaphotobooth.net/professional-photo-booth-rental-in-university-park-fl,2026-05-26,0,1,0.0,56.0,0.0
https://www.miaphotobooth.net/quality-photo-booth-rental-in-spring-garden-fl,2026-04-04,0,2,0.0,86.0,0.0
https://www.miaphotobooth.net/quality-photo-booth-rental-in-spring-garden-fl,2026-04-08,0,2,0.0,9.0,0.0
https://www.miaphotobooth.net/quality-photo-booth-rental-in-spring-garden-fl,2026-04-10,0,1,0.0,81.0,0.0
https://www.miaphotobooth.net/quality-photo-booth-rental-in-spring-garden-fl,2026-04-16,0,1,0.0,8.0,0.0
https://www.miaphotobooth.net/quality-photo-booth-rental-in-spring-garden-fl,2026-04-22,0,1,0.0,92.0,0.0
https://www.miaphotobooth.net/quality-photo-booth-rental-in-spring-garden-fl,2026-04-24,0,3,0.0,66.33333333333333,0.0
https://www.miaphotobooth.net/quality-photo-booth-rental-in-spring-garden-fl,2026-04-25,0,2,0.0,7.0,0.0
https://www.miaphotobooth.net/quality-photo-booth-rental-in-spring-garden-fl,2026-05-02,0,1,0.0,7.0,0.0
https://www.miaphotobooth.net/quality-photo-booth-rental-in-spring-garden-fl,2026-05-04,0,2,0.0,96.0,0.0
https://www.miaphotobooth.net/quality-photo-booth-rental-in-spring-garden-fl,2026-05-06,0,2,0.0,10.5,0.0
https://www.miaphotobooth.net/quality-photo-booth-rental-in-spring-garden-fl,2026-05-08,0,1,0.0,3.0,0.0
https://www.miaphotobooth.net/quality-photo-booth-rental-in-spring-garden-fl,2026-05-12,0,1,0.0,90.0,0.0
https://www.miaphotobooth.net/quality-photo-booth-rental-in-spring-garden-fl,2026-05-15,0,1,0.0,7.0,0.0
https://www.miaphotobooth.net/quality-photo-booth-rental-in-spring-garden-fl,2026-05-16,0,1,0.0,6.0,0.0
https://www.miaphotobooth.net/quality-photo-booth-rental-in-spring-garden-fl,2026-05-17,0,1,0.0,82.0,0.0
https://www.miaphotobooth.net/quality-photo-booth-rental-in-spring-garden-fl,2026-05-20,0,1,0.0,6.0,0.0
https://www.miaphotobooth.net/quality-photo-booth-rental-in-spring-garden-fl,2026-05-26,0,1,0.0,11.0,0.0
https://www.miaphotobooth.net/quality-photo-booth-rental-in-spring-garden-fl,2026-05-29,0,1,0.0,3.0,0.0
https://www.miaphotobooth.net/quality-photo-booth-rental-in-spring-garden-fl,2026-05-30,0,1,0.0,80.0,0.0
https://www.miaphotobooth.net/reliable-photo-booth-rental-in-flagami-fl,2026-03-04,0,3,0.0,43.333333333333336,0.0
https://www.miaphotobooth.net/reliable-photo-booth-rental-in-flagami-fl,2026-03-06,0,1,0.0,30.0,0.0
https://www.miaphotobooth.net/reliable-photo-booth-rental-in-flagami-fl,2026-03-07,0,2,0.0,13.5,0.0
https://www.miaphotobooth.net/reliable-photo-booth-rental-in-flagami-fl,2026-03-09,0,2,0.0,9.5,0.0
https://www.miaphotobooth.net/reliable-photo-booth-rental-in-flagami-fl,2026-03-12,0,2,0.0,22.5,0.0
https://www.miaphotobooth.net/reliable-photo-booth-rental-in-flagami-fl,2026-03-16,0,2,0.0,6.5,0.0
https://www.miaphotobooth.net/reliable-photo-booth-rental-in-flagami-fl,2026-03-17,0,3,0.0,29.0,0.0
https://www.miaphotobooth.net/reliable-photo-booth-rental-in-flagami-fl,2026-03-20,0,3,0.0,17.333333333333332,0.0
https://www.miaphotobooth.net/reliable-photo-booth-rental-in-flagami-fl,2026-03-23,0,1,0.0,79.0,0.0
https://www.miaphotobooth.net/reliable-photo-booth-rental-in-flagami-fl,2026-03-24,0,2,0.0,33.5,0.0
https://www.miaphotobooth.net/reliable-photo-booth-rental-in-flagami-fl,2026-04-01,0,3,0.0,8.333333333333332,0.0
https://www.miaphotobooth.net/reliable-photo-booth-rental-in-flagami-fl,2026-04-04,0,2,0.0,26.0,0.0
https://www.miaphotobooth.net/reliable-photo-booth-rental-in-flagami-fl,2026-04-10,0,1,0.0,68.0,0.0
https://www.miaphotobooth.net/reliable-photo-booth-rental-in-flagami-fl,2026-04-11,0,1,0.0,58.0,0.0
https://www.miaphotobooth.net/reliable-photo-booth-rental-in-flagami-fl,2026-04-14,0,1,0.0,23.0,0.0
https://www.miaphotobooth.net/reliable-photo-booth-rental-in-flagami-fl,2026-04-21,0,2,0.0,6.0,0.0
https://www.miaphotobooth.net/reliable-photo-booth-rental-in-flagami-fl,2026-04-22,0,1,0.0,12.0,0.0
https://www.miaphotobooth.net/reliable-photo-booth-rental-in-flagami-fl,2026-04-25,0,1,0.0,69.0,0.0
https://www.miaphotobooth.net/reliable-photo-booth-rental-in-flagami-fl,2026-05-02,0,1,0.0,10.0,0.0
https://www.miaphotobooth.net/reliable-photo-booth-rental-in-flagami-fl,2026-05-04,0,4,0.0,8.0,0.0
https://www.miaphotobooth.net/reliable-photo-booth-rental-in-flagami-fl,2026-05-12,0,1,0.0,57.0,0.0
https://www.miaphotobooth.net/reliable-photo-booth-rental-in-flagami-fl,2026-05-13,0,1,0.0,17.0,0.0
https://www.miaphotobooth.net/reliable-photo-booth-rental-in-flagami-fl,2026-05-14,0,1,0.0,12.0,0.0
https://www.miaphotobooth.net/reliable-photo-booth-rental-in-flagami-fl,2026-05-15,0,2,0.0,95.0,0.0
https://www.miaphotobooth.net/reliable-photo-booth-rental-in-flagami-fl,2026-05-16,0,2,0.0,6.0,0.0
https://www.miaphotobooth.net/reliable-photo-booth-rental-in-flagami-fl,2026-05-19,0,1,0.0,12.0,0.0
https://www.miaphotobooth.net/reliable-photo-booth-rental-in-flagami-fl,2026-05-20,0,8,0.0,46.625,0.0
https://www.miaphotobooth.net/reliable-photo-booth-rental-in-flagami-fl,2026-05-26,0,3,0.0,13.333333333333334,0.0
https://www.miaphotobooth.net/roamer-booth,2026-03-04,0,4,0.0,2.75,0.0
https://www.miaphotobooth.net/roamer-booth,2026-03-06,0,7,0.0,19.142857142857142,0.0
https://www.miaphotobooth.net/roamer-booth,2026-03-07,0,7,0.0,21.285714285714285,0.0
https://www.miaphotobooth.net/roamer-booth,2026-03-08,0,5,0.0,16.4,0.0
https://www.miaphotobooth.net/roamer-booth,2026-03-09,0,14,0.0,18.0,0.0
https://www.miaphotobooth.net/roamer-booth,2026-03-10,0,9,0.0,12.0,0.0
https://www.miaphotobooth.net/roamer-booth,2026-03-11,0,7,0.0,19.285714285714285,0.0
https://www.miaphotobooth.net/roamer-booth,2026-03-12,0,3,0.0,34.666666666666664,0.0
https://www.miaphotobooth.net/roamer-booth,2026-03-13,0,8,0.0,9.25,0.0
https://www.miaphotobooth.net/roamer-booth,2026-03-14,0,9,0.0,9.777777777777779,0.0
https://www.miaphotobooth.net/roamer-booth,2026-03-15,0,2,0.0,8.0,0.0
https://www.miaphotobooth.net/roamer-booth,2026-03-16,0,14,0.0,11.357142857142858,0.0
https://www.miaphotobooth.net/roamer-booth,2026-03-17,0,6,0.0,24.166666666666668,0.0
https://www.miaphotobooth.net/roamer-booth,2026-03-18,0,5,0.0,7.2,0.0
https://www.miaphotobooth.net/roamer-booth,2026-03-19,0,7,0.0,2.428571428571429,0.0
https://www.miaphotobooth.net/roamer-booth,2026-03-20,0,8,0.0,25.625,0.0
https://www.miaphotobooth.net/roamer-booth,2026-03-21,0,9,0.0,15.0,0.0
https://www.miaphotobooth.net/roamer-booth,2026-03-23,0,7,0.0,6.571428571428571,0.0
https://www.miaphotobooth.net/roamer-booth,2026-03-24,0,6,0.0,11.666666666666666,0.0
https://www.miaphotobooth.net/roamer-booth,2026-03-25,0,6,0.0,19.0,0.0
https://www.miaphotobooth.net/roamer-booth,2026-03-26,0,4,0.0,9.25,0.0
https://www.miaphotobooth.net/roamer-booth,2026-03-27,0,2,0.0,58.0,0.0
https://www.miaphotobooth.net/roamer-booth,2026-03-28,0,5,0.0,13.6,0.0
https://www.miaphotobooth.net/roamer-booth,2026-03-29,0,4,0.0,1.0,0.0
https://www.miaphotobooth.net/roamer-booth,2026-03-31,0,5,0.0,20.4,0.0
https://www.miaphotobooth.net/roamer-booth,2026-04-01,0,5,0.0,5.4,0.0
https://www.miaphotobooth.net/roamer-booth,2026-04-02,0,5,0.0,23.2,0.0
https://www.miaphotobooth.net/roamer-booth,2026-04-03,0,4,0.0,43.5,0.0
https://www.miaphotobooth.net/roamer-booth,2026-04-04,0,10,0.0,15.8,0.0
https://www.miaphotobooth.net/roamer-booth,2026-04-05,0,2,0.0,19.5,0.0
https://www.miaphotobooth.net/roamer-booth,2026-04-06,0,9,0.0,15.444444444444445,0.0
https://www.miaphotobooth.net/roamer-booth,2026-04-07,0,8,0.0,6.125,0.0
https://www.miaphotobooth.net/roamer-booth,2026-04-08,0,3,0.0,13.0,0.0
https://www.miaphotobooth.net/roamer-booth,2026-04-09,0,2,0.0,22.0,0.0
https://www.miaphotobooth.net/roamer-booth,2026-04-10,0,3,0.0,44.0,0.0
https://www.miaphotobooth.net/roamer-booth,2026-04-11,0,4,0.0,21.75,0.0
https://www.miaphotobooth.net/roamer-booth,2026-04-12,0,3,0.0,25.666666666666668,0.0
https://www.miaphotobooth.net/roamer-booth,2026-04-13,0,7,0.0,27.285714285714285,0.0
https://www.miaphotobooth.net/roamer-booth,2026-04-14,0,3,0.0,5.666666666666667,0.0
https://www.miaphotobooth.net/roamer-booth,2026-04-15,0,1,0.0,19.0,0.0
https://www.miaphotobooth.net/roamer-booth,2026-04-16,0,6,0.0,17.0,0.0
https://www.miaphotobooth.net/roamer-booth,2026-04-17,0,7,0.0,23.428571428571427,0.0
https://www.miaphotobooth.net/roamer-booth,2026-04-18,0,3,0.0,21.0,0.0
https://www.miaphotobooth.net/roamer-booth,2026-04-19,0,4,0.0,33.0,0.0
https://www.miaphotobooth.net/roamer-booth,2026-04-20,0,3,0.0,11.333333333333334,0.0
https://www.miaphotobooth.net/roamer-booth,2026-04-21,0,3,0.0,8.333333333333332,0.0
https://www.miaphotobooth.net/roamer-booth,2026-04-22,0,7,0.0,14.428571428571429,0.0
https://www.miaphotobooth.net/roamer-booth,2026-04-23,0,7,0.0,11.857142857142858,0.0
https://www.miaphotobooth.net/roamer-booth,2026-04-24,0,2,0.0,10.0,0.0
https://www.miaphotobooth.net/roamer-booth,2026-04-25,0,6,0.0,20.0,0.0
https://www.miaphotobooth.net/roamer-booth,2026-04-26,0,4,0.0,27.0,0.0
https://www.miaphotobooth.net/roamer-booth,2026-04-27,0,15,0.0,19.133333333333333,0.0
https://www.miaphotobooth.net/roamer-booth,2026-04-28,0,1,0.0,8.0,0.0
https://www.miaphotobooth.net/roamer-booth,2026-04-29,0,2,0.0,10.5,0.0
https://www.miaphotobooth.net/roamer-booth,2026-04-30,0,4,0.0,8.75,0.0
https://www.miaphotobooth.net/roamer-booth,2026-05-01,0,3,0.0,11.333333333333334,0.0
https://www.miaphotobooth.net/roamer-booth,2026-05-02,0,3,0.0,4.666666666666666,0.0
https://www.miaphotobooth.net/roamer-booth,2026-05-03,0,2,0.0,19.5,0.0
https://www.miaphotobooth.net/roamer-booth,2026-05-04,0,7,0.0,17.0,0.0
https://www.miaphotobooth.net/roamer-booth,2026-05-05,0,4,0.0,16.25,0.0
https://www.miaphotobooth.net/roamer-booth,2026-05-06,0,2,0.0,32.5,0.0
https://www.miaphotobooth.net/roamer-booth,2026-05-07,0,4,0.0,10.0,0.0
https://www.miaphotobooth.net/roamer-booth,2026-05-08,0,4,0.0,38.75,0.0
https://www.miaphotobooth.net/roamer-booth,2026-05-09,0,3,0.0,23.333333333333332,0.0
https://www.miaphotobooth.net/roamer-booth,2026-05-10,0,1,0.0,8.0,0.0
https://www.miaphotobooth.net/roamer-booth,2026-05-11,0,12,0.0,12.166666666666666,0.0
https://www.miaphotobooth.net/roamer-booth,2026-05-12,0,2,0.0,7.0,0.0
https://www.miaphotobooth.net/roamer-booth,2026-05-13,0,4,0.0,7.5,0.0
https://www.miaphotobooth.net/roamer-booth,2026-05-14,0,3,0.0,31.0,0.0
https://www.miaphotobooth.net/roamer-booth,2026-05-15,0,12,0.0,11.916666666666666,0.0
https://www.miaphotobooth.net/roamer-booth,2026-05-16,0,4,0.0,18.0,0.0
https://www.miaphotobooth.net/roamer-booth,2026-05-17,0,1,0.0,30.0,0.0
https://www.miaphotobooth.net/roamer-booth,2026-05-18,0,7,0.0,27.285714285714285,0.0
https://www.miaphotobooth.net/roamer-booth,2026-05-19,0,1,0.0,8.0,0.0
https://www.miaphotobooth.net/roamer-booth,2026-05-20,0,2,0.0,23.0,0.0
https://www.miaphotobooth.net/roamer-booth,2026-05-21,0,4,0.0,29.0,0.0
https://www.miaphotobooth.net/roamer-booth,2026-05-22,0,6,0.0,22.5,0.0
https://www.miaphotobooth.net/roamer-booth,2026-05-23,0,1,0.0,6.0,0.0
https://www.miaphotobooth.net/roamer-booth,2026-05-24,0,4,0.0,24.0,0.0
https://www.miaphotobooth.net/roamer-booth,2026-05-25,0,5,0.0,42.2,0.0
https://www.miaphotobooth.net/roamer-booth,2026-05-26,0,3,0.0,7.333333333333333,0.0
https://www.miaphotobooth.net/roamer-booth,2026-05-27,0,1,0.0,9.0,0.0
https://www.miaphotobooth.net/roamer-booth,2026-05-28,0,5,0.0,35.6,0.0
https://www.miaphotobooth.net/roamer-booth,2026-05-29,0,9,0.0,26.444444444444443,0.0
https://www.miaphotobooth.net/roamer-booth,2026-05-30,0,6,0.0,26.666666666666668,0.0
https://www.miaphotobooth.net/serving-all-of-miami-fl,2026-03-04,0,16,0.0,7.6875,0.0
https://www.miaphotobooth.net/serving-all-of-miami-fl,2026-03-06,0,5,0.0,33.8,0.0
https://www.miaphotobooth.net/serving-all-of-miami-fl,2026-03-07,0,5,0.0,20.8,0.0
https://www.miaphotobooth.net/serving-all-of-miami-fl,2026-03-08,0,7,0.0,25.142857142857142,0.0
https://www.miaphotobooth.net/serving-all-of-miami-fl,2026-03-09,0,12,0.0,9.916666666666666,0.0
https://www.miaphotobooth.net/serving-all-of-miami-fl,2026-03-10,0,9,0.0,9.88888888888889,0.0
https://www.miaphotobooth.net/serving-all-of-miami-fl,2026-03-11,0,17,0.0,14.941176470588236,0.0
https://www.miaphotobooth.net/serving-all-of-miami-fl,2026-03-12,0,21,0.0,11.476190476190476,0.0
https://www.miaphotobooth.net/serving-all-of-miami-fl,2026-03-13,0,22,0.0,14.545454545454545,0.0
https://www.miaphotobooth.net/serving-all-of-miami-fl,2026-03-14,0,6,0.0,9.333333333333334,0.0
https://www.miaphotobooth.net/serving-all-of-miami-fl,2026-03-15,0,17,0.0,15.705882352941176,0.0
https://www.miaphotobooth.net/serving-all-of-miami-fl,2026-03-16,0,27,0.0,14.62962962962963,0.0
https://www.miaphotobooth.net/serving-all-of-miami-fl,2026-03-17,0,24,0.0,16.25,0.0
https://www.miaphotobooth.net/serving-all-of-miami-fl,2026-03-18,0,13,0.0,30.153846153846153,0.0
https://www.miaphotobooth.net/serving-all-of-miami-fl,2026-03-19,0,18,0.0,9.666666666666666,0.0
https://www.miaphotobooth.net/serving-all-of-miami-fl,2026-03-20,0,22,0.0,21.0,0.0
https://www.miaphotobooth.net/serving-all-of-miami-fl,2026-03-21,0,8,0.0,15.5,0.0
https://www.miaphotobooth.net/serving-all-of-miami-fl,2026-03-22,0,9,0.0,12.88888888888889,0.0
https://www.miaphotobooth.net/serving-all-of-miami-fl,2026-03-23,0,11,0.0,11.818181818181818,0.0
https://www.miaphotobooth.net/serving-all-of-miami-fl,2026-03-24,0,10,0.0,8.1,0.0
https://www.miaphotobooth.net/serving-all-of-miami-fl,2026-03-25,0,4,0.0,19.25,0.0
https://www.miaphotobooth.net/serving-all-of-miami-fl,2026-03-26,0,16,0.0,16.8125,0.0
https://www.miaphotobooth.net/serving-all-of-miami-fl,2026-03-27,0,12,0.0,7.25,0.0
https://www.miaphotobooth.net/serving-all-of-miami-fl,2026-03-28,0,28,0.0,9.357142857142858,0.0
https://www.miaphotobooth.net/serving-all-of-miami-fl,2026-03-29,0,19,0.0,15.631578947368421,0.0
https://www.miaphotobooth.net/serving-all-of-miami-fl,2026-03-30,0,25,0.0,10.32,0.0
https://www.miaphotobooth.net/serving-all-of-miami-fl,2026-03-31,0,17,0.0,10.588235294117647,0.0
https://www.miaphotobooth.net/serving-all-of-miami-fl,2026-04-01,0,14,0.0,17.642857142857142,0.0
https://www.miaphotobooth.net/serving-all-of-miami-fl,2026-04-02,0,10,0.0,9.8,0.0
https://www.miaphotobooth.net/serving-all-of-miami-fl,2026-04-03,0,13,0.0,16.23076923076923,0.0
https://www.miaphotobooth.net/serving-all-of-miami-fl,2026-04-04,0,16,0.0,20.0625,0.0
https://www.miaphotobooth.net/serving-all-of-miami-fl,2026-04-05,0,9,0.0,8.444444444444445,0.0
https://www.miaphotobooth.net/serving-all-of-miami-fl,2026-04-06,0,9,0.0,13.777777777777779,0.0
https://www.miaphotobooth.net/serving-all-of-miami-fl,2026-04-07,0,12,0.0,12.25,0.0
https://www.miaphotobooth.net/serving-all-of-miami-fl,2026-04-08,0,12,0.0,18.5,0.0
https://www.miaphotobooth.net/serving-all-of-miami-fl,2026-04-09,0,12,0.0,8.083333333333332,0.0
https://www.miaphotobooth.net/serving-all-of-miami-fl,2026-04-10,0,9,0.0,4.0,0.0
https://www.miaphotobooth.net/serving-all-of-miami-fl,2026-04-11,0,12,0.0,8.333333333333332,0.0
https://www.miaphotobooth.net/serving-all-of-miami-fl,2026-04-12,0,14,0.0,10.785714285714286,0.0
https://www.miaphotobooth.net/serving-all-of-miami-fl,2026-04-13,0,16,0.0,10.25,0.0
https://www.miaphotobooth.net/serving-all-of-miami-fl,2026-04-14,0,9,0.0,19.666666666666668,0.0
https://www.miaphotobooth.net/serving-all-of-miami-fl,2026-04-16,0,2,0.0,23.5,0.0
https://www.miaphotobooth.net/serving-all-of-miami-fl,2026-04-17,0,5,0.0,16.8,0.0
https://www.miaphotobooth.net/serving-all-of-miami-fl,2026-04-18,0,8,0.0,14.25,0.0
https://www.miaphotobooth.net/serving-all-of-miami-fl,2026-04-19,0,6,0.0,9.166666666666666,0.0
https://www.miaphotobooth.net/serving-all-of-miami-fl,2026-04-20,0,13,0.0,38.07692307692308,0.0
https://www.miaphotobooth.net/serving-all-of-miami-fl,2026-04-21,0,12,0.0,20.916666666666668,0.0
https://www.miaphotobooth.net/serving-all-of-miami-fl,2026-04-22,0,19,0.0,22.210526315789473,0.0
https://www.miaphotobooth.net/serving-all-of-miami-fl,2026-04-23,0,8,0.0,23.5,0.0
https://www.miaphotobooth.net/serving-all-of-miami-fl,2026-04-24,0,7,0.0,22.142857142857142,0.0
https://www.miaphotobooth.net/serving-all-of-miami-fl,2026-04-25,0,12,0.0,7.666666666666667,0.0
https://www.miaphotobooth.net/serving-all-of-miami-fl,2026-04-26,0,3,0.0,52.666666666666664,0.0
https://www.miaphotobooth.net/serving-all-of-miami-fl,2026-04-27,0,8,0.0,18.0,0.0
https://www.miaphotobooth.net/serving-all-of-miami-fl,2026-04-28,0,16,0.0,20.375,0.0
https://www.miaphotobooth.net/serving-all-of-miami-fl,2026-04-29,0,7,0.0,18.0,0.0
https://www.miaphotobooth.net/serving-all-of-miami-fl,2026-04-30,0,3,0.0,7.666666666666667,0.0
https://www.miaphotobooth.net/serving-all-of-miami-fl,2026-05-01,0,9,0.0,7.777777777777778,0.0
https://www.miaphotobooth.net/serving-all-of-miami-fl,2026-05-02,0,15,0.0,10.8,0.0
https://www.miaphotobooth.net/serving-all-of-miami-fl,2026-05-03,0,13,0.0,16.153846153846153,0.0
https://www.miaphotobooth.net/serving-all-of-miami-fl,2026-05-04,0,15,0.0,14.266666666666667,0.0
https://www.miaphotobooth.net/serving-all-of-miami-fl,2026-05-05,0,17,0.0,13.058823529411764,0.0
https://www.miaphotobooth.net/serving-all-of-miami-fl,2026-05-06,0,3,0.0,27.333333333333332,0.0
https://www.miaphotobooth.net/serving-all-of-miami-fl,2026-05-07,0,3,0.0,5.0,0.0
https://www.miaphotobooth.net/serving-all-of-miami-fl,2026-05-08,0,5,0.0,18.6,0.0
https://www.miaphotobooth.net/serving-all-of-miami-fl,2026-05-09,0,12,0.0,7.5,0.0
https://www.miaphotobooth.net/serving-all-of-miami-fl,2026-05-10,0,4,0.0,26.5,0.0
https://www.miaphotobooth.net/serving-all-of-miami-fl,2026-05-11,0,13,0.0,7.461538461538462,0.0
https://www.miaphotobooth.net/serving-all-of-miami-fl,2026-05-12,0,7,0.0,35.57142857142857,0.0
https://www.miaphotobooth.net/serving-all-of-miami-fl,2026-05-13,0,12,0.0,13.916666666666666,0.0
https://www.miaphotobooth.net/serving-all-of-miami-fl,2026-05-14,0,3,0.0,9.666666666666666,0.0
https://www.miaphotobooth.net/serving-all-of-miami-fl,2026-05-15,0,8,0.0,31.625,0.0
https://www.miaphotobooth.net/serving-all-of-miami-fl,2026-05-16,0,10,0.0,7.9,0.0
https://www.miaphotobooth.net/serving-all-of-miami-fl,2026-05-17,0,24,0.0,30.208333333333332,0.0
https://www.miaphotobooth.net/serving-all-of-miami-fl,2026-05-18,0,10,0.0,22.0,0.0
https://www.miaphotobooth.net/serving-all-of-miami-fl,2026-05-19,0,1,0.0,10.0,0.0
https://www.miaphotobooth.net/serving-all-of-miami-fl,2026-05-20,0,17,0.0,29.058823529411764,0.0
https://www.miaphotobooth.net/serving-all-of-miami-fl,2026-05-21,0,5,0.0,21.8,0.0
https://www.miaphotobooth.net/serving-all-of-miami-fl,2026-05-22,0,13,0.0,45.61538461538461,0.0
https://www.miaphotobooth.net/serving-all-of-miami-fl,2026-05-23,0,4,0.0,25.75,0.0
https://www.miaphotobooth.net/serving-all-of-miami-fl,2026-05-24,0,3,0.0,34.666666666666664,0.0
https://www.miaphotobooth.net/serving-all-of-miami-fl,2026-05-25,0,1,0.0,6.0,0.0
https://www.miaphotobooth.net/serving-all-of-miami-fl,2026-05-26,0,2,0.0,21.0,0.0
https://www.miaphotobooth.net/serving-all-of-miami-fl,2026-05-27,0,12,0.0,28.333333333333332,0.0
https://www.miaphotobooth.net/serving-all-of-miami-fl,2026-05-28,0,7,0.0,8.428571428571429,0.0
https://www.miaphotobooth.net/serving-all-of-miami-fl,2026-05-29,0,5,0.0,24.0,0.0
https://www.miaphotobooth.net/serving-all-of-miami-fl,2026-05-30,0,2,0.0,3.5,0.0
https://www.miaphotobooth.net/social-booth,2026-03-04,0,2,0.0,7.5,0.0
https://www.miaphotobooth.net/social-booth,2026-03-06,0,1,0.0,1.0,0.0
https://www.miaphotobooth.net/social-booth,2026-03-07,0,2,0.0,9.0,0.0
https://www.miaphotobooth.net/social-booth,2026-03-13,0,1,0.0,8.0,0.0
https://www.miaphotobooth.net/social-booth,2026-03-15,0,1,0.0,8.0,0.0
https://www.miaphotobooth.net/social-booth,2026-03-31,0,2,0.0,5.5,0.0
https://www.miaphotobooth.net/social-booth,2026-04-02,0,1,0.0,5.0,0.0
https://www.miaphotobooth.net/social-booth,2026-04-03,0,1,0.0,6.0,0.0
https://www.miaphotobooth.net/social-booth,2026-04-04,0,2,0.0,9.0,0.0
https://www.miaphotobooth.net/social-booth,2026-04-05,0,1,0.0,5.0,0.0
https://www.miaphotobooth.net/social-booth,2026-04-07,0,1,0.0,9.0,0.0
https://www.miaphotobooth.net/social-booth,2026-04-08,0,1,0.0,10.0,0.0
https://www.miaphotobooth.net/social-booth,2026-04-09,0,1,0.0,9.0,0.0
https://www.miaphotobooth.net/social-booth,2026-04-14,0,1,0.0,9.0,0.0
https://www.miaphotobooth.net/social-booth,2026-04-16,0,1,0.0,8.0,0.0
https://www.miaphotobooth.net/social-booth,2026-04-21,0,3,0.0,5.333333333333333,0.0
https://www.miaphotobooth.net/social-booth,2026-04-22,0,1,0.0,9.0,0.0
https://www.miaphotobooth.net/social-booth,2026-04-27,0,1,0.0,7.0,0.0
https://www.miaphotobooth.net/social-booth,2026-05-02,0,2,0.0,1.5,0.0
https://www.miaphotobooth.net/social-booth,2026-05-05,0,1,0.0,3.0,0.0
https://www.miaphotobooth.net/social-booth,2026-05-11,0,3,0.0,9.333333333333334,0.0
https://www.miaphotobooth.net/social-booth,2026-05-12,0,4,0.0,6.25,0.0
https://www.miaphotobooth.net/social-booth,2026-05-13,0,1,0.0,9.0,0.0
https://www.miaphotobooth.net/social-booth,2026-05-15,0,1,0.0,9.0,0.0
https://www.miaphotobooth.net/social-booth,2026-05-16,0,1,0.0,7.0,0.0
https://www.miaphotobooth.net/social-booth,2026-05-18,0,1,0.0,11.0,0.0
https://www.miaphotobooth.net/social-booth,2026-05-27,0,1,0.0,4.0,0.0
https://www.miaphotobooth.net/studio-booth,2026-03-04,0,1,0.0,6.0,0.0
https://www.miaphotobooth.net/studio-booth,2026-03-07,0,3,0.0,5.0,0.0
https://www.miaphotobooth.net/studio-booth,2026-03-10,0,3,0.0,8.0,0.0
https://www.miaphotobooth.net/studio-booth,2026-03-13,0,1,0.0,7.0,0.0
https://www.miaphotobooth.net/studio-booth,2026-03-15,0,2,0.0,39.5,0.0
https://www.miaphotobooth.net/studio-booth,2026-03-16,0,3,0.0,19.0,0.0
https://www.miaphotobooth.net/studio-booth,2026-03-17,0,4,0.0,27.5,0.0
https://www.miaphotobooth.net/studio-booth,2026-03-22,0,3,0.0,11.333333333333334,0.0
https://www.miaphotobooth.net/studio-booth,2026-03-25,0,1,0.0,22.0,0.0
https://www.miaphotobooth.net/studio-booth,2026-03-27,0,3,0.0,48.0,0.0
https://www.miaphotobooth.net/studio-booth,2026-03-30,0,1,0.0,11.0,0.0
https://www.miaphotobooth.net/studio-booth,2026-03-31,0,3,0.0,5.0,0.0
https://www.miaphotobooth.net/studio-booth,2026-04-03,0,1,0.0,82.0,0.0
https://www.miaphotobooth.net/studio-booth,2026-04-04,0,3,0.0,35.0,0.0
https://www.miaphotobooth.net/studio-booth,2026-04-06,0,1,0.0,10.0,0.0
https://www.miaphotobooth.net/studio-booth,2026-04-07,0,2,0.0,19.0,0.0
https://www.miaphotobooth.net/studio-booth,2026-04-08,0,3,0.0,54.0,0.0
https://www.miaphotobooth.net/studio-booth,2026-04-09,0,2,0.0,4.5,0.0
https://www.miaphotobooth.net/studio-booth,2026-04-14,0,1,0.0,8.0,0.0
https://www.miaphotobooth.net/studio-booth,2026-04-15,0,1,0.0,83.0,0.0
https://www.miaphotobooth.net/studio-booth,2026-04-18,0,1,0.0,9.0,0.0
https://www.miaphotobooth.net/studio-booth,2026-04-19,0,1,0.0,7.0,0.0
https://www.miaphotobooth.net/studio-booth,2026-04-20,0,1,0.0,4.0,0.0
https://www.miaphotobooth.net/studio-booth,2026-04-21,0,1,0.0,6.0,0.0
https://www.miaphotobooth.net/studio-booth,2026-04-22,0,3,0.0,37.666666666666664,0.0
https://www.miaphotobooth.net/studio-booth,2026-04-23,0,1,0.0,42.0,0.0
https://www.miaphotobooth.net/studio-booth,2026-04-25,0,1,0.0,7.0,0.0
https://www.miaphotobooth.net/studio-booth,2026-04-27,0,1,0.0,1.0,0.0
https://www.miaphotobooth.net/studio-booth,2026-04-28,0,2,0.0,6.0,0.0
https://www.miaphotobooth.net/studio-booth,2026-04-29,0,2,0.0,12.0,0.0
https://www.miaphotobooth.net/studio-booth,2026-04-30,0,1,0.0,3.0,0.0
https://www.miaphotobooth.net/studio-booth,2026-05-01,0,1,0.0,94.0,0.0
https://www.miaphotobooth.net/studio-booth,2026-05-02,0,3,0.0,2.666666666666667,0.0
https://www.miaphotobooth.net/studio-booth,2026-05-03,0,2,0.0,3.5,0.0
https://www.miaphotobooth.net/studio-booth,2026-05-04,0,1,0.0,9.0,0.0
https://www.miaphotobooth.net/studio-booth,2026-05-07,0,1,0.0,75.0,0.0
https://www.miaphotobooth.net/studio-booth,2026-05-10,0,1,0.0,7.0,0.0
https://www.miaphotobooth.net/studio-booth,2026-05-11,0,3,0.0,8.0,0.0
https://www.miaphotobooth.net/studio-booth,2026-05-12,0,2,0.0,9.5,0.0
https://www.miaphotobooth.net/studio-booth,2026-05-13,0,3,0.0,26.0,0.0
https://www.miaphotobooth.net/studio-booth,2026-05-15,0,1,0.0,8.0,0.0
https://www.miaphotobooth.net/studio-booth,2026-05-16,0,1,0.0,3.0,0.0
https://www.miaphotobooth.net/studio-booth,2026-05-18,0,2,0.0,4.5,0.0
https://www.miaphotobooth.net/studio-booth,2026-05-19,0,6,0.0,41.166666666666664,0.0
https://www.miaphotobooth.net/studio-booth,2026-05-21,0,3,0.0,8.0,0.0
https://www.miaphotobooth.net/studio-booth,2026-05-22,0,2,0.0,53.5,0.0
https://www.miaphotobooth.net/studio-booth,2026-05-23,0,1,0.0,23.0,0.0
https://www.miaphotobooth.net/studio-booth,2026-05-24,0,3,0.0,44.0,0.0
https://www.miaphotobooth.net/studio-booth,2026-05-26,0,2,0.0,4.0,0.0
https://www.miaphotobooth.net/studio-booth,2026-05-29,0,1,0.0,10.0,0.0
https://www.miaphotobooth.net/studio-booth,2026-05-30,0,1,0.0,8.0,0.0
https://www.miaphotobooth.net/stylish-photobooth-rental-in-virginia-gardens-fl,2026-03-04,0,1,0.0,8.0,0.0
https://www.miaphotobooth.net/stylish-photobooth-rental-in-virginia-gardens-fl,2026-03-07,0,10,0.0,16.2,0.0
https://www.miaphotobooth.net/stylish-photobooth-rental-in-virginia-gardens-fl,2026-03-08,0,4,0.0,9.25,0.0
https://www.miaphotobooth.net/stylish-photobooth-rental-in-virginia-gardens-fl,2026-03-09,0,3,0.0,74.33333333333333,0.0
https://www.miaphotobooth.net/stylish-photobooth-rental-in-virginia-gardens-fl,2026-03-12,0,3,0.0,1.0,0.0
https://www.miaphotobooth.net/stylish-photobooth-rental-in-virginia-gardens-fl,2026-03-14,0,1,0.0,9.0,0.0
https://www.miaphotobooth.net/stylish-photobooth-rental-in-virginia-gardens-fl,2026-03-15,0,2,0.0,43.5,0.0
https://www.miaphotobooth.net/stylish-photobooth-rental-in-virginia-gardens-fl,2026-03-16,0,7,0.0,36.42857142857143,0.0
https://www.miaphotobooth.net/stylish-photobooth-rental-in-virginia-gardens-fl,2026-03-17,0,6,0.0,53.833333333333336,0.0
https://www.miaphotobooth.net/stylish-photobooth-rental-in-virginia-gardens-fl,2026-03-18,0,1,0.0,99.0,0.0
https://www.miaphotobooth.net/stylish-photobooth-rental-in-virginia-gardens-fl,2026-03-19,0,1,0.0,2.0,0.0
https://www.miaphotobooth.net/stylish-photobooth-rental-in-virginia-gardens-fl,2026-03-20,0,5,0.0,38.4,0.0
https://www.miaphotobooth.net/stylish-photobooth-rental-in-virginia-gardens-fl,2026-03-21,0,5,0.0,15.8,0.0
https://www.miaphotobooth.net/stylish-photobooth-rental-in-virginia-gardens-fl,2026-03-22,0,4,0.0,7.25,0.0
https://www.miaphotobooth.net/stylish-photobooth-rental-in-virginia-gardens-fl,2026-03-23,0,2,0.0,9.5,0.0
https://www.miaphotobooth.net/stylish-photobooth-rental-in-virginia-gardens-fl,2026-03-24,0,1,0.0,10.0,0.0
https://www.miaphotobooth.net/stylish-photobooth-rental-in-virginia-gardens-fl,2026-03-25,0,1,0.0,8.0,0.0
https://www.miaphotobooth.net/stylish-photobooth-rental-in-virginia-gardens-fl,2026-03-26,0,2,0.0,6.5,0.0
https://www.miaphotobooth.net/stylish-photobooth-rental-in-virginia-gardens-fl,2026-03-27,0,6,0.0,8.166666666666668,0.0
https://www.miaphotobooth.net/stylish-photobooth-rental-in-virginia-gardens-fl,2026-03-28,0,6,0.0,7.666666666666667,0.0
https://www.miaphotobooth.net/stylish-photobooth-rental-in-virginia-gardens-fl,2026-03-29,0,7,0.0,8.428571428571429,0.0
https://www.miaphotobooth.net/stylish-photobooth-rental-in-virginia-gardens-fl,2026-03-31,0,6,0.0,8.666666666666668,0.0
https://www.miaphotobooth.net/stylish-photobooth-rental-in-virginia-gardens-fl,2026-04-01,0,3,0.0,32.0,0.0
https://www.miaphotobooth.net/stylish-photobooth-rental-in-virginia-gardens-fl,2026-04-03,0,9,0.0,10.0,0.0
https://www.miaphotobooth.net/stylish-photobooth-rental-in-virginia-gardens-fl,2026-04-04,0,9,0.0,27.666666666666668,0.0
https://www.miaphotobooth.net/stylish-photobooth-rental-in-virginia-gardens-fl,2026-04-05,0,19,0.0,10.210526315789474,0.0
https://www.miaphotobooth.net/stylish-photobooth-rental-in-virginia-gardens-fl,2026-04-06,0,1,0.0,9.0,0.0
https://www.miaphotobooth.net/stylish-photobooth-rental-in-virginia-gardens-fl,2026-04-07,0,3,0.0,9.0,0.0
https://www.miaphotobooth.net/stylish-photobooth-rental-in-virginia-gardens-fl,2026-04-08,0,4,0.0,8.0,0.0
https://www.miaphotobooth.net/stylish-photobooth-rental-in-virginia-gardens-fl,2026-04-10,0,1,0.0,10.0,0.0
https://www.miaphotobooth.net/stylish-photobooth-rental-in-virginia-gardens-fl,2026-04-11,0,3,0.0,10.333333333333334,0.0
https://www.miaphotobooth.net/stylish-photobooth-rental-in-virginia-gardens-fl,2026-04-12,0,10,0.0,9.2,0.0
https://www.miaphotobooth.net/stylish-photobooth-rental-in-virginia-gardens-fl,2026-04-13,0,4,0.0,36.25,0.0
https://www.miaphotobooth.net/stylish-photobooth-rental-in-virginia-gardens-fl,2026-04-14,0,3,0.0,8.666666666666668,0.0
https://www.miaphotobooth.net/stylish-photobooth-rental-in-virginia-gardens-fl,2026-04-15,0,3,0.0,49.0,0.0
https://www.miaphotobooth.net/stylish-photobooth-rental-in-virginia-gardens-fl,2026-04-19,0,1,0.0,1.0,0.0
https://www.miaphotobooth.net/stylish-photobooth-rental-in-virginia-gardens-fl,2026-04-21,0,3,0.0,22.666666666666668,0.0
https://www.miaphotobooth.net/stylish-photobooth-rental-in-virginia-gardens-fl,2026-04-22,0,8,0.0,41.375,0.0
https://www.miaphotobooth.net/stylish-photobooth-rental-in-virginia-gardens-fl,2026-04-24,0,2,0.0,10.5,0.0
https://www.miaphotobooth.net/stylish-photobooth-rental-in-virginia-gardens-fl,2026-04-25,0,5,0.0,20.0,0.0
https://www.miaphotobooth.net/stylish-photobooth-rental-in-virginia-gardens-fl,2026-04-26,0,1,0.0,10.0,0.0
https://www.miaphotobooth.net/stylish-photobooth-rental-in-virginia-gardens-fl,2026-04-30,0,2,0.0,90.5,0.0
https://www.miaphotobooth.net/stylish-photobooth-rental-in-virginia-gardens-fl,2026-05-01,0,2,0.0,48.0,0.0
https://www.miaphotobooth.net/stylish-photobooth-rental-in-virginia-gardens-fl,2026-05-02,0,4,0.0,21.0,0.0
https://www.miaphotobooth.net/stylish-photobooth-rental-in-virginia-gardens-fl,2026-05-03,0,5,0.0,7.0,0.0
https://www.miaphotobooth.net/stylish-photobooth-rental-in-virginia-gardens-fl,2026-05-04,0,5,0.0,5.2,0.0
https://www.miaphotobooth.net/stylish-photobooth-rental-in-virginia-gardens-fl,2026-05-05,0,2,0.0,24.5,0.0
https://www.miaphotobooth.net/stylish-photobooth-rental-in-virginia-gardens-fl,2026-05-08,0,2,0.0,9.5,0.0
https://www.miaphotobooth.net/stylish-photobooth-rental-in-virginia-gardens-fl,2026-05-09,0,3,0.0,8.333333333333332,0.0
https://www.miaphotobooth.net/stylish-photobooth-rental-in-virginia-gardens-fl,2026-05-10,0,3,0.0,8.666666666666668,0.0
https://www.miaphotobooth.net/stylish-photobooth-rental-in-virginia-gardens-fl,2026-05-11,0,1,0.0,10.0,0.0
https://www.miaphotobooth.net/stylish-photobooth-rental-in-virginia-gardens-fl,2026-05-12,0,2,0.0,64.5,0.0
https://www.miaphotobooth.net/stylish-photobooth-rental-in-virginia-gardens-fl,2026-05-13,0,8,0.0,29.625,0.0
https://www.miaphotobooth.net/stylish-photobooth-rental-in-virginia-gardens-fl,2026-05-15,0,8,0.0,26.0,0.0
https://www.miaphotobooth.net/stylish-photobooth-rental-in-virginia-gardens-fl,2026-05-16,0,7,0.0,8.142857142857142,0.0
https://www.miaphotobooth.net/stylish-photobooth-rental-in-virginia-gardens-fl,2026-05-17,0,5,0.0,12.4,0.0
https://www.miaphotobooth.net/stylish-photobooth-rental-in-virginia-gardens-fl,2026-05-18,0,7,0.0,42.857142857142854,0.0
https://www.miaphotobooth.net/stylish-photobooth-rental-in-virginia-gardens-fl,2026-05-19,0,3,0.0,9.666666666666666,0.0
https://www.miaphotobooth.net/stylish-photobooth-rental-in-virginia-gardens-fl,2026-05-20,0,5,0.0,44.6,0.0
https://www.miaphotobooth.net/stylish-photobooth-rental-in-virginia-gardens-fl,2026-05-21,0,3,0.0,8.666666666666668,0.0
https://www.miaphotobooth.net/stylish-photobooth-rental-in-virginia-gardens-fl,2026-05-22,0,2,0.0,5.5,0.0
https://www.miaphotobooth.net/stylish-photobooth-rental-in-virginia-gardens-fl,2026-05-23,0,5,0.0,15.4,0.0
https://www.miaphotobooth.net/stylish-photobooth-rental-in-virginia-gardens-fl,2026-05-26,0,1,0.0,12.0,0.0
https://www.miaphotobooth.net/stylish-photobooth-rental-in-virginia-gardens-fl,2026-05-27,0,3,0.0,13.0,0.0
https://www.miaphotobooth.net/stylish-photobooth-rental-in-virginia-gardens-fl,2026-05-28,0,6,0.0,58.666666666666664,0.0
https://www.miaphotobooth.net/stylish-photobooth-rental-in-virginia-gardens-fl,2026-05-29,0,2,0.0,47.0,0.0
https://www.miaphotobooth.net/stylish-photobooth-rental-in-virginia-gardens-fl,2026-05-30,0,4,0.0,9.25,0.0
https://www.miaphotobooth.net/top-photo-booth-rental-in-westwood-lakes-fl,2026-03-09,0,1,0.0,53.0,0.0
https://www.miaphotobooth.net/top-photo-booth-rental-in-westwood-lakes-fl,2026-03-13,0,1,0.0,39.0,0.0
https://www.miaphotobooth.net/top-photo-booth-rental-in-westwood-lakes-fl,2026-03-17,0,2,0.0,18.5,0.0
https://www.miaphotobooth.net/top-photo-booth-rental-in-westwood-lakes-fl,2026-03-18,0,1,0.0,36.0,0.0
https://www.miaphotobooth.net/top-photo-booth-rental-in-westwood-lakes-fl,2026-03-20,0,1,0.0,43.0,0.0
https://www.miaphotobooth.net/top-photo-booth-rental-in-westwood-lakes-fl,2026-03-21,0,1,0.0,5.0,0.0
https://www.miaphotobooth.net/top-photo-booth-rental-in-westwood-lakes-fl,2026-03-27,0,1,0.0,6.0,0.0
https://www.miaphotobooth.net/top-photo-booth-rental-in-westwood-lakes-fl,2026-04-04,0,2,0.0,64.0,0.0
https://www.miaphotobooth.net/top-photo-booth-rental-in-westwood-lakes-fl,2026-04-08,0,1,0.0,20.0,0.0
https://www.miaphotobooth.net/top-photo-booth-rental-in-westwood-lakes-fl,2026-04-14,0,1,0.0,96.0,0.0
https://www.miaphotobooth.net/top-photo-booth-rental-in-westwood-lakes-fl,2026-04-22,0,2,0.0,20.0,0.0
https://www.miaphotobooth.net/top-photo-booth-rental-in-westwood-lakes-fl,2026-04-27,0,1,0.0,10.0,0.0
https://www.miaphotobooth.net/top-photo-booth-rental-in-westwood-lakes-fl,2026-04-30,0,1,0.0,66.0,0.0
https://www.miaphotobooth.net/top-photo-booth-rental-in-westwood-lakes-fl,2026-05-01,0,6,0.0,39.5,0.0
https://www.miaphotobooth.net/top-photo-booth-rental-in-westwood-lakes-fl,2026-05-02,0,1,0.0,5.0,0.0
https://www.miaphotobooth.net/top-photo-booth-rental-in-westwood-lakes-fl,2026-05-03,0,1,0.0,53.0,0.0
https://www.miaphotobooth.net/top-photo-booth-rental-in-westwood-lakes-fl,2026-05-04,0,2,0.0,8.0,0.0
https://www.miaphotobooth.net/top-photo-booth-rental-in-westwood-lakes-fl,2026-05-06,0,5,0.0,9.2,0.0
https://www.miaphotobooth.net/top-photo-booth-rental-in-westwood-lakes-fl,2026-05-13,0,1,0.0,6.0,0.0
https://www.miaphotobooth.net/top-photo-booth-rental-in-westwood-lakes-fl,2026-05-14,0,1,0.0,28.0,0.0
https://www.miaphotobooth.net/top-photo-booth-rental-in-westwood-lakes-fl,2026-05-16,0,1,0.0,78.0,0.0
https://www.miaphotobooth.net/top-photo-booth-rental-in-westwood-lakes-fl,2026-05-17,0,3,0.0,38.0,0.0
https://www.miaphotobooth.net/top-photo-booth-rental-in-westwood-lakes-fl,2026-05-19,0,2,0.0,53.0,0.0
https://www.miaphotobooth.net/top-photo-booth-rental-in-westwood-lakes-fl,2026-05-21,0,1,0.0,19.0,0.0
https://www.miaphotobooth.net/top-photo-booth-rental-in-westwood-lakes-fl,2026-05-22,0,1,0.0,19.0,0.0
https://www.miaphotobooth.net/top-photo-booth-rental-in-westwood-lakes-fl,2026-05-27,0,1,0.0,20.0,0.0
https://www.miaphotobooth.net/top-photo-booth-rental-in-westwood-lakes-fl,2026-05-28,0,2,0.0,56.5,0.0
https://www.miaphotobooth.net/top-photo-booth-rental-in-westwood-lakes-fl,2026-05-30,0,2,0.0,81.0,0.0
https://www.miaphotobooth.net/top-tier-photo-booth-rental-in-grapeland-heights-fl,2026-03-17,0,1,0.0,5.0,0.0
https://www.miaphotobooth.net/top-tier-photo-booth-rental-in-grapeland-heights-fl,2026-03-31,0,1,0.0,7.0,0.0
https://www.miaphotobooth.net/top-tier-photo-booth-rental-in-grapeland-heights-fl,2026-04-01,0,1,0.0,1.0,0.0
https://www.miaphotobooth.net/top-tier-photo-booth-rental-in-grapeland-heights-fl,2026-04-04,0,1,0.0,69.0,0.0
https://www.miaphotobooth.net/top-tier-photo-booth-rental-in-grapeland-heights-fl,2026-04-14,0,1,0.0,6.0,0.0
https://www.miaphotobooth.net/top-tier-photo-booth-rental-in-grapeland-heights-fl,2026-04-19,0,1,0.0,9.0,0.0
https://www.miaphotobooth.net/top-tier-photo-booth-rental-in-grapeland-heights-fl,2026-04-22,0,1,0.0,91.0,0.0
https://www.miaphotobooth.net/top-tier-photo-booth-rental-in-grapeland-heights-fl,2026-04-24,0,1,0.0,10.0,0.0
https://www.miaphotobooth.net/top-tier-photo-booth-rental-in-grapeland-heights-fl,2026-05-02,0,1,0.0,8.0,0.0
https://www.miaphotobooth.net/top-tier-photo-booth-rental-in-grapeland-heights-fl,2026-05-04,0,2,0.0,91.5,0.0
https://www.miaphotobooth.net/top-tier-photo-booth-rental-in-grapeland-heights-fl,2026-05-10,0,1,0.0,79.0,0.0
https://www.miaphotobooth.net/top-tier-photo-booth-rental-in-grapeland-heights-fl,2026-05-12,0,2,0.0,47.0,0.0
https://www.miaphotobooth.net/top-tier-photo-booth-rental-in-grapeland-heights-fl,2026-05-13,0,1,0.0,5.0,0.0
https://www.miaphotobooth.net/top-tier-photo-booth-rental-in-grapeland-heights-fl,2026-05-16,0,1,0.0,53.0,0.0
https://www.miaphotobooth.net/top-tier-photo-booth-rental-in-grapeland-heights-fl,2026-05-20,0,2,0.0,1.0,0.0
https://www.miaphotobooth.net/trendy-photo-booth-rental-in-edgewater-fl,2026-03-12,0,3,0.0,62.0,0.0
https://www.miaphotobooth.net/trendy-photo-booth-rental-in-edgewater-fl,2026-03-14,0,3,0.0,22.666666666666668,0.0
https://www.miaphotobooth.net/trendy-photo-booth-rental-in-edgewater-fl,2026-03-16,0,1,0.0,17.0,0.0
https://www.miaphotobooth.net/trendy-photo-booth-rental-in-edgewater-fl,2026-03-17,0,2,0.0,64.5,0.0
https://www.miaphotobooth.net/trendy-photo-booth-rental-in-edgewater-fl,2026-03-18,0,2,0.0,4.0,0.0
https://www.miaphotobooth.net/trendy-photo-booth-rental-in-edgewater-fl,2026-03-19,0,2,0.0,13.5,0.0
https://www.miaphotobooth.net/trendy-photo-booth-rental-in-edgewater-fl,2026-03-20,0,1,0.0,99.0,0.0
https://www.miaphotobooth.net/trendy-photo-booth-rental-in-edgewater-fl,2026-03-22,0,1,0.0,47.0,0.0
https://www.miaphotobooth.net/trendy-photo-booth-rental-in-edgewater-fl,2026-03-23,0,1,0.0,20.0,0.0
https://www.miaphotobooth.net/trendy-photo-booth-rental-in-edgewater-fl,2026-03-30,0,1,0.0,20.0,0.0
https://www.miaphotobooth.net/trendy-photo-booth-rental-in-edgewater-fl,2026-04-01,0,1,0.0,10.0,0.0
https://www.miaphotobooth.net/trendy-photo-booth-rental-in-edgewater-fl,2026-04-02,0,2,0.0,40.5,0.0
https://www.miaphotobooth.net/trendy-photo-booth-rental-in-edgewater-fl,2026-04-03,0,1,0.0,59.0,0.0
https://www.miaphotobooth.net/trendy-photo-booth-rental-in-edgewater-fl,2026-04-04,0,2,0.0,42.0,0.0
https://www.miaphotobooth.net/trendy-photo-booth-rental-in-edgewater-fl,2026-04-08,0,1,0.0,38.0,0.0
https://www.miaphotobooth.net/trendy-photo-booth-rental-in-edgewater-fl,2026-04-10,0,1,0.0,8.0,0.0
https://www.miaphotobooth.net/trendy-photo-booth-rental-in-edgewater-fl,2026-04-12,0,2,0.0,64.0,0.0
https://www.miaphotobooth.net/trendy-photo-booth-rental-in-edgewater-fl,2026-04-15,0,1,0.0,6.0,0.0
https://www.miaphotobooth.net/trendy-photo-booth-rental-in-edgewater-fl,2026-04-17,0,2,0.0,5.0,0.0
https://www.miaphotobooth.net/trendy-photo-booth-rental-in-edgewater-fl,2026-04-19,0,1,0.0,27.0,0.0
https://www.miaphotobooth.net/trendy-photo-booth-rental-in-edgewater-fl,2026-04-21,0,1,0.0,82.0,0.0
https://www.miaphotobooth.net/trendy-photo-booth-rental-in-edgewater-fl,2026-04-22,0,4,0.0,54.0,0.0
https://www.miaphotobooth.net/trendy-photo-booth-rental-in-edgewater-fl,2026-04-23,0,3,0.0,51.333333333333336,0.0
https://www.miaphotobooth.net/trendy-photo-booth-rental-in-edgewater-fl,2026-04-24,0,1,0.0,11.0,0.0
https://www.miaphotobooth.net/trendy-photo-booth-rental-in-edgewater-fl,2026-04-30,0,1,0.0,14.0,0.0
https://www.miaphotobooth.net/trendy-photo-booth-rental-in-edgewater-fl,2026-05-01,0,3,0.0,38.333333333333336,0.0
https://www.miaphotobooth.net/trendy-photo-booth-rental-in-edgewater-fl,2026-05-04,0,2,0.0,91.5,0.0
https://www.miaphotobooth.net/trendy-photo-booth-rental-in-edgewater-fl,2026-05-06,0,2,0.0,49.0,0.0
https://www.miaphotobooth.net/trendy-photo-booth-rental-in-edgewater-fl,2026-05-07,0,1,0.0,18.0,0.0
https://www.miaphotobooth.net/trendy-photo-booth-rental-in-edgewater-fl,2026-05-08,0,1,0.0,71.0,0.0
https://www.miaphotobooth.net/trendy-photo-booth-rental-in-edgewater-fl,2026-05-12,0,3,0.0,62.0,0.0
https://www.miaphotobooth.net/trendy-photo-booth-rental-in-edgewater-fl,2026-05-16,0,1,0.0,71.0,0.0
https://www.miaphotobooth.net/trendy-photo-booth-rental-in-edgewater-fl,2026-05-19,0,2,0.0,29.5,0.0
https://www.miaphotobooth.net/trendy-photo-booth-rental-in-edgewater-fl,2026-05-20,0,1,0.0,8.0,0.0
https://www.miaphotobooth.net/trendy-photo-booth-rental-in-edgewater-fl,2026-05-21,0,2,0.0,3.0,0.0
https://www.miaphotobooth.net/trendy-photo-booth-rental-in-edgewater-fl,2026-05-22,0,3,0.0,57.333333333333336,0.0
https://www.miaphotobooth.net/trendy-photo-booth-rental-in-edgewater-fl,2026-05-24,0,1,0.0,6.0,0.0
https://www.miaphotobooth.net/trendy-photo-booth-rental-in-edgewater-fl,2026-05-25,0,1,0.0,19.0,0.0
https://www.miaphotobooth.net/trendy-photo-booth-rental-in-edgewater-fl,2026-05-30,0,1,0.0,92.0,0.0
https://www.miaphotobooth.net/unique-photo-booth-rental-in-allapattah-fl,2026-03-06,0,1,0.0,96.0,0.0
https://www.miaphotobooth.net/unique-photo-booth-rental-in-allapattah-fl,2026-03-09,0,1,0.0,30.0,0.0
https://www.miaphotobooth.net/unique-photo-booth-rental-in-allapattah-fl,2026-03-13,0,1,0.0,10.0,0.0
https://www.miaphotobooth.net/unique-photo-booth-rental-in-allapattah-fl,2026-03-17,0,7,0.0,3.7142857142857144,0.0
https://www.miaphotobooth.net/unique-photo-booth-rental-in-allapattah-fl,2026-03-20,0,2,0.0,4.0,0.0
https://www.miaphotobooth.net/unique-photo-booth-rental-in-allapattah-fl,2026-03-23,0,1,0.0,8.0,0.0
https://www.miaphotobooth.net/unique-photo-booth-rental-in-allapattah-fl,2026-03-24,0,1,0.0,10.0,0.0
https://www.miaphotobooth.net/unique-photo-booth-rental-in-allapattah-fl,2026-03-27,0,1,0.0,1.0,0.0
https://www.miaphotobooth.net/unique-photo-booth-rental-in-allapattah-fl,2026-03-31,0,1,0.0,51.0,0.0
https://www.miaphotobooth.net/unique-photo-booth-rental-in-allapattah-fl,2026-04-01,0,1,0.0,36.0,0.0
https://www.miaphotobooth.net/unique-photo-booth-rental-in-allapattah-fl,2026-04-04,0,2,0.0,1.0,0.0
https://www.miaphotobooth.net/unique-photo-booth-rental-in-allapattah-fl,2026-04-06,0,1,0.0,4.0,0.0
https://www.miaphotobooth.net/unique-photo-booth-rental-in-allapattah-fl,2026-04-10,0,1,0.0,95.0,0.0
https://www.miaphotobooth.net/unique-photo-booth-rental-in-allapattah-fl,2026-04-11,0,1,0.0,72.0,0.0
https://www.miaphotobooth.net/unique-photo-booth-rental-in-allapattah-fl,2026-04-15,0,1,0.0,7.0,0.0
https://www.miaphotobooth.net/unique-photo-booth-rental-in-allapattah-fl,2026-04-17,0,2,0.0,6.5,0.0
https://www.miaphotobooth.net/unique-photo-booth-rental-in-allapattah-fl,2026-04-20,0,1,0.0,1.0,0.0
https://www.miaphotobooth.net/unique-photo-booth-rental-in-allapattah-fl,2026-04-22,0,2,0.0,86.5,0.0
https://www.miaphotobooth.net/unique-photo-booth-rental-in-allapattah-fl,2026-04-23,0,1,0.0,7.0,0.0
https://www.miaphotobooth.net/unique-photo-booth-rental-in-allapattah-fl,2026-04-24,0,2,0.0,5.5,0.0
https://www.miaphotobooth.net/unique-photo-booth-rental-in-allapattah-fl,2026-04-25,0,2,0.0,6.0,0.0
https://www.miaphotobooth.net/unique-photo-booth-rental-in-allapattah-fl,2026-04-27,0,2,0.0,2.0,0.0
https://www.miaphotobooth.net/unique-photo-booth-rental-in-allapattah-fl,2026-05-01,0,2,0.0,23.5,0.0
https://www.miaphotobooth.net/unique-photo-booth-rental-in-allapattah-fl,2026-05-02,0,3,0.0,9.666666666666666,0.0
https://www.miaphotobooth.net/unique-photo-booth-rental-in-allapattah-fl,2026-05-04,0,5,0.0,2.0,0.0
https://www.miaphotobooth.net/unique-photo-booth-rental-in-allapattah-fl,2026-05-05,0,2,0.0,6.0,0.0
https://www.miaphotobooth.net/unique-photo-booth-rental-in-allapattah-fl,2026-05-07,0,1,0.0,10.0,0.0
https://www.miaphotobooth.net/unique-photo-booth-rental-in-allapattah-fl,2026-05-11,0,2,0.0,6.5,0.0
https://www.miaphotobooth.net/unique-photo-booth-rental-in-allapattah-fl,2026-05-13,0,3,0.0,55.666666666666664,0.0
https://www.miaphotobooth.net/unique-photo-booth-rental-in-allapattah-fl,2026-05-15,0,2,0.0,83.5,0.0
https://www.miaphotobooth.net/unique-photo-booth-rental-in-allapattah-fl,2026-05-16,0,3,0.0,28.0,0.0
https://www.miaphotobooth.net/unique-photo-booth-rental-in-allapattah-fl,2026-05-17,0,4,0.0,18.25,0.0
https://www.miaphotobooth.net/unique-photo-booth-rental-in-allapattah-fl,2026-05-21,0,2,0.0,31.0,0.0
https://www.miaphotobooth.net/unique-photo-booth-rental-in-allapattah-fl,2026-05-22,0,1,0.0,6.0,0.0
https://www.miaphotobooth.net/unique-photo-booth-rental-in-allapattah-fl,2026-05-30,0,1,0.0,89.0,0.0
https://www.miaphotobooth.net/post/what-size-are-photo-booth-pictures-a-complete-breakdown,2026-02-10,41,2147,0.019096413600372612,3.103865859338612,1.91
https://www.miaphotobooth.net/post/what-size-are-photo-booth-pictures-a-complete-breakdown,2026-02-12,41,1728,0.023726851851851853,2.5306712962962963,2.373
https://www.miaphotobooth.net/post/what-size-are-photo-booth-pictures-a-complete-breakdown,2026-02-08,38,1221,0.031122031122031123,2.6863226863226863,3.112
https://www.miaphotobooth.net/post/what-size-are-photo-booth-pictures-a-complete-breakdown,2026-02-14,35,1262,0.0277337559429477,2.4477020602218698,2.773
https://www.miaphotobooth.net/post/what-size-are-photo-booth-pictures-a-complete-breakdown,2026-02-06,34,1433,0.02372644801116539,3.10258199581298,2.373
https://www.miaphotobooth.net/post/what-size-are-photo-booth-pictures-a-complete-breakdown,2026-02-09,34,1651,0.02059357964869776,2.6050878255602665,2.059
https://www.miaphotobooth.net/post/what-size-are-photo-booth-pictures-a-complete-breakdown,2025-12-15,33,989,0.033367037411526794,2.7451971688574317,3.337
https://www.miaphotobooth.net/post/what-size-are-photo-booth-pictures-a-complete-breakdown,2026-02-04,33,1423,0.023190442726633873,2.8053408292340127,2.319
https://www.miaphotobooth.net/post/what-size-are-photo-booth-pictures-a-complete-breakdown,2026-02-11,33,1637,0.020158827122785584,2.3934025656689064,2.016
https://www.miaphotobooth.net/post/what-size-are-photo-booth-pictures-a-complete-breakdown,2026-01-25,31,1164,0.02663230240549828,3.047250859106529,2.663
https://www.miaphotobooth.net/post/what-size-are-photo-booth-pictures-a-complete-breakdown,2026-02-23,31,1064,0.02913533834586466,2.8656015037593985,2.914
https://www.miaphotobooth.net/post/what-size-are-photo-booth-pictures-a-complete-breakdown,2026-01-31,30,1595,0.018808777429467086,2.927899686520376,1.881
https://www.miaphotobooth.net/post/what-size-are-photo-booth-pictures-a-complete-breakdown,2026-02-13,30,1556,0.019280205655526992,2.5032133676092547,1.928
https://www.miaphotobooth.net/post/what-size-are-photo-booth-pictures-a-complete-breakdown,2026-02-07,29,1158,0.025043177892918825,2.486183074265976,2.504
https://www.miaphotobooth.net/post/what-size-are-photo-booth-pictures-a-complete-breakdown,2026-01-22,28,1365,0.020512820512820513,3.0007326007326007,2.051
https://www.miaphotobooth.net/post/what-size-are-photo-booth-pictures-a-complete-breakdown,2026-01-27,28,1202,0.02329450915141431,3.1697171381031612,2.329
https://www.miaphotobooth.net/post/what-size-are-photo-booth-pictures-a-complete-breakdown,2026-02-02,28,1219,0.022969647251845776,3.246923707957342,2.297
https://www.miaphotobooth.net/post/what-size-are-photo-booth-pictures-a-complete-breakdown,2026-01-05,27,1017,0.02654867256637168,2.649950835791544,2.655
https://www.miaphotobooth.net/post/what-size-are-photo-booth-pictures-a-complete-breakdown,2026-01-20,27,1502,0.017976031957390146,3.103861517976032,1.798
https://www.miaphotobooth.net/post/what-size-are-photo-booth-pictures-a-complete-breakdown,2026-01-21,27,1344,0.020089285714285716,3.2492559523809526,2.009
https://www.miaphotobooth.net/post/what-size-are-photo-booth-pictures-a-complete-breakdown,2026-01-26,27,1150,0.023478260869565216,2.925217391304348,2.348
https://www.miaphotobooth.net/post/what-size-are-photo-booth-pictures-a-complete-breakdown,2026-02-03,27,1257,0.021479713603818614,2.7692919649960226,2.148
https://www.miaphotobooth.net/post/what-size-are-photo-booth-pictures-a-complete-breakdown,2026-02-05,26,2337,0.011125374411638854,3.0620453572956783,1.113
https://www.miaphotobooth.net/post/what-size-are-photo-booth-pictures-a-complete-breakdown,2025-12-16,25,1043,0.023969319271332695,2.62320230105465,2.397
https://www.miaphotobooth.net/post/what-size-are-photo-booth-pictures-a-complete-breakdown,2026-01-13,25,947,0.026399155227032733,3.0908130939809926,2.64
https://www.miaphotobooth.net/post/what-size-are-photo-booth-pictures-a-complete-breakdown,2026-01-14,25,870,0.028735632183908046,2.597701149425287,2.874
https://www.miaphotobooth.net/post/what-size-are-photo-booth-pictures-a-complete-breakdown,2026-01-29,25,1114,0.02244165170556553,2.771992818671454,2.244
https://www.miaphotobooth.net/post/what-size-are-photo-booth-pictures-a-complete-breakdown,2026-02-01,25,1397,0.01789549033643522,3.201145311381532,1.79
https://www.miaphotobooth.net/post/what-size-are-photo-booth-pictures-a-complete-breakdown,2026-03-01,24,819,0.029304029304029304,2.78021978021978,2.93
https://www.miaphotobooth.net/post/what-size-are-photo-booth-pictures-a-complete-breakdown,2025-12-22,23,988,0.02327935222672065,2.901821862348178,2.328
https://www.miaphotobooth.net/post/what-size-are-photo-booth-pictures-a-complete-breakdown,2025-12-30,23,800,0.02875,2.66,2.875
https://www.miaphotobooth.net/post/what-size-are-photo-booth-pictures-a-complete-breakdown,2026-01-07,23,915,0.025136612021857924,2.781420765027322,2.514
https://www.miaphotobooth.net/post/what-size-are-photo-booth-pictures-a-complete-breakdown,2026-01-30,23,980,0.02346938775510204,3.0357142857142856,2.347
https://www.miaphotobooth.net/post/what-size-are-photo-booth-pictures-a-complete-breakdown,2025-12-19,22,823,0.026731470230862697,2.3001215066828675,2.673
https://www.miaphotobooth.net/post/what-size-are-photo-booth-pictures-a-complete-breakdown,2026-01-06,22,903,0.024363233665559248,2.4728682170542635,2.436
https://www.miaphotobooth.net/post/what-size-are-photo-booth-pictures-a-complete-breakdown,2026-01-17,22,1209,0.018196856906534328,3.029776674937965,1.82
https://www.miaphotobooth.net/post/what-size-are-photo-booth-pictures-a-complete-breakdown,2026-01-23,22,977,0.022517911975435005,2.773797338792221,2.252
https://www.miaphotobooth.net/post/what-size-are-photo-booth-pictures-a-complete-breakdown,2025-12-10,21,965,0.021761658031088083,2.934715025906736,2.176
https://www.miaphotobooth.net/post/what-size-are-photo-booth-pictures-a-complete-breakdown,2026-01-16,21,922,0.0227765726681128,3.011930585683297,2.278
https://www.miaphotobooth.net/post/what-size-are-photo-booth-pictures-a-complete-breakdown,2026-02-15,21,1231,0.017059301380991064,2.74817221770918,1.706
https://www.miaphotobooth.net/post/what-size-are-photo-booth-pictures-a-complete-breakdown,2025-12-05,20,721,0.027739251040221916,2.8502080443828017,2.774
https://www.miaphotobooth.net/post/what-size-are-photo-booth-pictures-a-complete-breakdown,2025-12-17,20,958,0.020876826722338204,2.607515657620042,2.088
https://www.miaphotobooth.net/post/what-size-are-photo-booth-pictures-a-complete-breakdown,2025-12-23,20,899,0.02224694104560623,2.6596218020022246,2.225
https://www.miaphotobooth.net/post/what-size-are-photo-booth-pictures-a-complete-breakdown,2026-01-02,20,800,0.025,2.9299999999999997,2.5
https://www.miaphotobooth.net/post/what-size-are-photo-booth-pictures-a-complete-breakdown,2026-01-12,20,1003,0.019940179461615155,2.975074775672981,1.994
https://www.miaphotobooth.net/post/what-size-are-photo-booth-pictures-a-complete-breakdown,2026-01-18,20,1556,0.012853470437017995,3.1696658097686377,1.285
https://www.miaphotobooth.net/post/what-size-are-photo-booth-pictures-a-complete-breakdown,2026-03-03,20,876,0.0228310502283105,2.7591324200913245,2.283
https://www.miaphotobooth.net/post/what-size-are-photo-booth-pictures-a-complete-breakdown,2025-12-14,19,956,0.0198744769874477,2.784518828451883,1.987
https://www.miaphotobooth.net/post/what-size-are-photo-booth-pictures-a-complete-breakdown,2025-12-18,19,938,0.02025586353944563,2.7164179104477615,2.026
https://www.miaphotobooth.net/post/what-size-are-photo-booth-pictures-a-complete-breakdown,2026-01-15,19,896,0.021205357142857144,2.732142857142857,2.121
https://www.miaphotobooth.net/post/what-size-are-photo-booth-pictures-a-complete-breakdown,2026-01-19,19,1827,0.010399562123700055,3.1620142309797483,1.04
https://www.miaphotobooth.net/post/what-size-are-photo-booth-pictures-a-complete-breakdown,2025-12-07,18,826,0.021791767554479417,2.7893462469733654,2.179
https://www.miaphotobooth.net/post/what-size-are-photo-booth-pictures-a-complete-breakdown,2025-12-13,18,839,0.021454112038140644,2.605482717520858,2.145
https://www.miaphotobooth.net/post/what-size-are-photo-booth-pictures-a-complete-breakdown,2025-12-20,18,802,0.022443890274314215,2.7331670822942646,2.244
https://www.miaphotobooth.net/post/what-size-are-photo-booth-pictures-a-complete-breakdown,2025-12-29,18,900,0.02,2.8244444444444445,2.0
https://www.miaphotobooth.net/post/what-size-are-photo-booth-pictures-a-complete-breakdown,2026-01-11,18,1009,0.017839444995044598,2.7720515361744305,1.784
https://www.miaphotobooth.net/post/what-size-are-photo-booth-pictures-a-complete-breakdown,2026-01-24,18,1024,0.017578125,3.0107421875,1.758
https://www.miaphotobooth.net/post/what-size-are-photo-booth-pictures-a-complete-breakdown,2026-01-28,18,1107,0.016260162601626018,3.4742547425474255,1.626
https://www.miaphotobooth.net/post/what-size-are-photo-booth-pictures-a-complete-breakdown,2025-12-21,17,821,0.020706455542021926,2.6090133982947625,2.071
https://www.miaphotobooth.net/post/what-size-are-photo-booth-pictures-a-complete-breakdown,2026-01-08,17,863,0.019698725376593278,2.768250289687138,1.97
https://www.miaphotobooth.net/post/what-size-are-photo-booth-pictures-a-complete-breakdown,2025-12-09,16,982,0.016293279022403257,3.024439918533605,1.629
https://www.miaphotobooth.net/post/what-size-are-photo-booth-pictures-a-complete-breakdown,2025-12-12,16,792,0.020202020202020204,2.867424242424242,2.02
https://www.miaphotobooth.net/post/what-size-are-photo-booth-pictures-a-complete-breakdown,2026-01-10,16,865,0.018497109826589597,2.736416184971098,1.85
https://www.miaphotobooth.net/post/what-size-are-photo-booth-pictures-a-complete-breakdown,2025-12-08,15,904,0.016592920353982302,3.0420353982300883,1.659
https://www.miaphotobooth.net/post/what-size-are-photo-booth-pictures-a-complete-breakdown,2025-12-27,15,658,0.022796352583586626,2.268996960486322,2.28
https://www.miaphotobooth.net/post/what-size-are-photo-booth-pictures-a-complete-breakdown,2026-01-01,15,717,0.02092050209205021,2.6359832635983267,2.092
https://www.miaphotobooth.net/post/what-size-are-photo-booth-pictures-a-complete-breakdown,2026-02-16,15,1011,0.01483679525222552,3.075173095944609,1.484
https://www.miaphotobooth.net/post/what-size-are-photo-booth-pictures-a-complete-breakdown,2026-02-22,15,1015,0.014778325123152709,2.768472906403941,1.478
https://www.miaphotobooth.net/post/what-size-are-photo-booth-pictures-a-complete-breakdown,2025-12-11,14,962,0.014553014553014554,2.7474012474012475,1.455
https://www.miaphotobooth.net/post/what-size-are-photo-booth-pictures-a-complete-breakdown,2025-12-26,14,729,0.019204389574759947,2.530864197530864,1.92
https://www.miaphotobooth.net/post/what-size-are-photo-booth-pictures-a-complete-breakdown,2025-12-31,14,551,0.025408348457350273,2.9963702359346644,2.541
https://www.miaphotobooth.net/post/what-size-are-photo-booth-pictures-a-complete-breakdown,2026-02-18,14,884,0.01583710407239819,3.0441176470588234,1.584
https://www.miaphotobooth.net/post/what-size-are-photo-booth-pictures-a-complete-breakdown,2026-02-25,14,867,0.016147635524798153,3.3044982698961936,1.615
https://www.miaphotobooth.net/post/what-size-are-photo-booth-pictures-a-complete-breakdown,2025-12-04,13,770,0.016883116883116882,2.996103896103896,1.688
https://www.miaphotobooth.net/post/what-size-are-photo-booth-pictures-a-complete-breakdown,2025-12-25,13,646,0.020123839009287926,2.6842105263157894,2.012
https://www.miaphotobooth.net/post/what-size-are-photo-booth-pictures-a-complete-breakdown,2026-02-17,13,946,0.013742071881606765,2.6670190274841437,1.374
https://www.miaphotobooth.net/post/what-size-are-photo-booth-pictures-a-complete-breakdown,2026-02-28,13,824,0.015776699029126214,2.529126213592233,1.578
https://www.miaphotobooth.net/post/what-size-are-photo-booth-pictures-a-complete-breakdown,2026-01-03,12,824,0.014563106796116505,2.7536407766990294,1.456
https://www.miaphotobooth.net/post/what-size-are-photo-booth-pictures-a-complete-breakdown,2026-01-09,12,834,0.014388489208633094,2.835731414868105,1.439
https://www.miaphotobooth.net/post/what-size-are-photo-booth-pictures-a-complete-breakdown,2026-02-27,12,770,0.015584415584415584,2.745454545454545,1.558
https://www.miaphotobooth.net/,2026-02-24,11,249,0.04417670682730924,14.19277108433735,4.418
https://www.miaphotobooth.net/post/what-size-are-photo-booth-pictures-a-complete-breakdown,2025-12-28,11,781,0.014084507042253521,2.7157490396927018,1.408
https://www.miaphotobooth.net/post/what-size-are-photo-booth-pictures-a-complete-breakdown,2026-01-04,11,861,0.012775842044134728,2.543554006968641,1.278
https://www.miaphotobooth.net/post/what-size-are-photo-booth-pictures-a-complete-breakdown,2026-02-20,11,996,0.01104417670682731,2.8755020080321287,1.104
https://www.miaphotobooth.net/post/what-size-are-photo-booth-pictures-a-complete-breakdown,2026-02-26,11,761,0.01445466491458607,2.678055190538765,1.445
https://www.miaphotobooth.net/post/what-size-are-photo-booth-pictures-a-complete-breakdown,2026-03-02,11,856,0.012850467289719626,2.7792056074766354,1.285
https://www.miaphotobooth.net/post/what-size-are-photo-booth-pictures-a-complete-breakdown,2025-12-24,10,687,0.01455604075691412,2.3377001455604076,1.456
https://www.miaphotobooth.net/post/what-size-are-photo-booth-pictures-a-complete-breakdown,2026-02-21,8,869,0.009205983889528193,2.6939010356731874,0.921
https://www.miaphotobooth.net/post/what-size-are-photo-booth-pictures-a-complete-breakdown,2026-02-24,8,977,0.008188331627430911,3.4626407369498464,0.819
https://www.miaphotobooth.net/post/what-size-are-photo-booth-pictures-a-complete-breakdown,2025-12-06,6,690,0.008695652173913044,2.908695652173913,0.87
https://www.miaphotobooth.net/,2026-02-04,5,153,0.032679738562091505,10.908496732026144,3.268
https://www.miaphotobooth.net/,2026-01-05,4,228,0.017543859649122806,14.530701754385966,1.754
https://www.miaphotobooth.net/,2026-01-22,4,134,0.029850746268656716,12.813432835820896,2.985
https://www.miaphotobooth.net/,2026-01-26,4,137,0.029197080291970802,13.489051094890511,2.92
https://www.miaphotobooth.net/,2026-02-14,4,224,0.017857142857142856,18.830357142857142,1.786
https://www.miaphotobooth.net/,2026-02-18,4,240,0.016666666666666666,16.59583333333333,1.667
https://www.miaphotobooth.net/,2026-02-22,4,213,0.018779342723004695,16.920187793427232,1.878
https://www.miaphotobooth.net/?utm_source=gmb&utm_medium=click&utm_campaign=gmb_listing,2026-01-05,4,62,0.06451612903225806,4.32258064516129,6.452
https://www.miaphotobooth.net/post/what-size-are-photo-booth-pictures-a-complete-breakdown,2026-02-19,4,894,0.0044742729306487695,2.8926174496644297,0.447
https://www.miaphotobooth.net/,2025-12-05,3,220,0.013636363636363636,22.263636363636362,1.364
https://www.miaphotobooth.net/,2026-01-06,3,207,0.014492753623188406,13.93719806763285,1.449
https://www.miaphotobooth.net/,2026-01-12,3,182,0.016483516483516484,10.857142857142858,1.648
https://www.miaphotobooth.net/,2026-02-09,3,193,0.015544041450777202,16.041450777202073,1.554
https://www.miaphotobooth.net/,2026-02-19,3,250,0.012,16.496000000000002,1.2
https://www.miaphotobooth.net/,2026-03-01,3,512,0.005859375,8.69921875,0.586
https://www.miaphotobooth.net/?utm_source=gmb&utm_medium=click&utm_campaign=gmb_listing,2026-01-24,3,47,0.06382978723404255,5.914893617021277,6.383
https://www.miaphotobooth.net/post/what-are-the-photo-booth-pictures-called-understanding-photo-booth-photos,2026-01-01,3,585,0.005128205128205128,3.629059829059829,0.513
https://www.miaphotobooth.net/post/what-are-the-photo-booth-pictures-called-understanding-photo-booth-photos,2026-02-07,3,668,0.004491017964071856,3.6347305389221556,0.449
https://www.miaphotobooth.net/post/what-are-the-photo-booth-pictures-called-understanding-photo-booth-photos,2026-02-08,3,601,0.004991680532445923,3.610648918469218,0.499
https://www.miaphotobooth.net/post/what-are-the-photo-booth-pictures-called-understanding-photo-booth-photos,2026-02-10,3,789,0.0038022813688212928,3.373891001267427,0.38
https://www.miaphotobooth.net/,2025-12-12,2,160,0.0125,15.325,1.25
https://www.miaphotobooth.net/,2026-01-04,2,122,0.01639344262295082,10.80327868852459,1.639
https://www.miaphotobooth.net/,2026-01-10,2,140,0.014285714285714285,17.42142857142857,1.429
https://www.miaphotobooth.net/,2026-01-13,2,178,0.011235955056179775,15.353932584269662,1.124
https://www.miaphotobooth.net/,2026-01-14,2,149,0.013422818791946308,11.523489932885907,1.342
https://www.miaphotobooth.net/,2026-01-15,2,194,0.010309278350515464,9.922680412371134,1.031
https://www.miaphotobooth.net/,2026-01-23,2,144,0.013888888888888888,11.027777777777779,1.389
https://www.miaphotobooth.net/,2026-01-31,2,143,0.013986013986013986,14.545454545454545,1.399
https://www.miaphotobooth.net/,2026-02-03,2,162,0.012345679012345678,12.796296296296296,1.235
https://www.miaphotobooth.net/,2026-02-06,2,139,0.014388489208633094,12.546762589928058,1.439
https://www.miaphotobooth.net/,2026-02-11,2,151,0.013245033112582781,14.754966887417218,1.325
https://www.miaphotobooth.net/,2026-02-13,2,242,0.008264462809917356,20.049586776859503,0.826
https://www.miaphotobooth.net/,2026-02-16,2,244,0.00819672131147541,15.89344262295082,0.82
https://www.miaphotobooth.net/,2026-02-17,2,205,0.00975609756097561,17.180487804878048,0.976
https://www.miaphotobooth.net/,2026-02-27,2,532,0.0037593984962406013,10.693609022556391,0.376
https://www.miaphotobooth.net/,2026-02-28,2,544,0.003676470588235294,9.876838235294118,0.368
https://www.miaphotobooth.net/,2026-03-03,2,535,0.003738317757009346,8.900934579439252,0.374
https://www.miaphotobooth.net/?utm_source=gmb&utm_medium=click&utm_campaign=gmb_listing,2026-01-06,2,52,0.038461538461538464,5.519230769230769,3.846
https://www.miaphotobooth.net/?utm_source=gmb&utm_medium=click&utm_campaign=gmb_listing,2026-01-07,2,62,0.03225806451612903,2.645161290322581,3.226
https://www.miaphotobooth.net/?utm_source=gmb&utm_medium=click&utm_campaign=gmb_listing,2026-01-15,2,49,0.04081632653061224,3.1020408163265305,4.082
https://www.miaphotobooth.net/?utm_source=gmb&utm_medium=click&utm_campaign=gmb_listing,2026-02-01,2,26,0.07692307692307693,3.3076923076923075,7.692
https://www.miaphotobooth.net/?utm_source=gmb&utm_medium=click&utm_campaign=gmb_listing,2026-02-14,2,24,0.08333333333333333,3.2916666666666665,8.333
https://www.miaphotobooth.net/?utm_source=gmb&utm_medium=click&utm_campaign=gmb_listing,2026-03-01,2,186,0.010752688172043012,4.306451612903226,1.075
https://www.miaphotobooth.net/post/how-to-display-photo-booth-strips-tips-and-ideas,2026-01-21,2,27,0.07407407407407407,7.888888888888889,7.407
https://www.miaphotobooth.net/post/how-to-display-photo-booth-strips-tips-and-ideas,2026-01-27,2,42,0.047619047619047616,5.738095238095238,4.762
https://www.miaphotobooth.net/post/what-are-the-photo-booth-pictures-called-understanding-photo-booth-photos,2025-12-09,2,396,0.005050505050505051,3.191919191919192,0.505
https://www.miaphotobooth.net/post/what-are-the-photo-booth-pictures-called-understanding-photo-booth-photos,2025-12-17,2,467,0.004282655246252677,2.7965738758029977,0.428
https://www.miaphotobooth.net/post/what-are-the-photo-booth-pictures-called-understanding-photo-booth-photos,2025-12-18,2,455,0.004395604395604396,3.0505494505494504,0.44
https://www.miaphotobooth.net/post/what-are-the-photo-booth-pictures-called-understanding-photo-booth-photos,2025-12-29,2,535,0.003738317757009346,3.5775700934579437,0.374
https://www.miaphotobooth.net/post/what-are-the-photo-booth-pictures-called-understanding-photo-booth-photos,2026-01-11,2,712,0.0028089887640449437,3.609550561797753,0.281
https://www.miaphotobooth.net/post/what-are-the-photo-booth-pictures-called-understanding-photo-booth-photos,2026-01-22,2,582,0.003436426116838488,3.9054982817869415,0.344
https://www.miaphotobooth.net/post/what-are-the-photo-booth-pictures-called-understanding-photo-booth-photos,2026-01-29,2,532,0.0037593984962406013,3.5037593984962405,0.376
https://www.miaphotobooth.net/post/what-are-the-photo-booth-pictures-called-understanding-photo-booth-photos,2026-02-15,2,569,0.0035149384885764497,2.9806678383128293,0.351
https://www.miaphotobooth.net/post/what-are-the-photo-booth-pictures-called-understanding-photo-booth-photos,2026-02-19,2,542,0.0036900369003690036,3.1642066420664205,0.369
https://www.miaphotobooth.net/post/what-are-the-photo-booth-pictures-called-understanding-photo-booth-photos,2026-02-23,2,518,0.003861003861003861,3.857142857142857,0.386
https://www.miaphotobooth.net/post/what-are-the-photo-booth-pictures-called-understanding-photo-booth-photos,2026-02-25,2,472,0.00423728813559322,4.307203389830509,0.424
https://www.miaphotobooth.net/post/what-are-the-photo-booth-pictures-called-understanding-photo-booth-photos,2026-02-28,2,467,0.004282655246252677,2.8693790149892933,0.428
https://www.miaphotobooth.net/,2025-12-04,1,141,0.0070921985815602835,22.5177304964539,0.709
https://www.miaphotobooth.net/,2025-12-07,1,155,0.0064516129032258064,19.09032258064516,0.645
https://www.miaphotobooth.net/,2025-12-10,1,145,0.006896551724137931,14.944827586206896,0.69
https://www.miaphotobooth.net/,2025-12-11,1,139,0.007194244604316547,12.683453237410072,0.719
https://www.miaphotobooth.net/,2025-12-13,1,77,0.012987012987012988,10.883116883116884,1.299
https://www.miaphotobooth.net/,2025-12-14,1,158,0.006329113924050633,11.632911392405063,0.633
https://www.miaphotobooth.net/,2025-12-17,1,109,0.009174311926605505,9.65137614678899,0.917
https://www.miaphotobooth.net/,2025-12-19,1,149,0.006711409395973154,12.422818791946309,0.671
https://www.miaphotobooth.net/,2025-12-21,1,114,0.008771929824561403,12.780701754385966,0.877
https://www.miaphotobooth.net/,2025-12-26,1,105,0.009523809523809525,20.19047619047619,0.952
https://www.miaphotobooth.net/,2025-12-28,1,120,0.008333333333333333,14.566666666666666,0.833
https://www.miaphotobooth.net/,2025-12-31,1,113,0.008849557522123894,13.548672566371682,0.885
https://www.miaphotobooth.net/,2026-01-01,1,120,0.008333333333333333,12.683333333333334,0.833
https://www.miaphotobooth.net/,2026-01-07,1,238,0.004201680672268907,13.147058823529411,0.42
https://www.miaphotobooth.net/,2026-01-08,1,187,0.0053475935828877,15.598930481283423,0.535
https://www.miaphotobooth.net/,2026-01-09,1,164,0.006097560975609756,15.865853658536585,0.61
https://www.miaphotobooth.net/,2026-01-11,1,168,0.005952380952380952,13.452380952380953,0.595
https://www.miaphotobooth.net/,2026-01-16,1,208,0.004807692307692308,14.298076923076923,0.481
https://www.miaphotobooth.net/,2026-01-17,1,138,0.007246376811594203,10.55072463768116,0.725
https://www.miaphotobooth.net/,2026-01-18,1,198,0.005050505050505051,13.752525252525253,0.505
https://www.miaphotobooth.net/,2026-01-19,1,191,0.005235602094240838,12.350785340314136,0.524
https://www.miaphotobooth.net/,2026-01-20,1,191,0.005235602094240838,12.099476439790577,0.524
https://www.miaphotobooth.net/,2026-01-25,1,129,0.007751937984496124,18.705426356589147,0.775
https://www.miaphotobooth.net/,2026-01-27,1,158,0.006329113924050633,17.537974683544302,0.633
https://www.miaphotobooth.net/,2026-01-29,1,99,0.010101010101010102,13.434343434343434,1.01
https://www.miaphotobooth.net/,2026-01-30,1,127,0.007874015748031496,16.440944881889763,0.787
https://www.miaphotobooth.net/,2026-02-01,1,155,0.0064516129032258064,12.23225806451613,0.645
https://www.miaphotobooth.net/,2026-02-02,1,142,0.007042253521126761,10.345070422535212,0.704
https://www.miaphotobooth.net/,2026-02-05,1,187,0.0053475935828877,13.18716577540107,0.535
https://www.miaphotobooth.net/,2026-02-10,1,311,0.003215434083601286,15.15112540192926,0.322
https://www.miaphotobooth.net/,2026-02-15,1,160,0.00625,15.6625,0.625
https://www.miaphotobooth.net/,2026-02-20,1,194,0.005154639175257732,14.082474226804123,0.515
https://www.miaphotobooth.net/,2026-02-21,1,200,0.005,14.27,0.5
https://www.miaphotobooth.net/,2026-02-25,1,213,0.004694835680751174,10.19718309859155,0.469
https://www.miaphotobooth.net/,2026-02-26,1,158,0.006329113924050633,16.430379746835442,0.633
https://www.miaphotobooth.net/360-photo-booth,2025-12-31,1,31,0.03225806451612903,8.0,3.226
https://www.miaphotobooth.net/?utm_source=gmb&utm_medium=click&utm_campaign=gmb_listing,2025-12-04,1,28,0.03571428571428571,5.035714285714286,3.571
https://www.miaphotobooth.net/?utm_source=gmb&utm_medium=click&utm_campaign=gmb_listing,2025-12-05,1,43,0.023255813953488372,3.3488372093023258,2.326
https://www.miaphotobooth.net/?utm_source=gmb&utm_medium=click&utm_campaign=gmb_listing,2025-12-07,1,36,0.027777777777777776,3.3055555555555554,2.778
https://www.miaphotobooth.net/?utm_source=gmb&utm_medium=click&utm_campaign=gmb_listing,2025-12-27,1,39,0.02564102564102564,2.3846153846153846,2.564
https://www.miaphotobooth.net/?utm_source=gmb&utm_medium=click&utm_campaign=gmb_listing,2025-12-29,1,32,0.03125,2.46875,3.125
https://www.miaphotobooth.net/?utm_source=gmb&utm_medium=click&utm_campaign=gmb_listing,2025-12-31,1,24,0.041666666666666664,3.625,4.167
https://www.miaphotobooth.net/?utm_source=gmb&utm_medium=click&utm_campaign=gmb_listing,2026-01-09,1,36,0.027777777777777776,3.7222222222222223,2.778
https://www.miaphotobooth.net/?utm_source=gmb&utm_medium=click&utm_campaign=gmb_listing,2026-01-11,1,34,0.029411764705882353,3.323529411764706,2.941
https://www.miaphotobooth.net/?utm_source=gmb&utm_medium=click&utm_campaign=gmb_listing,2026-01-19,1,47,0.02127659574468085,5.851063829787234,2.128
https://www.miaphotobooth.net/?utm_source=gmb&utm_medium=click&utm_campaign=gmb_listing,2026-01-26,1,56,0.017857142857142856,5.892857142857143,1.786
https://www.miaphotobooth.net/?utm_source=gmb&utm_medium=click&utm_campaign=gmb_listing,2026-01-28,1,21,0.047619047619047616,1.9523809523809523,4.762
https://www.miaphotobooth.net/?utm_source=gmb&utm_medium=click&utm_campaign=gmb_listing,2026-02-09,1,33,0.030303030303030304,3.787878787878788,3.03
https://www.miaphotobooth.net/dependable-photo-booth-rental-in-sunset-fl,2026-02-19,1,4,0.25,3.75,25.0
https://www.miaphotobooth.net/events-gallery,2026-01-18,1,17,0.058823529411764705,8.470588235294118,5.882
https://www.miaphotobooth.net/events-gallery,2026-02-14,1,10,0.1,16.4,10.0
https://www.miaphotobooth.net/exceptional-photo-booth-rental-in-granada-fl,2026-01-07,1,5,0.2,23.8,20.0
https://www.miaphotobooth.net/glam-booth,2026-02-02,1,10,0.1,12.7,10.0
https://www.miaphotobooth.net/leading-photo-booth-rental-in-coral-gables-fl,2026-01-06,1,11,0.09090909090909091,31.727272727272727,9.091
https://www.miaphotobooth.net/modern-photo-booth-rental-in-coral-groves-fl,2026-02-04,1,6,0.16666666666666666,4.333333333333334,16.667
https://www.miaphotobooth.net/post/audio-guestbook-experience-miami,2025-12-06,1,1,1.0,5.0,100.0
https://www.miaphotobooth.net/post/audio-guestbook-experience-miami,2026-01-26,1,5,0.2,6.2,20.0
https://www.miaphotobooth.net/post/audio-guestbook-experience-miami,2026-01-31,1,4,0.25,4.25,25.0
https://www.miaphotobooth.net/post/audio-guestbook-experience-miami,2026-02-21,1,9,0.1111111111111111,7.0,11.111
https://www.miaphotobooth.net/post/audio-guestbook-experience-miami,2026-02-23,1,3,0.3333333333333333,31.333333333333332,33.333
https://www.miaphotobooth.net/post/fun-kissing-booth-photo-prop,2025-12-17,1,9,0.1111111111111111,7.333333333333333,11.111
https://www.miaphotobooth.net/post/how-can-i-create-a-polaroid-frame-for-my-photo-booth,2026-01-11,1,6,0.16666666666666666,7.5,16.667
https://www.miaphotobooth.net/post/how-to-display-photo-booth-strips-tips-and-ideas,2025-12-07,1,23,0.043478260869565216,3.652173913043478,4.348
https://www.miaphotobooth.net/post/how-to-display-photo-booth-strips-tips-and-ideas,2026-01-01,1,34,0.029411764705882353,5.382352941176471,2.941
https://www.miaphotobooth.net/post/how-to-display-photo-booth-strips-tips-and-ideas,2026-01-02,1,27,0.037037037037037035,5.851851851851852,3.704
https://www.miaphotobooth.net/post/how-to-display-photo-booth-strips-tips-and-ideas,2026-01-14,1,21,0.047619047619047616,9.0,4.762
https://www.miaphotobooth.net/post/how-to-display-photo-booth-strips-tips-and-ideas,2026-01-29,1,28,0.03571428571428571,9.214285714285714,3.571
https://www.miaphotobooth.net/post/how-to-display-photo-booth-strips-tips-and-ideas,2026-02-04,1,42,0.023809523809523808,5.428571428571429,2.381
https://www.miaphotobooth.net/post/how-to-display-photo-booth-strips-tips-and-ideas,2026-02-19,1,41,0.024390243902439025,4.902439024390244,2.439
https://www.miaphotobooth.net/post/how-to-effectively-display-photo-booth-props,2025-12-08,1,24,0.041666666666666664,3.0,4.167
https://www.miaphotobooth.net/post/how-to-effectively-display-photo-booth-props,2025-12-15,1,11,0.09090909090909091,4.727272727272727,9.091
https://www.miaphotobooth.net/post/how-to-effectively-display-photo-booth-props,2025-12-19,1,20,0.05,4.2,5.0
https://www.miaphotobooth.net/post/how-to-effectively-display-photo-booth-props,2026-02-17,1,2,0.5,4.0,50.0
https://www.miaphotobooth.net/post/how-to-make-photo-booth-props-fun-and-easy-diy-ideas,2025-12-10,1,17,0.058823529411764705,12.647058823529411,5.882
https://www.miaphotobooth.net/post/how-to-make-photo-booth-props-fun-and-easy-diy-ideas,2026-02-16,1,13,0.07692307692307693,8.846153846153847,7.692
https://www.miaphotobooth.net/post/how-to-make-photo-booth-props-fun-and-easy-diy-ideas,2026-02-22,1,22,0.045454545454545456,18.0,4.545
https://www.miaphotobooth.net/post/how-to-set-up-a-360-photo-booth,2025-12-12,1,2,0.5,7.0,50.0
https://www.miaphotobooth.net/post/how-to-set-up-proper-lighting,2025-12-19,1,9,0.1111111111111111,11.0,11.111
https://www.miaphotobooth.net/post/how-to-set-up-proper-lighting,2026-02-10,1,3,0.3333333333333333,6.666666666666667,33.333
https://www.miaphotobooth.net/post/how-to-take-a-boomerang-photo,2026-02-08,1,2,0.5,1.0,50.0
https://www.miaphotobooth.net/post/master-the-art-of-how-to-pose-for-360-photo-booth-photos,2025-12-13,1,9,0.1111111111111111,9.555555555555555,11.111
https://www.miaphotobooth.net/post/roamer-photo-booth-rental-miami,2026-01-11,1,1,1.0,5.0,100.0
https://www.miaphotobooth.net/post/roamer-photo-booth-rental-miami,2026-01-27,1,2,0.5,6.0,50.0
https://www.miaphotobooth.net/post/what-are-the-photo-booth-pictures-called-understanding-photo-booth-photos,2025-12-04,1,305,0.003278688524590164,2.9868852459016395,0.328
https://www.miaphotobooth.net/post/what-are-the-photo-booth-pictures-called-understanding-photo-booth-photos,2025-12-05,1,351,0.002849002849002849,2.6438746438746437,0.285
https://www.miaphotobooth.net/post/what-are-the-photo-booth-pictures-called-understanding-photo-booth-photos,2025-12-10,1,417,0.002398081534772182,2.647482014388489,0.24
https://www.miaphotobooth.net/post/what-are-the-photo-booth-pictures-called-understanding-photo-booth-photos,2025-12-14,1,501,0.001996007984031936,2.8802395209580838,0.2
https://www.miaphotobooth.net/post/what-are-the-photo-booth-pictures-called-understanding-photo-booth-photos,2025-12-15,1,430,0.002325581395348837,2.8488372093023253,0.233
https://www.miaphotobooth.net/post/what-are-the-photo-booth-pictures-called-understanding-photo-booth-photos,2025-12-21,1,475,0.002105263157894737,2.833684210526316,0.211
https://www.miaphotobooth.net/post/what-are-the-photo-booth-pictures-called-understanding-photo-booth-photos,2025-12-24,1,373,0.002680965147453083,3.8552278820375334,0.268
https://www.miaphotobooth.net/post/what-are-the-photo-booth-pictures-called-understanding-photo-booth-photos,2025-12-25,1,402,0.0024875621890547263,3.0248756218905473,0.249
https://www.miaphotobooth.net/post/what-are-the-photo-booth-pictures-called-understanding-photo-booth-photos,2025-12-26,1,403,0.0024813895781637717,3.7245657568238215,0.248
https://www.miaphotobooth.net/post/what-are-the-photo-booth-pictures-called-understanding-photo-booth-photos,2025-12-27,1,426,0.002347417840375587,3.300469483568075,0.235
https://www.miaphotobooth.net/post/what-are-the-photo-booth-pictures-called-understanding-photo-booth-photos,2025-12-28,1,471,0.0021231422505307855,3.1762208067940554,0.212
https://www.miaphotobooth.net/post/what-are-the-photo-booth-pictures-called-understanding-photo-booth-photos,2025-12-31,1,455,0.002197802197802198,3.221978021978022,0.22
https://www.miaphotobooth.net/post/what-are-the-photo-booth-pictures-called-understanding-photo-booth-photos,2026-01-02,1,661,0.0015128593040847202,4.098335854765507,0.151
https://www.miaphotobooth.net/post/what-are-the-photo-booth-pictures-called-understanding-photo-booth-photos,2026-01-07,1,493,0.002028397565922921,3.030425963488844,0.203
https://www.miaphotobooth.net/post/what-are-the-photo-booth-pictures-called-understanding-photo-booth-photos,2026-01-10,1,535,0.001869158878504673,3.02803738317757,0.187
https://www.miaphotobooth.net/post/what-are-the-photo-booth-pictures-called-understanding-photo-booth-photos,2026-01-16,1,490,0.0020408163265306124,3.7081632653061223,0.204
https://www.miaphotobooth.net/post/what-are-the-photo-booth-pictures-called-understanding-photo-booth-photos,2026-01-17,1,487,0.002053388090349076,3.4969199178644765,0.205
https://www.miaphotobooth.net/post/what-are-the-photo-booth-pictures-called-understanding-photo-booth-photos,2026-01-18,1,551,0.0018148820326678765,3.174228675136116,0.181
https://www.miaphotobooth.net/post/what-are-the-photo-booth-pictures-called-understanding-photo-booth-photos,2026-01-20,1,551,0.0018148820326678765,3.582577132486388,0.181
https://www.miaphotobooth.net/post/what-are-the-photo-booth-pictures-called-understanding-photo-booth-photos,2026-01-23,1,471,0.0021231422505307855,3.4819532908704884,0.212
https://www.miaphotobooth.net/post/what-are-the-photo-booth-pictures-called-understanding-photo-booth-photos,2026-01-27,1,677,0.0014771048744460858,3.805022156573117,0.148
https://www.miaphotobooth.net/post/what-are-the-photo-booth-pictures-called-understanding-photo-booth-photos,2026-01-30,1,489,0.002044989775051125,3.5276073619631902,0.204
https://www.miaphotobooth.net/post/what-are-the-photo-booth-pictures-called-understanding-photo-booth-photos,2026-01-31,1,628,0.0015923566878980893,3.805732484076433,0.159
https://www.miaphotobooth.net/post/what-are-the-photo-booth-pictures-called-understanding-photo-booth-photos,2026-02-01,1,604,0.0016556291390728477,4.178807947019868,0.166
https://www.miaphotobooth.net/post/what-are-the-photo-booth-pictures-called-understanding-photo-booth-photos,2026-02-02,1,490,0.0020408163265306124,3.1530612244897958,0.204
https://www.miaphotobooth.net/post/what-are-the-photo-booth-pictures-called-understanding-photo-booth-photos,2026-02-03,1,508,0.001968503937007874,2.671259842519685,0.197
https://www.miaphotobooth.net/post/what-are-the-photo-booth-pictures-called-understanding-photo-booth-photos,2026-02-05,1,1225,0.0008163265306122449,3.462857142857143,0.082
https://www.miaphotobooth.net/post/what-are-the-photo-booth-pictures-called-understanding-photo-booth-photos,2026-02-06,1,631,0.001584786053882726,3.992076069730586,0.158
https://www.miaphotobooth.net/post/what-are-the-photo-booth-pictures-called-understanding-photo-booth-photos,2026-02-09,1,748,0.001336898395721925,3.140374331550802,0.134
https://www.miaphotobooth.net/post/what-are-the-photo-booth-pictures-called-understanding-photo-booth-photos,2026-02-12,1,725,0.001379310344827586,3.1048275862068966,0.138
https://www.miaphotobooth.net/post/what-are-the-photo-booth-pictures-called-understanding-photo-booth-photos,2026-02-13,1,733,0.001364256480218281,2.6548431105047747,0.136
https://www.miaphotobooth.net/post/what-are-the-photo-booth-pictures-called-understanding-photo-booth-photos,2026-02-14,1,743,0.0013458950201884253,3.1090174966352624,0.135
https://www.miaphotobooth.net/post/what-are-the-photo-booth-pictures-called-understanding-photo-booth-photos,2026-02-17,1,529,0.001890359168241966,3.003780718336484,0.189
https://www.miaphotobooth.net/post/what-are-the-photo-booth-pictures-called-understanding-photo-booth-photos,2026-02-18,1,464,0.0021551724137931034,3.939655172413793,0.216
https://www.miaphotobooth.net/post/what-are-the-photo-booth-pictures-called-understanding-photo-booth-photos,2026-02-21,1,405,0.0024691358024691358,3.3185185185185184,0.247
https://www.miaphotobooth.net/post/what-are-the-photo-booth-pictures-called-understanding-photo-booth-photos,2026-02-24,1,466,0.002145922746781116,4.195278969957082,0.215
https://www.miaphotobooth.net/post/what-are-the-photo-booth-pictures-called-understanding-photo-booth-photos,2026-02-27,1,535,0.001869158878504673,4.3158878504672895,0.187
https://www.miaphotobooth.net/post/what-are-the-photo-booth-pictures-called-understanding-photo-booth-photos,2026-03-01,1,473,0.0021141649048625794,2.9281183932346724,0.211
https://www.miaphotobooth.net/post/what-are-the-photo-booth-pictures-called-understanding-photo-booth-photos,2026-03-02,1,467,0.0021413276231263384,3.284796573875803,0.214
https://www.miaphotobooth.net/post/what-are-the-photo-booth-pictures-called-understanding-photo-booth-photos,2026-03-03,1,442,0.0022624434389140274,3.17420814479638,0.226
https://www.miaphotobooth.net/post/what-do-360-photo-booth-pictures-look-like,2025-12-24,1,1,1.0,10.0,100.0
https://www.miaphotobooth.net/post/what-to-do-with-photo-booth-pictures,2025-12-15,1,10,0.1,3.8,10.0
https://www.miaphotobooth.net/post/what-type-of-photo-booth-to-hire,2026-02-04,1,4,0.25,3.5,25.0
https://www.miaphotobooth.net/post/what-you-need-for-a-360-photo-booth,2025-12-14,1,16,0.0625,3.1875,6.25
https://www.miaphotobooth.net/post/what-you-need-for-a-360-photo-booth,2026-02-17,1,15,0.06666666666666667,6.4,6.667
https://www.miaphotobooth.net/post/what-you-need-for-a-360-photo-booth,2026-02-19,1,22,0.045454545454545456,8.181818181818182,4.545
https://www.miaphotobooth.net/roamer-booth,2026-02-19,1,10,0.1,16.8,10.0
https://www.miaphotobooth.net/,2025-12-06,0,124,0.0,23.524193548387096,0.0
https://www.miaphotobooth.net/,2025-12-08,0,208,0.0,13.240384615384615,0.0
https://www.miaphotobooth.net/,2025-12-09,0,177,0.0,14.096045197740112,0.0
https://www.miaphotobooth.net/,2025-12-15,0,168,0.0,13.345238095238095,0.0
https://www.miaphotobooth.net/,2025-12-16,0,161,0.0,13.01863354037267,0.0
https://www.miaphotobooth.net/,2025-12-18,0,97,0.0,14.123711340206185,0.0
https://www.miaphotobooth.net/,2025-12-20,0,84,0.0,11.845238095238095,0.0
https://www.miaphotobooth.net/,2025-12-22,0,103,0.0,13.54368932038835,0.0
https://www.miaphotobooth.net/,2025-12-23,0,119,0.0,16.60504201680672,0.0
https://www.miaphotobooth.net/,2025-12-24,0,83,0.0,21.228915662650603,0.0
https://www.miaphotobooth.net/,2025-12-25,0,70,0.0,19.97142857142857,0.0
https://www.miaphotobooth.net/,2025-12-27,0,104,0.0,17.692307692307693,0.0
https://www.miaphotobooth.net/,2025-12-29,0,168,0.0,11.613095238095237,0.0
https://www.miaphotobooth.net/,2025-12-30,0,143,0.0,14.881118881118882,0.0
https://www.miaphotobooth.net/,2026-01-02,0,171,0.0,12.415204678362572,0.0
https://www.miaphotobooth.net/,2026-01-03,0,134,0.0,16.649253731343286,0.0
https://www.miaphotobooth.net/,2026-01-21,0,146,0.0,12.376712328767123,0.0
https://www.miaphotobooth.net/,2026-01-24,0,158,0.0,19.759493670886076,0.0
https://www.miaphotobooth.net/,2026-01-28,0,97,0.0,13.742268041237113,0.0
https://www.miaphotobooth.net/,2026-02-07,0,206,0.0,15.37864077669903,0.0
https://www.miaphotobooth.net/,2026-02-08,0,147,0.0,17.843537414965986,0.0
https://www.miaphotobooth.net/,2026-02-12,0,182,0.0,19.065934065934066,0.0
https://www.miaphotobooth.net/,2026-02-23,0,216,0.0,11.810185185185185,0.0
https://www.miaphotobooth.net/,2026-03-02,0,595,0.0,8.342857142857142,0.0
https://www.miaphotobooth.net/360-photo-booth,2025-12-04,0,20,0.0,21.7,0.0
https://www.miaphotobooth.net/360-photo-booth,2025-12-05,0,21,0.0,17.095238095238095,0.0
https://www.miaphotobooth.net/360-photo-booth,2025-12-06,0,13,0.0,12.846153846153847,0.0
https://www.miaphotobooth.net/360-photo-booth,2025-12-07,0,30,0.0,7.3,0.0
https://www.miaphotobooth.net/360-photo-booth,2025-12-08,0,21,0.0,11.523809523809524,0.0
https://www.miaphotobooth.net/360-photo-booth,2025-12-09,0,21,0.0,15.19047619047619,0.0
https://www.miaphotobooth.net/360-photo-booth,2025-12-10,0,15,0.0,10.266666666666667,0.0
https://www.miaphotobooth.net/360-photo-booth,2025-12-11,0,15,0.0,17.733333333333334,0.0
https://www.miaphotobooth.net/360-photo-booth,2025-12-12,0,7,0.0,6.714285714285714,0.0
https://www.miaphotobooth.net/360-photo-booth,2025-12-13,0,7,0.0,9.857142857142858,0.0
https://www.miaphotobooth.net/360-photo-booth,2025-12-14,0,10,0.0,11.6,0.0
https://www.miaphotobooth.net/360-photo-booth,2025-12-15,0,8,0.0,8.5,0.0
https://www.miaphotobooth.net/360-photo-booth,2025-12-16,0,15,0.0,21.6,0.0
https://www.miaphotobooth.net/360-photo-booth,2025-12-17,0,12,0.0,14.083333333333334,0.0
https://www.miaphotobooth.net/360-photo-booth,2025-12-18,0,11,0.0,23.727272727272727,0.0
https://www.miaphotobooth.net/360-photo-booth,2025-12-19,0,6,0.0,8.166666666666668,0.0
https://www.miaphotobooth.net/360-photo-booth,2025-12-20,0,7,0.0,14.571428571428571,0.0
https://www.miaphotobooth.net/360-photo-booth,2025-12-21,0,5,0.0,11.4,0.0
https://www.miaphotobooth.net/360-photo-booth,2025-12-22,0,15,0.0,11.333333333333334,0.0
https://www.miaphotobooth.net/360-photo-booth,2025-12-23,0,11,0.0,15.727272727272727,0.0
https://www.miaphotobooth.net/360-photo-booth,2025-12-24,0,4,0.0,26.0,0.0
https://www.miaphotobooth.net/360-photo-booth,2025-12-25,0,5,0.0,27.8,0.0
https://www.miaphotobooth.net/360-photo-booth,2025-12-26,0,8,0.0,10.625,0.0
https://www.miaphotobooth.net/360-photo-booth,2025-12-27,0,10,0.0,10.3,0.0
https://www.miaphotobooth.net/360-photo-booth,2025-12-28,0,22,0.0,8.0,0.0
https://www.miaphotobooth.net/360-photo-booth,2025-12-29,0,4,0.0,20.5,0.0
https://www.miaphotobooth.net/360-photo-booth,2025-12-30,0,22,0.0,17.636363636363637,0.0
https://www.miaphotobooth.net/360-photo-booth,2026-01-01,0,20,0.0,15.0,0.0
https://www.miaphotobooth.net/360-photo-booth,2026-01-02,0,25,0.0,8.64,0.0
https://www.miaphotobooth.net/360-photo-booth,2026-01-03,0,14,0.0,9.142857142857142,0.0
https://www.miaphotobooth.net/360-photo-booth,2026-01-04,0,22,0.0,10.272727272727273,0.0
https://www.miaphotobooth.net/360-photo-booth,2026-01-05,0,43,0.0,9.720930232558139,0.0
https://www.miaphotobooth.net/360-photo-booth,2026-01-06,0,44,0.0,15.909090909090908,0.0
https://www.miaphotobooth.net/360-photo-booth,2026-01-07,0,21,0.0,9.523809523809524,0.0
https://www.miaphotobooth.net/360-photo-booth,2026-01-08,0,37,0.0,13.54054054054054,0.0
https://www.miaphotobooth.net/360-photo-booth,2026-01-09,0,38,0.0,10.236842105263158,0.0
https://www.miaphotobooth.net/360-photo-booth,2026-01-10,0,24,0.0,11.291666666666666,0.0
https://www.miaphotobooth.net/360-photo-booth,2026-01-11,0,23,0.0,10.0,0.0
https://www.miaphotobooth.net/360-photo-booth,2026-01-12,0,20,0.0,20.65,0.0
https://www.miaphotobooth.net/360-photo-booth,2026-01-13,0,26,0.0,12.615384615384615,0.0
https://www.miaphotobooth.net/360-photo-booth,2026-01-14,0,23,0.0,14.478260869565217,0.0
https://www.miaphotobooth.net/360-photo-booth,2026-01-15,0,19,0.0,12.789473684210526,0.0
https://www.miaphotobooth.net/360-photo-booth,2026-01-16,0,22,0.0,7.909090909090909,0.0
https://www.miaphotobooth.net/360-photo-booth,2026-01-17,0,10,0.0,6.7,0.0
https://www.miaphotobooth.net/360-photo-booth,2026-01-18,0,24,0.0,8.416666666666668,0.0
https://www.miaphotobooth.net/360-photo-booth,2026-01-19,0,25,0.0,21.48,0.0
https://www.miaphotobooth.net/360-photo-booth,2026-01-20,0,26,0.0,13.807692307692308,0.0
https://www.miaphotobooth.net/360-photo-booth,2026-01-21,0,19,0.0,12.789473684210526,0.0
https://www.miaphotobooth.net/360-photo-booth,2026-01-22,0,15,0.0,12.733333333333333,0.0
https://www.miaphotobooth.net/360-photo-booth,2026-01-23,0,16,0.0,17.375,0.0
https://www.miaphotobooth.net/360-photo-booth,2026-01-24,0,13,0.0,11.76923076923077,0.0
https://www.miaphotobooth.net/360-photo-booth,2026-01-25,0,15,0.0,13.6,0.0
https://www.miaphotobooth.net/360-photo-booth,2026-01-26,0,27,0.0,8.37037037037037,0.0
https://www.miaphotobooth.net/360-photo-booth,2026-01-27,0,28,0.0,12.607142857142858,0.0
https://www.miaphotobooth.net/360-photo-booth,2026-01-28,0,10,0.0,16.9,0.0
https://www.miaphotobooth.net/360-photo-booth,2026-01-29,0,12,0.0,23.5,0.0
https://www.miaphotobooth.net/360-photo-booth,2026-01-30,0,10,0.0,9.2,0.0
https://www.miaphotobooth.net/360-photo-booth,2026-01-31,0,11,0.0,9.0,0.0
https://www.miaphotobooth.net/360-photo-booth,2026-02-01,0,18,0.0,8.88888888888889,0.0
https://www.miaphotobooth.net/360-photo-booth,2026-02-02,0,15,0.0,6.8,0.0
https://www.miaphotobooth.net/360-photo-booth,2026-02-03,0,14,0.0,9.928571428571429,0.0
https://www.miaphotobooth.net/360-photo-booth,2026-02-04,0,29,0.0,6.482758620689655,0.0
https://www.miaphotobooth.net/360-photo-booth,2026-02-05,0,12,0.0,6.916666666666667,0.0
https://www.miaphotobooth.net/360-photo-booth,2026-02-06,0,5,0.0,11.2,0.0
https://www.miaphotobooth.net/360-photo-booth,2026-02-07,0,6,0.0,10.333333333333334,0.0
https://www.miaphotobooth.net/360-photo-booth,2026-02-08,0,9,0.0,8.777777777777779,0.0
https://www.miaphotobooth.net/360-photo-booth,2026-02-09,0,13,0.0,19.153846153846153,0.0
https://www.miaphotobooth.net/360-photo-booth,2026-02-10,0,26,0.0,13.423076923076923,0.0
https://www.miaphotobooth.net/360-photo-booth,2026-02-11,0,1,0.0,7.0,0.0
https://www.miaphotobooth.net/360-photo-booth,2026-02-12,0,11,0.0,9.454545454545455,0.0
https://www.miaphotobooth.net/360-photo-booth,2026-02-13,0,18,0.0,8.222222222222221,0.0
https://www.miaphotobooth.net/360-photo-booth,2026-02-14,0,11,0.0,10.727272727272727,0.0
https://www.miaphotobooth.net/360-photo-booth,2026-02-15,0,11,0.0,10.636363636363637,0.0
https://www.miaphotobooth.net/360-photo-booth,2026-02-16,0,33,0.0,46.42424242424242,0.0
https://www.miaphotobooth.net/360-photo-booth,2026-02-17,0,9,0.0,18.77777777777778,0.0
https://www.miaphotobooth.net/360-photo-booth,2026-02-18,0,14,0.0,26.857142857142858,0.0
https://www.miaphotobooth.net/360-photo-booth,2026-02-19,0,13,0.0,5.076923076923077,0.0
https://www.miaphotobooth.net/360-photo-booth,2026-02-20,0,4,0.0,15.75,0.0
https://www.miaphotobooth.net/360-photo-booth,2026-02-21,0,18,0.0,12.944444444444445,0.0
https://www.miaphotobooth.net/360-photo-booth,2026-02-22,0,17,0.0,11.823529411764707,0.0
https://www.miaphotobooth.net/360-photo-booth,2026-02-23,0,12,0.0,15.0,0.0
https://www.miaphotobooth.net/360-photo-booth,2026-02-24,0,12,0.0,13.833333333333334,0.0
https://www.miaphotobooth.net/360-photo-booth,2026-02-25,0,5,0.0,19.6,0.0
https://www.miaphotobooth.net/360-photo-booth,2026-02-26,0,13,0.0,10.923076923076923,0.0
https://www.miaphotobooth.net/360-photo-booth,2026-02-27,0,19,0.0,20.0,0.0
https://www.miaphotobooth.net/360-photo-booth,2026-02-28,0,7,0.0,9.857142857142858,0.0
https://www.miaphotobooth.net/360-photo-booth,2026-03-01,0,11,0.0,10.363636363636363,0.0
https://www.miaphotobooth.net/360-photo-booth,2026-03-02,0,21,0.0,8.666666666666668,0.0
https://www.miaphotobooth.net/360-photo-booth,2026-03-03,0,14,0.0,7.857142857142857,0.0
https://www.miaphotobooth.net/?utm_source=gmb&utm_medium=click&utm_campaign=gmb_listing,2025-12-06,0,32,0.0,9.625,0.0
https://www.miaphotobooth.net/?utm_source=gmb&utm_medium=click&utm_campaign=gmb_listing,2025-12-08,0,23,0.0,4.608695652173913,0.0
https://www.miaphotobooth.net/?utm_source=gmb&utm_medium=click&utm_campaign=gmb_listing,2025-12-09,0,40,0.0,5.25,0.0
https://www.miaphotobooth.net/?utm_source=gmb&utm_medium=click&utm_campaign=gmb_listing,2025-12-10,0,30,0.0,4.266666666666667,0.0
https://www.miaphotobooth.net/?utm_source=gmb&utm_medium=click&utm_campaign=gmb_listing,2025-12-11,0,28,0.0,3.4285714285714284,0.0
https://www.miaphotobooth.net/?utm_source=gmb&utm_medium=click&utm_campaign=gmb_listing,2025-12-12,0,24,0.0,3.125,0.0
https://www.miaphotobooth.net/?utm_source=gmb&utm_medium=click&utm_campaign=gmb_listing,2025-12-13,0,22,0.0,2.5454545454545454,0.0
https://www.miaphotobooth.net/?utm_source=gmb&utm_medium=click&utm_campaign=gmb_listing,2025-12-14,0,29,0.0,2.206896551724138,0.0
https://www.miaphotobooth.net/?utm_source=gmb&utm_medium=click&utm_campaign=gmb_listing,2025-12-15,0,34,0.0,6.852941176470588,0.0
https://www.miaphotobooth.net/?utm_source=gmb&utm_medium=click&utm_campaign=gmb_listing,2025-12-16,0,36,0.0,4.416666666666666,0.0
https://www.miaphotobooth.net/?utm_source=gmb&utm_medium=click&utm_campaign=gmb_listing,2025-12-17,0,21,0.0,5.523809523809524,0.0
https://www.miaphotobooth.net/?utm_source=gmb&utm_medium=click&utm_campaign=gmb_listing,2025-12-18,0,21,0.0,4.571428571428571,0.0
https://www.miaphotobooth.net/?utm_source=gmb&utm_medium=click&utm_campaign=gmb_listing,2025-12-19,0,24,0.0,2.458333333333333,0.0
https://www.miaphotobooth.net/?utm_source=gmb&utm_medium=click&utm_campaign=gmb_listing,2025-12-20,0,20,0.0,2.2,0.0
https://www.miaphotobooth.net/?utm_source=gmb&utm_medium=click&utm_campaign=gmb_listing,2025-12-21,0,23,0.0,2.0434782608695654,0.0
https://www.miaphotobooth.net/?utm_source=gmb&utm_medium=click&utm_campaign=gmb_listing,2025-12-22,0,24,0.0,6.375,0.0
https://www.miaphotobooth.net/?utm_source=gmb&utm_medium=click&utm_campaign=gmb_listing,2025-12-23,0,34,0.0,3.6176470588235294,0.0
https://www.miaphotobooth.net/?utm_source=gmb&utm_medium=click&utm_campaign=gmb_listing,2025-12-24,0,22,0.0,1.9090909090909092,0.0
https://www.miaphotobooth.net/?utm_source=gmb&utm_medium=click&utm_campaign=gmb_listing,2025-12-25,0,17,0.0,2.8823529411764706,0.0
https://www.miaphotobooth.net/?utm_source=gmb&utm_medium=click&utm_campaign=gmb_listing,2025-12-26,0,26,0.0,2.0,0.0
https://www.miaphotobooth.net/?utm_source=gmb&utm_medium=click&utm_campaign=gmb_listing,2025-12-28,0,33,0.0,2.5757575757575757,0.0
https://www.miaphotobooth.net/?utm_source=gmb&utm_medium=click&utm_campaign=gmb_listing,2025-12-30,0,190,0.0,1.3789473684210527,0.0
https://www.miaphotobooth.net/?utm_source=gmb&utm_medium=click&utm_campaign=gmb_listing,2026-01-01,0,27,0.0,3.3703703703703702,0.0
https://www.miaphotobooth.net/?utm_source=gmb&utm_medium=click&utm_campaign=gmb_listing,2026-01-02,0,22,0.0,1.6818181818181817,0.0
https://www.miaphotobooth.net/?utm_source=gmb&utm_medium=click&utm_campaign=gmb_listing,2026-01-03,0,27,0.0,2.5555555555555554,0.0
https://www.miaphotobooth.net/?utm_source=gmb&utm_medium=click&utm_campaign=gmb_listing,2026-01-04,0,24,0.0,3.2083333333333335,0.0
https://www.miaphotobooth.net/?utm_source=gmb&utm_medium=click&utm_campaign=gmb_listing,2026-01-08,0,31,0.0,4.064516129032258,0.0
https://www.miaphotobooth.net/?utm_source=gmb&utm_medium=click&utm_campaign=gmb_listing,2026-01-10,0,25,0.0,3.68,0.0
https://www.miaphotobooth.net/?utm_source=gmb&utm_medium=click&utm_campaign=gmb_listing,2026-01-12,0,47,0.0,4.0212765957446805,0.0
https://www.miaphotobooth.net/?utm_source=gmb&utm_medium=click&utm_campaign=gmb_listing,2026-01-13,0,41,0.0,3.8780487804878048,0.0
https://www.miaphotobooth.net/?utm_source=gmb&utm_medium=click&utm_campaign=gmb_listing,2026-01-14,0,38,0.0,3.6578947368421053,0.0
https://www.miaphotobooth.net/?utm_source=gmb&utm_medium=click&utm_campaign=gmb_listing,2026-01-16,0,49,0.0,5.020408163265306,0.0
https://www.miaphotobooth.net/?utm_source=gmb&utm_medium=click&utm_campaign=gmb_listing,2026-01-17,0,27,0.0,8.11111111111111,0.0
https://www.miaphotobooth.net/?utm_source=gmb&utm_medium=click&utm_campaign=gmb_listing,2026-01-18,0,48,0.0,4.166666666666666,0.0
https://www.miaphotobooth.net/?utm_source=gmb&utm_medium=click&utm_campaign=gmb_listing,2026-01-20,0,59,0.0,5.745762711864407,0.0
https://www.miaphotobooth.net/?utm_source=gmb&utm_medium=click&utm_campaign=gmb_listing,2026-01-21,0,32,0.0,6.25,0.0
https://www.miaphotobooth.net/?utm_source=gmb&utm_medium=click&utm_campaign=gmb_listing,2026-01-22,0,25,0.0,4.52,0.0
https://www.miaphotobooth.net/?utm_source=gmb&utm_medium=click&utm_campaign=gmb_listing,2026-01-23,0,35,0.0,2.8857142857142857,0.0
https://www.miaphotobooth.net/?utm_source=gmb&utm_medium=click&utm_campaign=gmb_listing,2026-01-25,0,40,0.0,3.225,0.0
https://www.miaphotobooth.net/?utm_source=gmb&utm_medium=click&utm_campaign=gmb_listing,2026-01-27,0,44,0.0,3.477272727272727,0.0
https://www.miaphotobooth.net/?utm_source=gmb&utm_medium=click&utm_campaign=gmb_listing,2026-01-29,0,17,0.0,4.294117647058823,0.0
https://www.miaphotobooth.net/?utm_source=gmb&utm_medium=click&utm_campaign=gmb_listing,2026-01-30,0,16,0.0,1.6875,0.0
https://www.miaphotobooth.net/?utm_source=gmb&utm_medium=click&utm_campaign=gmb_listing,2026-01-31,0,17,0.0,1.4117647058823528,0.0
https://www.miaphotobooth.net/?utm_source=gmb&utm_medium=click&utm_campaign=gmb_listing,2026-02-02,0,32,0.0,4.34375,0.0
https://www.miaphotobooth.net/?utm_source=gmb&utm_medium=click&utm_campaign=gmb_listing,2026-02-03,0,18,0.0,3.388888888888889,0.0
https://www.miaphotobooth.net/?utm_source=gmb&utm_medium=click&utm_campaign=gmb_listing,2026-02-04,0,23,0.0,3.3043478260869565,0.0
https://www.miaphotobooth.net/?utm_source=gmb&utm_medium=click&utm_campaign=gmb_listing,2026-02-05,0,25,0.0,4.16,0.0
https://www.miaphotobooth.net/?utm_source=gmb&utm_medium=click&utm_campaign=gmb_listing,2026-02-06,0,23,0.0,2.6956521739130435,0.0
https://www.miaphotobooth.net/?utm_source=gmb&utm_medium=click&utm_campaign=gmb_listing,2026-02-07,0,24,0.0,2.916666666666667,0.0
https://www.miaphotobooth.net/?utm_source=gmb&utm_medium=click&utm_campaign=gmb_listing,2026-02-08,0,19,0.0,3.8421052631578947,0.0
https://www.miaphotobooth.net/?utm_source=gmb&utm_medium=click&utm_campaign=gmb_listing,2026-02-10,0,32,0.0,4.5625,0.0
https://www.miaphotobooth.net/?utm_source=gmb&utm_medium=click&utm_campaign=gmb_listing,2026-02-11,0,23,0.0,3.217391304347826,0.0
https://www.miaphotobooth.net/?utm_source=gmb&utm_medium=click&utm_campaign=gmb_listing,2026-02-12,0,17,0.0,2.8235294117647056,0.0
https://www.miaphotobooth.net/?utm_source=gmb&utm_medium=click&utm_campaign=gmb_listing,2026-02-13,0,23,0.0,2.5217391304347827,0.0
https://www.miaphotobooth.net/?utm_source=gmb&utm_medium=click&utm_campaign=gmb_listing,2026-02-15,0,16,0.0,2.4375,0.0
https://www.miaphotobooth.net/?utm_source=gmb&utm_medium=click&utm_campaign=gmb_listing,2026-02-16,0,17,0.0,2.0,0.0
https://www.miaphotobooth.net/?utm_source=gmb&utm_medium=click&utm_campaign=gmb_listing,2026-02-17,0,19,0.0,2.4210526315789473,0.0
https://www.miaphotobooth.net/?utm_source=gmb&utm_medium=click&utm_campaign=gmb_listing,2026-02-18,0,22,0.0,5.2727272727272725,0.0
https://www.miaphotobooth.net/?utm_source=gmb&utm_medium=click&utm_campaign=gmb_listing,2026-02-19,0,29,0.0,1.8620689655172413,0.0
https://www.miaphotobooth.net/?utm_source=gmb&utm_medium=click&utm_campaign=gmb_listing,2026-02-20,0,32,0.0,3.34375,0.0
https://www.miaphotobooth.net/?utm_source=gmb&utm_medium=click&utm_campaign=gmb_listing,2026-02-21,0,30,0.0,2.166666666666667,0.0
https://www.miaphotobooth.net/?utm_source=gmb&utm_medium=click&utm_campaign=gmb_listing,2026-02-22,0,40,0.0,2.2,0.0
https://www.miaphotobooth.net/?utm_source=gmb&utm_medium=click&utm_campaign=gmb_listing,2026-02-23,0,34,0.0,3.3529411764705883,0.0
https://www.miaphotobooth.net/?utm_source=gmb&utm_medium=click&utm_campaign=gmb_listing,2026-02-24,0,27,0.0,3.814814814814815,0.0
https://www.miaphotobooth.net/?utm_source=gmb&utm_medium=click&utm_campaign=gmb_listing,2026-02-25,0,26,0.0,1.9615384615384617,0.0
https://www.miaphotobooth.net/?utm_source=gmb&utm_medium=click&utm_campaign=gmb_listing,2026-02-26,0,24,0.0,5.083333333333333,0.0
https://www.miaphotobooth.net/?utm_source=gmb&utm_medium=click&utm_campaign=gmb_listing,2026-02-27,0,157,0.0,3.5031847133757963,0.0
https://www.miaphotobooth.net/?utm_source=gmb&utm_medium=click&utm_campaign=gmb_listing,2026-02-28,0,191,0.0,4.115183246073299,0.0
https://www.miaphotobooth.net/?utm_source=gmb&utm_medium=click&utm_campaign=gmb_listing,2026-03-02,0,180,0.0,5.95,0.0
https://www.miaphotobooth.net/?utm_source=gmb&utm_medium=click&utm_campaign=gmb_listing,2026-03-03,0,173,0.0,4.017341040462428,0.0
https://www.miaphotobooth.net/audio-guestbook,2025-12-15,0,1,0.0,4.0,0.0
https://www.miaphotobooth.net/audio-guestbook,2025-12-18,0,1,0.0,8.0,0.0
https://www.miaphotobooth.net/audio-guestbook,2025-12-22,0,1,0.0,4.0,0.0
https://www.miaphotobooth.net/audio-guestbook,2026-01-08,0,1,0.0,8.0,0.0
https://www.miaphotobooth.net/audio-guestbook,2026-01-20,0,1,0.0,2.0,0.0
https://www.miaphotobooth.net/classy-photo-booth-rental-in-coral-terrace-fl,2025-12-04,0,2,0.0,94.0,0.0
https://www.miaphotobooth.net/classy-photo-booth-rental-in-coral-terrace-fl,2025-12-05,0,2,0.0,76.5,0.0
https://www.miaphotobooth.net/classy-photo-booth-rental-in-coral-terrace-fl,2025-12-06,0,1,0.0,96.0,0.0
https://www.miaphotobooth.net/classy-photo-booth-rental-in-coral-terrace-fl,2025-12-08,0,8,0.0,47.5,0.0
https://www.miaphotobooth.net/classy-photo-booth-rental-in-coral-terrace-fl,2025-12-09,0,2,0.0,99.0,0.0
https://www.miaphotobooth.net/classy-photo-booth-rental-in-coral-terrace-fl,2025-12-10,0,3,0.0,65.66666666666667,0.0
https://www.miaphotobooth.net/classy-photo-booth-rental-in-coral-terrace-fl,2025-12-16,0,4,0.0,23.5,0.0
https://www.miaphotobooth.net/classy-photo-booth-rental-in-coral-terrace-fl,2025-12-19,0,2,0.0,84.0,0.0
https://www.miaphotobooth.net/classy-photo-booth-rental-in-coral-terrace-fl,2025-12-20,0,1,0.0,86.0,0.0
https://www.miaphotobooth.net/classy-photo-booth-rental-in-coral-terrace-fl,2025-12-22,0,1,0.0,8.0,0.0
https://www.miaphotobooth.net/classy-photo-booth-rental-in-coral-terrace-fl,2025-12-23,0,2,0.0,34.0,0.0
https://www.miaphotobooth.net/classy-photo-booth-rental-in-coral-terrace-fl,2025-12-26,0,3,0.0,13.666666666666666,0.0
https://www.miaphotobooth.net/classy-photo-booth-rental-in-coral-terrace-fl,2025-12-27,0,3,0.0,32.0,0.0
https://www.miaphotobooth.net/classy-photo-booth-rental-in-coral-terrace-fl,2025-12-30,0,1,0.0,40.0,0.0
https://www.miaphotobooth.net/classy-photo-booth-rental-in-coral-terrace-fl,2025-12-31,0,2,0.0,14.5,0.0
https://www.miaphotobooth.net/classy-photo-booth-rental-in-coral-terrace-fl,2026-01-02,0,1,0.0,41.0,0.0
https://www.miaphotobooth.net/classy-photo-booth-rental-in-coral-terrace-fl,2026-01-03,0,1,0.0,8.0,0.0
https://www.miaphotobooth.net/classy-photo-booth-rental-in-coral-terrace-fl,2026-01-05,0,7,0.0,75.42857142857143,0.0
https://www.miaphotobooth.net/classy-photo-booth-rental-in-coral-terrace-fl,2026-01-06,0,31,0.0,9.129032258064516,0.0
https://www.miaphotobooth.net/classy-photo-booth-rental-in-coral-terrace-fl,2026-01-07,0,8,0.0,54.0,0.0
https://www.miaphotobooth.net/classy-photo-booth-rental-in-coral-terrace-fl,2026-01-08,0,14,0.0,15.642857142857142,0.0
https://www.miaphotobooth.net/classy-photo-booth-rental-in-coral-terrace-fl,2026-01-09,0,2,0.0,38.5,0.0
https://www.miaphotobooth.net/classy-photo-booth-rental-in-coral-terrace-fl,2026-01-10,0,3,0.0,5.0,0.0
https://www.miaphotobooth.net/classy-photo-booth-rental-in-coral-terrace-fl,2026-01-12,0,1,0.0,11.0,0.0
https://www.miaphotobooth.net/classy-photo-booth-rental-in-coral-terrace-fl,2026-01-13,0,2,0.0,23.0,0.0
https://www.miaphotobooth.net/classy-photo-booth-rental-in-coral-terrace-fl,2026-01-15,0,3,0.0,29.333333333333332,0.0
https://www.miaphotobooth.net/classy-photo-booth-rental-in-coral-terrace-fl,2026-01-16,0,2,0.0,7.0,0.0
https://www.miaphotobooth.net/classy-photo-booth-rental-in-coral-terrace-fl,2026-01-18,0,1,0.0,26.0,0.0
https://www.miaphotobooth.net/classy-photo-booth-rental-in-coral-terrace-fl,2026-01-19,0,4,0.0,40.0,0.0
https://www.miaphotobooth.net/classy-photo-booth-rental-in-coral-terrace-fl,2026-01-20,0,2,0.0,20.0,0.0
https://www.miaphotobooth.net/classy-photo-booth-rental-in-coral-terrace-fl,2026-01-21,0,1,0.0,10.0,0.0
https://www.miaphotobooth.net/classy-photo-booth-rental-in-coral-terrace-fl,2026-01-22,0,1,0.0,68.0,0.0
https://www.miaphotobooth.net/classy-photo-booth-rental-in-coral-terrace-fl,2026-01-23,0,1,0.0,25.0,0.0
https://www.miaphotobooth.net/classy-photo-booth-rental-in-coral-terrace-fl,2026-01-26,0,4,0.0,7.25,0.0
https://www.miaphotobooth.net/classy-photo-booth-rental-in-coral-terrace-fl,2026-02-01,0,1,0.0,18.0,0.0
https://www.miaphotobooth.net/classy-photo-booth-rental-in-coral-terrace-fl,2026-02-03,0,1,0.0,80.0,0.0
https://www.miaphotobooth.net/classy-photo-booth-rental-in-coral-terrace-fl,2026-02-04,0,8,0.0,8.0,0.0
https://www.miaphotobooth.net/classy-photo-booth-rental-in-coral-terrace-fl,2026-02-06,0,2,0.0,17.5,0.0
https://www.miaphotobooth.net/classy-photo-booth-rental-in-coral-terrace-fl,2026-02-08,0,1,0.0,7.0,0.0
https://www.miaphotobooth.net/classy-photo-booth-rental-in-coral-terrace-fl,2026-02-09,0,9,0.0,23.444444444444443,0.0
https://www.miaphotobooth.net/classy-photo-booth-rental-in-coral-terrace-fl,2026-02-10,0,1,0.0,38.0,0.0
https://www.miaphotobooth.net/classy-photo-booth-rental-in-coral-terrace-fl,2026-02-11,0,1,0.0,13.0,0.0
https://www.miaphotobooth.net/classy-photo-booth-rental-in-coral-terrace-fl,2026-02-13,0,1,0.0,9.0,0.0
https://www.miaphotobooth.net/classy-photo-booth-rental-in-coral-terrace-fl,2026-02-16,0,65,0.0,26.415384615384614,0.0
https://www.miaphotobooth.net/classy-photo-booth-rental-in-coral-terrace-fl,2026-02-17,0,1,0.0,35.0,0.0
https://www.miaphotobooth.net/classy-photo-booth-rental-in-coral-terrace-fl,2026-02-19,0,1,0.0,25.0,0.0
https://www.miaphotobooth.net/classy-photo-booth-rental-in-coral-terrace-fl,2026-02-20,0,3,0.0,57.0,0.0
https://www.miaphotobooth.net/classy-photo-booth-rental-in-coral-terrace-fl,2026-02-21,0,2,0.0,68.5,0.0
https://www.miaphotobooth.net/classy-photo-booth-rental-in-coral-terrace-fl,2026-02-22,0,4,0.0,50.75,0.0
https://www.miaphotobooth.net/classy-photo-booth-rental-in-coral-terrace-fl,2026-02-23,0,7,0.0,21.142857142857142,0.0
https://www.miaphotobooth.net/classy-photo-booth-rental-in-coral-terrace-fl,2026-02-26,0,5,0.0,36.0,0.0
https://www.miaphotobooth.net/classy-photo-booth-rental-in-coral-terrace-fl,2026-02-27,0,5,0.0,16.8,0.0
https://www.miaphotobooth.net/classy-photo-booth-rental-in-coral-terrace-fl,2026-03-03,0,1,0.0,33.0,0.0
https://www.miaphotobooth.net/contact,2025-12-04,0,6,0.0,9.333333333333334,0.0
https://www.miaphotobooth.net/contact,2025-12-05,0,9,0.0,8.0,0.0
https://www.miaphotobooth.net/contact,2025-12-06,0,7,0.0,5.142857142857143,0.0
https://www.miaphotobooth.net/contact,2025-12-07,0,14,0.0,4.857142857142858,0.0
https://www.miaphotobooth.net/contact,2025-12-08,0,4,0.0,9.25,0.0
https://www.miaphotobooth.net/contact,2025-12-09,0,5,0.0,8.4,0.0
https://www.miaphotobooth.net/contact,2025-12-10,0,2,0.0,8.5,0.0
https://www.miaphotobooth.net/contact,2025-12-11,0,6,0.0,10.666666666666666,0.0
https://www.miaphotobooth.net/contact,2025-12-12,0,5,0.0,11.2,0.0
https://www.miaphotobooth.net/contact,2025-12-13,0,2,0.0,7.0,0.0
https://www.miaphotobooth.net/contact,2025-12-14,0,7,0.0,7.714285714285714,0.0
https://www.miaphotobooth.net/contact,2025-12-15,0,2,0.0,99.5,0.0
https://www.miaphotobooth.net/contact,2025-12-16,0,8,0.0,9.125,0.0
https://www.miaphotobooth.net/contact,2025-12-17,0,4,0.0,6.25,0.0
https://www.miaphotobooth.net/contact,2025-12-18,0,5,0.0,6.4,0.0
https://www.miaphotobooth.net/contact,2025-12-19,0,2,0.0,11.0,0.0
https://www.miaphotobooth.net/contact,2025-12-20,0,3,0.0,9.0,0.0
https://www.miaphotobooth.net/contact,2025-12-21,0,3,0.0,5.333333333333333,0.0
https://www.miaphotobooth.net/contact,2025-12-22,0,3,0.0,11.0,0.0
https://www.miaphotobooth.net/contact,2025-12-23,0,2,0.0,8.0,0.0
https://www.miaphotobooth.net/contact,2025-12-24,0,1,0.0,2.0,0.0
https://www.miaphotobooth.net/contact,2025-12-25,0,2,0.0,10.5,0.0
https://www.miaphotobooth.net/contact,2025-12-26,0,2,0.0,4.5,0.0
https://www.miaphotobooth.net/contact,2025-12-27,0,3,0.0,7.666666666666667,0.0
https://www.miaphotobooth.net/contact,2025-12-28,0,11,0.0,7.454545454545454,0.0
https://www.miaphotobooth.net/contact,2025-12-29,0,1,0.0,7.0,0.0
https://www.miaphotobooth.net/contact,2025-12-30,0,7,0.0,8.428571428571429,0.0
https://www.miaphotobooth.net/contact,2025-12-31,0,7,0.0,9.285714285714286,0.0
https://www.miaphotobooth.net/contact,2026-01-01,0,8,0.0,9.375,0.0
https://www.miaphotobooth.net/contact,2026-01-02,0,6,0.0,52.333333333333336,0.0
https://www.miaphotobooth.net/contact,2026-01-03,0,4,0.0,5.5,0.0
https://www.miaphotobooth.net/contact,2026-01-04,0,4,0.0,8.75,0.0
https://www.miaphotobooth.net/contact,2026-01-05,0,26,0.0,8.923076923076923,0.0
https://www.miaphotobooth.net/contact,2026-01-06,0,7,0.0,10.0,0.0
https://www.miaphotobooth.net/contact,2026-01-07,0,8,0.0,6.125,0.0
https://www.miaphotobooth.net/contact,2026-01-08,0,12,0.0,8.333333333333332,0.0
https://www.miaphotobooth.net/contact,2026-01-09,0,6,0.0,9.666666666666666,0.0
https://www.miaphotobooth.net/contact,2026-01-10,0,4,0.0,5.0,0.0
https://www.miaphotobooth.net/contact,2026-01-11,0,14,0.0,10.428571428571429,0.0
https://www.miaphotobooth.net/contact,2026-01-12,0,5,0.0,8.6,0.0
https://www.miaphotobooth.net/contact,2026-01-13,0,6,0.0,6.666666666666667,0.0
https://www.miaphotobooth.net/contact,2026-01-14,0,5,0.0,8.6,0.0
https://www.miaphotobooth.net/contact,2026-01-15,0,6,0.0,8.666666666666668,0.0
https://www.miaphotobooth.net/contact,2026-01-16,0,5,0.0,40.2,0.0
https://www.miaphotobooth.net/contact,2026-01-17,0,2,0.0,7.5,0.0
https://www.miaphotobooth.net/contact,2026-01-18,0,10,0.0,8.1,0.0
https://www.miaphotobooth.net/contact,2026-01-19,0,6,0.0,8.666666666666668,0.0
https://www.miaphotobooth.net/contact,2026-01-20,0,6,0.0,11.166666666666666,0.0
https://www.miaphotobooth.net/contact,2026-01-21,0,5,0.0,7.8,0.0
https://www.miaphotobooth.net/contact,2026-01-22,0,8,0.0,7.875,0.0
https://www.miaphotobooth.net/contact,2026-01-23,0,7,0.0,9.714285714285714,0.0
https://www.miaphotobooth.net/contact,2026-01-24,0,5,0.0,12.8,0.0
https://www.miaphotobooth.net/contact,2026-01-25,0,3,0.0,10.333333333333334,0.0
https://www.miaphotobooth.net/contact,2026-01-26,0,8,0.0,8.25,0.0
https://www.miaphotobooth.net/contact,2026-01-27,0,3,0.0,8.0,0.0
https://www.miaphotobooth.net/contact,2026-01-28,0,4,0.0,10.75,0.0
https://www.miaphotobooth.net/contact,2026-01-29,0,3,0.0,11.0,0.0
https://www.miaphotobooth.net/contact,2026-01-30,0,3,0.0,10.0,0.0
https://www.miaphotobooth.net/contact,2026-01-31,0,1,0.0,4.0,0.0
https://www.miaphotobooth.net/contact,2026-02-01,0,12,0.0,7.583333333333333,0.0
https://www.miaphotobooth.net/contact,2026-02-02,0,4,0.0,9.0,0.0
https://www.miaphotobooth.net/contact,2026-02-03,0,4,0.0,10.0,0.0
https://www.miaphotobooth.net/contact,2026-02-04,0,10,0.0,9.3,0.0
https://www.miaphotobooth.net/contact,2026-02-05,0,6,0.0,22.833333333333332,0.0
https://www.miaphotobooth.net/contact,2026-02-06,0,2,0.0,11.0,0.0
https://www.miaphotobooth.net/contact,2026-02-07,0,5,0.0,7.2,0.0
https://www.miaphotobooth.net/contact,2026-02-08,0,7,0.0,8.714285714285715,0.0
https://www.miaphotobooth.net/contact,2026-02-09,0,6,0.0,7.833333333333333,0.0
https://www.miaphotobooth.net/contact,2026-02-10,0,16,0.0,7.125,0.0
https://www.miaphotobooth.net/contact,2026-02-12,0,5,0.0,10.6,0.0
https://www.miaphotobooth.net/contact,2026-02-13,0,13,0.0,27.076923076923077,0.0
https://www.miaphotobooth.net/contact,2026-02-14,0,7,0.0,8.142857142857142,0.0
https://www.miaphotobooth.net/contact,2026-02-15,0,8,0.0,5.375,0.0
https://www.miaphotobooth.net/contact,2026-02-16,0,9,0.0,3.888888888888889,0.0
https://www.miaphotobooth.net/contact,2026-02-17,0,1,0.0,5.0,0.0
https://www.miaphotobooth.net/contact,2026-02-18,0,5,0.0,48.2,0.0
https://www.miaphotobooth.net/contact,2026-02-19,0,5,0.0,7.4,0.0
https://www.miaphotobooth.net/contact,2026-02-20,0,4,0.0,8.0,0.0
https://www.miaphotobooth.net/contact,2026-02-21,0,14,0.0,7.857142857142857,0.0
https://www.miaphotobooth.net/contact,2026-02-22,0,8,0.0,8.5,0.0
https://www.miaphotobooth.net/contact,2026-02-23,0,6,0.0,103.0,0.0
https://www.miaphotobooth.net/contact,2026-02-24,0,8,0.0,7.25,0.0
https://www.miaphotobooth.net/contact,2026-02-25,0,3,0.0,6.333333333333333,0.0
https://www.miaphotobooth.net/contact,2026-02-26,0,7,0.0,8.571428571428571,0.0
https://www.miaphotobooth.net/contact,2026-02-27,0,5,0.0,7.6,0.0
https://www.miaphotobooth.net/contact,2026-02-28,0,3,0.0,6.333333333333333,0.0
https://www.miaphotobooth.net/contact,2026-03-01,0,2,0.0,5.0,0.0
https://www.miaphotobooth.net/contact,2026-03-02,0,12,0.0,7.583333333333333,0.0
https://www.miaphotobooth.net/contact,2026-03-03,0,4,0.0,6.75,0.0
https://www.miaphotobooth.net/dependable-photo-booth-rental-in-sunset-fl,2025-12-07,0,2,0.0,6.0,0.0
https://www.miaphotobooth.net/dependable-photo-booth-rental-in-sunset-fl,2025-12-08,0,1,0.0,4.0,0.0
https://www.miaphotobooth.net/dependable-photo-booth-rental-in-sunset-fl,2025-12-14,0,1,0.0,9.0,0.0
https://www.miaphotobooth.net/dependable-photo-booth-rental-in-sunset-fl,2025-12-20,0,1,0.0,2.0,0.0
https://www.miaphotobooth.net/dependable-photo-booth-rental-in-sunset-fl,2026-01-02,0,4,0.0,44.5,0.0
https://www.miaphotobooth.net/dependable-photo-booth-rental-in-sunset-fl,2026-01-05,0,1,0.0,17.0,0.0
https://www.miaphotobooth.net/dependable-photo-booth-rental-in-sunset-fl,2026-01-07,0,21,0.0,8.428571428571429,0.0
https://www.miaphotobooth.net/dependable-photo-booth-rental-in-sunset-fl,2026-01-08,0,2,0.0,18.0,0.0
https://www.miaphotobooth.net/dependable-photo-booth-rental-in-sunset-fl,2026-01-10,0,1,0.0,4.0,0.0
https://www.miaphotobooth.net/dependable-photo-booth-rental-in-sunset-fl,2026-01-15,0,2,0.0,4.0,0.0
https://www.miaphotobooth.net/dependable-photo-booth-rental-in-sunset-fl,2026-01-17,0,1,0.0,7.0,0.0
https://www.miaphotobooth.net/dependable-photo-booth-rental-in-sunset-fl,2026-01-18,0,1,0.0,98.0,0.0
https://www.miaphotobooth.net/dependable-photo-booth-rental-in-sunset-fl,2026-01-19,0,1,0.0,11.0,0.0
https://www.miaphotobooth.net/dependable-photo-booth-rental-in-sunset-fl,2026-01-25,0,2,0.0,7.5,0.0
https://www.miaphotobooth.net/dependable-photo-booth-rental-in-sunset-fl,2026-01-26,0,3,0.0,8.0,0.0
https://www.miaphotobooth.net/dependable-photo-booth-rental-in-sunset-fl,2026-01-27,0,1,0.0,11.0,0.0
https://www.miaphotobooth.net/dependable-photo-booth-rental-in-sunset-fl,2026-01-28,0,3,0.0,12.0,0.0
https://www.miaphotobooth.net/dependable-photo-booth-rental-in-sunset-fl,2026-01-30,0,1,0.0,39.0,0.0
https://www.miaphotobooth.net/dependable-photo-booth-rental-in-sunset-fl,2026-02-04,0,6,0.0,9.333333333333334,0.0
https://www.miaphotobooth.net/dependable-photo-booth-rental-in-sunset-fl,2026-02-06,0,3,0.0,11.666666666666666,0.0
https://www.miaphotobooth.net/dependable-photo-booth-rental-in-sunset-fl,2026-02-08,0,1,0.0,8.0,0.0
https://www.miaphotobooth.net/dependable-photo-booth-rental-in-sunset-fl,2026-02-09,0,4,0.0,56.5,0.0
https://www.miaphotobooth.net/dependable-photo-booth-rental-in-sunset-fl,2026-02-10,0,1,0.0,11.0,0.0
https://www.miaphotobooth.net/dependable-photo-booth-rental-in-sunset-fl,2026-02-11,0,1,0.0,5.0,0.0
https://www.miaphotobooth.net/dependable-photo-booth-rental-in-sunset-fl,2026-02-12,0,2,0.0,9.0,0.0
https://www.miaphotobooth.net/dependable-photo-booth-rental-in-sunset-fl,2026-02-16,0,26,0.0,46.0,0.0
https://www.miaphotobooth.net/dependable-photo-booth-rental-in-sunset-fl,2026-02-17,0,2,0.0,5.0,0.0
https://www.miaphotobooth.net/dependable-photo-booth-rental-in-sunset-fl,2026-02-20,0,2,0.0,33.0,0.0
https://www.miaphotobooth.net/dependable-photo-booth-rental-in-sunset-fl,2026-02-21,0,3,0.0,31.0,0.0
https://www.miaphotobooth.net/dependable-photo-booth-rental-in-sunset-fl,2026-02-27,0,1,0.0,70.0,0.0
https://www.miaphotobooth.net/dependable-photo-booth-rental-in-sunset-fl,2026-03-02,0,3,0.0,47.666666666666664,0.0
https://www.miaphotobooth.net/events-gallery,2025-12-04,0,11,0.0,9.909090909090908,0.0
https://www.miaphotobooth.net/events-gallery,2025-12-05,0,14,0.0,11.071428571428571,0.0
https://www.miaphotobooth.net/events-gallery,2025-12-06,0,10,0.0,18.3,0.0
https://www.miaphotobooth.net/events-gallery,2025-12-07,0,19,0.0,4.631578947368421,0.0
https://www.miaphotobooth.net/events-gallery,2025-12-08,0,7,0.0,8.714285714285715,0.0
https://www.miaphotobooth.net/events-gallery,2025-12-09,0,10,0.0,9.0,0.0
https://www.miaphotobooth.net/events-gallery,2025-12-10,0,7,0.0,20.142857142857142,0.0
https://www.miaphotobooth.net/events-gallery,2025-12-11,0,8,0.0,10.75,0.0
https://www.miaphotobooth.net/events-gallery,2025-12-12,0,6,0.0,7.666666666666667,0.0
https://www.miaphotobooth.net/events-gallery,2025-12-13,0,3,0.0,8.666666666666668,0.0
https://www.miaphotobooth.net/events-gallery,2025-12-14,0,7,0.0,7.714285714285714,0.0
https://www.miaphotobooth.net/events-gallery,2025-12-15,0,5,0.0,9.4,0.0
https://www.miaphotobooth.net/events-gallery,2025-12-16,0,10,0.0,9.4,0.0
https://www.miaphotobooth.net/events-gallery,2025-12-17,0,6,0.0,7.5,0.0
https://www.miaphotobooth.net/events-gallery,2025-12-18,0,5,0.0,6.4,0.0
https://www.miaphotobooth.net/events-gallery,2025-12-19,0,5,0.0,9.6,0.0
https://www.miaphotobooth.net/events-gallery,2025-12-20,0,4,0.0,9.25,0.0
https://www.miaphotobooth.net/events-gallery,2025-12-21,0,4,0.0,6.75,0.0
https://www.miaphotobooth.net/events-gallery,2025-12-22,0,4,0.0,11.0,0.0
https://www.miaphotobooth.net/events-gallery,2025-12-23,0,3,0.0,6.666666666666667,0.0
https://www.miaphotobooth.net/events-gallery,2025-12-24,0,1,0.0,2.0,0.0
https://www.miaphotobooth.net/events-gallery,2025-12-25,0,2,0.0,10.5,0.0
https://www.miaphotobooth.net/events-gallery,2025-12-26,0,4,0.0,5.0,0.0
https://www.miaphotobooth.net/events-gallery,2025-12-27,0,4,0.0,8.75,0.0
https://www.miaphotobooth.net/events-gallery,2025-12-28,0,12,0.0,7.25,0.0
https://www.miaphotobooth.net/events-gallery,2025-12-29,0,2,0.0,9.0,0.0
https://www.miaphotobooth.net/events-gallery,2025-12-30,0,13,0.0,9.23076923076923,0.0
https://www.miaphotobooth.net/events-gallery,2025-12-31,0,16,0.0,9.25,0.0
https://www.miaphotobooth.net/events-gallery,2026-01-01,0,15,0.0,9.733333333333333,0.0
https://www.miaphotobooth.net/events-gallery,2026-01-02,0,16,0.0,9.0,0.0
https://www.miaphotobooth.net/events-gallery,2026-01-03,0,10,0.0,9.3,0.0
https://www.miaphotobooth.net/events-gallery,2026-01-04,0,13,0.0,9.923076923076923,0.0
https://www.miaphotobooth.net/events-gallery,2026-01-05,0,38,0.0,11.5,0.0
https://www.miaphotobooth.net/events-gallery,2026-01-06,0,32,0.0,9.75,0.0
https://www.miaphotobooth.net/events-gallery,2026-01-07,0,19,0.0,10.894736842105264,0.0
https://www.miaphotobooth.net/events-gallery,2026-01-08,0,28,0.0,9.428571428571429,0.0
https://www.miaphotobooth.net/events-gallery,2026-01-09,0,27,0.0,8.851851851851851,0.0
https://www.miaphotobooth.net/events-gallery,2026-01-10,0,18,0.0,8.444444444444445,0.0
https://www.miaphotobooth.net/events-gallery,2026-01-11,0,21,0.0,10.19047619047619,0.0
https://www.miaphotobooth.net/events-gallery,2026-01-12,0,11,0.0,9.181818181818182,0.0
https://www.miaphotobooth.net/events-gallery,2026-01-13,0,19,0.0,8.68421052631579,0.0
https://www.miaphotobooth.net/events-gallery,2026-01-14,0,16,0.0,6.6875,0.0
https://www.miaphotobooth.net/events-gallery,2026-01-15,0,14,0.0,9.071428571428571,0.0
https://www.miaphotobooth.net/events-gallery,2026-01-16,0,9,0.0,9.11111111111111,0.0
https://www.miaphotobooth.net/events-gallery,2026-01-17,0,4,0.0,6.0,0.0
https://www.miaphotobooth.net/events-gallery,2026-01-19,0,14,0.0,9.071428571428571,0.0
https://www.miaphotobooth.net/events-gallery,2026-01-20,0,14,0.0,9.428571428571429,0.0
https://www.miaphotobooth.net/events-gallery,2026-01-21,0,10,0.0,16.1,0.0
https://www.miaphotobooth.net/events-gallery,2026-01-22,0,12,0.0,7.583333333333333,0.0
https://www.miaphotobooth.net/events-gallery,2026-01-23,0,11,0.0,9.090909090909092,0.0
https://www.miaphotobooth.net/events-gallery,2026-01-24,0,5,0.0,6.0,0.0
https://www.miaphotobooth.net/events-gallery,2026-01-25,0,11,0.0,8.636363636363637,0.0
https://www.miaphotobooth.net/events-gallery,2026-01-26,0,15,0.0,8.466666666666667,0.0
https://www.miaphotobooth.net/events-gallery,2026-01-27,0,10,0.0,9.6,0.0
https://www.miaphotobooth.net/events-gallery,2026-01-28,0,9,0.0,10.11111111111111,0.0
https://www.miaphotobooth.net/events-gallery,2026-01-29,0,8,0.0,9.875,0.0
https://www.miaphotobooth.net/events-gallery,2026-01-30,0,7,0.0,8.857142857142858,0.0
https://www.miaphotobooth.net/events-gallery,2026-01-31,0,7,0.0,13.857142857142858,0.0
https://www.miaphotobooth.net/events-gallery,2026-02-01,0,17,0.0,8.235294117647058,0.0
https://www.miaphotobooth.net/events-gallery,2026-02-02,0,8,0.0,9.625,0.0
https://www.miaphotobooth.net/events-gallery,2026-02-03,0,11,0.0,9.727272727272727,0.0
https://www.miaphotobooth.net/events-gallery,2026-02-04,0,14,0.0,10.0,0.0
https://www.miaphotobooth.net/events-gallery,2026-02-05,0,8,0.0,14.5,0.0
https://www.miaphotobooth.net/events-gallery,2026-02-06,0,4,0.0,10.25,0.0
https://www.miaphotobooth.net/events-gallery,2026-02-07,0,6,0.0,9.166666666666666,0.0
https://www.miaphotobooth.net/events-gallery,2026-02-08,0,8,0.0,9.5,0.0
https://www.miaphotobooth.net/events-gallery,2026-02-09,0,6,0.0,8.333333333333332,0.0
https://www.miaphotobooth.net/events-gallery,2026-02-10,0,21,0.0,7.809523809523809,0.0
https://www.miaphotobooth.net/events-gallery,2026-02-12,0,10,0.0,9.1,0.0
https://www.miaphotobooth.net/events-gallery,2026-02-13,0,16,0.0,7.9375,0.0
https://www.miaphotobooth.net/events-gallery,2026-02-15,0,8,0.0,5.75,0.0
https://www.miaphotobooth.net/events-gallery,2026-02-16,0,7,0.0,7.142857142857143,0.0
https://www.miaphotobooth.net/events-gallery,2026-02-17,0,3,0.0,6.666666666666667,0.0
https://www.miaphotobooth.net/events-gallery,2026-02-18,0,9,0.0,9.88888888888889,0.0
https://www.miaphotobooth.net/events-gallery,2026-02-19,0,5,0.0,8.2,0.0
https://www.miaphotobooth.net/events-gallery,2026-02-20,0,2,0.0,6.5,0.0
https://www.miaphotobooth.net/events-gallery,2026-02-21,0,14,0.0,8.5,0.0
https://www.miaphotobooth.net/events-gallery,2026-02-22,0,12,0.0,8.666666666666668,0.0
https://www.miaphotobooth.net/events-gallery,2026-02-23,0,6,0.0,9.166666666666666,0.0
https://www.miaphotobooth.net/events-gallery,2026-02-24,0,9,0.0,7.888888888888889,0.0
https://www.miaphotobooth.net/events-gallery,2026-02-25,0,3,0.0,8.333333333333332,0.0
https://www.miaphotobooth.net/events-gallery,2026-02-26,0,11,0.0,9.909090909090908,0.0
https://www.miaphotobooth.net/events-gallery,2026-02-27,0,8,0.0,8.375,0.0
https://www.miaphotobooth.net/events-gallery,2026-02-28,0,5,0.0,7.6,0.0
https://www.miaphotobooth.net/events-gallery,2026-03-01,0,6,0.0,8.333333333333332,0.0
https://www.miaphotobooth.net/events-gallery,2026-03-02,0,16,0.0,8.875,0.0
https://www.miaphotobooth.net/events-gallery,2026-03-03,0,7,0.0,8.142857142857142,0.0
https://www.miaphotobooth.net/exceptional-photo-booth-rental-in-granada-fl,2025-12-05,0,1,0.0,9.0,0.0
https://www.miaphotobooth.net/exceptional-photo-booth-rental-in-granada-fl,2025-12-11,0,1,0.0,9.0,0.0
https://www.miaphotobooth.net/exceptional-photo-booth-rental-in-granada-fl,2025-12-17,0,1,0.0,4.0,0.0
https://www.miaphotobooth.net/exceptional-photo-booth-rental-in-granada-fl,2025-12-21,0,1,0.0,6.0,0.0
https://www.miaphotobooth.net/exceptional-photo-booth-rental-in-granada-fl,2025-12-22,0,1,0.0,7.0,0.0
https://www.miaphotobooth.net/exceptional-photo-booth-rental-in-granada-fl,2025-12-23,0,1,0.0,6.0,0.0
https://www.miaphotobooth.net/exceptional-photo-booth-rental-in-granada-fl,2025-12-24,0,2,0.0,9.5,0.0
https://www.miaphotobooth.net/exceptional-photo-booth-rental-in-granada-fl,2026-01-01,0,1,0.0,5.0,0.0
https://www.miaphotobooth.net/exceptional-photo-booth-rental-in-granada-fl,2026-01-04,0,1,0.0,9.0,0.0
https://www.miaphotobooth.net/exceptional-photo-booth-rental-in-granada-fl,2026-01-06,0,3,0.0,5.666666666666667,0.0
https://www.miaphotobooth.net/exceptional-photo-booth-rental-in-granada-fl,2026-01-08,0,1,0.0,10.0,0.0
https://www.miaphotobooth.net/exceptional-photo-booth-rental-in-granada-fl,2026-01-09,0,1,0.0,11.0,0.0
https://www.miaphotobooth.net/exceptional-photo-booth-rental-in-granada-fl,2026-01-12,0,1,0.0,3.0,0.0
https://www.miaphotobooth.net/exceptional-photo-booth-rental-in-granada-fl,2026-01-14,0,2,0.0,8.5,0.0
https://www.miaphotobooth.net/exceptional-photo-booth-rental-in-granada-fl,2026-01-17,0,1,0.0,6.0,0.0
https://www.miaphotobooth.net/exceptional-photo-booth-rental-in-granada-fl,2026-01-20,0,2,0.0,55.0,0.0
https://www.miaphotobooth.net/exceptional-photo-booth-rental-in-granada-fl,2026-01-22,0,2,0.0,7.5,0.0
https://www.miaphotobooth.net/exceptional-photo-booth-rental-in-granada-fl,2026-01-23,0,1,0.0,41.0,0.0
https://www.miaphotobooth.net/exceptional-photo-booth-rental-in-granada-fl,2026-01-25,0,2,0.0,11.5,0.0
https://www.miaphotobooth.net/exceptional-photo-booth-rental-in-granada-fl,2026-01-26,0,2,0.0,74.5,0.0
https://www.miaphotobooth.net/exceptional-photo-booth-rental-in-granada-fl,2026-01-27,0,2,0.0,6.5,0.0
https://www.miaphotobooth.net/exceptional-photo-booth-rental-in-granada-fl,2026-01-29,0,1,0.0,6.0,0.0
https://www.miaphotobooth.net/exceptional-photo-booth-rental-in-granada-fl,2026-01-30,0,2,0.0,6.5,0.0
https://www.miaphotobooth.net/exceptional-photo-booth-rental-in-granada-fl,2026-02-01,0,4,0.0,7.75,0.0
https://www.miaphotobooth.net/exceptional-photo-booth-rental-in-granada-fl,2026-02-02,0,1,0.0,20.0,0.0
https://www.miaphotobooth.net/exceptional-photo-booth-rental-in-granada-fl,2026-02-04,0,1,0.0,15.0,0.0
https://www.miaphotobooth.net/exceptional-photo-booth-rental-in-granada-fl,2026-02-05,0,4,0.0,9.0,0.0
https://www.miaphotobooth.net/exceptional-photo-booth-rental-in-granada-fl,2026-02-06,0,1,0.0,8.0,0.0
https://www.miaphotobooth.net/exceptional-photo-booth-rental-in-granada-fl,2026-02-09,0,4,0.0,38.25,0.0
https://www.miaphotobooth.net/exceptional-photo-booth-rental-in-granada-fl,2026-02-10,0,2,0.0,13.0,0.0
https://www.miaphotobooth.net/exceptional-photo-booth-rental-in-granada-fl,2026-02-11,0,1,0.0,5.0,0.0
https://www.miaphotobooth.net/exceptional-photo-booth-rental-in-granada-fl,2026-02-12,0,1,0.0,10.0,0.0
https://www.miaphotobooth.net/exceptional-photo-booth-rental-in-granada-fl,2026-02-13,0,1,0.0,3.0,0.0
https://www.miaphotobooth.net/exceptional-photo-booth-rental-in-granada-fl,2026-02-16,0,23,0.0,63.52173913043478,0.0
https://www.miaphotobooth.net/exceptional-photo-booth-rental-in-granada-fl,2026-02-17,0,1,0.0,3.0,0.0
https://www.miaphotobooth.net/exceptional-photo-booth-rental-in-granada-fl,2026-02-18,0,1,0.0,9.0,0.0
https://www.miaphotobooth.net/exceptional-photo-booth-rental-in-granada-fl,2026-02-19,0,1,0.0,12.0,0.0
https://www.miaphotobooth.net/exceptional-photo-booth-rental-in-granada-fl,2026-02-20,0,1,0.0,3.0,0.0
https://www.miaphotobooth.net/exceptional-photo-booth-rental-in-granada-fl,2026-02-23,0,1,0.0,15.0,0.0
https://www.miaphotobooth.net/exceptional-photo-booth-rental-in-granada-fl,2026-02-26,0,1,0.0,13.0,0.0
https://www.miaphotobooth.net/exceptional-photo-booth-rental-in-granada-fl,2026-03-01,0,1,0.0,90.0,0.0
https://www.miaphotobooth.net/exceptional-photo-booth-rental-in-granada-fl,2026-03-02,0,1,0.0,87.0,0.0
https://www.miaphotobooth.net/exclusive-photobooth-rental-in-gladeview-fl,2025-12-04,0,3,0.0,30.0,0.0
https://www.miaphotobooth.net/exclusive-photobooth-rental-in-gladeview-fl,2025-12-05,0,1,0.0,106.0,0.0
https://www.miaphotobooth.net/exclusive-photobooth-rental-in-gladeview-fl,2025-12-07,0,1,0.0,43.0,0.0
https://www.miaphotobooth.net/exclusive-photobooth-rental-in-gladeview-fl,2025-12-08,0,4,0.0,61.5,0.0
https://www.miaphotobooth.net/exclusive-photobooth-rental-in-gladeview-fl,2025-12-11,0,2,0.0,66.0,0.0
https://www.miaphotobooth.net/exclusive-photobooth-rental-in-gladeview-fl,2025-12-15,0,1,0.0,41.0,0.0
https://www.miaphotobooth.net/exclusive-photobooth-rental-in-gladeview-fl,2025-12-17,0,2,0.0,1.0,0.0
https://www.miaphotobooth.net/exclusive-photobooth-rental-in-gladeview-fl,2025-12-21,0,1,0.0,1.0,0.0
https://www.miaphotobooth.net/exclusive-photobooth-rental-in-gladeview-fl,2025-12-24,0,1,0.0,4.0,0.0
https://www.miaphotobooth.net/exclusive-photobooth-rental-in-gladeview-fl,2025-12-27,0,1,0.0,31.0,0.0
https://www.miaphotobooth.net/exclusive-photobooth-rental-in-gladeview-fl,2025-12-31,0,1,0.0,1.0,0.0
https://www.miaphotobooth.net/exclusive-photobooth-rental-in-gladeview-fl,2026-01-02,0,1,0.0,41.0,0.0
https://www.miaphotobooth.net/exclusive-photobooth-rental-in-gladeview-fl,2026-01-05,0,5,0.0,54.4,0.0
https://www.miaphotobooth.net/exclusive-photobooth-rental-in-gladeview-fl,2026-01-06,0,9,0.0,55.0,0.0
https://www.miaphotobooth.net/exclusive-photobooth-rental-in-gladeview-fl,2026-01-07,0,5,0.0,38.4,0.0
https://www.miaphotobooth.net/exclusive-photobooth-rental-in-gladeview-fl,2026-01-09,0,2,0.0,97.0,0.0
https://www.miaphotobooth.net/exclusive-photobooth-rental-in-gladeview-fl,2026-01-11,0,3,0.0,41.666666666666664,0.0
https://www.miaphotobooth.net/exclusive-photobooth-rental-in-gladeview-fl,2026-01-12,0,3,0.0,37.666666666666664,0.0
https://www.miaphotobooth.net/exclusive-photobooth-rental-in-gladeview-fl,2026-01-15,0,1,0.0,12.0,0.0
https://www.miaphotobooth.net/exclusive-photobooth-rental-in-gladeview-fl,2026-01-16,0,1,0.0,41.0,0.0
https://www.miaphotobooth.net/exclusive-photobooth-rental-in-gladeview-fl,2026-01-17,0,2,0.0,8.0,0.0
https://www.miaphotobooth.net/exclusive-photobooth-rental-in-gladeview-fl,2026-01-18,0,2,0.0,38.0,0.0
https://www.miaphotobooth.net/exclusive-photobooth-rental-in-gladeview-fl,2026-01-19,0,2,0.0,11.0,0.0
https://www.miaphotobooth.net/exclusive-photobooth-rental-in-gladeview-fl,2026-01-20,0,3,0.0,54.0,0.0
https://www.miaphotobooth.net/exclusive-photobooth-rental-in-gladeview-fl,2026-01-23,0,1,0.0,9.0,0.0
https://www.miaphotobooth.net/exclusive-photobooth-rental-in-gladeview-fl,2026-01-26,0,4,0.0,19.25,0.0
https://www.miaphotobooth.net/exclusive-photobooth-rental-in-gladeview-fl,2026-01-29,0,1,0.0,11.0,0.0
https://www.miaphotobooth.net/exclusive-photobooth-rental-in-gladeview-fl,2026-01-30,0,2,0.0,18.0,0.0
https://www.miaphotobooth.net/exclusive-photobooth-rental-in-gladeview-fl,2026-01-31,0,1,0.0,9.0,0.0
https://www.miaphotobooth.net/exclusive-photobooth-rental-in-gladeview-fl,2026-02-01,0,1,0.0,60.0,0.0
https://www.miaphotobooth.net/exclusive-photobooth-rental-in-gladeview-fl,2026-02-04,0,7,0.0,7.571428571428571,0.0
https://www.miaphotobooth.net/exclusive-photobooth-rental-in-gladeview-fl,2026-02-08,0,1,0.0,9.0,0.0
https://www.miaphotobooth.net/exclusive-photobooth-rental-in-gladeview-fl,2026-02-09,0,5,0.0,51.4,0.0
https://www.miaphotobooth.net/exclusive-photobooth-rental-in-gladeview-fl,2026-02-10,0,2,0.0,31.0,0.0
https://www.miaphotobooth.net/exclusive-photobooth-rental-in-gladeview-fl,2026-02-16,0,37,0.0,49.0,0.0
https://www.miaphotobooth.net/exclusive-photobooth-rental-in-gladeview-fl,2026-02-20,0,2,0.0,34.0,0.0
https://www.miaphotobooth.net/exclusive-photobooth-rental-in-gladeview-fl,2026-02-22,0,1,0.0,70.0,0.0
https://www.miaphotobooth.net/exclusive-photobooth-rental-in-gladeview-fl,2026-02-24,0,4,0.0,33.5,0.0
https://www.miaphotobooth.net/exclusive-photobooth-rental-in-gladeview-fl,2026-02-26,0,5,0.0,60.4,0.0
https://www.miaphotobooth.net/exclusive-photobooth-rental-in-gladeview-fl,2026-02-27,0,5,0.0,34.4,0.0
https://www.miaphotobooth.net/famous-photo-booth-rental-in-douglas-fl,2025-12-04,0,3,0.0,58.666666666666664,0.0
https://www.miaphotobooth.net/famous-photo-booth-rental-in-douglas-fl,2025-12-05,0,3,0.0,77.66666666666667,0.0
https://www.miaphotobooth.net/famous-photo-booth-rental-in-douglas-fl,2025-12-06,0,2,0.0,26.5,0.0
https://www.miaphotobooth.net/famous-photo-booth-rental-in-douglas-fl,2025-12-07,0,2,0.0,49.5,0.0
https://www.miaphotobooth.net/famous-photo-booth-rental-in-douglas-fl,2025-12-08,0,1,0.0,45.0,0.0
https://www.miaphotobooth.net/famous-photo-booth-rental-in-douglas-fl,2025-12-09,0,2,0.0,43.5,0.0
https://www.miaphotobooth.net/famous-photo-booth-rental-in-douglas-fl,2025-12-13,0,2,0.0,8.5,0.0
https://www.miaphotobooth.net/famous-photo-booth-rental-in-douglas-fl,2025-12-14,0,2,0.0,9.0,0.0
https://www.miaphotobooth.net/famous-photo-booth-rental-in-douglas-fl,2025-12-30,0,3,0.0,11.666666666666666,0.0
https://www.miaphotobooth.net/famous-photo-booth-rental-in-douglas-fl,2026-01-03,0,1,0.0,105.0,0.0
https://www.miaphotobooth.net/famous-photo-booth-rental-in-douglas-fl,2026-01-06,0,1,0.0,11.0,0.0
https://www.miaphotobooth.net/famous-photo-booth-rental-in-douglas-fl,2026-01-07,0,1,0.0,3.0,0.0
https://www.miaphotobooth.net/famous-photo-booth-rental-in-douglas-fl,2026-01-12,0,1,0.0,52.0,0.0
https://www.miaphotobooth.net/famous-photo-booth-rental-in-douglas-fl,2026-01-16,0,1,0.0,20.0,0.0
https://www.miaphotobooth.net/famous-photo-booth-rental-in-douglas-fl,2026-01-24,0,1,0.0,105.0,0.0
https://www.miaphotobooth.net/famous-photo-booth-rental-in-douglas-fl,2026-01-25,0,1,0.0,17.0,0.0
https://www.miaphotobooth.net/famous-photo-booth-rental-in-douglas-fl,2026-01-26,0,4,0.0,65.75,0.0
https://www.miaphotobooth.net/famous-photo-booth-rental-in-douglas-fl,2026-01-31,0,1,0.0,3.0,0.0
https://www.miaphotobooth.net/famous-photo-booth-rental-in-douglas-fl,2026-02-04,0,9,0.0,6.555555555555555,0.0
https://www.miaphotobooth.net/famous-photo-booth-rental-in-douglas-fl,2026-02-09,0,2,0.0,81.5,0.0
https://www.miaphotobooth.net/famous-photo-booth-rental-in-douglas-fl,2026-02-11,0,2,0.0,69.5,0.0
https://www.miaphotobooth.net/famous-photo-booth-rental-in-douglas-fl,2026-02-15,0,1,0.0,1.0,0.0
https://www.miaphotobooth.net/famous-photo-booth-rental-in-douglas-fl,2026-02-16,0,18,0.0,73.38888888888889,0.0
https://www.miaphotobooth.net/famous-photo-booth-rental-in-douglas-fl,2026-02-17,0,2,0.0,67.0,0.0
https://www.miaphotobooth.net/famous-photo-booth-rental-in-douglas-fl,2026-02-18,0,4,0.0,56.25,0.0
https://www.miaphotobooth.net/famous-photo-booth-rental-in-douglas-fl,2026-02-19,0,4,0.0,47.0,0.0
https://www.miaphotobooth.net/famous-photo-booth-rental-in-douglas-fl,2026-02-20,0,2,0.0,61.5,0.0
https://www.miaphotobooth.net/famous-photo-booth-rental-in-douglas-fl,2026-02-21,0,2,0.0,48.5,0.0
https://www.miaphotobooth.net/famous-photo-booth-rental-in-douglas-fl,2026-02-22,0,1,0.0,57.0,0.0
https://www.miaphotobooth.net/famous-photo-booth-rental-in-douglas-fl,2026-02-23,0,2,0.0,33.0,0.0
https://www.miaphotobooth.net/famous-photo-booth-rental-in-douglas-fl,2026-02-24,0,1,0.0,57.0,0.0
https://www.miaphotobooth.net/famous-photo-booth-rental-in-douglas-fl,2026-02-25,0,1,0.0,64.0,0.0
https://www.miaphotobooth.net/famous-photo-booth-rental-in-douglas-fl,2026-02-26,0,2,0.0,59.5,0.0
https://www.miaphotobooth.net/famous-photo-booth-rental-in-douglas-fl,2026-02-27,0,3,0.0,54.666666666666664,0.0
https://www.miaphotobooth.net/famous-photo-booth-rental-in-douglas-fl,2026-02-28,0,5,0.0,67.8,0.0
https://www.miaphotobooth.net/famous-photo-booth-rental-in-douglas-fl,2026-03-01,0,4,0.0,56.75,0.0
https://www.miaphotobooth.net/famous-photo-booth-rental-in-douglas-fl,2026-03-02,0,3,0.0,45.666666666666664,0.0
https://www.miaphotobooth.net/famous-photo-booth-rental-in-douglas-fl,2026-03-03,0,4,0.0,47.75,0.0
https://www.miaphotobooth.net/frequently-asked-questions,2025-12-04,0,7,0.0,9.285714285714286,0.0
https://www.miaphotobooth.net/frequently-asked-questions,2025-12-05,0,9,0.0,8.0,0.0
https://www.miaphotobooth.net/frequently-asked-questions,2025-12-06,0,7,0.0,5.142857142857143,0.0
https://www.miaphotobooth.net/frequently-asked-questions,2025-12-07,0,16,0.0,4.625,0.0
https://www.miaphotobooth.net/frequently-asked-questions,2025-12-08,0,7,0.0,8.142857142857142,0.0
https://www.miaphotobooth.net/frequently-asked-questions,2025-12-09,0,9,0.0,15.555555555555555,0.0
https://www.miaphotobooth.net/frequently-asked-questions,2025-12-10,0,3,0.0,8.0,0.0
https://www.miaphotobooth.net/frequently-asked-questions,2025-12-11,0,7,0.0,10.714285714285714,0.0
https://www.miaphotobooth.net/frequently-asked-questions,2025-12-12,0,4,0.0,6.75,0.0
https://www.miaphotobooth.net/frequently-asked-questions,2025-12-13,0,2,0.0,7.0,0.0
https://www.miaphotobooth.net/frequently-asked-questions,2025-12-14,0,7,0.0,7.714285714285714,0.0
https://www.miaphotobooth.net/frequently-asked-questions,2025-12-15,0,1,0.0,11.0,0.0
https://www.miaphotobooth.net/frequently-asked-questions,2025-12-16,0,8,0.0,9.125,0.0
https://www.miaphotobooth.net/frequently-asked-questions,2025-12-17,0,5,0.0,12.8,0.0
https://www.miaphotobooth.net/frequently-asked-questions,2025-12-18,0,6,0.0,15.833333333333334,0.0
https://www.miaphotobooth.net/frequently-asked-questions,2025-12-19,0,3,0.0,30.333333333333332,0.0
https://www.miaphotobooth.net/frequently-asked-questions,2025-12-20,0,3,0.0,9.0,0.0
https://www.miaphotobooth.net/frequently-asked-questions,2025-12-21,0,3,0.0,5.333333333333333,0.0
https://www.miaphotobooth.net/frequently-asked-questions,2025-12-22,0,3,0.0,11.0,0.0
https://www.miaphotobooth.net/frequently-asked-questions,2025-12-23,0,2,0.0,8.0,0.0
https://www.miaphotobooth.net/frequently-asked-questions,2025-12-24,0,1,0.0,2.0,0.0
https://www.miaphotobooth.net/frequently-asked-questions,2025-12-25,0,2,0.0,10.5,0.0
https://www.miaphotobooth.net/frequently-asked-questions,2025-12-26,0,2,0.0,4.5,0.0
https://www.miaphotobooth.net/frequently-asked-questions,2025-12-27,0,3,0.0,7.666666666666667,0.0
https://www.miaphotobooth.net/frequently-asked-questions,2025-12-28,0,12,0.0,7.583333333333333,0.0
https://www.miaphotobooth.net/frequently-asked-questions,2025-12-29,0,1,0.0,7.0,0.0
https://www.miaphotobooth.net/frequently-asked-questions,2025-12-30,0,7,0.0,9.428571428571429,0.0
https://www.miaphotobooth.net/frequently-asked-questions,2025-12-31,0,8,0.0,10.0,0.0
https://www.miaphotobooth.net/frequently-asked-questions,2026-01-01,0,8,0.0,9.25,0.0
https://www.miaphotobooth.net/frequently-asked-questions,2026-01-02,0,5,0.0,10.0,0.0
https://www.miaphotobooth.net/frequently-asked-questions,2026-01-03,0,4,0.0,7.75,0.0
https://www.miaphotobooth.net/frequently-asked-questions,2026-01-04,0,4,0.0,8.75,0.0
https://www.miaphotobooth.net/frequently-asked-questions,2026-01-05,0,27,0.0,11.814814814814815,0.0
https://www.miaphotobooth.net/frequently-asked-questions,2026-01-06,0,8,0.0,9.875,0.0
https://www.miaphotobooth.net/frequently-asked-questions,2026-01-07,0,8,0.0,7.625,0.0
https://www.miaphotobooth.net/frequently-asked-questions,2026-01-08,0,14,0.0,13.214285714285714,0.0
https://www.miaphotobooth.net/frequently-asked-questions,2026-01-09,0,6,0.0,8.333333333333332,0.0
https://www.miaphotobooth.net/frequently-asked-questions,2026-01-10,0,5,0.0,25.4,0.0
https://www.miaphotobooth.net/frequently-asked-questions,2026-01-11,0,14,0.0,10.428571428571429,0.0
https://www.miaphotobooth.net/frequently-asked-questions,2026-01-12,0,5,0.0,8.6,0.0
https://www.miaphotobooth.net/frequently-asked-questions,2026-01-13,0,6,0.0,6.666666666666667,0.0
https://www.miaphotobooth.net/frequently-asked-questions,2026-01-14,0,5,0.0,8.6,0.0
https://www.miaphotobooth.net/frequently-asked-questions,2026-01-15,0,9,0.0,7.0,0.0
https://www.miaphotobooth.net/frequently-asked-questions,2026-01-16,0,3,0.0,9.0,0.0
https://www.miaphotobooth.net/frequently-asked-questions,2026-01-17,0,3,0.0,7.0,0.0
https://www.miaphotobooth.net/frequently-asked-questions,2026-01-18,0,11,0.0,13.272727272727273,0.0
https://www.miaphotobooth.net/frequently-asked-questions,2026-01-19,0,10,0.0,8.7,0.0
https://www.miaphotobooth.net/frequently-asked-questions,2026-01-20,0,8,0.0,8.75,0.0
https://www.miaphotobooth.net/frequently-asked-questions,2026-01-21,0,7,0.0,9.285714285714286,0.0
https://www.miaphotobooth.net/frequently-asked-questions,2026-01-22,0,8,0.0,7.875,0.0
https://www.miaphotobooth.net/frequently-asked-questions,2026-01-23,0,8,0.0,9.625,0.0
https://www.miaphotobooth.net/frequently-asked-questions,2026-01-24,0,3,0.0,3.6666666666666665,0.0
https://www.miaphotobooth.net/frequently-asked-questions,2026-01-25,0,3,0.0,10.333333333333334,0.0
https://www.miaphotobooth.net/frequently-asked-questions,2026-01-26,0,6,0.0,8.5,0.0
https://www.miaphotobooth.net/frequently-asked-questions,2026-01-27,0,5,0.0,9.0,0.0
https://www.miaphotobooth.net/frequently-asked-questions,2026-01-28,0,4,0.0,10.75,0.0
https://www.miaphotobooth.net/frequently-asked-questions,2026-01-29,0,3,0.0,11.0,0.0
https://www.miaphotobooth.net/frequently-asked-questions,2026-01-30,0,3,0.0,10.0,0.0
https://www.miaphotobooth.net/frequently-asked-questions,2026-01-31,0,1,0.0,4.0,0.0
https://www.miaphotobooth.net/frequently-asked-questions,2026-02-01,0,12,0.0,7.583333333333333,0.0
https://www.miaphotobooth.net/frequently-asked-questions,2026-02-02,0,3,0.0,9.666666666666666,0.0
https://www.miaphotobooth.net/frequently-asked-questions,2026-02-03,0,6,0.0,9.166666666666666,0.0
https://www.miaphotobooth.net/frequently-asked-questions,2026-02-04,0,16,0.0,9.625,0.0
https://www.miaphotobooth.net/frequently-asked-questions,2026-02-05,0,4,0.0,6.75,0.0
https://www.miaphotobooth.net/frequently-asked-questions,2026-02-06,0,3,0.0,10.0,0.0
https://www.miaphotobooth.net/frequently-asked-questions,2026-02-07,0,4,0.0,8.75,0.0
https://www.miaphotobooth.net/frequently-asked-questions,2026-02-08,0,7,0.0,21.142857142857142,0.0
https://www.miaphotobooth.net/frequently-asked-questions,2026-02-09,0,8,0.0,28.375,0.0
https://www.miaphotobooth.net/frequently-asked-questions,2026-02-10,0,11,0.0,6.545454545454546,0.0
https://www.miaphotobooth.net/frequently-asked-questions,2026-02-12,0,5,0.0,10.6,0.0
https://www.miaphotobooth.net/frequently-asked-questions,2026-02-13,0,12,0.0,14.833333333333334,0.0
https://www.miaphotobooth.net/frequently-asked-questions,2026-02-14,0,5,0.0,7.6,0.0
https://www.miaphotobooth.net/frequently-asked-questions,2026-02-15,0,7,0.0,5.0,0.0
https://www.miaphotobooth.net/frequently-asked-questions,2026-02-16,0,26,0.0,50.61538461538461,0.0
https://www.miaphotobooth.net/frequently-asked-questions,2026-02-17,0,1,0.0,1.0,0.0
https://www.miaphotobooth.net/frequently-asked-questions,2026-02-18,0,4,0.0,8.0,0.0
https://www.miaphotobooth.net/frequently-asked-questions,2026-02-19,0,5,0.0,4.4,0.0
https://www.miaphotobooth.net/frequently-asked-questions,2026-02-20,0,2,0.0,6.5,0.0
https://www.miaphotobooth.net/frequently-asked-questions,2026-02-21,0,14,0.0,8.214285714285715,0.0
https://www.miaphotobooth.net/frequently-asked-questions,2026-02-22,0,8,0.0,8.5,0.0
https://www.miaphotobooth.net/frequently-asked-questions,2026-02-23,0,3,0.0,7.666666666666667,0.0
https://www.miaphotobooth.net/frequently-asked-questions,2026-02-24,0,7,0.0,7.428571428571429,0.0
https://www.miaphotobooth.net/frequently-asked-questions,2026-02-25,0,2,0.0,7.5,0.0
https://www.miaphotobooth.net/frequently-asked-questions,2026-02-26,0,6,0.0,8.666666666666668,0.0
https://www.miaphotobooth.net/frequently-asked-questions,2026-02-27,0,6,0.0,13.833333333333334,0.0
https://www.miaphotobooth.net/frequently-asked-questions,2026-02-28,0,4,0.0,5.75,0.0
https://www.miaphotobooth.net/frequently-asked-questions,2026-03-01,0,3,0.0,27.0,0.0
https://www.miaphotobooth.net/frequently-asked-questions,2026-03-02,0,9,0.0,8.222222222222221,0.0
https://www.miaphotobooth.net/frequently-asked-questions,2026-03-03,0,3,0.0,6.0,0.0
https://www.miaphotobooth.net/glam-booth,2025-12-04,0,2,0.0,4.5,0.0
https://www.miaphotobooth.net/glam-booth,2025-12-07,0,2,0.0,2.5,0.0
https://www.miaphotobooth.net/glam-booth,2025-12-08,0,1,0.0,5.0,0.0
https://www.miaphotobooth.net/glam-booth,2025-12-10,0,1,0.0,1.0,0.0
https://www.miaphotobooth.net/glam-booth,2025-12-14,0,1,0.0,1.0,0.0
https://www.miaphotobooth.net/glam-booth,2025-12-15,0,1,0.0,15.0,0.0
https://www.miaphotobooth.net/glam-booth,2025-12-16,0,1,0.0,1.0,0.0
https://www.miaphotobooth.net/glam-booth,2025-12-17,0,1,0.0,1.0,0.0
https://www.miaphotobooth.net/glam-booth,2025-12-18,0,1,0.0,8.0,0.0
https://www.miaphotobooth.net/glam-booth,2025-12-20,0,1,0.0,9.0,0.0
https://www.miaphotobooth.net/glam-booth,2025-12-22,0,5,0.0,22.4,0.0
https://www.miaphotobooth.net/glam-booth,2025-12-23,0,5,0.0,42.6,0.0
https://www.miaphotobooth.net/glam-booth,2025-12-24,0,2,0.0,7.5,0.0
https://www.miaphotobooth.net/glam-booth,2025-12-26,0,2,0.0,7.0,0.0
https://www.miaphotobooth.net/glam-booth,2025-12-27,0,1,0.0,1.0,0.0
https://www.miaphotobooth.net/glam-booth,2025-12-28,0,1,0.0,9.0,0.0
https://www.miaphotobooth.net/glam-booth,2025-12-30,0,2,0.0,18.0,0.0
https://www.miaphotobooth.net/glam-booth,2025-12-31,0,1,0.0,31.0,0.0
https://www.miaphotobooth.net/glam-booth,2026-01-05,0,1,0.0,1.0,0.0
https://www.miaphotobooth.net/glam-booth,2026-01-07,0,2,0.0,5.0,0.0
https://www.miaphotobooth.net/glam-booth,2026-01-08,0,3,0.0,15.666666666666666,0.0
https://www.miaphotobooth.net/glam-booth,2026-01-09,0,1,0.0,5.0,0.0
https://www.miaphotobooth.net/glam-booth,2026-01-10,0,4,0.0,28.75,0.0
https://www.miaphotobooth.net/glam-booth,2026-01-12,0,1,0.0,7.0,0.0
https://www.miaphotobooth.net/glam-booth,2026-01-14,0,5,0.0,21.2,0.0
https://www.miaphotobooth.net/glam-booth,2026-01-15,0,8,0.0,23.5,0.0
https://www.miaphotobooth.net/glam-booth,2026-01-16,0,5,0.0,20.6,0.0
https://www.miaphotobooth.net/glam-booth,2026-01-18,0,4,0.0,6.5,0.0
https://www.miaphotobooth.net/glam-booth,2026-01-19,0,1,0.0,13.0,0.0
https://www.miaphotobooth.net/glam-booth,2026-01-20,0,6,0.0,12.833333333333334,0.0
https://www.miaphotobooth.net/glam-booth,2026-01-21,0,1,0.0,11.0,0.0
https://www.miaphotobooth.net/glam-booth,2026-01-22,0,3,0.0,26.0,0.0
https://www.miaphotobooth.net/glam-booth,2026-01-23,0,2,0.0,7.5,0.0
https://www.miaphotobooth.net/glam-booth,2026-01-24,0,3,0.0,14.666666666666666,0.0
https://www.miaphotobooth.net/glam-booth,2026-01-25,0,2,0.0,54.0,0.0
https://www.miaphotobooth.net/glam-booth,2026-01-26,0,4,0.0,2.5,0.0
https://www.miaphotobooth.net/glam-booth,2026-01-27,0,6,0.0,6.833333333333333,0.0
https://www.miaphotobooth.net/glam-booth,2026-01-28,0,1,0.0,5.0,0.0
https://www.miaphotobooth.net/glam-booth,2026-01-29,0,2,0.0,3.5,0.0
https://www.miaphotobooth.net/glam-booth,2026-01-30,0,1,0.0,15.0,0.0
https://www.miaphotobooth.net/glam-booth,2026-01-31,0,2,0.0,23.5,0.0
https://www.miaphotobooth.net/glam-booth,2026-02-01,0,1,0.0,8.0,0.0
https://www.miaphotobooth.net/glam-booth,2026-02-03,0,3,0.0,59.666666666666664,0.0
https://www.miaphotobooth.net/glam-booth,2026-02-04,0,17,0.0,5.235294117647059,0.0
https://www.miaphotobooth.net/glam-booth,2026-02-05,0,7,0.0,9.857142857142858,0.0
https://www.miaphotobooth.net/glam-booth,2026-02-06,0,3,0.0,23.0,0.0
https://www.miaphotobooth.net/glam-booth,2026-02-08,0,6,0.0,19.333333333333332,0.0
https://www.miaphotobooth.net/glam-booth,2026-02-09,0,5,0.0,18.8,0.0
https://www.miaphotobooth.net/glam-booth,2026-02-10,0,3,0.0,60.666666666666664,0.0
https://www.miaphotobooth.net/glam-booth,2026-02-11,0,4,0.0,17.5,0.0
https://www.miaphotobooth.net/glam-booth,2026-02-12,0,3,0.0,7.666666666666667,0.0
https://www.miaphotobooth.net/glam-booth,2026-02-13,0,2,0.0,19.5,0.0
https://www.miaphotobooth.net/glam-booth,2026-02-14,0,6,0.0,12.333333333333334,0.0
https://www.miaphotobooth.net/glam-booth,2026-02-16,0,15,0.0,60.46666666666667,0.0
https://www.miaphotobooth.net/glam-booth,2026-02-17,0,2,0.0,1.0,0.0
https://www.miaphotobooth.net/glam-booth,2026-02-19,0,1,0.0,3.0,0.0
https://www.miaphotobooth.net/glam-booth,2026-02-20,0,2,0.0,8.0,0.0
https://www.miaphotobooth.net/glam-booth,2026-02-21,0,3,0.0,4.0,0.0
https://www.miaphotobooth.net/glam-booth,2026-02-22,0,3,0.0,26.666666666666668,0.0
https://www.miaphotobooth.net/glam-booth,2026-02-23,0,2,0.0,14.5,0.0
https://www.miaphotobooth.net/glam-booth,2026-02-24,0,4,0.0,21.5,0.0
https://www.miaphotobooth.net/glam-booth,2026-02-25,0,1,0.0,1.0,0.0
https://www.miaphotobooth.net/glam-booth,2026-02-27,0,4,0.0,25.75,0.0
https://www.miaphotobooth.net/glam-booth,2026-02-28,0,1,0.0,33.0,0.0
https://www.miaphotobooth.net/glam-booth,2026-03-01,0,4,0.0,13.75,0.0
https://www.miaphotobooth.net/glam-booth,2026-03-02,0,2,0.0,1.0,0.0
https://www.miaphotobooth.net/glam-booth,2026-03-03,0,4,0.0,16.75,0.0
https://www.miaphotobooth.net/high-quality-photo-booth-rental-in-westchester-fl,2025-12-05,0,2,0.0,69.0,0.0
https://www.miaphotobooth.net/high-quality-photo-booth-rental-in-westchester-fl,2025-12-09,0,2,0.0,63.0,0.0
https://www.miaphotobooth.net/high-quality-photo-booth-rental-in-westchester-fl,2025-12-10,0,2,0.0,74.5,0.0
https://www.miaphotobooth.net/high-quality-photo-booth-rental-in-westchester-fl,2025-12-12,0,1,0.0,2.0,0.0
https://www.miaphotobooth.net/high-quality-photo-booth-rental-in-westchester-fl,2025-12-16,0,1,0.0,61.0,0.0
https://www.miaphotobooth.net/high-quality-photo-booth-rental-in-westchester-fl,2025-12-18,0,1,0.0,61.0,0.0
https://www.miaphotobooth.net/high-quality-photo-booth-rental-in-westchester-fl,2025-12-20,0,1,0.0,61.0,0.0
https://www.miaphotobooth.net/high-quality-photo-booth-rental-in-westchester-fl,2025-12-21,0,1,0.0,66.0,0.0
https://www.miaphotobooth.net/high-quality-photo-booth-rental-in-westchester-fl,2025-12-23,0,2,0.0,57.5,0.0
https://www.miaphotobooth.net/high-quality-photo-booth-rental-in-westchester-fl,2025-12-30,0,1,0.0,59.0,0.0
https://www.miaphotobooth.net/high-quality-photo-booth-rental-in-westchester-fl,2026-01-02,0,1,0.0,63.0,0.0
https://www.miaphotobooth.net/high-quality-photo-booth-rental-in-westchester-fl,2026-01-03,0,2,0.0,66.5,0.0
https://www.miaphotobooth.net/high-quality-photo-booth-rental-in-westchester-fl,2026-01-06,0,2,0.0,37.5,0.0
https://www.miaphotobooth.net/high-quality-photo-booth-rental-in-westchester-fl,2026-01-09,0,2,0.0,9.0,0.0
https://www.miaphotobooth.net/high-quality-photo-booth-rental-in-westchester-fl,2026-01-11,0,1,0.0,8.0,0.0
https://www.miaphotobooth.net/high-quality-photo-booth-rental-in-westchester-fl,2026-01-12,0,1,0.0,6.0,0.0
https://www.miaphotobooth.net/high-quality-photo-booth-rental-in-westchester-fl,2026-01-13,0,2,0.0,81.5,0.0
https://www.miaphotobooth.net/high-quality-photo-booth-rental-in-westchester-fl,2026-01-14,0,3,0.0,26.0,0.0
https://www.miaphotobooth.net/high-quality-photo-booth-rental-in-westchester-fl,2026-01-15,0,3,0.0,7.666666666666667,0.0
https://www.miaphotobooth.net/high-quality-photo-booth-rental-in-westchester-fl,2026-01-16,0,2,0.0,31.0,0.0
https://www.miaphotobooth.net/high-quality-photo-booth-rental-in-westchester-fl,2026-01-18,0,1,0.0,19.0,0.0
https://www.miaphotobooth.net/high-quality-photo-booth-rental-in-westchester-fl,2026-01-19,0,1,0.0,11.0,0.0
https://www.miaphotobooth.net/high-quality-photo-booth-rental-in-westchester-fl,2026-01-20,0,4,0.0,43.75,0.0
https://www.miaphotobooth.net/high-quality-photo-booth-rental-in-westchester-fl,2026-01-21,0,4,0.0,8.0,0.0
https://www.miaphotobooth.net/high-quality-photo-booth-rental-in-westchester-fl,2026-01-26,0,1,0.0,1.0,0.0
https://www.miaphotobooth.net/high-quality-photo-booth-rental-in-westchester-fl,2026-01-27,0,4,0.0,80.5,0.0
https://www.miaphotobooth.net/high-quality-photo-booth-rental-in-westchester-fl,2026-01-31,0,1,0.0,5.0,0.0
https://www.miaphotobooth.net/high-quality-photo-booth-rental-in-westchester-fl,2026-02-02,0,2,0.0,41.0,0.0
https://www.miaphotobooth.net/high-quality-photo-booth-rental-in-westchester-fl,2026-02-03,0,5,0.0,66.8,0.0
https://www.miaphotobooth.net/high-quality-photo-booth-rental-in-westchester-fl,2026-02-04,0,5,0.0,6.4,0.0
https://www.miaphotobooth.net/high-quality-photo-booth-rental-in-westchester-fl,2026-02-09,0,1,0.0,5.0,0.0
https://www.miaphotobooth.net/high-quality-photo-booth-rental-in-westchester-fl,2026-02-10,0,1,0.0,46.0,0.0
https://www.miaphotobooth.net/high-quality-photo-booth-rental-in-westchester-fl,2026-02-14,0,1,0.0,1.0,0.0
https://www.miaphotobooth.net/high-quality-photo-booth-rental-in-westchester-fl,2026-02-16,0,9,0.0,75.11111111111111,0.0
https://www.miaphotobooth.net/high-quality-photo-booth-rental-in-westchester-fl,2026-02-18,0,1,0.0,7.0,0.0
https://www.miaphotobooth.net/high-quality-photo-booth-rental-in-westchester-fl,2026-02-22,0,3,0.0,72.0,0.0
https://www.miaphotobooth.net/high-quality-photo-booth-rental-in-westchester-fl,2026-02-23,0,1,0.0,1.0,0.0
https://www.miaphotobooth.net/high-quality-photo-booth-rental-in-westchester-fl,2026-02-27,0,1,0.0,66.0,0.0
https://www.miaphotobooth.net/high-quality-photo-booth-rental-in-westchester-fl,2026-03-02,0,1,0.0,9.0,0.0
https://www.miaphotobooth.net/high-quality-photo-booth-rental-in-westchester-fl,2026-03-03,0,1,0.0,1.0,0.0
https://www.miaphotobooth.net/leading-photo-booth-rental-in-coral-gables-fl,2025-12-04,0,9,0.0,43.888888888888886,0.0
https://www.miaphotobooth.net/leading-photo-booth-rental-in-coral-gables-fl,2025-12-05,0,10,0.0,42.7,0.0
https://www.miaphotobooth.net/leading-photo-booth-rental-in-coral-gables-fl,2025-12-06,0,8,0.0,49.0,0.0
https://www.miaphotobooth.net/leading-photo-booth-rental-in-coral-gables-fl,2025-12-07,0,6,0.0,44.833333333333336,0.0
https://www.miaphotobooth.net/leading-photo-booth-rental-in-coral-gables-fl,2025-12-08,0,10,0.0,33.3,0.0
https://www.miaphotobooth.net/leading-photo-booth-rental-in-coral-gables-fl,2025-12-09,0,11,0.0,40.09090909090909,0.0
https://www.miaphotobooth.net/leading-photo-booth-rental-in-coral-gables-fl,2025-12-10,0,8,0.0,56.125,0.0
https://www.miaphotobooth.net/leading-photo-booth-rental-in-coral-gables-fl,2025-12-11,0,6,0.0,54.0,0.0
https://www.miaphotobooth.net/leading-photo-booth-rental-in-coral-gables-fl,2025-12-12,0,10,0.0,58.8,0.0
https://www.miaphotobooth.net/leading-photo-booth-rental-in-coral-gables-fl,2025-12-13,0,10,0.0,49.1,0.0
https://www.miaphotobooth.net/leading-photo-booth-rental-in-coral-gables-fl,2025-12-14,0,11,0.0,53.09090909090909,0.0
https://www.miaphotobooth.net/leading-photo-booth-rental-in-coral-gables-fl,2025-12-15,0,11,0.0,52.18181818181818,0.0
https://www.miaphotobooth.net/leading-photo-booth-rental-in-coral-gables-fl,2025-12-16,0,9,0.0,47.666666666666664,0.0
https://www.miaphotobooth.net/leading-photo-booth-rental-in-coral-gables-fl,2025-12-17,0,12,0.0,51.75,0.0
https://www.miaphotobooth.net/leading-photo-booth-rental-in-coral-gables-fl,2025-12-18,0,6,0.0,43.5,0.0
https://www.miaphotobooth.net/leading-photo-booth-rental-in-coral-gables-fl,2025-12-19,0,10,0.0,60.8,0.0
https://www.miaphotobooth.net/leading-photo-booth-rental-in-coral-gables-fl,2025-12-20,0,6,0.0,68.16666666666667,0.0
https://www.miaphotobooth.net/leading-photo-booth-rental-in-coral-gables-fl,2025-12-21,0,8,0.0,56.0,0.0
https://www.miaphotobooth.net/leading-photo-booth-rental-in-coral-gables-fl,2025-12-22,0,9,0.0,39.888888888888886,0.0
https://www.miaphotobooth.net/leading-photo-booth-rental-in-coral-gables-fl,2025-12-23,0,8,0.0,52.875,0.0
https://www.miaphotobooth.net/leading-photo-booth-rental-in-coral-gables-fl,2025-12-24,0,7,0.0,56.714285714285715,0.0
https://www.miaphotobooth.net/leading-photo-booth-rental-in-coral-gables-fl,2025-12-25,0,8,0.0,50.0,0.0
https://www.miaphotobooth.net/leading-photo-booth-rental-in-coral-gables-fl,2025-12-26,0,9,0.0,42.666666666666664,0.0
https://www.miaphotobooth.net/leading-photo-booth-rental-in-coral-gables-fl,2025-12-27,0,9,0.0,56.111111111111114,0.0
https://www.miaphotobooth.net/leading-photo-booth-rental-in-coral-gables-fl,2025-12-28,0,7,0.0,64.0,0.0
https://www.miaphotobooth.net/leading-photo-booth-rental-in-coral-gables-fl,2025-12-29,0,8,0.0,52.25,0.0
https://www.miaphotobooth.net/leading-photo-booth-rental-in-coral-gables-fl,2025-12-30,0,9,0.0,56.111111111111114,0.0
https://www.miaphotobooth.net/leading-photo-booth-rental-in-coral-gables-fl,2025-12-31,0,14,0.0,33.214285714285715,0.0
https://www.miaphotobooth.net/leading-photo-booth-rental-in-coral-gables-fl,2026-01-01,0,9,0.0,49.666666666666664,0.0
https://www.miaphotobooth.net/leading-photo-booth-rental-in-coral-gables-fl,2026-01-02,0,10,0.0,51.7,0.0
https://www.miaphotobooth.net/leading-photo-booth-rental-in-coral-gables-fl,2026-01-03,0,8,0.0,47.875,0.0
https://www.miaphotobooth.net/leading-photo-booth-rental-in-coral-gables-fl,2026-01-04,0,10,0.0,36.7,0.0
https://www.miaphotobooth.net/leading-photo-booth-rental-in-coral-gables-fl,2026-01-05,0,9,0.0,27.22222222222222,0.0
https://www.miaphotobooth.net/leading-photo-booth-rental-in-coral-gables-fl,2026-01-07,0,12,0.0,27.916666666666668,0.0
https://www.miaphotobooth.net/leading-photo-booth-rental-in-coral-gables-fl,2026-01-08,0,13,0.0,36.61538461538461,0.0
https://www.miaphotobooth.net/leading-photo-booth-rental-in-coral-gables-fl,2026-01-09,0,5,0.0,60.2,0.0
https://www.miaphotobooth.net/leading-photo-booth-rental-in-coral-gables-fl,2026-01-10,0,4,0.0,41.5,0.0
https://www.miaphotobooth.net/leading-photo-booth-rental-in-coral-gables-fl,2026-01-11,0,7,0.0,30.0,0.0
https://www.miaphotobooth.net/leading-photo-booth-rental-in-coral-gables-fl,2026-01-12,0,4,0.0,61.75,0.0
https://www.miaphotobooth.net/leading-photo-booth-rental-in-coral-gables-fl,2026-01-13,0,6,0.0,39.5,0.0
https://www.miaphotobooth.net/leading-photo-booth-rental-in-coral-gables-fl,2026-01-14,0,6,0.0,50.666666666666664,0.0
https://www.miaphotobooth.net/leading-photo-booth-rental-in-coral-gables-fl,2026-01-15,0,8,0.0,39.375,0.0
https://www.miaphotobooth.net/leading-photo-booth-rental-in-coral-gables-fl,2026-01-16,0,11,0.0,30.181818181818183,0.0
https://www.miaphotobooth.net/leading-photo-booth-rental-in-coral-gables-fl,2026-01-17,0,8,0.0,29.375,0.0
https://www.miaphotobooth.net/leading-photo-booth-rental-in-coral-gables-fl,2026-01-18,0,12,0.0,54.583333333333336,0.0
https://www.miaphotobooth.net/leading-photo-booth-rental-in-coral-gables-fl,2026-01-19,0,13,0.0,25.46153846153846,0.0
https://www.miaphotobooth.net/leading-photo-booth-rental-in-coral-gables-fl,2026-01-20,0,7,0.0,31.714285714285715,0.0
https://www.miaphotobooth.net/leading-photo-booth-rental-in-coral-gables-fl,2026-01-21,0,6,0.0,56.5,0.0
https://www.miaphotobooth.net/leading-photo-booth-rental-in-coral-gables-fl,2026-01-22,0,6,0.0,45.666666666666664,0.0
https://www.miaphotobooth.net/leading-photo-booth-rental-in-coral-gables-fl,2026-01-23,0,5,0.0,48.4,0.0
https://www.miaphotobooth.net/leading-photo-booth-rental-in-coral-gables-fl,2026-01-24,0,11,0.0,55.90909090909091,0.0
https://www.miaphotobooth.net/leading-photo-booth-rental-in-coral-gables-fl,2026-01-25,0,6,0.0,63.0,0.0
https://www.miaphotobooth.net/leading-photo-booth-rental-in-coral-gables-fl,2026-01-26,0,16,0.0,38.0625,0.0
https://www.miaphotobooth.net/leading-photo-booth-rental-in-coral-gables-fl,2026-01-27,0,8,0.0,48.875,0.0
https://www.miaphotobooth.net/leading-photo-booth-rental-in-coral-gables-fl,2026-01-28,0,6,0.0,72.0,0.0
https://www.miaphotobooth.net/leading-photo-booth-rental-in-coral-gables-fl,2026-01-29,0,4,0.0,50.75,0.0
https://www.miaphotobooth.net/leading-photo-booth-rental-in-coral-gables-fl,2026-01-30,0,4,0.0,69.75,0.0
https://www.miaphotobooth.net/leading-photo-booth-rental-in-coral-gables-fl,2026-01-31,0,7,0.0,46.142857142857146,0.0
https://www.miaphotobooth.net/leading-photo-booth-rental-in-coral-gables-fl,2026-02-01,0,5,0.0,64.0,0.0
https://www.miaphotobooth.net/leading-photo-booth-rental-in-coral-gables-fl,2026-02-02,0,6,0.0,58.0,0.0
https://www.miaphotobooth.net/leading-photo-booth-rental-in-coral-gables-fl,2026-02-03,0,5,0.0,44.0,0.0
https://www.miaphotobooth.net/leading-photo-booth-rental-in-coral-gables-fl,2026-02-04,0,6,0.0,65.83333333333333,0.0
https://www.miaphotobooth.net/leading-photo-booth-rental-in-coral-gables-fl,2026-02-05,0,5,0.0,74.6,0.0
https://www.miaphotobooth.net/leading-photo-booth-rental-in-coral-gables-fl,2026-02-06,0,7,0.0,54.857142857142854,0.0
https://www.miaphotobooth.net/leading-photo-booth-rental-in-coral-gables-fl,2026-02-07,0,1,0.0,6.0,0.0
https://www.miaphotobooth.net/leading-photo-booth-rental-in-coral-gables-fl,2026-02-08,0,5,0.0,43.0,0.0
https://www.miaphotobooth.net/leading-photo-booth-rental-in-coral-gables-fl,2026-02-09,0,10,0.0,30.8,0.0
https://www.miaphotobooth.net/leading-photo-booth-rental-in-coral-gables-fl,2026-02-10,0,6,0.0,33.0,0.0
https://www.miaphotobooth.net/leading-photo-booth-rental-in-coral-gables-fl,2026-02-11,0,6,0.0,50.333333333333336,0.0
https://www.miaphotobooth.net/leading-photo-booth-rental-in-coral-gables-fl,2026-02-12,0,3,0.0,70.33333333333333,0.0
https://www.miaphotobooth.net/leading-photo-booth-rental-in-coral-gables-fl,2026-02-13,0,7,0.0,42.857142857142854,0.0
https://www.miaphotobooth.net/leading-photo-booth-rental-in-coral-gables-fl,2026-02-14,0,11,0.0,35.63636363636363,0.0
https://www.miaphotobooth.net/leading-photo-booth-rental-in-coral-gables-fl,2026-02-15,0,4,0.0,59.5,0.0
https://www.miaphotobooth.net/leading-photo-booth-rental-in-coral-gables-fl,2026-02-16,0,8,0.0,64.625,0.0
https://www.miaphotobooth.net/leading-photo-booth-rental-in-coral-gables-fl,2026-02-17,0,6,0.0,39.333333333333336,0.0
https://www.miaphotobooth.net/leading-photo-booth-rental-in-coral-gables-fl,2026-02-18,0,4,0.0,51.25,0.0
https://www.miaphotobooth.net/leading-photo-booth-rental-in-coral-gables-fl,2026-02-19,0,4,0.0,32.25,0.0
https://www.miaphotobooth.net/leading-photo-booth-rental-in-coral-gables-fl,2026-02-20,0,3,0.0,49.333333333333336,0.0
https://www.miaphotobooth.net/leading-photo-booth-rental-in-coral-gables-fl,2026-02-21,0,5,0.0,28.8,0.0
https://www.miaphotobooth.net/leading-photo-booth-rental-in-coral-gables-fl,2026-02-22,0,3,0.0,25.333333333333332,0.0
https://www.miaphotobooth.net/leading-photo-booth-rental-in-coral-gables-fl,2026-02-23,0,3,0.0,21.666666666666668,0.0
https://www.miaphotobooth.net/leading-photo-booth-rental-in-coral-gables-fl,2026-02-24,0,5,0.0,52.6,0.0
https://www.miaphotobooth.net/leading-photo-booth-rental-in-coral-gables-fl,2026-02-25,0,3,0.0,44.333333333333336,0.0
https://www.miaphotobooth.net/leading-photo-booth-rental-in-coral-gables-fl,2026-02-26,0,6,0.0,9.166666666666666,0.0
https://www.miaphotobooth.net/leading-photo-booth-rental-in-coral-gables-fl,2026-02-27,0,4,0.0,34.75,0.0
https://www.miaphotobooth.net/leading-photo-booth-rental-in-coral-gables-fl,2026-02-28,0,4,0.0,42.5,0.0
https://www.miaphotobooth.net/leading-photo-booth-rental-in-coral-gables-fl,2026-03-01,0,8,0.0,41.25,0.0
https://www.miaphotobooth.net/leading-photo-booth-rental-in-coral-gables-fl,2026-03-02,0,6,0.0,46.833333333333336,0.0
https://www.miaphotobooth.net/leading-photo-booth-rental-in-coral-gables-fl,2026-03-03,0,1,0.0,82.0,0.0
https://www.miaphotobooth.net/local-photo-booth-rental-in-town-park-estates-fl,2025-12-04,0,1,0.0,40.0,0.0
https://www.miaphotobooth.net/local-photo-booth-rental-in-town-park-estates-fl,2025-12-08,0,4,0.0,66.0,0.0
https://www.miaphotobooth.net/local-photo-booth-rental-in-town-park-estates-fl,2025-12-13,0,1,0.0,1.0,0.0
https://www.miaphotobooth.net/local-photo-booth-rental-in-town-park-estates-fl,2025-12-14,0,1,0.0,1.0,0.0
https://www.miaphotobooth.net/local-photo-booth-rental-in-town-park-estates-fl,2025-12-23,0,1,0.0,1.0,0.0
https://www.miaphotobooth.net/local-photo-booth-rental-in-town-park-estates-fl,2025-12-29,0,1,0.0,10.0,0.0
https://www.miaphotobooth.net/local-photo-booth-rental-in-town-park-estates-fl,2025-12-30,0,1,0.0,9.0,0.0
https://www.miaphotobooth.net/local-photo-booth-rental-in-town-park-estates-fl,2025-12-31,0,1,0.0,1.0,0.0
https://www.miaphotobooth.net/local-photo-booth-rental-in-town-park-estates-fl,2026-01-02,0,4,0.0,67.25,0.0
https://www.miaphotobooth.net/local-photo-booth-rental-in-town-park-estates-fl,2026-01-03,0,3,0.0,53.666666666666664,0.0
https://www.miaphotobooth.net/local-photo-booth-rental-in-town-park-estates-fl,2026-01-08,0,1,0.0,12.0,0.0
https://www.miaphotobooth.net/local-photo-booth-rental-in-town-park-estates-fl,2026-01-11,0,1,0.0,9.0,0.0
https://www.miaphotobooth.net/local-photo-booth-rental-in-town-park-estates-fl,2026-01-12,0,2,0.0,15.0,0.0
https://www.miaphotobooth.net/local-photo-booth-rental-in-town-park-estates-fl,2026-01-15,0,1,0.0,1.0,0.0
https://www.miaphotobooth.net/local-photo-booth-rental-in-town-park-estates-fl,2026-01-19,0,1,0.0,10.0,0.0
https://www.miaphotobooth.net/local-photo-booth-rental-in-town-park-estates-fl,2026-01-20,0,6,0.0,16.833333333333336,0.0
https://www.miaphotobooth.net/local-photo-booth-rental-in-town-park-estates-fl,2026-01-22,0,1,0.0,10.0,0.0
https://www.miaphotobooth.net/local-photo-booth-rental-in-town-park-estates-fl,2026-01-26,0,6,0.0,36.0,0.0
https://www.miaphotobooth.net/local-photo-booth-rental-in-town-park-estates-fl,2026-01-29,0,1,0.0,10.0,0.0
https://www.miaphotobooth.net/local-photo-booth-rental-in-town-park-estates-fl,2026-02-04,0,1,0.0,13.0,0.0
https://www.miaphotobooth.net/local-photo-booth-rental-in-town-park-estates-fl,2026-02-08,0,1,0.0,6.0,0.0
https://www.miaphotobooth.net/local-photo-booth-rental-in-town-park-estates-fl,2026-02-09,0,5,0.0,42.8,0.0
https://www.miaphotobooth.net/local-photo-booth-rental-in-town-park-estates-fl,2026-02-11,0,3,0.0,91.66666666666667,0.0
https://www.miaphotobooth.net/local-photo-booth-rental-in-town-park-estates-fl,2026-02-16,0,18,0.0,61.44444444444444,0.0
https://www.miaphotobooth.net/local-photo-booth-rental-in-town-park-estates-fl,2026-02-20,0,3,0.0,48.0,0.0
https://www.miaphotobooth.net/local-photo-booth-rental-in-town-park-estates-fl,2026-02-26,0,1,0.0,1.0,0.0
https://www.miaphotobooth.net/local-photo-booth-rental-in-town-park-estates-fl,2026-02-27,0,1,0.0,36.0,0.0
https://www.miaphotobooth.net/modern-photo-booth-rental-in-coral-groves-fl,2025-12-04,0,1,0.0,23.0,0.0
https://www.miaphotobooth.net/modern-photo-booth-rental-in-coral-groves-fl,2025-12-05,0,3,0.0,38.666666666666664,0.0
https://www.miaphotobooth.net/modern-photo-booth-rental-in-coral-groves-fl,2025-12-06,0,2,0.0,44.5,0.0
https://www.miaphotobooth.net/modern-photo-booth-rental-in-coral-groves-fl,2025-12-07,0,1,0.0,64.0,0.0
https://www.miaphotobooth.net/modern-photo-booth-rental-in-coral-groves-fl,2025-12-08,0,5,0.0,26.4,0.0
https://www.miaphotobooth.net/modern-photo-booth-rental-in-coral-groves-fl,2025-12-09,0,2,0.0,31.5,0.0
https://www.miaphotobooth.net/modern-photo-booth-rental-in-coral-groves-fl,2025-12-11,0,1,0.0,11.0,0.0
https://www.miaphotobooth.net/modern-photo-booth-rental-in-coral-groves-fl,2025-12-13,0,1,0.0,2.0,0.0
https://www.miaphotobooth.net/modern-photo-booth-rental-in-coral-groves-fl,2025-12-15,0,2,0.0,68.5,0.0
https://www.miaphotobooth.net/modern-photo-booth-rental-in-coral-groves-fl,2025-12-17,0,2,0.0,15.0,0.0
https://www.miaphotobooth.net/modern-photo-booth-rental-in-coral-groves-fl,2025-12-19,0,1,0.0,1.0,0.0
https://www.miaphotobooth.net/modern-photo-booth-rental-in-coral-groves-fl,2025-12-22,0,1,0.0,1.0,0.0
https://www.miaphotobooth.net/modern-photo-booth-rental-in-coral-groves-fl,2025-12-23,0,1,0.0,91.0,0.0
https://www.miaphotobooth.net/modern-photo-booth-rental-in-coral-groves-fl,2025-12-24,0,1,0.0,1.0,0.0
https://www.miaphotobooth.net/modern-photo-booth-rental-in-coral-groves-fl,2025-12-25,0,1,0.0,3.0,0.0
https://www.miaphotobooth.net/modern-photo-booth-rental-in-coral-groves-fl,2025-12-31,0,2,0.0,36.5,0.0
https://www.miaphotobooth.net/modern-photo-booth-rental-in-coral-groves-fl,2026-01-02,0,2,0.0,39.0,0.0
https://www.miaphotobooth.net/modern-photo-booth-rental-in-coral-groves-fl,2026-01-04,0,3,0.0,46.333333333333336,0.0
https://www.miaphotobooth.net/modern-photo-booth-rental-in-coral-groves-fl,2026-01-05,0,5,0.0,77.4,0.0
https://www.miaphotobooth.net/modern-photo-booth-rental-in-coral-groves-fl,2026-01-06,0,4,0.0,27.75,0.0
https://www.miaphotobooth.net/modern-photo-booth-rental-in-coral-groves-fl,2026-01-07,0,1,0.0,41.0,0.0
https://www.miaphotobooth.net/modern-photo-booth-rental-in-coral-groves-fl,2026-01-12,0,2,0.0,6.5,0.0
https://www.miaphotobooth.net/modern-photo-booth-rental-in-coral-groves-fl,2026-01-14,0,2,0.0,76.0,0.0
https://www.miaphotobooth.net/modern-photo-booth-rental-in-coral-groves-fl,2026-01-15,0,4,0.0,11.75,0.0
https://www.miaphotobooth.net/modern-photo-booth-rental-in-coral-groves-fl,2026-01-17,0,1,0.0,36.0,0.0
https://www.miaphotobooth.net/modern-photo-booth-rental-in-coral-groves-fl,2026-01-18,0,1,0.0,7.0,0.0
https://www.miaphotobooth.net/modern-photo-booth-rental-in-coral-groves-fl,2026-01-19,0,4,0.0,71.5,0.0
https://www.miaphotobooth.net/modern-photo-booth-rental-in-coral-groves-fl,2026-01-20,0,3,0.0,68.0,0.0
https://www.miaphotobooth.net/modern-photo-booth-rental-in-coral-groves-fl,2026-01-21,0,2,0.0,49.5,0.0
https://www.miaphotobooth.net/modern-photo-booth-rental-in-coral-groves-fl,2026-01-24,0,3,0.0,86.33333333333333,0.0
https://www.miaphotobooth.net/modern-photo-booth-rental-in-coral-groves-fl,2026-01-25,0,1,0.0,96.0,0.0
https://www.miaphotobooth.net/modern-photo-booth-rental-in-coral-groves-fl,2026-01-27,0,1,0.0,82.0,0.0
https://www.miaphotobooth.net/modern-photo-booth-rental-in-coral-groves-fl,2026-01-29,0,2,0.0,52.0,0.0
https://www.miaphotobooth.net/modern-photo-booth-rental-in-coral-groves-fl,2026-01-30,0,2,0.0,42.5,0.0
https://www.miaphotobooth.net/modern-photo-booth-rental-in-coral-groves-fl,2026-02-03,0,2,0.0,72.0,0.0
https://www.miaphotobooth.net/modern-photo-booth-rental-in-coral-groves-fl,2026-02-06,0,1,0.0,79.0,0.0
https://www.miaphotobooth.net/modern-photo-booth-rental-in-coral-groves-fl,2026-02-07,0,1,0.0,1.0,0.0
https://www.miaphotobooth.net/modern-photo-booth-rental-in-coral-groves-fl,2026-02-09,0,2,0.0,54.5,0.0
https://www.miaphotobooth.net/modern-photo-booth-rental-in-coral-groves-fl,2026-02-10,0,1,0.0,1.0,0.0
https://www.miaphotobooth.net/modern-photo-booth-rental-in-coral-groves-fl,2026-02-11,0,6,0.0,20.333333333333332,0.0
https://www.miaphotobooth.net/modern-photo-booth-rental-in-coral-groves-fl,2026-02-13,0,2,0.0,7.0,0.0
https://www.miaphotobooth.net/modern-photo-booth-rental-in-coral-groves-fl,2026-02-16,0,43,0.0,56.58139534883721,0.0
https://www.miaphotobooth.net/modern-photo-booth-rental-in-coral-groves-fl,2026-02-17,0,4,0.0,36.75,0.0
https://www.miaphotobooth.net/modern-photo-booth-rental-in-coral-groves-fl,2026-02-18,0,2,0.0,78.5,0.0
https://www.miaphotobooth.net/modern-photo-booth-rental-in-coral-groves-fl,2026-02-19,0,1,0.0,78.0,0.0
https://www.miaphotobooth.net/modern-photo-booth-rental-in-coral-groves-fl,2026-02-20,0,3,0.0,25.333333333333332,0.0
https://www.miaphotobooth.net/modern-photo-booth-rental-in-coral-groves-fl,2026-02-21,0,3,0.0,22.333333333333332,0.0
https://www.miaphotobooth.net/modern-photo-booth-rental-in-coral-groves-fl,2026-02-22,0,4,0.0,44.75,0.0
https://www.miaphotobooth.net/modern-photo-booth-rental-in-coral-groves-fl,2026-02-23,0,1,0.0,88.0,0.0
https://www.miaphotobooth.net/modern-photo-booth-rental-in-coral-groves-fl,2026-02-24,0,1,0.0,88.0,0.0
https://www.miaphotobooth.net/modern-photo-booth-rental-in-coral-groves-fl,2026-02-25,0,1,0.0,90.0,0.0
https://www.miaphotobooth.net/modern-photo-booth-rental-in-coral-groves-fl,2026-02-26,0,3,0.0,73.66666666666667,0.0
https://www.miaphotobooth.net/modern-photo-booth-rental-in-coral-groves-fl,2026-02-27,0,1,0.0,99.0,0.0
https://www.miaphotobooth.net/modern-photo-booth-rental-in-coral-groves-fl,2026-02-28,0,1,0.0,72.0,0.0
https://www.miaphotobooth.net/modern-photo-booth-rental-in-coral-groves-fl,2026-03-01,0,1,0.0,67.0,0.0
https://www.miaphotobooth.net/modern-photo-booth-rental-in-coral-groves-fl,2026-03-03,0,1,0.0,81.0,0.0
https://www.miaphotobooth.net/outstanding-photo-booth-rental-in-west-flagler-fl,2026-02-04,0,3,0.0,12.333333333333334,0.0
https://www.miaphotobooth.net/outstanding-photo-booth-rental-in-west-flagler-fl,2026-02-06,0,1,0.0,7.0,0.0
https://www.miaphotobooth.net/outstanding-photo-booth-rental-in-west-flagler-fl,2026-02-07,0,2,0.0,3.0,0.0
https://www.miaphotobooth.net/outstanding-photo-booth-rental-in-west-flagler-fl,2026-02-08,0,1,0.0,2.0,0.0
https://www.miaphotobooth.net/outstanding-photo-booth-rental-in-west-flagler-fl,2026-02-10,0,1,0.0,3.0,0.0
https://www.miaphotobooth.net/outstanding-photo-booth-rental-in-west-flagler-fl,2026-02-23,0,3,0.0,60.0,0.0
https://www.miaphotobooth.net/packages,2025-12-04,0,11,0.0,9.909090909090908,0.0
https://www.miaphotobooth.net/packages,2025-12-05,0,13,0.0,14.307692307692308,0.0
https://www.miaphotobooth.net/packages,2025-12-06,0,9,0.0,6.444444444444445,0.0
https://www.miaphotobooth.net/packages,2025-12-07,0,19,0.0,4.631578947368421,0.0
https://www.miaphotobooth.net/packages,2025-12-08,0,9,0.0,8.222222222222221,0.0
https://www.miaphotobooth.net/packages,2025-12-09,0,10,0.0,9.0,0.0
https://www.miaphotobooth.net/packages,2025-12-10,0,6,0.0,10.166666666666666,0.0
https://www.miaphotobooth.net/packages,2025-12-11,0,8,0.0,10.75,0.0
https://www.miaphotobooth.net/packages,2025-12-12,0,6,0.0,7.666666666666667,0.0
https://www.miaphotobooth.net/packages,2025-12-13,0,4,0.0,8.5,0.0
https://www.miaphotobooth.net/packages,2025-12-14,0,8,0.0,8.0,0.0
https://www.miaphotobooth.net/packages,2025-12-15,0,6,0.0,9.666666666666666,0.0
https://www.miaphotobooth.net/packages,2025-12-16,0,10,0.0,9.4,0.0
https://www.miaphotobooth.net/packages,2025-12-17,0,8,0.0,8.125,0.0
https://www.miaphotobooth.net/packages,2025-12-18,0,5,0.0,6.4,0.0
https://www.miaphotobooth.net/packages,2025-12-19,0,5,0.0,9.6,0.0
https://www.miaphotobooth.net/packages,2025-12-20,0,3,0.0,9.0,0.0
https://www.miaphotobooth.net/packages,2025-12-21,0,4,0.0,6.75,0.0
https://www.miaphotobooth.net/packages,2025-12-22,0,5,0.0,10.6,0.0
https://www.miaphotobooth.net/packages,2025-12-23,0,3,0.0,6.666666666666667,0.0
https://www.miaphotobooth.net/packages,2025-12-24,0,1,0.0,2.0,0.0
https://www.miaphotobooth.net/packages,2025-12-25,0,3,0.0,9.666666666666666,0.0
https://www.miaphotobooth.net/packages,2025-12-26,0,5,0.0,5.6,0.0
https://www.miaphotobooth.net/packages,2025-12-27,0,4,0.0,8.75,0.0
https://www.miaphotobooth.net/packages,2025-12-28,0,14,0.0,7.642857142857143,0.0
https://www.miaphotobooth.net/packages,2025-12-29,0,2,0.0,9.0,0.0
https://www.miaphotobooth.net/packages,2025-12-30,0,14,0.0,9.0,0.0
https://www.miaphotobooth.net/packages,2025-12-31,0,17,0.0,9.352941176470589,0.0
https://www.miaphotobooth.net/packages,2026-01-01,0,17,0.0,9.352941176470589,0.0
https://www.miaphotobooth.net/packages,2026-01-02,0,17,0.0,9.176470588235293,0.0
https://www.miaphotobooth.net/packages,2026-01-03,0,10,0.0,9.3,0.0
https://www.miaphotobooth.net/packages,2026-01-04,0,13,0.0,9.923076923076923,0.0
https://www.miaphotobooth.net/packages,2026-01-05,0,38,0.0,9.657894736842104,0.0
https://www.miaphotobooth.net/packages,2026-01-06,0,32,0.0,9.75,0.0
https://www.miaphotobooth.net/packages,2026-01-07,0,18,0.0,8.055555555555555,0.0
https://www.miaphotobooth.net/packages,2026-01-08,0,28,0.0,9.357142857142858,0.0
https://www.miaphotobooth.net/packages,2026-01-09,0,27,0.0,8.851851851851851,0.0
https://www.miaphotobooth.net/packages,2026-01-10,0,18,0.0,8.444444444444445,0.0
https://www.miaphotobooth.net/packages,2026-01-11,0,22,0.0,10.045454545454545,0.0
https://www.miaphotobooth.net/packages,2026-01-12,0,11,0.0,9.181818181818182,0.0
https://www.miaphotobooth.net/packages,2026-01-13,0,19,0.0,8.68421052631579,0.0
https://www.miaphotobooth.net/packages,2026-01-14,0,16,0.0,6.6875,0.0
https://www.miaphotobooth.net/packages,2026-01-15,0,16,0.0,8.4375,0.0
https://www.miaphotobooth.net/packages,2026-01-16,0,9,0.0,9.11111111111111,0.0
https://www.miaphotobooth.net/packages,2026-01-17,0,5,0.0,5.0,0.0
https://www.miaphotobooth.net/packages,2026-01-18,0,17,0.0,8.470588235294118,0.0
https://www.miaphotobooth.net/packages,2026-01-19,0,15,0.0,8.733333333333334,0.0
https://www.miaphotobooth.net/packages,2026-01-20,0,19,0.0,17.473684210526315,0.0
https://www.miaphotobooth.net/packages,2026-01-21,0,12,0.0,8.25,0.0
https://www.miaphotobooth.net/packages,2026-01-22,0,14,0.0,7.714285714285714,0.0
https://www.miaphotobooth.net/packages,2026-01-23,0,11,0.0,9.090909090909092,0.0
https://www.miaphotobooth.net/packages,2026-01-24,0,6,0.0,6.0,0.0
https://www.miaphotobooth.net/packages,2026-01-25,0,8,0.0,10.0,0.0
https://www.miaphotobooth.net/packages,2026-01-26,0,17,0.0,7.0,0.0
https://www.miaphotobooth.net/packages,2026-01-27,0,11,0.0,8.636363636363637,0.0
https://www.miaphotobooth.net/packages,2026-01-28,0,9,0.0,9.666666666666666,0.0
https://www.miaphotobooth.net/packages,2026-01-29,0,12,0.0,8.25,0.0
https://www.miaphotobooth.net/packages,2026-01-30,0,8,0.0,9.375,0.0
https://www.miaphotobooth.net/packages,2026-01-31,0,8,0.0,8.375,0.0
https://www.miaphotobooth.net/packages,2026-02-01,0,16,0.0,8.0625,0.0
https://www.miaphotobooth.net/packages,2026-02-02,0,13,0.0,7.769230769230769,0.0
https://www.miaphotobooth.net/packages,2026-02-03,0,13,0.0,10.76923076923077,0.0
https://www.miaphotobooth.net/packages,2026-02-04,0,19,0.0,8.157894736842106,0.0
https://www.miaphotobooth.net/packages,2026-02-05,0,11,0.0,6.7272727272727275,0.0
https://www.miaphotobooth.net/packages,2026-02-06,0,5,0.0,10.2,0.0
https://www.miaphotobooth.net/packages,2026-02-07,0,5,0.0,9.0,0.0
https://www.miaphotobooth.net/packages,2026-02-08,0,11,0.0,8.90909090909091,0.0
https://www.miaphotobooth.net/packages,2026-02-09,0,7,0.0,13.142857142857142,0.0
https://www.miaphotobooth.net/packages,2026-02-10,0,20,0.0,8.05,0.0
https://www.miaphotobooth.net/packages,2026-02-12,0,10,0.0,9.1,0.0
https://www.miaphotobooth.net/packages,2026-02-13,0,17,0.0,8.058823529411764,0.0
https://www.miaphotobooth.net/packages,2026-02-14,0,9,0.0,9.11111111111111,0.0
https://www.miaphotobooth.net/packages,2026-02-15,0,8,0.0,5.75,0.0
https://www.miaphotobooth.net/packages,2026-02-16,0,18,0.0,34.833333333333336,0.0
https://www.miaphotobooth.net/packages,2026-02-17,0,3,0.0,6.666666666666667,0.0
https://www.miaphotobooth.net/packages,2026-02-18,0,9,0.0,9.88888888888889,0.0
https://www.miaphotobooth.net/packages,2026-02-19,0,5,0.0,8.2,0.0
https://www.miaphotobooth.net/packages,2026-02-20,0,2,0.0,6.5,0.0
https://www.miaphotobooth.net/packages,2026-02-21,0,18,0.0,7.888888888888889,0.0
https://www.miaphotobooth.net/packages,2026-02-22,0,13,0.0,8.461538461538462,0.0
https://www.miaphotobooth.net/packages,2026-02-23,0,10,0.0,9.4,0.0
https://www.miaphotobooth.net/packages,2026-02-24,0,12,0.0,7.333333333333333,0.0
https://www.miaphotobooth.net/packages,2026-02-25,0,4,0.0,6.75,0.0
https://www.miaphotobooth.net/packages,2026-02-26,0,10,0.0,9.2,0.0
https://www.miaphotobooth.net/packages,2026-02-27,0,11,0.0,8.09090909090909,0.0
https://www.miaphotobooth.net/packages,2026-02-28,0,5,0.0,7.6,0.0
https://www.miaphotobooth.net/packages,2026-03-01,0,7,0.0,8.142857142857142,0.0
https://www.miaphotobooth.net/packages,2026-03-02,0,16,0.0,8.875,0.0
https://www.miaphotobooth.net/packages,2026-03-03,0,10,0.0,6.9,0.0
https://www.miaphotobooth.net/popular-photo-booth-rental-in-wynwood-fl,2026-01-09,0,4,0.0,8.25,0.0
https://www.miaphotobooth.net/popular-photo-booth-rental-in-wynwood-fl,2026-01-10,0,10,0.0,10.8,0.0
https://www.miaphotobooth.net/popular-photo-booth-rental-in-wynwood-fl,2026-01-11,0,1,0.0,11.0,0.0
https://www.miaphotobooth.net/popular-photo-booth-rental-in-wynwood-fl,2026-01-12,0,2,0.0,18.0,0.0
https://www.miaphotobooth.net/popular-photo-booth-rental-in-wynwood-fl,2026-01-13,0,5,0.0,7.8,0.0
https://www.miaphotobooth.net/popular-photo-booth-rental-in-wynwood-fl,2026-01-14,0,13,0.0,26.615384615384617,0.0
https://www.miaphotobooth.net/popular-photo-booth-rental-in-wynwood-fl,2026-01-15,0,14,0.0,7.285714285714286,0.0
https://www.miaphotobooth.net/popular-photo-booth-rental-in-wynwood-fl,2026-01-16,0,33,0.0,6.636363636363637,0.0
https://www.miaphotobooth.net/popular-photo-booth-rental-in-wynwood-fl,2026-01-17,0,38,0.0,8.289473684210527,0.0
https://www.miaphotobooth.net/popular-photo-booth-rental-in-wynwood-fl,2026-01-18,0,28,0.0,7.142857142857143,0.0
https://www.miaphotobooth.net/popular-photo-booth-rental-in-wynwood-fl,2026-01-19,0,64,0.0,7.328125,0.0
https://www.miaphotobooth.net/popular-photo-booth-rental-in-wynwood-fl,2026-01-20,0,53,0.0,7.056603773584905,0.0
https://www.miaphotobooth.net/popular-photo-booth-rental-in-wynwood-fl,2026-01-21,0,21,0.0,7.809523809523809,0.0
https://www.miaphotobooth.net/popular-photo-booth-rental-in-wynwood-fl,2026-01-22,0,13,0.0,8.461538461538462,0.0
https://www.miaphotobooth.net/popular-photo-booth-rental-in-wynwood-fl,2026-01-23,0,1,0.0,8.0,0.0
https://www.miaphotobooth.net/popular-photo-booth-rental-in-wynwood-fl,2026-01-25,0,3,0.0,7.333333333333333,0.0
https://www.miaphotobooth.net/popular-photo-booth-rental-in-wynwood-fl,2026-01-26,0,6,0.0,28.0,0.0
https://www.miaphotobooth.net/popular-photo-booth-rental-in-wynwood-fl,2026-01-27,0,2,0.0,7.0,0.0
https://www.miaphotobooth.net/popular-photo-booth-rental-in-wynwood-fl,2026-01-28,0,4,0.0,11.75,0.0
https://www.miaphotobooth.net/popular-photo-booth-rental-in-wynwood-fl,2026-01-29,0,2,0.0,10.0,0.0
https://www.miaphotobooth.net/popular-photo-booth-rental-in-wynwood-fl,2026-01-30,0,1,0.0,10.0,0.0
https://www.miaphotobooth.net/popular-photo-booth-rental-in-wynwood-fl,2026-01-31,0,7,0.0,10.428571428571429,0.0
https://www.miaphotobooth.net/popular-photo-booth-rental-in-wynwood-fl,2026-02-01,0,2,0.0,10.0,0.0
https://www.miaphotobooth.net/popular-photo-booth-rental-in-wynwood-fl,2026-02-02,0,3,0.0,10.0,0.0
https://www.miaphotobooth.net/popular-photo-booth-rental-in-wynwood-fl,2026-02-03,0,4,0.0,8.5,0.0
https://www.miaphotobooth.net/popular-photo-booth-rental-in-wynwood-fl,2026-02-04,0,1,0.0,17.0,0.0
https://www.miaphotobooth.net/popular-photo-booth-rental-in-wynwood-fl,2026-02-06,0,48,0.0,7.270833333333333,0.0
https://www.miaphotobooth.net/popular-photo-booth-rental-in-wynwood-fl,2026-02-07,0,11,0.0,9.181818181818182,0.0
https://www.miaphotobooth.net/popular-photo-booth-rental-in-wynwood-fl,2026-02-08,0,5,0.0,10.4,0.0
https://www.miaphotobooth.net/popular-photo-booth-rental-in-wynwood-fl,2026-02-09,0,10,0.0,8.9,0.0
https://www.miaphotobooth.net/popular-photo-booth-rental-in-wynwood-fl,2026-02-10,0,52,0.0,7.038461538461538,0.0
https://www.miaphotobooth.net/popular-photo-booth-rental-in-wynwood-fl,2026-02-11,0,2,0.0,10.5,0.0
https://www.miaphotobooth.net/popular-photo-booth-rental-in-wynwood-fl,2026-02-14,0,9,0.0,10.555555555555555,0.0
https://www.miaphotobooth.net/popular-photo-booth-rental-in-wynwood-fl,2026-02-15,0,5,0.0,7.0,0.0
https://www.miaphotobooth.net/popular-photo-booth-rental-in-wynwood-fl,2026-02-16,0,14,0.0,72.0,0.0
https://www.miaphotobooth.net/popular-photo-booth-rental-in-wynwood-fl,2026-02-17,0,5,0.0,10.2,0.0
https://www.miaphotobooth.net/popular-photo-booth-rental-in-wynwood-fl,2026-02-18,0,2,0.0,6.0,0.0
https://www.miaphotobooth.net/popular-photo-booth-rental-in-wynwood-fl,2026-02-19,0,3,0.0,7.666666666666667,0.0
https://www.miaphotobooth.net/popular-photo-booth-rental-in-wynwood-fl,2026-02-20,0,2,0.0,10.5,0.0
https://www.miaphotobooth.net/popular-photo-booth-rental-in-wynwood-fl,2026-02-21,0,1,0.0,1.0,0.0
https://www.miaphotobooth.net/popular-photo-booth-rental-in-wynwood-fl,2026-02-22,0,5,0.0,9.8,0.0
https://www.miaphotobooth.net/popular-photo-booth-rental-in-wynwood-fl,2026-02-24,0,5,0.0,8.4,0.0
https://www.miaphotobooth.net/popular-photo-booth-rental-in-wynwood-fl,2026-02-25,0,1,0.0,11.0,0.0
https://www.miaphotobooth.net/popular-photo-booth-rental-in-wynwood-fl,2026-02-27,0,4,0.0,10.0,0.0
https://www.miaphotobooth.net/popular-photo-booth-rental-in-wynwood-fl,2026-02-28,0,5,0.0,10.2,0.0
https://www.miaphotobooth.net/popular-photo-booth-rental-in-wynwood-fl,2026-03-02,0,2,0.0,7.5,0.0
https://www.miaphotobooth.net/popular-photo-booth-rental-in-wynwood-fl,2026-03-03,0,3,0.0,12.0,0.0
https://www.miaphotobooth.net/post/360-event-photo-booth-miami,2025-12-09,0,1,0.0,95.0,0.0
https://www.miaphotobooth.net/post/360-event-photo-booth-miami,2025-12-11,0,1,0.0,95.0,0.0
https://www.miaphotobooth.net/post/360-event-photo-booth-miami,2025-12-18,0,1,0.0,11.0,0.0
https://www.miaphotobooth.net/post/360-event-photo-booth-miami,2025-12-24,0,1,0.0,9.0,0.0
https://www.miaphotobooth.net/post/360-event-photo-booth-miami,2025-12-28,0,3,0.0,8.0,0.0
https://www.miaphotobooth.net/post/360-event-photo-booth-miami,2025-12-30,0,1,0.0,10.0,0.0
https://www.miaphotobooth.net/post/360-event-photo-booth-miami,2025-12-31,0,2,0.0,9.0,0.0
https://www.miaphotobooth.net/post/360-event-photo-booth-miami,2026-01-02,0,2,0.0,5.0,0.0
https://www.miaphotobooth.net/post/360-event-photo-booth-miami,2026-01-05,0,2,0.0,8.5,0.0
https://www.miaphotobooth.net/post/360-event-photo-booth-miami,2026-01-06,0,1,0.0,5.0,0.0
https://www.miaphotobooth.net/post/360-event-photo-booth-miami,2026-01-08,0,2,0.0,6.0,0.0
https://www.miaphotobooth.net/post/360-event-photo-booth-miami,2026-01-09,0,4,0.0,24.0,0.0
https://www.miaphotobooth.net/post/360-event-photo-booth-miami,2026-01-10,0,1,0.0,4.0,0.0
https://www.miaphotobooth.net/post/360-event-photo-booth-miami,2026-01-13,0,1,0.0,7.0,0.0
https://www.miaphotobooth.net/post/360-event-photo-booth-miami,2026-01-14,0,2,0.0,8.0,0.0
https://www.miaphotobooth.net/post/360-event-photo-booth-miami,2026-01-15,0,1,0.0,3.0,0.0
https://www.miaphotobooth.net/post/360-event-photo-booth-miami,2026-01-16,0,1,0.0,12.0,0.0
https://www.miaphotobooth.net/post/360-event-photo-booth-miami,2026-01-17,0,3,0.0,9.333333333333334,0.0
https://www.miaphotobooth.net/post/360-event-photo-booth-miami,2026-01-26,0,4,0.0,9.5,0.0
https://www.miaphotobooth.net/post/360-event-photo-booth-miami,2026-02-04,0,4,0.0,4.25,0.0
https://www.miaphotobooth.net/post/360-event-photo-booth-miami,2026-02-27,0,4,0.0,9.5,0.0
https://www.miaphotobooth.net/post/360-event-photo-booth-miami,2026-03-02,0,1,0.0,10.0,0.0
https://www.miaphotobooth.net/post/360-photo-booth,2025-12-08,0,1,0.0,9.0,0.0
https://www.miaphotobooth.net/post/360-photo-booth,2026-02-04,0,2,0.0,1.0,0.0
https://www.miaphotobooth.net/post/360-photo-booth-rental-miami,2025-12-05,0,6,0.0,62.166666666666664,0.0
https://www.miaphotobooth.net/post/360-photo-booth-rental-miami,2025-12-08,0,1,0.0,10.0,0.0
https://www.miaphotobooth.net/post/360-photo-booth-rental-miami,2025-12-09,0,1,0.0,87.0,0.0
https://www.miaphotobooth.net/post/360-photo-booth-rental-miami,2025-12-10,0,3,0.0,89.66666666666667,0.0
https://www.miaphotobooth.net/post/360-photo-booth-rental-miami,2025-12-11,0,1,0.0,70.0,0.0
https://www.miaphotobooth.net/post/360-photo-booth-rental-miami,2025-12-16,0,1,0.0,60.0,0.0
https://www.miaphotobooth.net/post/360-photo-booth-rental-miami,2025-12-17,0,1,0.0,59.0,0.0
https://www.miaphotobooth.net/post/360-photo-booth-rental-miami,2025-12-18,0,1,0.0,67.0,0.0
https://www.miaphotobooth.net/post/360-photo-booth-rental-miami,2025-12-19,0,1,0.0,67.0,0.0
https://www.miaphotobooth.net/post/360-photo-booth-rental-miami,2025-12-22,0,3,0.0,62.666666666666664,0.0
https://www.miaphotobooth.net/post/360-photo-booth-rental-miami,2025-12-23,0,1,0.0,60.0,0.0
https://www.miaphotobooth.net/post/360-photo-booth-rental-miami,2025-12-24,0,2,0.0,62.5,0.0
https://www.miaphotobooth.net/post/360-photo-booth-rental-miami,2025-12-25,0,1,0.0,59.0,0.0
https://www.miaphotobooth.net/post/360-photo-booth-rental-miami,2025-12-29,0,1,0.0,54.0,0.0
https://www.miaphotobooth.net/post/360-photo-booth-rental-miami,2025-12-30,0,1,0.0,60.0,0.0
https://www.miaphotobooth.net/post/360-photo-booth-rental-miami,2026-01-03,0,1,0.0,65.0,0.0
https://www.miaphotobooth.net/post/360-photo-booth-rental-miami,2026-01-06,0,1,0.0,67.0,0.0
https://www.miaphotobooth.net/post/360-photo-booth-rental-miami,2026-01-07,0,1,0.0,11.0,0.0
https://www.miaphotobooth.net/post/360-photo-booth-rental-miami,2026-01-10,0,3,0.0,66.66666666666667,0.0
https://www.miaphotobooth.net/post/360-photo-booth-rental-miami,2026-01-11,0,4,0.0,67.0,0.0
https://www.miaphotobooth.net/post/360-photo-booth-rental-miami,2026-01-13,0,2,0.0,61.0,0.0
https://www.miaphotobooth.net/post/360-photo-booth-rental-miami,2026-01-14,0,1,0.0,61.0,0.0
https://www.miaphotobooth.net/post/360-photo-booth-rental-miami,2026-01-16,0,2,0.0,14.5,0.0
https://www.miaphotobooth.net/post/360-photo-booth-rental-miami,2026-01-18,0,1,0.0,49.0,0.0
https://www.miaphotobooth.net/post/360-photo-booth-rental-miami,2026-01-20,0,1,0.0,61.0,0.0
https://www.miaphotobooth.net/post/360-photo-booth-rental-miami,2026-01-21,0,2,0.0,62.5,0.0
https://www.miaphotobooth.net/post/360-photo-booth-rental-miami,2026-01-22,0,2,0.0,54.0,0.0
https://www.miaphotobooth.net/post/360-photo-booth-rental-miami,2026-01-23,0,1,0.0,53.0,0.0
https://www.miaphotobooth.net/post/360-photo-booth-rental-miami,2026-01-25,0,2,0.0,49.5,0.0
https://www.miaphotobooth.net/post/360-photo-booth-rental-miami,2026-01-26,0,1,0.0,3.0,0.0
https://www.miaphotobooth.net/post/360-photo-booth-rental-miami,2026-01-27,0,5,0.0,43.2,0.0
https://www.miaphotobooth.net/post/360-photo-booth-rental-miami,2026-01-30,0,1,0.0,39.0,0.0
https://www.miaphotobooth.net/post/360-photo-booth-rental-miami,2026-01-31,0,1,0.0,28.0,0.0
https://www.miaphotobooth.net/post/360-photo-booth-rental-miami,2026-02-02,0,1,0.0,54.0,0.0
https://www.miaphotobooth.net/post/360-photo-booth-rental-miami,2026-02-03,0,8,0.0,59.25,0.0
https://www.miaphotobooth.net/post/360-photo-booth-rental-miami,2026-02-04,0,3,0.0,17.0,0.0
https://www.miaphotobooth.net/post/360-photo-booth-rental-miami,2026-02-06,0,1,0.0,85.0,0.0
https://www.miaphotobooth.net/post/360-photo-booth-rental-miami,2026-02-07,0,2,0.0,45.5,0.0
https://www.miaphotobooth.net/post/360-photo-booth-rental-miami,2026-02-08,0,1,0.0,66.0,0.0
https://www.miaphotobooth.net/post/360-photo-booth-rental-miami,2026-02-09,0,2,0.0,54.5,0.0
https://www.miaphotobooth.net/post/360-photo-booth-rental-miami,2026-02-10,0,6,0.0,47.166666666666664,0.0
https://www.miaphotobooth.net/post/360-photo-booth-rental-miami,2026-02-11,0,1,0.0,47.0,0.0
https://www.miaphotobooth.net/post/360-photo-booth-rental-miami,2026-02-12,0,1,0.0,12.0,0.0
https://www.miaphotobooth.net/post/360-photo-booth-rental-miami,2026-02-14,0,1,0.0,15.0,0.0
https://www.miaphotobooth.net/post/360-photo-booth-rental-miami,2026-02-15,0,2,0.0,59.5,0.0
https://www.miaphotobooth.net/post/360-photo-booth-rental-miami,2026-02-16,0,2,0.0,14.0,0.0
https://www.miaphotobooth.net/post/360-photo-booth-rental-miami,2026-02-17,0,4,0.0,48.75,0.0
https://www.miaphotobooth.net/post/360-photo-booth-rental-miami,2026-02-18,0,2,0.0,36.5,0.0
https://www.miaphotobooth.net/post/360-photo-booth-rental-miami,2026-02-20,0,1,0.0,22.0,0.0
https://www.miaphotobooth.net/post/360-photo-booth-rental-miami,2026-02-22,0,1,0.0,60.0,0.0
https://www.miaphotobooth.net/post/360-photo-booth-rental-miami,2026-02-24,0,2,0.0,73.5,0.0
https://www.miaphotobooth.net/post/360-photo-booth-rental-miami,2026-02-26,0,3,0.0,28.333333333333332,0.0
https://www.miaphotobooth.net/post/360-photo-booth-rental-miami,2026-03-02,0,1,0.0,57.0,0.0
https://www.miaphotobooth.net/post/360-photo-booth-rental-miami,2026-03-03,0,2,0.0,61.5,0.0
https://www.miaphotobooth.net/post/audio-guestbook-experience-miami,2025-12-12,0,1,0.0,11.0,0.0
https://www.miaphotobooth.net/post/audio-guestbook-experience-miami,2025-12-14,0,2,0.0,14.0,0.0
https://www.miaphotobooth.net/post/audio-guestbook-experience-miami,2026-01-07,0,4,0.0,21.75,0.0
https://www.miaphotobooth.net/post/audio-guestbook-experience-miami,2026-01-08,0,3,0.0,10.333333333333334,0.0
https://www.miaphotobooth.net/post/audio-guestbook-experience-miami,2026-01-09,0,2,0.0,5.5,0.0
https://www.miaphotobooth.net/post/audio-guestbook-experience-miami,2026-01-11,0,2,0.0,5.0,0.0
https://www.miaphotobooth.net/post/audio-guestbook-experience-miami,2026-01-13,0,8,0.0,6.25,0.0
https://www.miaphotobooth.net/post/audio-guestbook-experience-miami,2026-01-14,0,11,0.0,5.7272727272727275,0.0
https://www.miaphotobooth.net/post/audio-guestbook-experience-miami,2026-01-16,0,4,0.0,7.5,0.0
https://www.miaphotobooth.net/post/audio-guestbook-experience-miami,2026-01-17,0,1,0.0,10.0,0.0
https://www.miaphotobooth.net/post/audio-guestbook-experience-miami,2026-01-20,0,1,0.0,10.0,0.0
https://www.miaphotobooth.net/post/audio-guestbook-experience-miami,2026-01-22,0,7,0.0,4.857142857142858,0.0
https://www.miaphotobooth.net/post/audio-guestbook-experience-miami,2026-01-24,0,4,0.0,5.75,0.0
https://www.miaphotobooth.net/post/audio-guestbook-experience-miami,2026-01-25,0,2,0.0,7.0,0.0
https://www.miaphotobooth.net/post/audio-guestbook-experience-miami,2026-01-27,0,4,0.0,5.25,0.0
https://www.miaphotobooth.net/post/audio-guestbook-experience-miami,2026-01-28,0,2,0.0,8.0,0.0
https://www.miaphotobooth.net/post/audio-guestbook-experience-miami,2026-01-29,0,1,0.0,6.0,0.0
https://www.miaphotobooth.net/post/audio-guestbook-experience-miami,2026-01-30,0,6,0.0,21.0,0.0
https://www.miaphotobooth.net/post/audio-guestbook-experience-miami,2026-02-01,0,1,0.0,8.0,0.0
https://www.miaphotobooth.net/post/audio-guestbook-experience-miami,2026-02-03,0,2,0.0,5.0,0.0
https://www.miaphotobooth.net/post/audio-guestbook-experience-miami,2026-02-04,0,11,0.0,9.181818181818182,0.0
https://www.miaphotobooth.net/post/audio-guestbook-experience-miami,2026-02-06,0,3,0.0,6.333333333333333,0.0
https://www.miaphotobooth.net/post/audio-guestbook-experience-miami,2026-02-08,0,1,0.0,6.0,0.0
https://www.miaphotobooth.net/post/audio-guestbook-experience-miami,2026-02-09,0,3,0.0,37.0,0.0
https://www.miaphotobooth.net/post/audio-guestbook-experience-miami,2026-02-10,0,1,0.0,7.0,0.0
https://www.miaphotobooth.net/post/audio-guestbook-experience-miami,2026-02-11,0,1,0.0,7.0,0.0
https://www.miaphotobooth.net/post/audio-guestbook-experience-miami,2026-02-12,0,3,0.0,9.333333333333334,0.0
https://www.miaphotobooth.net/post/audio-guestbook-experience-miami,2026-02-13,0,6,0.0,7.666666666666667,0.0
https://www.miaphotobooth.net/post/audio-guestbook-experience-miami,2026-02-15,0,3,0.0,8.666666666666668,0.0
https://www.miaphotobooth.net/post/audio-guestbook-experience-miami,2026-02-16,0,18,0.0,57.55555555555556,0.0
https://www.miaphotobooth.net/post/audio-guestbook-experience-miami,2026-02-17,0,5,0.0,8.4,0.0
https://www.miaphotobooth.net/post/audio-guestbook-experience-miami,2026-02-18,0,4,0.0,27.75,0.0
https://www.miaphotobooth.net/post/audio-guestbook-experience-miami,2026-02-19,0,8,0.0,6.375,0.0
https://www.miaphotobooth.net/post/audio-guestbook-experience-miami,2026-02-20,0,6,0.0,8.833333333333332,0.0
https://www.miaphotobooth.net/post/audio-guestbook-experience-miami,2026-02-24,0,2,0.0,26.5,0.0
https://www.miaphotobooth.net/post/audio-guestbook-experience-miami,2026-02-25,0,3,0.0,5.333333333333333,0.0
https://www.miaphotobooth.net/post/audio-guestbook-experience-miami,2026-02-26,0,4,0.0,26.5,0.0
https://www.miaphotobooth.net/post/audio-guestbook-experience-miami,2026-02-27,0,7,0.0,18.857142857142858,0.0
https://www.miaphotobooth.net/post/audio-guestbook-experience-miami,2026-02-28,0,1,0.0,4.0,0.0
https://www.miaphotobooth.net/post/audio-guestbook-experience-miami,2026-03-01,0,2,0.0,37.0,0.0
https://www.miaphotobooth.net/post/audio-guestbook-experience-miami,2026-03-02,0,2,0.0,35.0,0.0
https://www.miaphotobooth.net/post/custom-instagram-photo-booth-frame,2025-12-05,0,3,0.0,6.0,0.0
https://www.miaphotobooth.net/post/custom-instagram-photo-booth-frame,2025-12-06,0,4,0.0,8.0,0.0
https://www.miaphotobooth.net/post/custom-instagram-photo-booth-frame,2025-12-08,0,16,0.0,12.0625,0.0
https://www.miaphotobooth.net/post/custom-instagram-photo-booth-frame,2025-12-09,0,7,0.0,17.0,0.0
https://www.miaphotobooth.net/post/custom-instagram-photo-booth-frame,2025-12-10,0,4,0.0,17.5,0.0
https://www.miaphotobooth.net/post/custom-instagram-photo-booth-frame,2025-12-11,0,3,0.0,40.666666666666664,0.0
https://www.miaphotobooth.net/post/custom-instagram-photo-booth-frame,2025-12-12,0,2,0.0,2.0,0.0
https://www.miaphotobooth.net/post/custom-instagram-photo-booth-frame,2025-12-14,0,2,0.0,47.5,0.0
https://www.miaphotobooth.net/post/custom-instagram-photo-booth-frame,2025-12-15,0,4,0.0,28.25,0.0
https://www.miaphotobooth.net/post/custom-instagram-photo-booth-frame,2025-12-16,0,2,0.0,38.0,0.0
https://www.miaphotobooth.net/post/custom-instagram-photo-booth-frame,2025-12-17,0,4,0.0,24.5,0.0
https://www.miaphotobooth.net/post/custom-instagram-photo-booth-frame,2025-12-19,0,1,0.0,8.0,0.0
https://www.miaphotobooth.net/post/custom-instagram-photo-booth-frame,2025-12-20,0,2,0.0,3.5,0.0
https://www.miaphotobooth.net/post/custom-instagram-photo-booth-frame,2025-12-27,0,1,0.0,2.0,0.0
https://www.miaphotobooth.net/post/custom-instagram-photo-booth-frame,2026-01-13,0,1,0.0,11.0,0.0
https://www.miaphotobooth.net/post/custom-instagram-photo-booth-frame,2026-01-26,0,1,0.0,4.0,0.0
https://www.miaphotobooth.net/post/custom-instagram-photo-booth-frame,2026-02-04,0,4,0.0,6.75,0.0
https://www.miaphotobooth.net/post/fun-kissing-booth-photo-prop,2025-12-05,0,3,0.0,3.6666666666666665,0.0
https://www.miaphotobooth.net/post/fun-kissing-booth-photo-prop,2025-12-06,0,4,0.0,2.75,0.0
https://www.miaphotobooth.net/post/fun-kissing-booth-photo-prop,2025-12-07,0,7,0.0,6.714285714285714,0.0
https://www.miaphotobooth.net/post/fun-kissing-booth-photo-prop,2025-12-08,0,10,0.0,4.0,0.0
https://www.miaphotobooth.net/post/fun-kissing-booth-photo-prop,2025-12-09,0,8,0.0,22.25,0.0
https://www.miaphotobooth.net/post/fun-kissing-booth-photo-prop,2025-12-10,0,12,0.0,10.166666666666666,0.0
https://www.miaphotobooth.net/post/fun-kissing-booth-photo-prop,2025-12-11,0,6,0.0,24.333333333333332,0.0
https://www.miaphotobooth.net/post/fun-kissing-booth-photo-prop,2025-12-12,0,3,0.0,10.0,0.0
https://www.miaphotobooth.net/post/fun-kissing-booth-photo-prop,2025-12-13,0,6,0.0,3.0,0.0
https://www.miaphotobooth.net/post/fun-kissing-booth-photo-prop,2025-12-14,0,2,0.0,4.0,0.0
https://www.miaphotobooth.net/post/fun-kissing-booth-photo-prop,2025-12-15,0,13,0.0,12.153846153846153,0.0
https://www.miaphotobooth.net/post/fun-kissing-booth-photo-prop,2025-12-16,0,8,0.0,7.875,0.0
https://www.miaphotobooth.net/post/fun-kissing-booth-photo-prop,2025-12-18,0,9,0.0,13.555555555555555,0.0
https://www.miaphotobooth.net/post/fun-kissing-booth-photo-prop,2025-12-19,0,8,0.0,6.125,0.0
https://www.miaphotobooth.net/post/fun-kissing-booth-photo-prop,2026-01-03,0,1,0.0,11.0,0.0
https://www.miaphotobooth.net/post/fun-kissing-booth-photo-prop,2026-01-07,0,3,0.0,7.0,0.0
https://www.miaphotobooth.net/post/fun-kissing-booth-photo-prop,2026-01-11,0,1,0.0,8.0,0.0
https://www.miaphotobooth.net/post/fun-kissing-booth-photo-prop,2026-01-15,0,1,0.0,10.0,0.0
https://www.miaphotobooth.net/post/fun-kissing-booth-photo-prop,2026-01-22,0,2,0.0,5.0,0.0
https://www.miaphotobooth.net/post/fun-kissing-booth-photo-prop,2026-01-26,0,2,0.0,6.5,0.0
https://www.miaphotobooth.net/post/fun-kissing-booth-photo-prop,2026-01-28,0,1,0.0,13.0,0.0
https://www.miaphotobooth.net/post/fun-kissing-booth-photo-prop,2026-01-29,0,1,0.0,9.0,0.0
https://www.miaphotobooth.net/post/fun-kissing-booth-photo-prop,2026-01-31,0,2,0.0,2.5,0.0
https://www.miaphotobooth.net/post/fun-kissing-booth-photo-prop,2026-02-03,0,1,0.0,7.0,0.0
https://www.miaphotobooth.net/post/fun-kissing-booth-photo-prop,2026-02-04,0,2,0.0,9.5,0.0
https://www.miaphotobooth.net/post/fun-kissing-booth-photo-prop,2026-02-05,0,1,0.0,1.0,0.0
https://www.miaphotobooth.net/post/fun-kissing-booth-photo-prop,2026-02-08,0,1,0.0,6.0,0.0
https://www.miaphotobooth.net/post/fun-kissing-booth-photo-prop,2026-02-12,0,1,0.0,1.0,0.0
https://www.miaphotobooth.net/post/fun-kissing-booth-photo-prop,2026-02-13,0,2,0.0,11.0,0.0
https://www.miaphotobooth.net/post/fun-kissing-booth-photo-prop,2026-02-28,0,1,0.0,6.0,0.0
https://www.miaphotobooth.net/post/how-can-i-create-a-polaroid-frame-for-my-photo-booth,2026-01-04,0,1,0.0,8.0,0.0
https://www.miaphotobooth.net/post/how-can-i-create-a-polaroid-frame-for-my-photo-booth,2026-01-05,0,21,0.0,17.238095238095237,0.0
https://www.miaphotobooth.net/post/how-can-i-create-a-polaroid-frame-for-my-photo-booth,2026-01-06,0,10,0.0,8.5,0.0
https://www.miaphotobooth.net/post/how-can-i-create-a-polaroid-frame-for-my-photo-booth,2026-01-07,0,9,0.0,18.22222222222222,0.0
https://www.miaphotobooth.net/post/how-can-i-create-a-polaroid-frame-for-my-photo-booth,2026-01-08,0,8,0.0,25.375,0.0
https://www.miaphotobooth.net/post/how-can-i-create-a-polaroid-frame-for-my-photo-booth,2026-01-09,0,10,0.0,4.3,0.0
https://www.miaphotobooth.net/post/how-can-i-create-a-polaroid-frame-for-my-photo-booth,2026-01-10,0,6,0.0,30.166666666666668,0.0
https://www.miaphotobooth.net/post/how-can-i-create-a-polaroid-frame-for-my-photo-booth,2026-01-12,0,15,0.0,8.466666666666667,0.0
https://www.miaphotobooth.net/post/how-can-i-create-a-polaroid-frame-for-my-photo-booth,2026-01-13,0,17,0.0,7.176470588235294,0.0
https://www.miaphotobooth.net/post/how-can-i-create-a-polaroid-frame-for-my-photo-booth,2026-01-14,0,6,0.0,11.833333333333334,0.0
https://www.miaphotobooth.net/post/how-can-i-create-a-polaroid-frame-for-my-photo-booth,2026-01-15,0,2,0.0,10.0,0.0
https://www.miaphotobooth.net/post/how-can-i-create-a-polaroid-frame-for-my-photo-booth,2026-01-17,0,1,0.0,8.0,0.0
https://www.miaphotobooth.net/post/how-can-i-create-a-polaroid-frame-for-my-photo-booth,2026-01-18,0,1,0.0,9.0,0.0
https://www.miaphotobooth.net/post/how-can-i-create-a-polaroid-frame-for-my-photo-booth,2026-01-21,0,1,0.0,11.0,0.0
https://www.miaphotobooth.net/post/how-can-i-create-a-polaroid-frame-for-my-photo-booth,2026-01-22,0,2,0.0,5.0,0.0
https://www.miaphotobooth.net/post/how-can-i-create-a-polaroid-frame-for-my-photo-booth,2026-01-23,0,1,0.0,4.0,0.0
https://www.miaphotobooth.net/post/how-can-i-create-a-polaroid-frame-for-my-photo-booth,2026-01-24,0,1,0.0,1.0,0.0
https://www.miaphotobooth.net/post/how-can-i-create-a-polaroid-frame-for-my-photo-booth,2026-02-02,0,1,0.0,9.0,0.0
https://www.miaphotobooth.net/post/how-can-i-create-a-polaroid-frame-for-my-photo-booth,2026-02-04,0,6,0.0,3.6666666666666665,0.0
https://www.miaphotobooth.net/post/how-can-i-create-a-polaroid-frame-for-my-photo-booth,2026-02-05,0,2,0.0,4.0,0.0
https://www.miaphotobooth.net/post/how-can-i-create-a-polaroid-frame-for-my-photo-booth,2026-02-07,0,1,0.0,9.0,0.0
https://www.miaphotobooth.net/post/how-can-i-create-a-polaroid-frame-for-my-photo-booth,2026-02-08,0,1,0.0,11.0,0.0
https://www.miaphotobooth.net/post/how-can-i-create-a-polaroid-frame-for-my-photo-booth,2026-02-10,0,1,0.0,5.0,0.0
https://www.miaphotobooth.net/post/how-can-i-create-a-polaroid-frame-for-my-photo-booth,2026-02-11,0,2,0.0,8.0,0.0
https://www.miaphotobooth.net/post/how-can-i-create-a-polaroid-frame-for-my-photo-booth,2026-02-14,0,1,0.0,2.0,0.0
https://www.miaphotobooth.net/post/how-can-i-create-a-polaroid-frame-for-my-photo-booth,2026-02-15,0,4,0.0,1.0,0.0
https://www.miaphotobooth.net/post/how-can-i-create-a-polaroid-frame-for-my-photo-booth,2026-02-16,0,2,0.0,3.0,0.0
https://www.miaphotobooth.net/post/how-do-you-make-a-photo-booth-for-a-wedding-a-complete-diy-guide,2026-01-16,0,1,0.0,1.0,0.0
https://www.miaphotobooth.net/post/how-do-you-make-a-photo-booth-for-a-wedding-a-complete-diy-guide,2026-01-18,0,5,0.0,48.4,0.0
https://www.miaphotobooth.net/post/how-do-you-make-a-photo-booth-for-a-wedding-a-complete-diy-guide,2026-01-19,0,2,0.0,69.0,0.0
https://www.miaphotobooth.net/post/how-do-you-make-a-photo-booth-for-a-wedding-a-complete-diy-guide,2026-01-20,0,8,0.0,45.0,0.0
https://www.miaphotobooth.net/post/how-do-you-make-a-photo-booth-for-a-wedding-a-complete-diy-guide,2026-01-21,0,7,0.0,59.57142857142857,0.0
https://www.miaphotobooth.net/post/how-do-you-make-a-photo-booth-for-a-wedding-a-complete-diy-guide,2026-01-22,0,2,0.0,63.0,0.0
https://www.miaphotobooth.net/post/how-do-you-make-a-photo-booth-for-a-wedding-a-complete-diy-guide,2026-01-23,0,4,0.0,1.25,0.0
https://www.miaphotobooth.net/post/how-do-you-make-a-photo-booth-for-a-wedding-a-complete-diy-guide,2026-01-24,0,3,0.0,9.0,0.0
https://www.miaphotobooth.net/post/how-do-you-make-a-photo-booth-for-a-wedding-a-complete-diy-guide,2026-01-25,0,11,0.0,36.27272727272727,0.0
https://www.miaphotobooth.net/post/how-do-you-make-a-photo-booth-for-a-wedding-a-complete-diy-guide,2026-01-26,0,7,0.0,38.57142857142857,0.0
https://www.miaphotobooth.net/post/how-do-you-make-a-photo-booth-for-a-wedding-a-complete-diy-guide,2026-01-27,0,8,0.0,40.875,0.0
https://www.miaphotobooth.net/post/how-do-you-make-a-photo-booth-for-a-wedding-a-complete-diy-guide,2026-01-28,0,5,0.0,34.0,0.0
https://www.miaphotobooth.net/post/how-do-you-make-a-photo-booth-for-a-wedding-a-complete-diy-guide,2026-01-29,0,12,0.0,46.166666666666664,0.0
https://www.miaphotobooth.net/post/how-do-you-make-a-photo-booth-for-a-wedding-a-complete-diy-guide,2026-01-30,0,6,0.0,21.666666666666668,0.0
https://www.miaphotobooth.net/post/how-do-you-make-a-photo-booth-for-a-wedding-a-complete-diy-guide,2026-01-31,0,5,0.0,41.0,0.0
https://www.miaphotobooth.net/post/how-do-you-make-a-photo-booth-for-a-wedding-a-complete-diy-guide,2026-02-01,0,4,0.0,18.25,0.0
https://www.miaphotobooth.net/post/how-do-you-make-a-photo-booth-for-a-wedding-a-complete-diy-guide,2026-02-02,0,4,0.0,45.25,0.0
https://www.miaphotobooth.net/post/how-do-you-make-a-photo-booth-for-a-wedding-a-complete-diy-guide,2026-02-03,0,7,0.0,24.0,0.0
https://www.miaphotobooth.net/post/how-do-you-make-a-photo-booth-for-a-wedding-a-complete-diy-guide,2026-02-04,0,12,0.0,16.833333333333336,0.0
https://www.miaphotobooth.net/post/how-do-you-make-a-photo-booth-for-a-wedding-a-complete-diy-guide,2026-02-05,0,9,0.0,31.333333333333332,0.0
https://www.miaphotobooth.net/post/how-do-you-make-a-photo-booth-for-a-wedding-a-complete-diy-guide,2026-02-06,0,3,0.0,34.0,0.0
https://www.miaphotobooth.net/post/how-do-you-make-a-photo-booth-for-a-wedding-a-complete-diy-guide,2026-02-08,0,1,0.0,12.0,0.0
https://www.miaphotobooth.net/post/how-do-you-make-a-photo-booth-for-a-wedding-a-complete-diy-guide,2026-02-13,0,1,0.0,16.0,0.0
https://www.miaphotobooth.net/post/how-do-you-make-a-photo-booth-for-a-wedding-a-complete-diy-guide,2026-02-22,0,1,0.0,24.0,0.0
https://www.miaphotobooth.net/post/how-do-you-make-a-photo-booth-for-a-wedding-a-complete-diy-guide,2026-03-03,0,1,0.0,12.0,0.0
https://www.miaphotobooth.net/post/how-do-you-make-a-photo-booth-frame-a-step-by-step-guide,2026-01-26,0,1,0.0,7.0,0.0
https://www.miaphotobooth.net/post/how-do-you-make-a-photo-booth-frame-a-step-by-step-guide,2026-01-27,0,2,0.0,5.0,0.0
https://www.miaphotobooth.net/post/how-do-you-make-a-photo-booth-frame-a-step-by-step-guide,2026-01-28,0,1,0.0,7.0,0.0
https://www.miaphotobooth.net/post/how-do-you-make-a-photo-booth-frame-a-step-by-step-guide,2026-02-02,0,2,0.0,5.5,0.0
https://www.miaphotobooth.net/post/how-do-you-make-a-photo-booth-frame-a-step-by-step-guide,2026-02-03,0,2,0.0,5.0,0.0
https://www.miaphotobooth.net/post/how-do-you-make-a-photo-booth-frame-a-step-by-step-guide,2026-02-04,0,6,0.0,7.5,0.0
https://www.miaphotobooth.net/post/how-do-you-make-a-photo-booth-frame-a-step-by-step-guide,2026-02-05,0,1,0.0,7.0,0.0
https://www.miaphotobooth.net/post/how-do-you-make-a-photo-booth-frame-a-step-by-step-guide,2026-02-07,0,1,0.0,10.0,0.0
https://www.miaphotobooth.net/post/how-do-you-make-a-photo-booth-frame-a-step-by-step-guide,2026-02-09,0,1,0.0,11.0,0.0
https://www.miaphotobooth.net/post/how-do-you-make-a-photo-booth-frame-a-step-by-step-guide,2026-02-11,0,1,0.0,10.0,0.0
https://www.miaphotobooth.net/post/how-do-you-make-a-photo-booth-frame-a-step-by-step-guide,2026-02-12,0,1,0.0,9.0,0.0
https://www.miaphotobooth.net/post/how-do-you-make-a-photo-booth-frame-a-step-by-step-guide,2026-02-13,0,1,0.0,6.0,0.0
https://www.miaphotobooth.net/post/how-do-you-make-a-photo-booth-frame-a-step-by-step-guide,2026-02-17,0,2,0.0,5.0,0.0
https://www.miaphotobooth.net/post/how-do-you-make-a-photo-booth-frame-a-step-by-step-guide,2026-02-18,0,1,0.0,1.0,0.0
https://www.miaphotobooth.net/post/how-do-you-make-a-photo-booth-frame-a-step-by-step-guide,2026-02-19,0,2,0.0,7.0,0.0
https://www.miaphotobooth.net/post/how-do-you-make-a-photo-booth-frame-a-step-by-step-guide,2026-02-20,0,5,0.0,4.8,0.0
https://www.miaphotobooth.net/post/how-do-you-make-a-photo-booth-frame-a-step-by-step-guide,2026-02-21,0,3,0.0,7.333333333333333,0.0
https://www.miaphotobooth.net/post/how-do-you-make-a-photo-booth-frame-a-step-by-step-guide,2026-02-23,0,1,0.0,5.0,0.0
https://www.miaphotobooth.net/post/how-do-you-make-a-photo-booth-frame-a-step-by-step-guide,2026-02-25,0,6,0.0,6.5,0.0
https://www.miaphotobooth.net/post/how-do-you-make-a-photo-booth-frame-a-step-by-step-guide,2026-02-26,0,5,0.0,5.8,0.0
https://www.miaphotobooth.net/post/how-do-you-make-a-photo-booth-frame-a-step-by-step-guide,2026-02-27,0,5,0.0,5.0,0.0
https://www.miaphotobooth.net/post/how-do-you-make-a-photo-booth-frame-a-step-by-step-guide,2026-03-01,0,4,0.0,2.5,0.0
https://www.miaphotobooth.net/post/how-do-you-make-a-photo-booth-frame-a-step-by-step-guide,2026-03-02,0,2,0.0,10.0,0.0
https://www.miaphotobooth.net/post/how-to-choose-the-best-photo-booth-for-your-event,2025-12-08,0,1,0.0,10.0,0.0
https://www.miaphotobooth.net/post/how-to-choose-the-best-photo-booth-for-your-event,2025-12-11,0,1,0.0,9.0,0.0
https://www.miaphotobooth.net/post/how-to-choose-the-best-photo-booth-for-your-event,2025-12-16,0,1,0.0,9.0,0.0
https://www.miaphotobooth.net/post/how-to-choose-the-best-photo-booth-for-your-event,2025-12-31,0,1,0.0,4.0,0.0
https://www.miaphotobooth.net/post/how-to-choose-the-best-photo-booth-for-your-event,2026-01-14,0,1,0.0,1.0,0.0
https://www.miaphotobooth.net/post/how-to-choose-the-best-photo-booth-for-your-event,2026-01-15,0,1,0.0,2.0,0.0
https://www.miaphotobooth.net/post/how-to-choose-the-best-photo-booth-for-your-event,2026-01-19,0,1,0.0,2.0,0.0
https://www.miaphotobooth.net/post/how-to-choose-the-best-photo-booth-for-your-event,2026-01-21,0,1,0.0,7.0,0.0
https://www.miaphotobooth.net/post/how-to-choose-the-best-photo-booth-for-your-event,2026-01-26,0,1,0.0,11.0,0.0
https://www.miaphotobooth.net/post/how-to-choose-the-best-photo-booth-for-your-event,2026-02-04,0,5,0.0,3.8,0.0
https://www.miaphotobooth.net/post/how-to-choose-the-best-photo-booth-for-your-event,2026-02-11,0,1,0.0,2.0,0.0
https://www.miaphotobooth.net/post/how-to-choose-the-best-photo-booth-for-your-event,2026-02-12,0,3,0.0,23.0,0.0
https://www.miaphotobooth.net/post/how-to-choose-the-best-photo-booth-for-your-event,2026-02-13,0,1,0.0,5.0,0.0
https://www.miaphotobooth.net/post/how-to-display-photo-booth-strips-tips-and-ideas,2025-12-04,0,13,0.0,6.076923076923077,0.0
https://www.miaphotobooth.net/post/how-to-display-photo-booth-strips-tips-and-ideas,2025-12-05,0,7,0.0,8.285714285714285,0.0
https://www.miaphotobooth.net/post/how-to-display-photo-booth-strips-tips-and-ideas,2025-12-06,0,9,0.0,2.5555555555555554,0.0
https://www.miaphotobooth.net/post/how-to-display-photo-booth-strips-tips-and-ideas,2025-12-08,0,23,0.0,5.217391304347826,0.0
https://www.miaphotobooth.net/post/how-to-display-photo-booth-strips-tips-and-ideas,2025-12-09,0,25,0.0,3.0,0.0
https://www.miaphotobooth.net/post/how-to-display-photo-booth-strips-tips-and-ideas,2025-12-10,0,24,0.0,7.25,0.0
https://www.miaphotobooth.net/post/how-to-display-photo-booth-strips-tips-and-ideas,2025-12-11,0,17,0.0,4.0,0.0
https://www.miaphotobooth.net/post/how-to-display-photo-booth-strips-tips-and-ideas,2025-12-12,0,21,0.0,5.476190476190476,0.0
https://www.miaphotobooth.net/post/how-to-display-photo-booth-strips-tips-and-ideas,2025-12-13,0,29,0.0,3.586206896551724,0.0
https://www.miaphotobooth.net/post/how-to-display-photo-booth-strips-tips-and-ideas,2025-12-14,0,27,0.0,5.2592592592592595,0.0
https://www.miaphotobooth.net/post/how-to-display-photo-booth-strips-tips-and-ideas,2025-12-15,0,24,0.0,4.875,0.0
https://www.miaphotobooth.net/post/how-to-display-photo-booth-strips-tips-and-ideas,2025-12-16,0,22,0.0,4.454545454545455,0.0
https://www.miaphotobooth.net/post/how-to-display-photo-booth-strips-tips-and-ideas,2025-12-17,0,22,0.0,2.909090909090909,0.0
https://www.miaphotobooth.net/post/how-to-display-photo-booth-strips-tips-and-ideas,2025-12-18,0,23,0.0,6.826086956521739,0.0
https://www.miaphotobooth.net/post/how-to-display-photo-booth-strips-tips-and-ideas,2025-12-19,0,20,0.0,3.8,0.0
https://www.miaphotobooth.net/post/how-to-display-photo-booth-strips-tips-and-ideas,2025-12-20,0,27,0.0,6.074074074074074,0.0
https://www.miaphotobooth.net/post/how-to-display-photo-booth-strips-tips-and-ideas,2025-12-21,0,30,0.0,7.033333333333333,0.0
https://www.miaphotobooth.net/post/how-to-display-photo-booth-strips-tips-and-ideas,2025-12-22,0,18,0.0,5.722222222222222,0.0
https://www.miaphotobooth.net/post/how-to-display-photo-booth-strips-tips-and-ideas,2025-12-23,0,23,0.0,4.608695652173913,0.0
https://www.miaphotobooth.net/post/how-to-display-photo-booth-strips-tips-and-ideas,2025-12-24,0,14,0.0,18.928571428571427,0.0
https://www.miaphotobooth.net/post/how-to-display-photo-booth-strips-tips-and-ideas,2025-12-25,0,16,0.0,5.625,0.0
https://www.miaphotobooth.net/post/how-to-display-photo-booth-strips-tips-and-ideas,2025-12-26,0,23,0.0,4.478260869565217,0.0
https://www.miaphotobooth.net/post/how-to-display-photo-booth-strips-tips-and-ideas,2025-12-27,0,12,0.0,5.75,0.0
https://www.miaphotobooth.net/post/how-to-display-photo-booth-strips-tips-and-ideas,2025-12-28,0,17,0.0,3.4705882352941178,0.0
https://www.miaphotobooth.net/post/how-to-display-photo-booth-strips-tips-and-ideas,2025-12-29,0,34,0.0,10.117647058823529,0.0
https://www.miaphotobooth.net/post/how-to-display-photo-booth-strips-tips-and-ideas,2025-12-30,0,21,0.0,3.5238095238095237,0.0
https://www.miaphotobooth.net/post/how-to-display-photo-booth-strips-tips-and-ideas,2025-12-31,0,13,0.0,4.076923076923077,0.0
https://www.miaphotobooth.net/post/how-to-display-photo-booth-strips-tips-and-ideas,2026-01-03,0,28,0.0,5.75,0.0
https://www.miaphotobooth.net/post/how-to-display-photo-booth-strips-tips-and-ideas,2026-01-04,0,35,0.0,6.085714285714285,0.0
https://www.miaphotobooth.net/post/how-to-display-photo-booth-strips-tips-and-ideas,2026-01-05,0,22,0.0,5.7272727272727275,0.0
https://www.miaphotobooth.net/post/how-to-display-photo-booth-strips-tips-and-ideas,2026-01-06,0,34,0.0,9.205882352941176,0.0
https://www.miaphotobooth.net/post/how-to-display-photo-booth-strips-tips-and-ideas,2026-01-07,0,32,0.0,6.3125,0.0
https://www.miaphotobooth.net/post/how-to-display-photo-booth-strips-tips-and-ideas,2026-01-08,0,17,0.0,5.823529411764706,0.0
https://www.miaphotobooth.net/post/how-to-display-photo-booth-strips-tips-and-ideas,2026-01-09,0,33,0.0,6.7272727272727275,0.0
https://www.miaphotobooth.net/post/how-to-display-photo-booth-strips-tips-and-ideas,2026-01-10,0,30,0.0,11.533333333333333,0.0
https://www.miaphotobooth.net/post/how-to-display-photo-booth-strips-tips-and-ideas,2026-01-11,0,25,0.0,3.88,0.0
https://www.miaphotobooth.net/post/how-to-display-photo-booth-strips-tips-and-ideas,2026-01-12,0,18,0.0,9.833333333333334,0.0
https://www.miaphotobooth.net/post/how-to-display-photo-booth-strips-tips-and-ideas,2026-01-13,0,21,0.0,7.476190476190476,0.0
https://www.miaphotobooth.net/post/how-to-display-photo-booth-strips-tips-and-ideas,2026-01-15,0,26,0.0,4.615384615384615,0.0
https://www.miaphotobooth.net/post/how-to-display-photo-booth-strips-tips-and-ideas,2026-01-16,0,24,0.0,6.791666666666667,0.0
https://www.miaphotobooth.net/post/how-to-display-photo-booth-strips-tips-and-ideas,2026-01-17,0,35,0.0,4.685714285714285,0.0
https://www.miaphotobooth.net/post/how-to-display-photo-booth-strips-tips-and-ideas,2026-01-18,0,36,0.0,5.944444444444445,0.0
https://www.miaphotobooth.net/post/how-to-display-photo-booth-strips-tips-and-ideas,2026-01-19,0,21,0.0,4.0476190476190474,0.0
https://www.miaphotobooth.net/post/how-to-display-photo-booth-strips-tips-and-ideas,2026-01-20,0,27,0.0,7.037037037037037,0.0
https://www.miaphotobooth.net/post/how-to-display-photo-booth-strips-tips-and-ideas,2026-01-22,0,29,0.0,5.862068965517241,0.0
https://www.miaphotobooth.net/post/how-to-display-photo-booth-strips-tips-and-ideas,2026-01-23,0,24,0.0,12.458333333333334,0.0
https://www.miaphotobooth.net/post/how-to-display-photo-booth-strips-tips-and-ideas,2026-01-24,0,36,0.0,4.916666666666666,0.0
https://www.miaphotobooth.net/post/how-to-display-photo-booth-strips-tips-and-ideas,2026-01-25,0,34,0.0,5.411764705882353,0.0
https://www.miaphotobooth.net/post/how-to-display-photo-booth-strips-tips-and-ideas,2026-01-26,0,49,0.0,5.8979591836734695,0.0
https://www.miaphotobooth.net/post/how-to-display-photo-booth-strips-tips-and-ideas,2026-01-28,0,35,0.0,5.771428571428571,0.0
https://www.miaphotobooth.net/post/how-to-display-photo-booth-strips-tips-and-ideas,2026-01-30,0,28,0.0,10.142857142857142,0.0
https://www.miaphotobooth.net/post/how-to-display-photo-booth-strips-tips-and-ideas,2026-01-31,0,62,0.0,4.209677419354838,0.0
https://www.miaphotobooth.net/post/how-to-display-photo-booth-strips-tips-and-ideas,2026-02-01,0,60,0.0,5.6,0.0
https://www.miaphotobooth.net/post/how-to-display-photo-booth-strips-tips-and-ideas,2026-02-02,0,46,0.0,4.304347826086957,0.0
https://www.miaphotobooth.net/post/how-to-display-photo-booth-strips-tips-and-ideas,2026-02-03,0,35,0.0,5.942857142857143,0.0
https://www.miaphotobooth.net/post/how-to-display-photo-booth-strips-tips-and-ideas,2026-02-05,0,51,0.0,9.411764705882353,0.0
https://www.miaphotobooth.net/post/how-to-display-photo-booth-strips-tips-and-ideas,2026-02-06,0,29,0.0,5.103448275862069,0.0
https://www.miaphotobooth.net/post/how-to-display-photo-booth-strips-tips-and-ideas,2026-02-07,0,43,0.0,9.116279069767442,0.0
https://www.miaphotobooth.net/post/how-to-display-photo-booth-strips-tips-and-ideas,2026-02-08,0,22,0.0,3.6363636363636362,0.0
https://www.miaphotobooth.net/post/how-to-display-photo-booth-strips-tips-and-ideas,2026-02-09,0,31,0.0,4.774193548387097,0.0
https://www.miaphotobooth.net/post/how-to-display-photo-booth-strips-tips-and-ideas,2026-02-10,0,20,0.0,3.4,0.0
https://www.miaphotobooth.net/post/how-to-display-photo-booth-strips-tips-and-ideas,2026-02-11,0,28,0.0,4.75,0.0
https://www.miaphotobooth.net/post/how-to-display-photo-booth-strips-tips-and-ideas,2026-02-12,0,20,0.0,4.95,0.0
https://www.miaphotobooth.net/post/how-to-display-photo-booth-strips-tips-and-ideas,2026-02-13,0,22,0.0,12.0,0.0
https://www.miaphotobooth.net/post/how-to-display-photo-booth-strips-tips-and-ideas,2026-02-14,0,39,0.0,4.384615384615385,0.0
https://www.miaphotobooth.net/post/how-to-display-photo-booth-strips-tips-and-ideas,2026-02-15,0,27,0.0,2.5185185185185186,0.0
https://www.miaphotobooth.net/post/how-to-display-photo-booth-strips-tips-and-ideas,2026-02-16,0,31,0.0,5.612903225806452,0.0
https://www.miaphotobooth.net/post/how-to-display-photo-booth-strips-tips-and-ideas,2026-02-17,0,33,0.0,2.9696969696969697,0.0
https://www.miaphotobooth.net/post/how-to-display-photo-booth-strips-tips-and-ideas,2026-02-18,0,41,0.0,5.2926829268292686,0.0
https://www.miaphotobooth.net/post/how-to-display-photo-booth-strips-tips-and-ideas,2026-02-20,0,20,0.0,13.85,0.0
https://www.miaphotobooth.net/post/how-to-display-photo-booth-strips-tips-and-ideas,2026-02-21,0,19,0.0,4.789473684210526,0.0
https://www.miaphotobooth.net/post/how-to-display-photo-booth-strips-tips-and-ideas,2026-02-22,0,26,0.0,14.384615384615385,0.0
https://www.miaphotobooth.net/post/how-to-display-photo-booth-strips-tips-and-ideas,2026-02-23,0,20,0.0,4.3,0.0
https://www.miaphotobooth.net/post/how-to-display-photo-booth-strips-tips-and-ideas,2026-02-24,0,21,0.0,3.3333333333333335,0.0
https://www.miaphotobooth.net/post/how-to-display-photo-booth-strips-tips-and-ideas,2026-02-25,0,10,0.0,7.6,0.0
https://www.miaphotobooth.net/post/how-to-display-photo-booth-strips-tips-and-ideas,2026-02-26,0,26,0.0,8.76923076923077,0.0
https://www.miaphotobooth.net/post/how-to-display-photo-booth-strips-tips-and-ideas,2026-02-27,0,22,0.0,3.8636363636363638,0.0
https://www.miaphotobooth.net/post/how-to-display-photo-booth-strips-tips-and-ideas,2026-02-28,0,34,0.0,4.5,0.0
https://www.miaphotobooth.net/post/how-to-display-photo-booth-strips-tips-and-ideas,2026-03-01,0,44,0.0,5.204545454545454,0.0
https://www.miaphotobooth.net/post/how-to-display-photo-booth-strips-tips-and-ideas,2026-03-02,0,23,0.0,3.5652173913043477,0.0
https://www.miaphotobooth.net/post/how-to-display-photo-booth-strips-tips-and-ideas,2026-03-03,0,11,0.0,3.0,0.0
https://www.miaphotobooth.net/post/how-to-effectively-display-photo-booth-props,2025-12-05,0,4,0.0,15.0,0.0
https://www.miaphotobooth.net/post/how-to-effectively-display-photo-booth-props,2025-12-06,0,5,0.0,1.8,0.0
https://www.miaphotobooth.net/post/how-to-effectively-display-photo-booth-props,2025-12-07,0,15,0.0,2.466666666666667,0.0
https://www.miaphotobooth.net/post/how-to-effectively-display-photo-booth-props,2025-12-09,0,17,0.0,2.6470588235294117,0.0
https://www.miaphotobooth.net/post/how-to-effectively-display-photo-booth-props,2025-12-10,0,17,0.0,2.8235294117647056,0.0
https://www.miaphotobooth.net/post/how-to-effectively-display-photo-booth-props,2025-12-11,0,21,0.0,4.761904761904762,0.0
https://www.miaphotobooth.net/post/how-to-effectively-display-photo-booth-props,2025-12-12,0,18,0.0,2.2777777777777777,0.0
https://www.miaphotobooth.net/post/how-to-effectively-display-photo-booth-props,2025-12-13,0,15,0.0,3.4,0.0
https://www.miaphotobooth.net/post/how-to-effectively-display-photo-booth-props,2025-12-14,0,12,0.0,1.3333333333333333,0.0
https://www.miaphotobooth.net/post/how-to-effectively-display-photo-booth-props,2025-12-16,0,18,0.0,3.5555555555555554,0.0
https://www.miaphotobooth.net/post/how-to-effectively-display-photo-booth-props,2025-12-17,0,18,0.0,2.9444444444444446,0.0
https://www.miaphotobooth.net/post/how-to-effectively-display-photo-booth-props,2025-12-18,0,18,0.0,2.2777777777777777,0.0
https://www.miaphotobooth.net/post/how-to-effectively-display-photo-booth-props,2025-12-20,0,7,0.0,3.0,0.0
https://www.miaphotobooth.net/post/how-to-effectively-display-photo-booth-props,2025-12-21,0,3,0.0,4.333333333333334,0.0
https://www.miaphotobooth.net/post/how-to-effectively-display-photo-booth-props,2025-12-22,0,3,0.0,1.6666666666666665,0.0
https://www.miaphotobooth.net/post/how-to-effectively-display-photo-booth-props,2025-12-23,0,2,0.0,2.0,0.0
https://www.miaphotobooth.net/post/how-to-effectively-display-photo-booth-props,2025-12-27,0,1,0.0,8.0,0.0
https://www.miaphotobooth.net/post/how-to-effectively-display-photo-booth-props,2025-12-28,0,2,0.0,8.5,0.0
https://www.miaphotobooth.net/post/how-to-effectively-display-photo-booth-props,2025-12-29,0,4,0.0,7.0,0.0
https://www.miaphotobooth.net/post/how-to-effectively-display-photo-booth-props,2025-12-30,0,3,0.0,7.0,0.0
https://www.miaphotobooth.net/post/how-to-effectively-display-photo-booth-props,2025-12-31,0,1,0.0,10.0,0.0
https://www.miaphotobooth.net/post/how-to-effectively-display-photo-booth-props,2026-01-02,0,4,0.0,5.25,0.0
https://www.miaphotobooth.net/post/how-to-effectively-display-photo-booth-props,2026-01-05,0,1,0.0,7.0,0.0
https://www.miaphotobooth.net/post/how-to-effectively-display-photo-booth-props,2026-01-07,0,1,0.0,10.0,0.0
https://www.miaphotobooth.net/post/how-to-effectively-display-photo-booth-props,2026-01-08,0,1,0.0,9.0,0.0
https://www.miaphotobooth.net/post/how-to-effectively-display-photo-booth-props,2026-01-09,0,1,0.0,1.0,0.0
https://www.miaphotobooth.net/post/how-to-effectively-display-photo-booth-props,2026-01-10,0,3,0.0,8.333333333333332,0.0
https://www.miaphotobooth.net/post/how-to-effectively-display-photo-booth-props,2026-01-11,0,3,0.0,3.6666666666666665,0.0
https://www.miaphotobooth.net/post/how-to-effectively-display-photo-booth-props,2026-01-12,0,1,0.0,1.0,0.0
https://www.miaphotobooth.net/post/how-to-effectively-display-photo-booth-props,2026-01-13,0,1,0.0,10.0,0.0
https://www.miaphotobooth.net/post/how-to-effectively-display-photo-booth-props,2026-01-15,0,2,0.0,3.5,0.0
https://www.miaphotobooth.net/post/how-to-effectively-display-photo-booth-props,2026-01-16,0,1,0.0,10.0,0.0
https://www.miaphotobooth.net/post/how-to-effectively-display-photo-booth-props,2026-01-17,0,3,0.0,3.3333333333333335,0.0
https://www.miaphotobooth.net/post/how-to-effectively-display-photo-booth-props,2026-01-18,0,2,0.0,4.0,0.0
https://www.miaphotobooth.net/post/how-to-effectively-display-photo-booth-props,2026-01-19,0,2,0.0,2.5,0.0
https://www.miaphotobooth.net/post/how-to-effectively-display-photo-booth-props,2026-01-20,0,3,0.0,2.666666666666667,0.0
https://www.miaphotobooth.net/post/how-to-effectively-display-photo-booth-props,2026-01-21,0,1,0.0,12.0,0.0
https://www.miaphotobooth.net/post/how-to-effectively-display-photo-booth-props,2026-01-23,0,1,0.0,2.0,0.0
https://www.miaphotobooth.net/post/how-to-effectively-display-photo-booth-props,2026-01-24,0,2,0.0,4.5,0.0
https://www.miaphotobooth.net/post/how-to-effectively-display-photo-booth-props,2026-01-25,0,1,0.0,6.0,0.0
https://www.miaphotobooth.net/post/how-to-effectively-display-photo-booth-props,2026-01-26,0,2,0.0,1.0,0.0
https://www.miaphotobooth.net/post/how-to-effectively-display-photo-booth-props,2026-01-27,0,3,0.0,5.0,0.0
https://www.miaphotobooth.net/post/how-to-effectively-display-photo-booth-props,2026-01-28,0,1,0.0,10.0,0.0
https://www.miaphotobooth.net/post/how-to-effectively-display-photo-booth-props,2026-01-30,0,2,0.0,5.5,0.0
https://www.miaphotobooth.net/post/how-to-effectively-display-photo-booth-props,2026-01-31,0,1,0.0,8.0,0.0
https://www.miaphotobooth.net/post/how-to-effectively-display-photo-booth-props,2026-02-01,0,3,0.0,2.666666666666667,0.0
https://www.miaphotobooth.net/post/how-to-effectively-display-photo-booth-props,2026-02-02,0,2,0.0,9.0,0.0
https://www.miaphotobooth.net/post/how-to-effectively-display-photo-booth-props,2026-02-03,0,2,0.0,7.5,0.0
https://www.miaphotobooth.net/post/how-to-effectively-display-photo-booth-props,2026-02-04,0,10,0.0,6.0,0.0
https://www.miaphotobooth.net/post/how-to-effectively-display-photo-booth-props,2026-02-05,0,1,0.0,10.0,0.0
https://www.miaphotobooth.net/post/how-to-effectively-display-photo-booth-props,2026-02-06,0,4,0.0,7.25,0.0
https://www.miaphotobooth.net/post/how-to-effectively-display-photo-booth-props,2026-02-07,0,2,0.0,1.0,0.0
https://www.miaphotobooth.net/post/how-to-effectively-display-photo-booth-props,2026-02-08,0,2,0.0,9.5,0.0
https://www.miaphotobooth.net/post/how-to-effectively-display-photo-booth-props,2026-02-09,0,1,0.0,5.0,0.0
https://www.miaphotobooth.net/post/how-to-effectively-display-photo-booth-props,2026-02-11,0,7,0.0,6.142857142857143,0.0
https://www.miaphotobooth.net/post/how-to-effectively-display-photo-booth-props,2026-02-12,0,2,0.0,1.0,0.0
https://www.miaphotobooth.net/post/how-to-effectively-display-photo-booth-props,2026-02-13,0,1,0.0,8.0,0.0
https://www.miaphotobooth.net/post/how-to-effectively-display-photo-booth-props,2026-02-14,0,1,0.0,1.0,0.0
https://www.miaphotobooth.net/post/how-to-effectively-display-photo-booth-props,2026-02-15,0,3,0.0,6.666666666666667,0.0
https://www.miaphotobooth.net/post/how-to-effectively-display-photo-booth-props,2026-02-16,0,3,0.0,8.666666666666668,0.0
https://www.miaphotobooth.net/post/how-to-effectively-display-photo-booth-props,2026-02-18,0,5,0.0,5.8,0.0
https://www.miaphotobooth.net/post/how-to-effectively-display-photo-booth-props,2026-02-19,0,2,0.0,1.5,0.0
https://www.miaphotobooth.net/post/how-to-effectively-display-photo-booth-props,2026-02-22,0,1,0.0,7.0,0.0
https://www.miaphotobooth.net/post/how-to-effectively-display-photo-booth-props,2026-02-23,0,1,0.0,1.0,0.0
https://www.miaphotobooth.net/post/how-to-effectively-display-photo-booth-props,2026-02-26,0,1,0.0,3.0,0.0
https://www.miaphotobooth.net/post/how-to-effectively-display-photo-booth-props,2026-03-03,0,1,0.0,4.0,0.0
https://www.miaphotobooth.net/post/how-to-make-a-photo-booth-for-a-party-easy-diy-setup,2026-01-11,0,1,0.0,45.0,0.0
https://www.miaphotobooth.net/post/how-to-make-photo-booth-props-fun-and-easy-diy-ideas,2025-12-04,0,14,0.0,12.071428571428571,0.0
https://www.miaphotobooth.net/post/how-to-make-photo-booth-props-fun-and-easy-diy-ideas,2025-12-05,0,9,0.0,20.77777777777778,0.0
https://www.miaphotobooth.net/post/how-to-make-photo-booth-props-fun-and-easy-diy-ideas,2025-12-06,0,13,0.0,10.615384615384615,0.0
https://www.miaphotobooth.net/post/how-to-make-photo-booth-props-fun-and-easy-diy-ideas,2025-12-07,0,18,0.0,19.22222222222222,0.0
https://www.miaphotobooth.net/post/how-to-make-photo-booth-props-fun-and-easy-diy-ideas,2025-12-08,0,23,0.0,21.782608695652176,0.0
https://www.miaphotobooth.net/post/how-to-make-photo-booth-props-fun-and-easy-diy-ideas,2025-12-09,0,24,0.0,19.125,0.0
https://www.miaphotobooth.net/post/how-to-make-photo-booth-props-fun-and-easy-diy-ideas,2025-12-11,0,11,0.0,17.636363636363637,0.0
https://www.miaphotobooth.net/post/how-to-make-photo-booth-props-fun-and-easy-diy-ideas,2025-12-12,0,16,0.0,10.3125,0.0
https://www.miaphotobooth.net/post/how-to-make-photo-booth-props-fun-and-easy-diy-ideas,2025-12-13,0,9,0.0,11.222222222222221,0.0
https://www.miaphotobooth.net/post/how-to-make-photo-booth-props-fun-and-easy-diy-ideas,2025-12-14,0,19,0.0,18.94736842105263,0.0
https://www.miaphotobooth.net/post/how-to-make-photo-booth-props-fun-and-easy-diy-ideas,2025-12-15,0,14,0.0,15.5,0.0
https://www.miaphotobooth.net/post/how-to-make-photo-booth-props-fun-and-easy-diy-ideas,2025-12-16,0,15,0.0,15.666666666666666,0.0
https://www.miaphotobooth.net/post/how-to-make-photo-booth-props-fun-and-easy-diy-ideas,2025-12-17,0,4,0.0,37.0,0.0
https://www.miaphotobooth.net/post/how-to-make-photo-booth-props-fun-and-easy-diy-ideas,2025-12-18,0,9,0.0,15.444444444444445,0.0
https://www.miaphotobooth.net/post/how-to-make-photo-booth-props-fun-and-easy-diy-ideas,2025-12-19,0,9,0.0,20.444444444444443,0.0
https://www.miaphotobooth.net/post/how-to-make-photo-booth-props-fun-and-easy-diy-ideas,2025-12-20,0,9,0.0,16.11111111111111,0.0
https://www.miaphotobooth.net/post/how-to-make-photo-booth-props-fun-and-easy-diy-ideas,2025-12-21,0,7,0.0,19.571428571428573,0.0
https://www.miaphotobooth.net/post/how-to-make-photo-booth-props-fun-and-easy-diy-ideas,2025-12-22,0,6,0.0,47.0,0.0
https://www.miaphotobooth.net/post/how-to-make-photo-booth-props-fun-and-easy-diy-ideas,2025-12-23,0,14,0.0,15.5,0.0
https://www.miaphotobooth.net/post/how-to-make-photo-booth-props-fun-and-easy-diy-ideas,2025-12-24,0,10,0.0,31.8,0.0
https://www.miaphotobooth.net/post/how-to-make-photo-booth-props-fun-and-easy-diy-ideas,2025-12-25,0,6,0.0,26.833333333333332,0.0
https://www.miaphotobooth.net/post/how-to-make-photo-booth-props-fun-and-easy-diy-ideas,2025-12-26,0,11,0.0,34.27272727272727,0.0
https://www.miaphotobooth.net/post/how-to-make-photo-booth-props-fun-and-easy-diy-ideas,2025-12-27,0,9,0.0,22.555555555555557,0.0
https://www.miaphotobooth.net/post/how-to-make-photo-booth-props-fun-and-easy-diy-ideas,2025-12-28,0,7,0.0,32.714285714285715,0.0
https://www.miaphotobooth.net/post/how-to-make-photo-booth-props-fun-and-easy-diy-ideas,2025-12-29,0,13,0.0,21.923076923076923,0.0
https://www.miaphotobooth.net/post/how-to-make-photo-booth-props-fun-and-easy-diy-ideas,2025-12-30,0,19,0.0,15.68421052631579,0.0
https://www.miaphotobooth.net/post/how-to-make-photo-booth-props-fun-and-easy-diy-ideas,2025-12-31,0,15,0.0,10.6,0.0
https://www.miaphotobooth.net/post/how-to-make-photo-booth-props-fun-and-easy-diy-ideas,2026-01-01,0,8,0.0,24.0,0.0
https://www.miaphotobooth.net/post/how-to-make-photo-booth-props-fun-and-easy-diy-ideas,2026-01-02,0,6,0.0,21.166666666666668,0.0
https://www.miaphotobooth.net/post/how-to-make-photo-booth-props-fun-and-easy-diy-ideas,2026-01-03,0,14,0.0,20.357142857142858,0.0
https://www.miaphotobooth.net/post/how-to-make-photo-booth-props-fun-and-easy-diy-ideas,2026-01-04,0,13,0.0,10.23076923076923,0.0
https://www.miaphotobooth.net/post/how-to-make-photo-booth-props-fun-and-easy-diy-ideas,2026-01-05,0,14,0.0,34.0,0.0
https://www.miaphotobooth.net/post/how-to-make-photo-booth-props-fun-and-easy-diy-ideas,2026-01-06,0,18,0.0,11.833333333333334,0.0
https://www.miaphotobooth.net/post/how-to-make-photo-booth-props-fun-and-easy-diy-ideas,2026-01-07,0,16,0.0,14.125,0.0
https://www.miaphotobooth.net/post/how-to-make-photo-booth-props-fun-and-easy-diy-ideas,2026-01-08,0,10,0.0,14.5,0.0
https://www.miaphotobooth.net/post/how-to-make-photo-booth-props-fun-and-easy-diy-ideas,2026-01-09,0,19,0.0,22.94736842105263,0.0
https://www.miaphotobooth.net/post/how-to-make-photo-booth-props-fun-and-easy-diy-ideas,2026-01-10,0,12,0.0,11.5,0.0
https://www.miaphotobooth.net/post/how-to-make-photo-booth-props-fun-and-easy-diy-ideas,2026-01-11,0,18,0.0,12.777777777777779,0.0
https://www.miaphotobooth.net/post/how-to-make-photo-booth-props-fun-and-easy-diy-ideas,2026-01-12,0,9,0.0,18.444444444444443,0.0
https://www.miaphotobooth.net/post/how-to-make-photo-booth-props-fun-and-easy-diy-ideas,2026-01-13,0,8,0.0,12.125,0.0
https://www.miaphotobooth.net/post/how-to-make-photo-booth-props-fun-and-easy-diy-ideas,2026-01-14,0,12,0.0,31.166666666666668,0.0
https://www.miaphotobooth.net/post/how-to-make-photo-booth-props-fun-and-easy-diy-ideas,2026-01-15,0,8,0.0,16.5,0.0
https://www.miaphotobooth.net/post/how-to-make-photo-booth-props-fun-and-easy-diy-ideas,2026-01-16,0,13,0.0,16.923076923076923,0.0
https://www.miaphotobooth.net/post/how-to-make-photo-booth-props-fun-and-easy-diy-ideas,2026-01-17,0,14,0.0,16.0,0.0
https://www.miaphotobooth.net/post/how-to-make-photo-booth-props-fun-and-easy-diy-ideas,2026-01-18,0,6,0.0,28.0,0.0
https://www.miaphotobooth.net/post/how-to-make-photo-booth-props-fun-and-easy-diy-ideas,2026-01-19,0,10,0.0,21.6,0.0
https://www.miaphotobooth.net/post/how-to-make-photo-booth-props-fun-and-easy-diy-ideas,2026-01-20,0,13,0.0,36.61538461538461,0.0
https://www.miaphotobooth.net/post/how-to-make-photo-booth-props-fun-and-easy-diy-ideas,2026-01-21,0,17,0.0,17.941176470588236,0.0
https://www.miaphotobooth.net/post/how-to-make-photo-booth-props-fun-and-easy-diy-ideas,2026-01-22,0,12,0.0,19.333333333333332,0.0
https://www.miaphotobooth.net/post/how-to-make-photo-booth-props-fun-and-easy-diy-ideas,2026-01-23,0,16,0.0,13.6875,0.0
https://www.miaphotobooth.net/post/how-to-make-photo-booth-props-fun-and-easy-diy-ideas,2026-01-24,0,11,0.0,27.09090909090909,0.0
https://www.miaphotobooth.net/post/how-to-make-photo-booth-props-fun-and-easy-diy-ideas,2026-01-25,0,18,0.0,22.166666666666668,0.0
https://www.miaphotobooth.net/post/how-to-make-photo-booth-props-fun-and-easy-diy-ideas,2026-01-26,0,13,0.0,29.0,0.0
https://www.miaphotobooth.net/post/how-to-make-photo-booth-props-fun-and-easy-diy-ideas,2026-01-27,0,18,0.0,33.44444444444444,0.0
https://www.miaphotobooth.net/post/how-to-make-photo-booth-props-fun-and-easy-diy-ideas,2026-01-28,0,12,0.0,14.5,0.0
https://www.miaphotobooth.net/post/how-to-make-photo-booth-props-fun-and-easy-diy-ideas,2026-01-29,0,22,0.0,16.863636363636363,0.0
https://www.miaphotobooth.net/post/how-to-make-photo-booth-props-fun-and-easy-diy-ideas,2026-01-30,0,10,0.0,29.3,0.0
https://www.miaphotobooth.net/post/how-to-make-photo-booth-props-fun-and-easy-diy-ideas,2026-01-31,0,18,0.0,22.444444444444443,0.0
https://www.miaphotobooth.net/post/how-to-make-photo-booth-props-fun-and-easy-diy-ideas,2026-02-01,0,15,0.0,24.733333333333334,0.0
https://www.miaphotobooth.net/post/how-to-make-photo-booth-props-fun-and-easy-diy-ideas,2026-02-02,0,22,0.0,14.818181818181818,0.0
https://www.miaphotobooth.net/post/how-to-make-photo-booth-props-fun-and-easy-diy-ideas,2026-02-03,0,8,0.0,16.375,0.0
https://www.miaphotobooth.net/post/how-to-make-photo-booth-props-fun-and-easy-diy-ideas,2026-02-04,0,22,0.0,15.818181818181818,0.0
https://www.miaphotobooth.net/post/how-to-make-photo-booth-props-fun-and-easy-diy-ideas,2026-02-05,0,17,0.0,21.941176470588236,0.0
https://www.miaphotobooth.net/post/how-to-make-photo-booth-props-fun-and-easy-diy-ideas,2026-02-06,0,22,0.0,14.318181818181818,0.0
https://www.miaphotobooth.net/post/how-to-make-photo-booth-props-fun-and-easy-diy-ideas,2026-02-07,0,22,0.0,10.909090909090908,0.0
https://www.miaphotobooth.net/post/how-to-make-photo-booth-props-fun-and-easy-diy-ideas,2026-02-08,0,13,0.0,8.538461538461538,0.0
https://www.miaphotobooth.net/post/how-to-make-photo-booth-props-fun-and-easy-diy-ideas,2026-02-09,0,24,0.0,9.666666666666666,0.0
https://www.miaphotobooth.net/post/how-to-make-photo-booth-props-fun-and-easy-diy-ideas,2026-02-10,0,10,0.0,6.3,0.0
https://www.miaphotobooth.net/post/how-to-make-photo-booth-props-fun-and-easy-diy-ideas,2026-02-11,0,20,0.0,8.15,0.0
https://www.miaphotobooth.net/post/how-to-make-photo-booth-props-fun-and-easy-diy-ideas,2026-02-12,0,25,0.0,15.0,0.0
https://www.miaphotobooth.net/post/how-to-make-photo-booth-props-fun-and-easy-diy-ideas,2026-02-13,0,18,0.0,5.555555555555555,0.0
https://www.miaphotobooth.net/post/how-to-make-photo-booth-props-fun-and-easy-diy-ideas,2026-02-14,0,11,0.0,11.727272727272727,0.0
https://www.miaphotobooth.net/post/how-to-make-photo-booth-props-fun-and-easy-diy-ideas,2026-02-15,0,11,0.0,7.636363636363637,0.0
https://www.miaphotobooth.net/post/how-to-make-photo-booth-props-fun-and-easy-diy-ideas,2026-02-17,0,18,0.0,14.166666666666666,0.0
https://www.miaphotobooth.net/post/how-to-make-photo-booth-props-fun-and-easy-diy-ideas,2026-02-18,0,14,0.0,15.857142857142858,0.0
https://www.miaphotobooth.net/post/how-to-make-photo-booth-props-fun-and-easy-diy-ideas,2026-02-19,0,14,0.0,9.571428571428571,0.0
https://www.miaphotobooth.net/post/how-to-make-photo-booth-props-fun-and-easy-diy-ideas,2026-02-20,0,21,0.0,17.047619047619047,0.0
https://www.miaphotobooth.net/post/how-to-make-photo-booth-props-fun-and-easy-diy-ideas,2026-02-21,0,18,0.0,9.166666666666666,0.0
https://www.miaphotobooth.net/post/how-to-make-photo-booth-props-fun-and-easy-diy-ideas,2026-02-23,0,27,0.0,10.666666666666666,0.0
https://www.miaphotobooth.net/post/how-to-make-photo-booth-props-fun-and-easy-diy-ideas,2026-02-24,0,33,0.0,8.93939393939394,0.0
https://www.miaphotobooth.net/post/how-to-make-photo-booth-props-fun-and-easy-diy-ideas,2026-02-25,0,32,0.0,15.09375,0.0
https://www.miaphotobooth.net/post/how-to-make-photo-booth-props-fun-and-easy-diy-ideas,2026-02-26,0,34,0.0,13.470588235294118,0.0
https://www.miaphotobooth.net/post/how-to-make-photo-booth-props-fun-and-easy-diy-ideas,2026-02-27,0,40,0.0,11.075,0.0
https://www.miaphotobooth.net/post/how-to-make-photo-booth-props-fun-and-easy-diy-ideas,2026-02-28,0,14,0.0,17.785714285714285,0.0
https://www.miaphotobooth.net/post/how-to-make-photo-booth-props-fun-and-easy-diy-ideas,2026-03-01,0,15,0.0,10.266666666666667,0.0
https://www.miaphotobooth.net/post/how-to-make-photo-booth-props-fun-and-easy-diy-ideas,2026-03-02,0,23,0.0,10.0,0.0
https://www.miaphotobooth.net/post/how-to-make-photo-booth-props-fun-and-easy-diy-ideas,2026-03-03,0,32,0.0,12.6875,0.0
https://www.miaphotobooth.net/post/how-to-set-up-a-360-photo-booth,2025-12-04,0,1,0.0,28.0,0.0
https://www.miaphotobooth.net/post/how-to-set-up-a-360-photo-booth,2025-12-05,0,2,0.0,13.5,0.0
https://www.miaphotobooth.net/post/how-to-set-up-a-360-photo-booth,2025-12-06,0,1,0.0,6.0,0.0
https://www.miaphotobooth.net/post/how-to-set-up-a-360-photo-booth,2025-12-07,0,4,0.0,28.25,0.0
https://www.miaphotobooth.net/post/how-to-set-up-a-360-photo-booth,2025-12-08,0,4,0.0,25.0,0.0
https://www.miaphotobooth.net/post/how-to-set-up-a-360-photo-booth,2025-12-09,0,1,0.0,6.0,0.0
https://www.miaphotobooth.net/post/how-to-set-up-a-360-photo-booth,2025-12-13,0,2,0.0,8.5,0.0
https://www.miaphotobooth.net/post/how-to-set-up-a-360-photo-booth,2025-12-14,0,5,0.0,8.0,0.0
https://www.miaphotobooth.net/post/how-to-set-up-a-360-photo-booth,2025-12-15,0,5,0.0,7.8,0.0
https://www.miaphotobooth.net/post/how-to-set-up-a-360-photo-booth,2025-12-16,0,3,0.0,7.333333333333333,0.0
https://www.miaphotobooth.net/post/how-to-set-up-a-360-photo-booth,2025-12-17,0,6,0.0,9.5,0.0
https://www.miaphotobooth.net/post/how-to-set-up-a-360-photo-booth,2025-12-18,0,6,0.0,9.666666666666666,0.0
https://www.miaphotobooth.net/post/how-to-set-up-a-360-photo-booth,2025-12-19,0,10,0.0,9.9,0.0
https://www.miaphotobooth.net/post/how-to-set-up-a-360-photo-booth,2025-12-20,0,6,0.0,9.166666666666666,0.0
https://www.miaphotobooth.net/post/how-to-set-up-a-360-photo-booth,2025-12-21,0,3,0.0,7.333333333333333,0.0
https://www.miaphotobooth.net/post/how-to-set-up-a-360-photo-booth,2025-12-22,0,4,0.0,9.75,0.0
https://www.miaphotobooth.net/post/how-to-set-up-a-360-photo-booth,2025-12-23,0,6,0.0,8.166666666666668,0.0
https://www.miaphotobooth.net/post/how-to-set-up-a-360-photo-booth,2025-12-24,0,6,0.0,10.5,0.0
https://www.miaphotobooth.net/post/how-to-set-up-a-360-photo-booth,2025-12-25,0,2,0.0,8.5,0.0
https://www.miaphotobooth.net/post/how-to-set-up-a-360-photo-booth,2025-12-26,0,6,0.0,12.666666666666666,0.0
https://www.miaphotobooth.net/post/how-to-set-up-a-360-photo-booth,2025-12-27,0,9,0.0,7.888888888888889,0.0
https://www.miaphotobooth.net/post/how-to-set-up-a-360-photo-booth,2025-12-28,0,4,0.0,10.5,0.0
https://www.miaphotobooth.net/post/how-to-set-up-a-360-photo-booth,2025-12-29,0,10,0.0,10.2,0.0
https://www.miaphotobooth.net/post/how-to-set-up-a-360-photo-booth,2025-12-30,0,5,0.0,6.4,0.0
https://www.miaphotobooth.net/post/how-to-set-up-a-360-photo-booth,2025-12-31,0,12,0.0,10.333333333333334,0.0
https://www.miaphotobooth.net/post/how-to-set-up-a-360-photo-booth,2026-01-01,0,6,0.0,11.333333333333334,0.0
https://www.miaphotobooth.net/post/how-to-set-up-a-360-photo-booth,2026-01-02,0,11,0.0,7.818181818181818,0.0
https://www.miaphotobooth.net/post/how-to-set-up-a-360-photo-booth,2026-01-03,0,8,0.0,9.25,0.0
https://www.miaphotobooth.net/post/how-to-set-up-a-360-photo-booth,2026-01-04,0,7,0.0,7.714285714285714,0.0
https://www.miaphotobooth.net/post/how-to-set-up-a-360-photo-booth,2026-01-05,0,5,0.0,19.6,0.0
https://www.miaphotobooth.net/post/how-to-set-up-a-360-photo-booth,2026-01-06,0,5,0.0,10.2,0.0
https://www.miaphotobooth.net/post/how-to-set-up-a-360-photo-booth,2026-01-07,0,6,0.0,9.0,0.0
https://www.miaphotobooth.net/post/how-to-set-up-a-360-photo-booth,2026-01-08,0,7,0.0,7.0,0.0
https://www.miaphotobooth.net/post/how-to-set-up-a-360-photo-booth,2026-01-09,0,9,0.0,10.11111111111111,0.0
https://www.miaphotobooth.net/post/how-to-set-up-a-360-photo-booth,2026-01-10,0,10,0.0,10.4,0.0
https://www.miaphotobooth.net/post/how-to-set-up-a-360-photo-booth,2026-01-11,0,13,0.0,9.153846153846153,0.0
https://www.miaphotobooth.net/post/how-to-set-up-a-360-photo-booth,2026-01-12,0,4,0.0,10.25,0.0
https://www.miaphotobooth.net/post/how-to-set-up-a-360-photo-booth,2026-01-13,0,12,0.0,9.666666666666666,0.0
https://www.miaphotobooth.net/post/how-to-set-up-a-360-photo-booth,2026-01-14,0,12,0.0,11.666666666666666,0.0
https://www.miaphotobooth.net/post/how-to-set-up-a-360-photo-booth,2026-01-15,0,7,0.0,11.857142857142858,0.0
https://www.miaphotobooth.net/post/how-to-set-up-a-360-photo-booth,2026-01-16,0,6,0.0,10.833333333333334,0.0
https://www.miaphotobooth.net/post/how-to-set-up-a-360-photo-booth,2026-01-17,0,8,0.0,12.375,0.0
https://www.miaphotobooth.net/post/how-to-set-up-a-360-photo-booth,2026-01-18,0,4,0.0,12.25,0.0
https://www.miaphotobooth.net/post/how-to-set-up-a-360-photo-booth,2026-01-19,0,7,0.0,9.142857142857142,0.0
https://www.miaphotobooth.net/post/how-to-set-up-a-360-photo-booth,2026-01-20,0,7,0.0,13.714285714285714,0.0
https://www.miaphotobooth.net/post/how-to-set-up-a-360-photo-booth,2026-01-21,0,9,0.0,15.555555555555555,0.0
https://www.miaphotobooth.net/post/how-to-set-up-a-360-photo-booth,2026-01-22,0,10,0.0,11.6,0.0
https://www.miaphotobooth.net/post/how-to-set-up-a-360-photo-booth,2026-01-23,0,10,0.0,11.1,0.0
https://www.miaphotobooth.net/post/how-to-set-up-a-360-photo-booth,2026-01-24,0,7,0.0,15.0,0.0
https://www.miaphotobooth.net/post/how-to-set-up-a-360-photo-booth,2026-01-25,0,3,0.0,15.0,0.0
https://www.miaphotobooth.net/post/how-to-set-up-a-360-photo-booth,2026-01-26,0,5,0.0,12.8,0.0
https://www.miaphotobooth.net/post/how-to-set-up-a-360-photo-booth,2026-01-27,0,6,0.0,10.166666666666666,0.0
https://www.miaphotobooth.net/post/how-to-set-up-a-360-photo-booth,2026-01-28,0,5,0.0,12.2,0.0
https://www.miaphotobooth.net/post/how-to-set-up-a-360-photo-booth,2026-01-29,0,6,0.0,15.833333333333334,0.0
https://www.miaphotobooth.net/post/how-to-set-up-a-360-photo-booth,2026-01-30,0,3,0.0,14.333333333333334,0.0
https://www.miaphotobooth.net/post/how-to-set-up-a-360-photo-booth,2026-01-31,0,3,0.0,8.333333333333332,0.0
https://www.miaphotobooth.net/post/how-to-set-up-a-360-photo-booth,2026-02-01,0,10,0.0,8.7,0.0
https://www.miaphotobooth.net/post/how-to-set-up-a-360-photo-booth,2026-02-02,0,2,0.0,13.5,0.0
https://www.miaphotobooth.net/post/how-to-set-up-a-360-photo-booth,2026-02-03,0,4,0.0,11.0,0.0
https://www.miaphotobooth.net/post/how-to-set-up-a-360-photo-booth,2026-02-04,0,4,0.0,8.25,0.0
https://www.miaphotobooth.net/post/how-to-set-up-a-360-photo-booth,2026-02-05,0,10,0.0,9.0,0.0
https://www.miaphotobooth.net/post/how-to-set-up-a-360-photo-booth,2026-02-06,0,2,0.0,13.5,0.0
https://www.miaphotobooth.net/post/how-to-set-up-a-360-photo-booth,2026-02-07,0,4,0.0,7.25,0.0
https://www.miaphotobooth.net/post/how-to-set-up-a-360-photo-booth,2026-02-08,0,5,0.0,12.6,0.0
https://www.miaphotobooth.net/post/how-to-set-up-a-360-photo-booth,2026-02-09,0,5,0.0,8.6,0.0
https://www.miaphotobooth.net/post/how-to-set-up-a-360-photo-booth,2026-02-10,0,7,0.0,9.142857142857142,0.0
https://www.miaphotobooth.net/post/how-to-set-up-a-360-photo-booth,2026-02-11,0,6,0.0,10.666666666666666,0.0
https://www.miaphotobooth.net/post/how-to-set-up-a-360-photo-booth,2026-02-12,0,9,0.0,9.333333333333334,0.0
https://www.miaphotobooth.net/post/how-to-set-up-a-360-photo-booth,2026-02-13,0,2,0.0,10.5,0.0
https://www.miaphotobooth.net/post/how-to-set-up-a-360-photo-booth,2026-02-14,0,3,0.0,13.666666666666666,0.0
https://www.miaphotobooth.net/post/how-to-set-up-a-360-photo-booth,2026-02-17,0,2,0.0,12.0,0.0
https://www.miaphotobooth.net/post/how-to-set-up-a-photo-booth-perfect-for-your-event-or-celebration,2025-12-08,0,2,0.0,7.0,0.0
https://www.miaphotobooth.net/post/how-to-set-up-a-photo-booth-perfect-for-your-event-or-celebration,2025-12-11,0,2,0.0,11.5,0.0
https://www.miaphotobooth.net/post/how-to-set-up-a-photo-booth-perfect-for-your-event-or-celebration,2026-01-01,0,1,0.0,22.0,0.0
https://www.miaphotobooth.net/post/how-to-set-up-a-photo-booth-perfect-for-your-event-or-celebration,2026-01-06,0,3,0.0,41.333333333333336,0.0
https://www.miaphotobooth.net/post/how-to-set-up-a-photo-booth-perfect-for-your-event-or-celebration,2026-01-13,0,1,0.0,10.0,0.0
https://www.miaphotobooth.net/post/how-to-set-up-a-photo-booth-perfect-for-your-event-or-celebration,2026-01-19,0,1,0.0,3.0,0.0
https://www.miaphotobooth.net/post/how-to-set-up-a-photo-booth-perfect-for-your-event-or-celebration,2026-01-20,0,1,0.0,42.0,0.0
https://www.miaphotobooth.net/post/how-to-set-up-a-photo-booth-perfect-for-your-event-or-celebration,2026-01-22,0,1,0.0,10.0,0.0
https://www.miaphotobooth.net/post/how-to-set-up-proper-lighting,2025-12-05,0,8,0.0,15.875,0.0
https://www.miaphotobooth.net/post/how-to-set-up-proper-lighting,2025-12-06,0,4,0.0,14.25,0.0
https://www.miaphotobooth.net/post/how-to-set-up-proper-lighting,2025-12-07,0,9,0.0,6.666666666666667,0.0
https://www.miaphotobooth.net/post/how-to-set-up-proper-lighting,2025-12-08,0,15,0.0,12.6,0.0
https://www.miaphotobooth.net/post/how-to-set-up-proper-lighting,2025-12-09,0,13,0.0,30.23076923076923,0.0
https://www.miaphotobooth.net/post/how-to-set-up-proper-lighting,2025-12-10,0,10,0.0,21.9,0.0
https://www.miaphotobooth.net/post/how-to-set-up-proper-lighting,2025-12-11,0,8,0.0,4.625,0.0
https://www.miaphotobooth.net/post/how-to-set-up-proper-lighting,2025-12-12,0,8,0.0,8.25,0.0
https://www.miaphotobooth.net/post/how-to-set-up-proper-lighting,2025-12-13,0,17,0.0,11.0,0.0
https://www.miaphotobooth.net/post/how-to-set-up-proper-lighting,2025-12-14,0,9,0.0,20.11111111111111,0.0
https://www.miaphotobooth.net/post/how-to-set-up-proper-lighting,2025-12-15,0,6,0.0,11.833333333333334,0.0
https://www.miaphotobooth.net/post/how-to-set-up-proper-lighting,2025-12-16,0,10,0.0,17.5,0.0
https://www.miaphotobooth.net/post/how-to-set-up-proper-lighting,2025-12-17,0,13,0.0,6.0,0.0
https://www.miaphotobooth.net/post/how-to-set-up-proper-lighting,2025-12-18,0,9,0.0,15.555555555555555,0.0
https://www.miaphotobooth.net/post/how-to-set-up-proper-lighting,2025-12-20,0,5,0.0,19.8,0.0
https://www.miaphotobooth.net/post/how-to-set-up-proper-lighting,2025-12-23,0,4,0.0,9.0,0.0
https://www.miaphotobooth.net/post/how-to-set-up-proper-lighting,2025-12-24,0,2,0.0,7.5,0.0
https://www.miaphotobooth.net/post/how-to-set-up-proper-lighting,2025-12-28,0,1,0.0,7.0,0.0
https://www.miaphotobooth.net/post/how-to-set-up-proper-lighting,2025-12-29,0,7,0.0,7.571428571428571,0.0
https://www.miaphotobooth.net/post/how-to-set-up-proper-lighting,2025-12-31,0,1,0.0,9.0,0.0
https://www.miaphotobooth.net/post/how-to-set-up-proper-lighting,2026-01-01,0,2,0.0,8.0,0.0
https://www.miaphotobooth.net/post/how-to-set-up-proper-lighting,2026-01-02,0,1,0.0,7.0,0.0
https://www.miaphotobooth.net/post/how-to-set-up-proper-lighting,2026-01-03,0,1,0.0,8.0,0.0
https://www.miaphotobooth.net/post/how-to-set-up-proper-lighting,2026-01-04,0,2,0.0,7.5,0.0
https://www.miaphotobooth.net/post/how-to-set-up-proper-lighting,2026-01-05,0,5,0.0,5.6,0.0
https://www.miaphotobooth.net/post/how-to-set-up-proper-lighting,2026-01-06,0,1,0.0,12.0,0.0
https://www.miaphotobooth.net/post/how-to-set-up-proper-lighting,2026-01-07,0,1,0.0,11.0,0.0
https://www.miaphotobooth.net/post/how-to-set-up-proper-lighting,2026-01-08,0,1,0.0,10.0,0.0
https://www.miaphotobooth.net/post/how-to-set-up-proper-lighting,2026-01-09,0,1,0.0,43.0,0.0
https://www.miaphotobooth.net/post/how-to-set-up-proper-lighting,2026-01-10,0,1,0.0,11.0,0.0
https://www.miaphotobooth.net/post/how-to-set-up-proper-lighting,2026-01-12,0,1,0.0,2.0,0.0
https://www.miaphotobooth.net/post/how-to-set-up-proper-lighting,2026-01-14,0,3,0.0,8.666666666666668,0.0
https://www.miaphotobooth.net/post/how-to-set-up-proper-lighting,2026-01-15,0,1,0.0,7.0,0.0
https://www.miaphotobooth.net/post/how-to-set-up-proper-lighting,2026-01-16,0,2,0.0,7.5,0.0
https://www.miaphotobooth.net/post/how-to-set-up-proper-lighting,2026-01-17,0,3,0.0,9.0,0.0
https://www.miaphotobooth.net/post/how-to-set-up-proper-lighting,2026-01-18,0,3,0.0,10.333333333333334,0.0
https://www.miaphotobooth.net/post/how-to-set-up-proper-lighting,2026-01-22,0,1,0.0,10.0,0.0
https://www.miaphotobooth.net/post/how-to-set-up-proper-lighting,2026-01-23,0,1,0.0,11.0,0.0
https://www.miaphotobooth.net/post/how-to-set-up-proper-lighting,2026-01-25,0,3,0.0,9.0,0.0
https://www.miaphotobooth.net/post/how-to-set-up-proper-lighting,2026-01-26,0,1,0.0,8.0,0.0
https://www.miaphotobooth.net/post/how-to-set-up-proper-lighting,2026-01-28,0,3,0.0,4.666666666666666,0.0
https://www.miaphotobooth.net/post/how-to-set-up-proper-lighting,2026-01-29,0,2,0.0,11.0,0.0
https://www.miaphotobooth.net/post/how-to-set-up-proper-lighting,2026-01-30,0,6,0.0,7.5,0.0
https://www.miaphotobooth.net/post/how-to-set-up-proper-lighting,2026-01-31,0,2,0.0,9.0,0.0
https://www.miaphotobooth.net/post/how-to-set-up-proper-lighting,2026-02-01,0,1,0.0,7.0,0.0
https://www.miaphotobooth.net/post/how-to-set-up-proper-lighting,2026-02-03,0,3,0.0,7.666666666666667,0.0
https://www.miaphotobooth.net/post/how-to-set-up-proper-lighting,2026-02-04,0,3,0.0,9.333333333333334,0.0
https://www.miaphotobooth.net/post/how-to-set-up-proper-lighting,2026-02-06,0,3,0.0,8.333333333333332,0.0
https://www.miaphotobooth.net/post/how-to-set-up-proper-lighting,2026-02-07,0,2,0.0,9.5,0.0
https://www.miaphotobooth.net/post/how-to-set-up-proper-lighting,2026-02-08,0,2,0.0,9.0,0.0
https://www.miaphotobooth.net/post/how-to-set-up-proper-lighting,2026-02-09,0,4,0.0,9.0,0.0
https://www.miaphotobooth.net/post/how-to-set-up-proper-lighting,2026-02-11,0,1,0.0,7.0,0.0
https://www.miaphotobooth.net/post/how-to-set-up-proper-lighting,2026-02-12,0,2,0.0,12.5,0.0
https://www.miaphotobooth.net/post/how-to-set-up-proper-lighting,2026-02-13,0,1,0.0,7.0,0.0
https://www.miaphotobooth.net/post/how-to-set-up-proper-lighting,2026-02-14,0,2,0.0,8.5,0.0
https://www.miaphotobooth.net/post/how-to-set-up-proper-lighting,2026-02-15,0,4,0.0,8.0,0.0
https://www.miaphotobooth.net/post/how-to-set-up-proper-lighting,2026-02-16,0,1,0.0,12.0,0.0
https://www.miaphotobooth.net/post/how-to-set-up-proper-lighting,2026-02-17,0,2,0.0,8.5,0.0
https://www.miaphotobooth.net/post/how-to-set-up-proper-lighting,2026-02-18,0,2,0.0,5.5,0.0
https://www.miaphotobooth.net/post/how-to-set-up-proper-lighting,2026-02-19,0,3,0.0,8.666666666666668,0.0
https://www.miaphotobooth.net/post/how-to-set-up-proper-lighting,2026-02-20,0,11,0.0,8.727272727272727,0.0
https://www.miaphotobooth.net/post/how-to-set-up-proper-lighting,2026-02-21,0,9,0.0,9.555555555555555,0.0
https://www.miaphotobooth.net/post/how-to-set-up-proper-lighting,2026-02-22,0,1,0.0,10.0,0.0
https://www.miaphotobooth.net/post/how-to-set-up-proper-lighting,2026-02-23,0,6,0.0,9.833333333333334,0.0
https://www.miaphotobooth.net/post/how-to-set-up-proper-lighting,2026-02-24,0,7,0.0,6.571428571428571,0.0
https://www.miaphotobooth.net/post/how-to-set-up-proper-lighting,2026-02-25,0,4,0.0,7.5,0.0
https://www.miaphotobooth.net/post/how-to-set-up-proper-lighting,2026-02-26,0,5,0.0,10.6,0.0
https://www.miaphotobooth.net/post/how-to-set-up-proper-lighting,2026-02-28,0,1,0.0,11.0,0.0
https://www.miaphotobooth.net/post/how-to-set-up-proper-lighting,2026-03-01,0,2,0.0,9.5,0.0
https://www.miaphotobooth.net/post/how-to-set-up-proper-lighting,2026-03-02,0,2,0.0,10.0,0.0
https://www.miaphotobooth.net/post/how-to-set-up-proper-lighting,2026-03-03,0,2,0.0,9.0,0.0
https://www.miaphotobooth.net/post/how-to-take-a-boomerang-photo,2025-12-08,0,1,0.0,16.0,0.0
https://www.miaphotobooth.net/post/how-to-take-a-boomerang-photo,2025-12-11,0,1,0.0,15.0,0.0
https://www.miaphotobooth.net/post/how-to-take-a-boomerang-photo,2025-12-13,0,1,0.0,1.0,0.0
https://www.miaphotobooth.net/post/how-to-take-a-boomerang-photo,2025-12-15,0,2,0.0,5.0,0.0
https://www.miaphotobooth.net/post/how-to-take-a-boomerang-photo,2025-12-17,0,1,0.0,13.0,0.0
https://www.miaphotobooth.net/post/how-to-take-a-boomerang-photo,2025-12-22,0,1,0.0,5.0,0.0
https://www.miaphotobooth.net/post/how-to-take-a-boomerang-photo,2025-12-29,0,1,0.0,8.0,0.0
https://www.miaphotobooth.net/post/how-to-take-a-boomerang-photo,2026-01-12,0,1,0.0,9.0,0.0
https://www.miaphotobooth.net/post/how-to-take-a-boomerang-photo,2026-01-14,0,1,0.0,1.0,0.0
https://www.miaphotobooth.net/post/how-to-take-a-boomerang-photo,2026-01-19,0,1,0.0,7.0,0.0
https://www.miaphotobooth.net/post/how-to-take-a-boomerang-photo,2026-01-21,0,1,0.0,1.0,0.0
https://www.miaphotobooth.net/post/how-to-take-a-boomerang-photo,2026-01-25,0,1,0.0,1.0,0.0
https://www.miaphotobooth.net/post/how-to-take-a-boomerang-photo,2026-01-26,0,1,0.0,9.0,0.0
https://www.miaphotobooth.net/post/how-to-take-a-boomerang-photo,2026-01-29,0,2,0.0,10.5,0.0
https://www.miaphotobooth.net/post/how-to-take-a-boomerang-photo,2026-02-14,0,1,0.0,5.0,0.0
https://www.miaphotobooth.net/post/make-a-social-media-frame-for-photo-booth,2026-02-03,0,1,0.0,9.0,0.0
https://www.miaphotobooth.net/post/make-a-social-media-frame-for-photo-booth,2026-02-04,0,5,0.0,5.8,0.0
https://www.miaphotobooth.net/post/make-a-social-media-frame-for-photo-booth,2026-02-05,0,10,0.0,9.4,0.0
https://www.miaphotobooth.net/post/make-a-social-media-frame-for-photo-booth,2026-02-20,0,1,0.0,2.0,0.0
https://www.miaphotobooth.net/post/make-a-social-media-frame-for-photo-booth,2026-02-27,0,1,0.0,4.0,0.0
https://www.miaphotobooth.net/post/make-a-social-media-frame-for-photo-booth,2026-02-28,0,1,0.0,9.0,0.0
https://www.miaphotobooth.net/post/make-a-social-media-frame-for-photo-booth,2026-03-03,0,1,0.0,6.0,0.0
https://www.miaphotobooth.net/post/master-the-art-of-how-to-pose-for-360-photo-booth-photos,2025-12-04,0,1,0.0,54.0,0.0
https://www.miaphotobooth.net/post/master-the-art-of-how-to-pose-for-360-photo-booth-photos,2025-12-05,0,5,0.0,9.8,0.0
https://www.miaphotobooth.net/post/master-the-art-of-how-to-pose-for-360-photo-booth-photos,2025-12-06,0,6,0.0,9.666666666666666,0.0
https://www.miaphotobooth.net/post/master-the-art-of-how-to-pose-for-360-photo-booth-photos,2025-12-07,0,1,0.0,11.0,0.0
https://www.miaphotobooth.net/post/master-the-art-of-how-to-pose-for-360-photo-booth-photos,2025-12-08,0,1,0.0,7.0,0.0
https://www.miaphotobooth.net/post/master-the-art-of-how-to-pose-for-360-photo-booth-photos,2025-12-09,0,3,0.0,10.0,0.0
https://www.miaphotobooth.net/post/master-the-art-of-how-to-pose-for-360-photo-booth-photos,2025-12-10,0,1,0.0,12.0,0.0
https://www.miaphotobooth.net/post/master-the-art-of-how-to-pose-for-360-photo-booth-photos,2025-12-11,0,2,0.0,29.0,0.0
https://www.miaphotobooth.net/post/master-the-art-of-how-to-pose-for-360-photo-booth-photos,2025-12-12,0,4,0.0,10.75,0.0
https://www.miaphotobooth.net/post/master-the-art-of-how-to-pose-for-360-photo-booth-photos,2025-12-16,0,2,0.0,32.0,0.0
https://www.miaphotobooth.net/post/master-the-art-of-how-to-pose-for-360-photo-booth-photos,2025-12-17,0,3,0.0,10.0,0.0
https://www.miaphotobooth.net/post/master-the-art-of-how-to-pose-for-360-photo-booth-photos,2025-12-18,0,1,0.0,53.0,0.0
https://www.miaphotobooth.net/post/master-the-art-of-how-to-pose-for-360-photo-booth-photos,2025-12-19,0,5,0.0,19.6,0.0
https://www.miaphotobooth.net/post/master-the-art-of-how-to-pose-for-360-photo-booth-photos,2025-12-20,0,3,0.0,28.666666666666668,0.0
https://www.miaphotobooth.net/post/master-the-art-of-how-to-pose-for-360-photo-booth-photos,2025-12-21,0,2,0.0,12.5,0.0
https://www.miaphotobooth.net/post/master-the-art-of-how-to-pose-for-360-photo-booth-photos,2025-12-25,0,1,0.0,58.0,0.0
https://www.miaphotobooth.net/post/master-the-art-of-how-to-pose-for-360-photo-booth-photos,2025-12-26,0,3,0.0,11.333333333333334,0.0
https://www.miaphotobooth.net/post/master-the-art-of-how-to-pose-for-360-photo-booth-photos,2025-12-28,0,3,0.0,12.666666666666666,0.0
https://www.miaphotobooth.net/post/master-the-art-of-how-to-pose-for-360-photo-booth-photos,2025-12-29,0,1,0.0,10.0,0.0
https://www.miaphotobooth.net/post/master-the-art-of-how-to-pose-for-360-photo-booth-photos,2025-12-30,0,1,0.0,11.0,0.0
https://www.miaphotobooth.net/post/master-the-art-of-how-to-pose-for-360-photo-booth-photos,2026-01-06,0,2,0.0,8.5,0.0
https://www.miaphotobooth.net/post/master-the-art-of-how-to-pose-for-360-photo-booth-photos,2026-01-15,0,1,0.0,10.0,0.0
https://www.miaphotobooth.net/post/master-the-art-of-how-to-pose-for-360-photo-booth-photos,2026-01-17,0,1,0.0,2.0,0.0
https://www.miaphotobooth.net/post/master-the-art-of-how-to-pose-for-360-photo-booth-photos,2026-01-19,0,1,0.0,1.0,0.0
https://www.miaphotobooth.net/post/master-the-art-of-how-to-pose-for-360-photo-booth-photos,2026-01-20,0,1,0.0,10.0,0.0
https://www.miaphotobooth.net/post/master-the-art-of-how-to-pose-for-360-photo-booth-photos,2026-01-21,0,2,0.0,14.0,0.0
https://www.miaphotobooth.net/post/master-the-art-of-how-to-pose-for-360-photo-booth-photos,2026-01-23,0,2,0.0,13.0,0.0
https://www.miaphotobooth.net/post/master-the-art-of-how-to-pose-for-360-photo-booth-photos,2026-01-24,0,2,0.0,13.5,0.0
https://www.miaphotobooth.net/post/master-the-art-of-how-to-pose-for-360-photo-booth-photos,2026-01-25,0,2,0.0,19.0,0.0
https://www.miaphotobooth.net/post/master-the-art-of-how-to-pose-for-360-photo-booth-photos,2026-01-26,0,1,0.0,7.0,0.0
https://www.miaphotobooth.net/post/master-the-art-of-how-to-pose-for-360-photo-booth-photos,2026-01-29,0,1,0.0,6.0,0.0
https://www.miaphotobooth.net/post/master-the-art-of-how-to-pose-for-360-photo-booth-photos,2026-01-30,0,1,0.0,10.0,0.0
https://www.miaphotobooth.net/post/master-the-art-of-how-to-pose-for-360-photo-booth-photos,2026-01-31,0,3,0.0,10.666666666666666,0.0
https://www.miaphotobooth.net/post/master-the-art-of-how-to-pose-for-360-photo-booth-photos,2026-02-01,0,4,0.0,13.75,0.0
https://www.miaphotobooth.net/post/master-the-art-of-how-to-pose-for-360-photo-booth-photos,2026-02-02,0,1,0.0,11.0,0.0
https://www.miaphotobooth.net/post/master-the-art-of-how-to-pose-for-360-photo-booth-photos,2026-02-03,0,1,0.0,11.0,0.0
https://www.miaphotobooth.net/post/master-the-art-of-how-to-pose-for-360-photo-booth-photos,2026-02-04,0,3,0.0,8.333333333333332,0.0
https://www.miaphotobooth.net/post/master-the-art-of-how-to-pose-for-360-photo-booth-photos,2026-02-06,0,2,0.0,8.0,0.0
https://www.miaphotobooth.net/post/master-the-art-of-how-to-pose-for-360-photo-booth-photos,2026-02-07,0,7,0.0,7.0,0.0
https://www.miaphotobooth.net/post/master-the-art-of-how-to-pose-for-360-photo-booth-photos,2026-02-08,0,2,0.0,9.5,0.0
https://www.miaphotobooth.net/post/master-the-art-of-how-to-pose-for-360-photo-booth-photos,2026-02-10,0,1,0.0,11.0,0.0
https://www.miaphotobooth.net/post/master-the-art-of-how-to-pose-for-360-photo-booth-photos,2026-02-11,0,2,0.0,11.5,0.0
https://www.miaphotobooth.net/post/master-the-art-of-how-to-pose-for-360-photo-booth-photos,2026-02-13,0,2,0.0,10.0,0.0
https://www.miaphotobooth.net/post/master-the-art-of-how-to-pose-for-360-photo-booth-photos,2026-02-14,0,1,0.0,9.0,0.0
https://www.miaphotobooth.net/post/master-the-art-of-how-to-pose-for-360-photo-booth-photos,2026-02-15,0,2,0.0,9.5,0.0
https://www.miaphotobooth.net/post/master-the-art-of-how-to-pose-for-360-photo-booth-photos,2026-02-17,0,1,0.0,7.0,0.0
https://www.miaphotobooth.net/post/master-the-art-of-how-to-pose-for-360-photo-booth-photos,2026-02-18,0,1,0.0,8.0,0.0
https://www.miaphotobooth.net/post/master-the-art-of-how-to-pose-for-360-photo-booth-photos,2026-02-20,0,1,0.0,8.0,0.0
https://www.miaphotobooth.net/post/master-the-art-of-how-to-pose-for-360-photo-booth-photos,2026-02-21,0,1,0.0,6.0,0.0
https://www.miaphotobooth.net/post/master-the-art-of-how-to-pose-for-360-photo-booth-photos,2026-02-22,0,2,0.0,4.5,0.0
https://www.miaphotobooth.net/post/master-the-art-of-how-to-pose-for-360-photo-booth-photos,2026-02-24,0,1,0.0,3.0,0.0
https://www.miaphotobooth.net/post/master-the-art-of-how-to-pose-for-360-photo-booth-photos,2026-02-25,0,2,0.0,9.5,0.0
https://www.miaphotobooth.net/post/master-the-art-of-how-to-pose-for-360-photo-booth-photos,2026-02-26,0,2,0.0,7.5,0.0
https://www.miaphotobooth.net/post/master-the-art-of-how-to-pose-for-360-photo-booth-photos,2026-02-27,0,4,0.0,6.5,0.0
https://www.miaphotobooth.net/post/master-the-art-of-how-to-pose-for-360-photo-booth-photos,2026-02-28,0,2,0.0,6.0,0.0
https://www.miaphotobooth.net/post/master-the-art-of-how-to-pose-for-360-photo-booth-photos,2026-03-03,0,1,0.0,12.0,0.0
https://www.miaphotobooth.net/post/photo-booth-backdrop-ideas-for-any-event,2026-02-01,0,1,0.0,7.0,0.0
https://www.miaphotobooth.net/post/photo-booth-backdrop-ideas-for-any-event,2026-02-02,0,1,0.0,40.0,0.0
https://www.miaphotobooth.net/post/photo-booth-backdrop-ideas-for-any-event,2026-02-03,0,2,0.0,13.5,0.0
https://www.miaphotobooth.net/post/photo-booth-backdrop-ideas-for-any-event,2026-02-05,0,2,0.0,39.0,0.0
https://www.miaphotobooth.net/post/roamer-photo-booth-rental-miami,2025-12-04,0,1,0.0,1.0,0.0
https://www.miaphotobooth.net/post/roamer-photo-booth-rental-miami,2025-12-07,0,1,0.0,9.0,0.0
https://www.miaphotobooth.net/post/roamer-photo-booth-rental-miami,2025-12-08,0,2,0.0,3.0,0.0
https://www.miaphotobooth.net/post/roamer-photo-booth-rental-miami,2025-12-09,0,1,0.0,17.0,0.0
https://www.miaphotobooth.net/post/roamer-photo-booth-rental-miami,2025-12-14,0,2,0.0,8.0,0.0
https://www.miaphotobooth.net/post/roamer-photo-booth-rental-miami,2025-12-15,0,2,0.0,6.0,0.0
https://www.miaphotobooth.net/post/roamer-photo-booth-rental-miami,2025-12-17,0,1,0.0,25.0,0.0
https://www.miaphotobooth.net/post/roamer-photo-booth-rental-miami,2025-12-18,0,1,0.0,1.0,0.0
https://www.miaphotobooth.net/post/roamer-photo-booth-rental-miami,2025-12-20,0,1,0.0,64.0,0.0
https://www.miaphotobooth.net/post/roamer-photo-booth-rental-miami,2025-12-22,0,7,0.0,13.285714285714286,0.0
https://www.miaphotobooth.net/post/roamer-photo-booth-rental-miami,2025-12-23,0,1,0.0,24.0,0.0
https://www.miaphotobooth.net/post/roamer-photo-booth-rental-miami,2025-12-29,0,5,0.0,7.2,0.0
https://www.miaphotobooth.net/post/roamer-photo-booth-rental-miami,2025-12-30,0,1,0.0,20.0,0.0
https://www.miaphotobooth.net/post/roamer-photo-booth-rental-miami,2025-12-31,0,1,0.0,20.0,0.0
https://www.miaphotobooth.net/post/roamer-photo-booth-rental-miami,2026-01-03,0,1,0.0,46.0,0.0
https://www.miaphotobooth.net/post/roamer-photo-booth-rental-miami,2026-01-04,0,1,0.0,5.0,0.0
https://www.miaphotobooth.net/post/roamer-photo-booth-rental-miami,2026-01-05,0,4,0.0,12.0,0.0
https://www.miaphotobooth.net/post/roamer-photo-booth-rental-miami,2026-01-07,0,2,0.0,14.0,0.0
https://www.miaphotobooth.net/post/roamer-photo-booth-rental-miami,2026-01-09,0,1,0.0,15.0,0.0
https://www.miaphotobooth.net/post/roamer-photo-booth-rental-miami,2026-01-12,0,5,0.0,11.2,0.0
https://www.miaphotobooth.net/post/roamer-photo-booth-rental-miami,2026-01-14,0,2,0.0,15.5,0.0
https://www.miaphotobooth.net/post/roamer-photo-booth-rental-miami,2026-01-15,0,1,0.0,1.0,0.0
https://www.miaphotobooth.net/post/roamer-photo-booth-rental-miami,2026-02-02,0,1,0.0,8.0,0.0
https://www.miaphotobooth.net/post/roamer-photo-booth-rental-miami,2026-02-04,0,2,0.0,1.0,0.0
https://www.miaphotobooth.net/post/roamer-photo-booth-rental-miami,2026-02-05,0,1,0.0,12.0,0.0
https://www.miaphotobooth.net/post/roamer-photo-booth-rental-miami,2026-02-07,0,1,0.0,15.0,0.0
https://www.miaphotobooth.net/post/roamer-photo-booth-rental-miami,2026-02-08,0,1,0.0,5.0,0.0
https://www.miaphotobooth.net/post/roamer-photo-booth-rental-miami,2026-02-10,0,1,0.0,8.0,0.0
https://www.miaphotobooth.net/post/roamer-photo-booth-rental-miami,2026-02-13,0,2,0.0,13.5,0.0
https://www.miaphotobooth.net/post/roamer-photo-booth-rental-miami,2026-02-14,0,4,0.0,13.5,0.0
https://www.miaphotobooth.net/post/roamer-photo-booth-rental-miami,2026-02-15,0,1,0.0,40.0,0.0
https://www.miaphotobooth.net/post/roamer-photo-booth-rental-miami,2026-02-16,0,6,0.0,15.833333333333334,0.0
https://www.miaphotobooth.net/post/roamer-photo-booth-rental-miami,2026-02-17,0,6,0.0,23.333333333333332,0.0
https://www.miaphotobooth.net/post/roamer-photo-booth-rental-miami,2026-02-18,0,3,0.0,8.333333333333332,0.0
https://www.miaphotobooth.net/post/roamer-photo-booth-rental-miami,2026-02-19,0,3,0.0,8.333333333333332,0.0
https://www.miaphotobooth.net/post/roamer-photo-booth-rental-miami,2026-02-20,0,3,0.0,11.666666666666666,0.0
https://www.miaphotobooth.net/post/roamer-photo-booth-rental-miami,2026-02-21,0,1,0.0,15.0,0.0
https://www.miaphotobooth.net/post/roamer-photo-booth-rental-miami,2026-02-22,0,1,0.0,12.0,0.0
https://www.miaphotobooth.net/post/roamer-photo-booth-rental-miami,2026-02-23,0,5,0.0,28.6,0.0
https://www.miaphotobooth.net/post/roamer-photo-booth-rental-miami,2026-02-24,0,3,0.0,24.0,0.0
https://www.miaphotobooth.net/post/roamer-photo-booth-rental-miami,2026-02-25,0,3,0.0,6.666666666666667,0.0
https://www.miaphotobooth.net/post/roamer-photo-booth-rental-miami,2026-02-27,0,4,0.0,11.5,0.0
https://www.miaphotobooth.net/post/roamer-photo-booth-rental-miami,2026-02-28,0,3,0.0,11.666666666666666,0.0
https://www.miaphotobooth.net/post/roamer-photo-booth-rental-miami,2026-03-02,0,4,0.0,21.5,0.0
https://www.miaphotobooth.net/post/roamer-photo-booth-rental-miami,2026-03-03,0,7,0.0,34.0,0.0
https://www.miaphotobooth.net/post/social-photo-booth-rental-miami,2025-12-04,0,1,0.0,75.0,0.0
https://www.miaphotobooth.net/post/social-photo-booth-rental-miami,2025-12-05,0,6,0.0,73.33333333333333,0.0
https://www.miaphotobooth.net/post/social-photo-booth-rental-miami,2025-12-06,0,4,0.0,57.75,0.0
https://www.miaphotobooth.net/post/social-photo-booth-rental-miami,2025-12-07,0,8,0.0,66.625,0.0
https://www.miaphotobooth.net/post/social-photo-booth-rental-miami,2025-12-08,0,4,0.0,55.0,0.0
https://www.miaphotobooth.net/post/social-photo-booth-rental-miami,2025-12-09,0,7,0.0,67.57142857142857,0.0
https://www.miaphotobooth.net/post/social-photo-booth-rental-miami,2025-12-10,0,5,0.0,74.8,0.0
https://www.miaphotobooth.net/post/social-photo-booth-rental-miami,2025-12-11,0,1,0.0,31.0,0.0
https://www.miaphotobooth.net/post/social-photo-booth-rental-miami,2025-12-12,0,2,0.0,73.5,0.0
https://www.miaphotobooth.net/post/social-photo-booth-rental-miami,2025-12-13,0,2,0.0,41.5,0.0
https://www.miaphotobooth.net/post/social-photo-booth-rental-miami,2025-12-14,0,5,0.0,75.8,0.0
https://www.miaphotobooth.net/post/social-photo-booth-rental-miami,2025-12-15,0,3,0.0,57.666666666666664,0.0
https://www.miaphotobooth.net/post/social-photo-booth-rental-miami,2025-12-16,0,7,0.0,71.42857142857143,0.0
https://www.miaphotobooth.net/post/social-photo-booth-rental-miami,2025-12-17,0,1,0.0,32.0,0.0
https://www.miaphotobooth.net/post/social-photo-booth-rental-miami,2025-12-19,0,5,0.0,72.0,0.0
https://www.miaphotobooth.net/post/social-photo-booth-rental-miami,2025-12-21,0,2,0.0,59.5,0.0
https://www.miaphotobooth.net/post/social-photo-booth-rental-miami,2025-12-22,0,9,0.0,66.77777777777777,0.0
https://www.miaphotobooth.net/post/social-photo-booth-rental-miami,2025-12-23,0,3,0.0,48.333333333333336,0.0
https://www.miaphotobooth.net/post/social-photo-booth-rental-miami,2025-12-24,0,3,0.0,63.666666666666664,0.0
https://www.miaphotobooth.net/post/social-photo-booth-rental-miami,2025-12-26,0,2,0.0,79.5,0.0
https://www.miaphotobooth.net/post/social-photo-booth-rental-miami,2025-12-27,0,2,0.0,32.5,0.0
https://www.miaphotobooth.net/post/social-photo-booth-rental-miami,2025-12-28,0,5,0.0,80.0,0.0
https://www.miaphotobooth.net/post/social-photo-booth-rental-miami,2025-12-29,0,2,0.0,81.0,0.0
https://www.miaphotobooth.net/post/social-photo-booth-rental-miami,2025-12-30,0,3,0.0,75.33333333333333,0.0
https://www.miaphotobooth.net/post/social-photo-booth-rental-miami,2025-12-31,0,2,0.0,38.5,0.0
https://www.miaphotobooth.net/post/social-photo-booth-rental-miami,2026-01-01,0,2,0.0,56.0,0.0
https://www.miaphotobooth.net/post/social-photo-booth-rental-miami,2026-01-02,0,3,0.0,67.0,0.0
https://www.miaphotobooth.net/post/social-photo-booth-rental-miami,2026-01-03,0,2,0.0,60.5,0.0
https://www.miaphotobooth.net/post/social-photo-booth-rental-miami,2026-01-04,0,5,0.0,55.4,0.0
https://www.miaphotobooth.net/post/social-photo-booth-rental-miami,2026-01-05,0,2,0.0,59.5,0.0
https://www.miaphotobooth.net/post/social-photo-booth-rental-miami,2026-01-06,0,3,0.0,47.666666666666664,0.0
https://www.miaphotobooth.net/post/social-photo-booth-rental-miami,2026-01-07,0,8,0.0,76.0,0.0
https://www.miaphotobooth.net/post/social-photo-booth-rental-miami,2026-01-08,0,5,0.0,57.6,0.0
https://www.miaphotobooth.net/post/social-photo-booth-rental-miami,2026-01-09,0,7,0.0,80.42857142857143,0.0
https://www.miaphotobooth.net/post/social-photo-booth-rental-miami,2026-01-10,0,4,0.0,70.25,0.0
https://www.miaphotobooth.net/post/social-photo-booth-rental-miami,2026-01-11,0,5,0.0,64.2,0.0
https://www.miaphotobooth.net/post/social-photo-booth-rental-miami,2026-01-12,0,2,0.0,62.0,0.0
https://www.miaphotobooth.net/post/social-photo-booth-rental-miami,2026-01-13,0,3,0.0,59.333333333333336,0.0
https://www.miaphotobooth.net/post/social-photo-booth-rental-miami,2026-01-14,0,1,0.0,78.0,0.0
https://www.miaphotobooth.net/post/social-photo-booth-rental-miami,2026-01-15,0,1,0.0,5.0,0.0
https://www.miaphotobooth.net/post/social-photo-booth-rental-miami,2026-01-16,0,2,0.0,46.5,0.0
https://www.miaphotobooth.net/post/social-photo-booth-rental-miami,2026-01-17,0,2,0.0,52.0,0.0
https://www.miaphotobooth.net/post/social-photo-booth-rental-miami,2026-01-20,0,3,0.0,8.333333333333332,0.0
https://www.miaphotobooth.net/post/social-photo-booth-rental-miami,2026-01-21,0,3,0.0,8.333333333333332,0.0
https://www.miaphotobooth.net/post/social-photo-booth-rental-miami,2026-01-26,0,2,0.0,27.5,0.0
https://www.miaphotobooth.net/post/social-photo-booth-rental-miami,2026-02-04,0,10,0.0,6.5,0.0
https://www.miaphotobooth.net/post/social-photo-booth-rental-miami,2026-02-09,0,1,0.0,45.0,0.0
https://www.miaphotobooth.net/post/social-photo-booth-rental-miami,2026-02-11,0,1,0.0,40.0,0.0
https://www.miaphotobooth.net/post/social-photo-booth-rental-miami,2026-02-19,0,1,0.0,8.0,0.0
https://www.miaphotobooth.net/post/social-photo-booth-rental-miami,2026-02-22,0,1,0.0,63.0,0.0
https://www.miaphotobooth.net/post/social-photo-booth-rental-miami,2026-02-27,0,2,0.0,26.0,0.0
https://www.miaphotobooth.net/post/social-photo-booth-rental-miami,2026-03-02,0,2,0.0,43.5,0.0
https://www.miaphotobooth.net/post/top-christmas-photo-booth-prop-ideas-for-festive-fun,2026-01-08,0,3,0.0,30.0,0.0
https://www.miaphotobooth.net/post/top-christmas-photo-booth-prop-ideas-for-festive-fun,2026-01-09,0,4,0.0,18.25,0.0
https://www.miaphotobooth.net/post/top-christmas-photo-booth-prop-ideas-for-festive-fun,2026-02-04,0,1,0.0,9.0,0.0
https://www.miaphotobooth.net/post/top-christmas-photo-booth-prop-ideas-for-festive-fun,2026-02-27,0,1,0.0,3.0,0.0
https://www.miaphotobooth.net/post/what-are-photo-booth-pictures-a-complete-breakdown,2026-02-03,0,3,0.0,1.0,0.0
https://www.miaphotobooth.net/post/what-are-photo-booth-pictures-a-complete-breakdown,2026-02-04,0,7,0.0,1.0,0.0
https://www.miaphotobooth.net/post/what-are-photo-booth-pictures-a-complete-breakdown,2026-02-05,0,5,0.0,1.8,0.0
https://www.miaphotobooth.net/post/what-are-photo-booth-pictures-a-complete-breakdown,2026-02-06,0,14,0.0,1.1428571428571428,0.0
https://www.miaphotobooth.net/post/what-are-photo-booth-pictures-a-complete-breakdown,2026-02-07,0,21,0.0,1.0,0.0
https://www.miaphotobooth.net/post/what-are-photo-booth-pictures-a-complete-breakdown,2026-02-08,0,21,0.0,1.0,0.0
https://www.miaphotobooth.net/post/what-are-photo-booth-pictures-a-complete-breakdown,2026-02-09,0,27,0.0,1.0,0.0
https://www.miaphotobooth.net/post/what-are-photo-booth-pictures-a-complete-breakdown,2026-02-10,0,26,0.0,1.1153846153846154,0.0
https://www.miaphotobooth.net/post/what-are-the-photo-booth-pictures-called-understanding-photo-booth-photos,2025-12-06,0,407,0.0,3.329238329238329,0.0
https://www.miaphotobooth.net/post/what-are-the-photo-booth-pictures-called-understanding-photo-booth-photos,2025-12-07,0,411,0.0,2.885644768856448,0.0
https://www.miaphotobooth.net/post/what-are-the-photo-booth-pictures-called-understanding-photo-booth-photos,2025-12-08,0,400,0.0,2.56,0.0
https://www.miaphotobooth.net/post/what-are-the-photo-booth-pictures-called-understanding-photo-booth-photos,2025-12-11,0,400,0.0,2.45,0.0
https://www.miaphotobooth.net/post/what-are-the-photo-booth-pictures-called-understanding-photo-booth-photos,2025-12-12,0,389,0.0,2.6478149100257067,0.0
https://www.miaphotobooth.net/post/what-are-the-photo-booth-pictures-called-understanding-photo-booth-photos,2025-12-13,0,403,0.0,2.163771712158809,0.0
https://www.miaphotobooth.net/post/what-are-the-photo-booth-pictures-called-understanding-photo-booth-photos,2025-12-16,0,403,0.0,2.694789081885856,0.0
https://www.miaphotobooth.net/post/what-are-the-photo-booth-pictures-called-understanding-photo-booth-photos,2025-12-19,0,412,0.0,2.9854368932038833,0.0
https://www.miaphotobooth.net/post/what-are-the-photo-booth-pictures-called-understanding-photo-booth-photos,2025-12-20,0,407,0.0,2.972972972972973,0.0
https://www.miaphotobooth.net/post/what-are-the-photo-booth-pictures-called-understanding-photo-booth-photos,2025-12-22,0,462,0.0,3.3874458874458875,0.0
https://www.miaphotobooth.net/post/what-are-the-photo-booth-pictures-called-understanding-photo-booth-photos,2025-12-23,0,393,0.0,3.063613231552163,0.0
https://www.miaphotobooth.net/post/what-are-the-photo-booth-pictures-called-understanding-photo-booth-photos,2025-12-30,0,475,0.0,3.4273684210526314,0.0
https://www.miaphotobooth.net/post/what-are-the-photo-booth-pictures-called-understanding-photo-booth-photos,2026-01-03,0,473,0.0,3.046511627906977,0.0
https://www.miaphotobooth.net/post/what-are-the-photo-booth-pictures-called-understanding-photo-booth-photos,2026-01-04,0,679,0.0,3.440353460972018,0.0
https://www.miaphotobooth.net/post/what-are-the-photo-booth-pictures-called-understanding-photo-booth-photos,2026-01-05,0,541,0.0,3.2162661737523104,0.0
https://www.miaphotobooth.net/post/what-are-the-photo-booth-pictures-called-understanding-photo-booth-photos,2026-01-06,0,556,0.0,3.431654676258993,0.0
https://www.miaphotobooth.net/post/what-are-the-photo-booth-pictures-called-understanding-photo-booth-photos,2026-01-08,0,488,0.0,2.7028688524590163,0.0
https://www.miaphotobooth.net/post/what-are-the-photo-booth-pictures-called-understanding-photo-booth-photos,2026-01-09,0,560,0.0,2.8482142857142856,0.0
https://www.miaphotobooth.net/post/what-are-the-photo-booth-pictures-called-understanding-photo-booth-photos,2026-01-12,0,737,0.0,3.278154681139756,0.0
https://www.miaphotobooth.net/post/what-are-the-photo-booth-pictures-called-understanding-photo-booth-photos,2026-01-13,0,674,0.0,3.540059347181009,0.0
https://www.miaphotobooth.net/post/what-are-the-photo-booth-pictures-called-understanding-photo-booth-photos,2026-01-14,0,519,0.0,3.8535645472061657,0.0
https://www.miaphotobooth.net/post/what-are-the-photo-booth-pictures-called-understanding-photo-booth-photos,2026-01-15,0,482,0.0,3.1867219917012446,0.0
https://www.miaphotobooth.net/post/what-are-the-photo-booth-pictures-called-understanding-photo-booth-photos,2026-01-19,0,569,0.0,3.0333919156414764,0.0
https://www.miaphotobooth.net/post/what-are-the-photo-booth-pictures-called-understanding-photo-booth-photos,2026-01-21,0,528,0.0,3.725378787878788,0.0
https://www.miaphotobooth.net/post/what-are-the-photo-booth-pictures-called-understanding-photo-booth-photos,2026-01-24,0,595,0.0,3.458823529411765,0.0
https://www.miaphotobooth.net/post/what-are-the-photo-booth-pictures-called-understanding-photo-booth-photos,2026-01-25,0,594,0.0,3.324915824915825,0.0
https://www.miaphotobooth.net/post/what-are-the-photo-booth-pictures-called-understanding-photo-booth-photos,2026-01-26,0,748,0.0,3.835561497326203,0.0
https://www.miaphotobooth.net/post/what-are-the-photo-booth-pictures-called-understanding-photo-booth-photos,2026-01-28,0,462,0.0,3.6991341991341993,0.0
https://www.miaphotobooth.net/post/what-are-the-photo-booth-pictures-called-understanding-photo-booth-photos,2026-02-04,0,638,0.0,2.9843260188087775,0.0
https://www.miaphotobooth.net/post/what-are-the-photo-booth-pictures-called-understanding-photo-booth-photos,2026-02-11,0,712,0.0,3.735955056179775,0.0
https://www.miaphotobooth.net/post/what-are-the-photo-booth-pictures-called-understanding-photo-booth-photos,2026-02-16,0,573,0.0,4.0,0.0
https://www.miaphotobooth.net/post/what-are-the-photo-booth-pictures-called-understanding-photo-booth-photos,2026-02-20,0,457,0.0,3.7439824945295404,0.0
https://www.miaphotobooth.net/post/what-are-the-photo-booth-pictures-called-understanding-photo-booth-photos,2026-02-22,0,469,0.0,3.784648187633262,0.0
https://www.miaphotobooth.net/post/what-are-the-photo-booth-pictures-called-understanding-photo-booth-photos,2026-02-26,0,551,0.0,4.421052631578947,0.0
https://www.miaphotobooth.net/post/what-do-360-photo-booth-pictures-look-like,2025-12-04,0,3,0.0,10.0,0.0
https://www.miaphotobooth.net/post/what-do-360-photo-booth-pictures-look-like,2025-12-05,0,4,0.0,11.0,0.0
https://www.miaphotobooth.net/post/what-do-360-photo-booth-pictures-look-like,2025-12-06,0,3,0.0,9.0,0.0
https://www.miaphotobooth.net/post/what-do-360-photo-booth-pictures-look-like,2025-12-07,0,4,0.0,22.5,0.0
https://www.miaphotobooth.net/post/what-do-360-photo-booth-pictures-look-like,2025-12-08,0,17,0.0,10.823529411764707,0.0
https://www.miaphotobooth.net/post/what-do-360-photo-booth-pictures-look-like,2025-12-10,0,1,0.0,1.0,0.0
https://www.miaphotobooth.net/post/what-do-360-photo-booth-pictures-look-like,2025-12-12,0,3,0.0,10.0,0.0
https://www.miaphotobooth.net/post/what-do-360-photo-booth-pictures-look-like,2025-12-13,0,2,0.0,6.5,0.0
https://www.miaphotobooth.net/post/what-do-360-photo-booth-pictures-look-like,2025-12-14,0,4,0.0,9.0,0.0
https://www.miaphotobooth.net/post/what-do-360-photo-booth-pictures-look-like,2025-12-15,0,1,0.0,12.0,0.0
https://www.miaphotobooth.net/post/what-do-360-photo-booth-pictures-look-like,2025-12-17,0,2,0.0,9.5,0.0
https://www.miaphotobooth.net/post/what-do-360-photo-booth-pictures-look-like,2025-12-19,0,1,0.0,2.0,0.0
https://www.miaphotobooth.net/post/what-do-360-photo-booth-pictures-look-like,2025-12-20,0,1,0.0,3.0,0.0
https://www.miaphotobooth.net/post/what-do-360-photo-booth-pictures-look-like,2025-12-22,0,1,0.0,9.0,0.0
https://www.miaphotobooth.net/post/what-do-360-photo-booth-pictures-look-like,2025-12-29,0,1,0.0,9.0,0.0
https://www.miaphotobooth.net/post/what-do-360-photo-booth-pictures-look-like,2025-12-30,0,1,0.0,6.0,0.0
https://www.miaphotobooth.net/post/what-do-360-photo-booth-pictures-look-like,2025-12-31,0,1,0.0,11.0,0.0
https://www.miaphotobooth.net/post/what-do-360-photo-booth-pictures-look-like,2026-01-02,0,1,0.0,11.0,0.0
https://www.miaphotobooth.net/post/what-do-360-photo-booth-pictures-look-like,2026-01-04,0,1,0.0,10.0,0.0
https://www.miaphotobooth.net/post/what-do-360-photo-booth-pictures-look-like,2026-01-06,0,1,0.0,6.0,0.0
https://www.miaphotobooth.net/post/what-do-360-photo-booth-pictures-look-like,2026-01-07,0,4,0.0,7.75,0.0
https://www.miaphotobooth.net/post/what-do-360-photo-booth-pictures-look-like,2026-01-10,0,2,0.0,10.0,0.0
https://www.miaphotobooth.net/post/what-do-360-photo-booth-pictures-look-like,2026-01-11,0,1,0.0,10.0,0.0
https://www.miaphotobooth.net/post/what-do-360-photo-booth-pictures-look-like,2026-01-12,0,1,0.0,12.0,0.0
https://www.miaphotobooth.net/post/what-do-360-photo-booth-pictures-look-like,2026-01-13,0,2,0.0,14.5,0.0
https://www.miaphotobooth.net/post/what-do-360-photo-booth-pictures-look-like,2026-01-14,0,2,0.0,14.0,0.0
https://www.miaphotobooth.net/post/what-do-360-photo-booth-pictures-look-like,2026-01-16,0,1,0.0,8.0,0.0
https://www.miaphotobooth.net/post/what-do-360-photo-booth-pictures-look-like,2026-01-17,0,1,0.0,10.0,0.0
https://www.miaphotobooth.net/post/what-do-360-photo-booth-pictures-look-like,2026-01-18,0,3,0.0,15.333333333333334,0.0
https://www.miaphotobooth.net/post/what-do-360-photo-booth-pictures-look-like,2026-01-19,0,1,0.0,8.0,0.0
https://www.miaphotobooth.net/post/what-do-360-photo-booth-pictures-look-like,2026-01-20,0,3,0.0,10.333333333333334,0.0
https://www.miaphotobooth.net/post/what-do-360-photo-booth-pictures-look-like,2026-01-21,0,1,0.0,12.0,0.0
https://www.miaphotobooth.net/post/what-do-360-photo-booth-pictures-look-like,2026-01-24,0,1,0.0,11.0,0.0
https://www.miaphotobooth.net/post/what-do-360-photo-booth-pictures-look-like,2026-01-26,0,2,0.0,6.5,0.0
https://www.miaphotobooth.net/post/what-do-360-photo-booth-pictures-look-like,2026-01-27,0,3,0.0,8.333333333333332,0.0
https://www.miaphotobooth.net/post/what-do-360-photo-booth-pictures-look-like,2026-01-28,0,4,0.0,14.75,0.0
https://www.miaphotobooth.net/post/what-do-360-photo-booth-pictures-look-like,2026-01-29,0,3,0.0,12.666666666666666,0.0
https://www.miaphotobooth.net/post/what-do-360-photo-booth-pictures-look-like,2026-01-30,0,3,0.0,8.666666666666668,0.0
https://www.miaphotobooth.net/post/what-do-360-photo-booth-pictures-look-like,2026-02-01,0,7,0.0,11.428571428571429,0.0
https://www.miaphotobooth.net/post/what-do-360-photo-booth-pictures-look-like,2026-02-02,0,2,0.0,13.5,0.0
https://www.miaphotobooth.net/post/what-do-360-photo-booth-pictures-look-like,2026-02-03,0,2,0.0,9.0,0.0
https://www.miaphotobooth.net/post/what-do-360-photo-booth-pictures-look-like,2026-02-05,0,2,0.0,8.0,0.0
https://www.miaphotobooth.net/post/what-do-360-photo-booth-pictures-look-like,2026-02-06,0,2,0.0,5.5,0.0
https://www.miaphotobooth.net/post/what-do-360-photo-booth-pictures-look-like,2026-02-07,0,3,0.0,9.333333333333334,0.0
https://www.miaphotobooth.net/post/what-do-360-photo-booth-pictures-look-like,2026-02-08,0,2,0.0,9.5,0.0
https://www.miaphotobooth.net/post/what-do-360-photo-booth-pictures-look-like,2026-02-09,0,5,0.0,6.4,0.0
https://www.miaphotobooth.net/post/what-do-360-photo-booth-pictures-look-like,2026-02-11,0,5,0.0,7.8,0.0
https://www.miaphotobooth.net/post/what-do-360-photo-booth-pictures-look-like,2026-02-13,0,2,0.0,7.5,0.0
https://www.miaphotobooth.net/post/what-do-360-photo-booth-pictures-look-like,2026-02-14,0,4,0.0,8.5,0.0
https://www.miaphotobooth.net/post/what-do-360-photo-booth-pictures-look-like,2026-02-15,0,2,0.0,10.0,0.0
https://www.miaphotobooth.net/post/what-do-360-photo-booth-pictures-look-like,2026-02-16,0,1,0.0,6.0,0.0
https://www.miaphotobooth.net/post/what-do-360-photo-booth-pictures-look-like,2026-02-17,0,1,0.0,11.0,0.0
https://www.miaphotobooth.net/post/what-do-360-photo-booth-pictures-look-like,2026-02-18,0,2,0.0,7.5,0.0
https://www.miaphotobooth.net/post/what-do-360-photo-booth-pictures-look-like,2026-02-19,0,2,0.0,6.5,0.0
https://www.miaphotobooth.net/post/what-do-360-photo-booth-pictures-look-like,2026-02-20,0,2,0.0,10.0,0.0
https://www.miaphotobooth.net/post/what-do-360-photo-booth-pictures-look-like,2026-02-22,0,3,0.0,9.333333333333334,0.0
https://www.miaphotobooth.net/post/what-do-360-photo-booth-pictures-look-like,2026-02-23,0,3,0.0,9.333333333333334,0.0
https://www.miaphotobooth.net/post/what-do-360-photo-booth-pictures-look-like,2026-02-25,0,2,0.0,13.5,0.0
https://www.miaphotobooth.net/post/what-do-360-photo-booth-pictures-look-like,2026-02-26,0,3,0.0,8.333333333333332,0.0
https://www.miaphotobooth.net/post/what-do-360-photo-booth-pictures-look-like,2026-02-27,0,2,0.0,13.0,0.0
https://www.miaphotobooth.net/post/what-do-360-photo-booth-pictures-look-like,2026-02-28,0,4,0.0,9.25,0.0
https://www.miaphotobooth.net/post/what-do-360-photo-booth-pictures-look-like,2026-03-02,0,2,0.0,10.0,0.0
https://www.miaphotobooth.net/post/what-is-a-360-photo-booth-a-complete-guide-for-event-planners,2025-12-13,0,2,0.0,7.0,0.0
https://www.miaphotobooth.net/post/what-is-a-360-photo-booth-a-complete-guide-for-event-planners,2025-12-16,0,3,0.0,3.0,0.0
https://www.miaphotobooth.net/post/what-is-a-360-photo-booth-a-complete-guide-for-event-planners,2025-12-21,0,1,0.0,10.0,0.0
https://www.miaphotobooth.net/post/what-is-a-360-photo-booth-a-complete-guide-for-event-planners,2025-12-30,0,3,0.0,8.666666666666668,0.0
https://www.miaphotobooth.net/post/what-is-a-360-photo-booth-a-complete-guide-for-event-planners,2025-12-31,0,2,0.0,4.5,0.0
https://www.miaphotobooth.net/post/what-is-a-360-photo-booth-a-complete-guide-for-event-planners,2026-01-05,0,2,0.0,7.5,0.0
https://www.miaphotobooth.net/post/what-is-a-360-photo-booth-a-complete-guide-for-event-planners,2026-01-07,0,1,0.0,8.0,0.0
https://www.miaphotobooth.net/post/what-is-a-360-photo-booth-a-complete-guide-for-event-planners,2026-01-17,0,2,0.0,3.0,0.0
https://www.miaphotobooth.net/post/what-is-a-360-photo-booth-a-complete-guide-for-event-planners,2026-01-20,0,2,0.0,39.5,0.0
https://www.miaphotobooth.net/post/what-is-a-360-photo-booth-a-complete-guide-for-event-planners,2026-01-21,0,1,0.0,19.0,0.0
https://www.miaphotobooth.net/post/what-is-a-360-photo-booth-a-complete-guide-for-event-planners,2026-01-25,0,1,0.0,10.0,0.0
https://www.miaphotobooth.net/post/what-is-a-360-photo-booth-a-complete-guide-for-event-planners,2026-01-26,0,1,0.0,5.0,0.0
https://www.miaphotobooth.net/post/what-is-glamour-shots,2025-12-05,0,1,0.0,2.0,0.0
https://www.miaphotobooth.net/post/what-is-glamour-shots,2025-12-06,0,2,0.0,8.5,0.0
https://www.miaphotobooth.net/post/what-is-glamour-shots,2025-12-08,0,2,0.0,6.5,0.0
https://www.miaphotobooth.net/post/what-is-glamour-shots,2025-12-10,0,3,0.0,9.666666666666666,0.0
https://www.miaphotobooth.net/post/what-is-glamour-shots,2025-12-11,0,3,0.0,3.3333333333333335,0.0
https://www.miaphotobooth.net/post/what-is-glamour-shots,2025-12-12,0,5,0.0,7.6,0.0
https://www.miaphotobooth.net/post/what-is-glamour-shots,2025-12-13,0,3,0.0,2.666666666666667,0.0
https://www.miaphotobooth.net/post/what-is-glamour-shots,2025-12-16,0,1,0.0,11.0,0.0
https://www.miaphotobooth.net/post/what-is-glamour-shots,2025-12-17,0,5,0.0,10.2,0.0
https://www.miaphotobooth.net/post/what-is-glamour-shots,2025-12-18,0,1,0.0,12.0,0.0
https://www.miaphotobooth.net/post/what-is-glamour-shots,2025-12-19,0,4,0.0,8.75,0.0
https://www.miaphotobooth.net/post/what-is-glamour-shots,2025-12-20,0,1,0.0,10.0,0.0
https://www.miaphotobooth.net/post/what-is-glamour-shots,2025-12-21,0,1,0.0,9.0,0.0
https://www.miaphotobooth.net/post/what-is-glamour-shots,2025-12-23,0,1,0.0,10.0,0.0
https://www.miaphotobooth.net/post/what-is-glamour-shots,2025-12-24,0,3,0.0,9.333333333333334,0.0
https://www.miaphotobooth.net/post/what-is-glamour-shots,2025-12-26,0,5,0.0,9.0,0.0
https://www.miaphotobooth.net/post/what-is-glamour-shots,2025-12-27,0,2,0.0,9.0,0.0
https://www.miaphotobooth.net/post/what-is-glamour-shots,2025-12-28,0,1,0.0,2.0,0.0
https://www.miaphotobooth.net/post/what-is-glamour-shots,2025-12-29,0,1,0.0,12.0,0.0
https://www.miaphotobooth.net/post/what-is-glamour-shots,2025-12-31,0,1,0.0,10.0,0.0
https://www.miaphotobooth.net/post/what-is-glamour-shots,2026-01-02,0,3,0.0,8.666666666666668,0.0
https://www.miaphotobooth.net/post/what-is-glamour-shots,2026-01-04,0,1,0.0,10.0,0.0
https://www.miaphotobooth.net/post/what-is-glamour-shots,2026-01-05,0,1,0.0,11.0,0.0
https://www.miaphotobooth.net/post/what-is-glamour-shots,2026-01-06,0,1,0.0,9.0,0.0
https://www.miaphotobooth.net/post/what-is-glamour-shots,2026-01-07,0,2,0.0,8.5,0.0
https://www.miaphotobooth.net/post/what-is-glamour-shots,2026-01-09,0,1,0.0,12.0,0.0
https://www.miaphotobooth.net/post/what-is-glamour-shots,2026-01-10,0,1,0.0,3.0,0.0
https://www.miaphotobooth.net/post/what-is-glamour-shots,2026-01-11,0,2,0.0,16.0,0.0
https://www.miaphotobooth.net/post/what-is-glamour-shots,2026-01-12,0,2,0.0,8.0,0.0
https://www.miaphotobooth.net/post/what-is-glamour-shots,2026-01-14,0,4,0.0,8.25,0.0
https://www.miaphotobooth.net/post/what-is-glamour-shots,2026-01-17,0,1,0.0,1.0,0.0
https://www.miaphotobooth.net/post/what-is-glamour-shots,2026-01-18,0,8,0.0,10.375,0.0
https://www.miaphotobooth.net/post/what-is-glamour-shots,2026-01-21,0,2,0.0,4.5,0.0
https://www.miaphotobooth.net/post/what-is-glamour-shots,2026-01-23,0,1,0.0,9.0,0.0
https://www.miaphotobooth.net/post/what-is-glamour-shots,2026-01-25,0,1,0.0,7.0,0.0
https://www.miaphotobooth.net/post/what-is-glamour-shots,2026-01-26,0,5,0.0,6.8,0.0
https://www.miaphotobooth.net/post/what-is-glamour-shots,2026-01-27,0,2,0.0,1.0,0.0
https://www.miaphotobooth.net/post/what-is-glamour-shots,2026-01-28,0,1,0.0,8.0,0.0
https://www.miaphotobooth.net/post/what-is-glamour-shots,2026-01-31,0,1,0.0,12.0,0.0
https://www.miaphotobooth.net/post/what-is-glamour-shots,2026-02-01,0,2,0.0,7.5,0.0
https://www.miaphotobooth.net/post/what-is-glamour-shots,2026-02-02,0,1,0.0,9.0,0.0
https://www.miaphotobooth.net/post/what-is-glamour-shots,2026-02-03,0,6,0.0,10.166666666666666,0.0
https://www.miaphotobooth.net/post/what-is-glamour-shots,2026-02-04,0,7,0.0,8.142857142857142,0.0
https://www.miaphotobooth.net/post/what-is-glamour-shots,2026-02-05,0,7,0.0,13.428571428571429,0.0
https://www.miaphotobooth.net/post/what-is-glamour-shots,2026-02-06,0,4,0.0,8.0,0.0
https://www.miaphotobooth.net/post/what-is-glamour-shots,2026-02-08,0,2,0.0,11.0,0.0
https://www.miaphotobooth.net/post/what-is-glamour-shots,2026-02-09,0,1,0.0,8.0,0.0
https://www.miaphotobooth.net/post/what-is-glamour-shots,2026-02-10,0,2,0.0,9.5,0.0
https://www.miaphotobooth.net/post/what-is-glamour-shots,2026-02-11,0,3,0.0,5.0,0.0
https://www.miaphotobooth.net/post/what-is-glamour-shots,2026-02-12,0,2,0.0,9.0,0.0
https://www.miaphotobooth.net/post/what-is-glamour-shots,2026-02-13,0,3,0.0,7.333333333333333,0.0
https://www.miaphotobooth.net/post/what-is-glamour-shots,2026-02-14,0,4,0.0,9.25,0.0
https://www.miaphotobooth.net/post/what-is-glamour-shots,2026-02-16,0,1,0.0,8.0,0.0
https://www.miaphotobooth.net/post/what-is-glamour-shots,2026-02-17,0,2,0.0,13.0,0.0
https://www.miaphotobooth.net/post/what-is-glamour-shots,2026-02-18,0,2,0.0,9.0,0.0
https://www.miaphotobooth.net/post/what-is-glamour-shots,2026-02-20,0,3,0.0,6.666666666666667,0.0
https://www.miaphotobooth.net/post/what-is-glamour-shots,2026-02-22,0,1,0.0,7.0,0.0
https://www.miaphotobooth.net/post/what-is-glamour-shots,2026-02-23,0,4,0.0,8.25,0.0
https://www.miaphotobooth.net/post/what-is-glamour-shots,2026-02-24,0,2,0.0,8.5,0.0
https://www.miaphotobooth.net/post/what-is-glamour-shots,2026-02-25,0,1,0.0,8.0,0.0
https://www.miaphotobooth.net/post/what-is-glamour-shots,2026-02-26,0,1,0.0,8.0,0.0
https://www.miaphotobooth.net/post/what-is-glamour-shots,2026-02-27,0,2,0.0,9.0,0.0
https://www.miaphotobooth.net/post/what-is-glamour-shots,2026-02-28,0,8,0.0,9.5,0.0
https://www.miaphotobooth.net/post/what-is-glamour-shots,2026-03-01,0,2,0.0,9.5,0.0
https://www.miaphotobooth.net/post/what-is-glamour-shots,2026-03-02,0,1,0.0,6.0,0.0
https://www.miaphotobooth.net/post/what-is-glamour-shots,2026-03-03,0,4,0.0,8.75,0.0
https://www.miaphotobooth.net/post/what-to-do-with-photo-booth-pictures,2025-12-05,0,3,0.0,1.0,0.0
https://www.miaphotobooth.net/post/what-to-do-with-photo-booth-pictures,2025-12-06,0,7,0.0,4.285714285714286,0.0
https://www.miaphotobooth.net/post/what-to-do-with-photo-booth-pictures,2025-12-07,0,4,0.0,1.0,0.0
https://www.miaphotobooth.net/post/what-to-do-with-photo-booth-pictures,2025-12-08,0,11,0.0,4.545454545454545,0.0
https://www.miaphotobooth.net/post/what-to-do-with-photo-booth-pictures,2025-12-09,0,8,0.0,5.375,0.0
https://www.miaphotobooth.net/post/what-to-do-with-photo-booth-pictures,2025-12-10,0,5,0.0,1.4,0.0
https://www.miaphotobooth.net/post/what-to-do-with-photo-booth-pictures,2025-12-11,0,6,0.0,5.666666666666667,0.0
https://www.miaphotobooth.net/post/what-to-do-with-photo-booth-pictures,2025-12-12,0,7,0.0,4.285714285714286,0.0
https://www.miaphotobooth.net/post/what-to-do-with-photo-booth-pictures,2025-12-13,0,4,0.0,3.0,0.0
https://www.miaphotobooth.net/post/what-to-do-with-photo-booth-pictures,2025-12-14,0,5,0.0,4.8,0.0
https://www.miaphotobooth.net/post/what-to-do-with-photo-booth-pictures,2025-12-16,0,9,0.0,4.666666666666666,0.0
https://www.miaphotobooth.net/post/what-to-do-with-photo-booth-pictures,2025-12-17,0,4,0.0,3.0,0.0
https://www.miaphotobooth.net/post/what-to-do-with-photo-booth-pictures,2025-12-18,0,8,0.0,6.0,0.0
https://www.miaphotobooth.net/post/what-to-do-with-photo-booth-pictures,2025-12-19,0,4,0.0,3.75,0.0
https://www.miaphotobooth.net/post/what-to-do-with-photo-booth-pictures,2025-12-20,0,3,0.0,1.3333333333333333,0.0
https://www.miaphotobooth.net/post/what-to-do-with-photo-booth-pictures,2025-12-30,0,2,0.0,13.0,0.0
https://www.miaphotobooth.net/post/what-to-do-with-photo-booth-pictures,2026-01-02,0,2,0.0,9.0,0.0
https://www.miaphotobooth.net/post/what-to-do-with-photo-booth-pictures,2026-01-04,0,1,0.0,10.0,0.0
https://www.miaphotobooth.net/post/what-to-do-with-photo-booth-pictures,2026-01-05,0,2,0.0,11.0,0.0
https://www.miaphotobooth.net/post/what-to-do-with-photo-booth-pictures,2026-01-09,0,1,0.0,13.0,0.0
https://www.miaphotobooth.net/post/what-to-do-with-photo-booth-pictures,2026-01-10,0,1,0.0,12.0,0.0
https://www.miaphotobooth.net/post/what-to-do-with-photo-booth-pictures,2026-01-11,0,1,0.0,10.0,0.0
https://www.miaphotobooth.net/post/what-to-do-with-photo-booth-pictures,2026-01-12,0,1,0.0,12.0,0.0
https://www.miaphotobooth.net/post/what-to-do-with-photo-booth-pictures,2026-01-13,0,1,0.0,12.0,0.0
https://www.miaphotobooth.net/post/what-to-do-with-photo-booth-pictures,2026-01-15,0,1,0.0,7.0,0.0
https://www.miaphotobooth.net/post/what-to-do-with-photo-booth-pictures,2026-01-19,0,1,0.0,12.0,0.0
https://www.miaphotobooth.net/post/what-to-do-with-photo-booth-pictures,2026-01-24,0,1,0.0,10.0,0.0
https://www.miaphotobooth.net/post/what-to-do-with-photo-booth-pictures,2026-01-27,0,2,0.0,9.0,0.0
https://www.miaphotobooth.net/post/what-to-do-with-photo-booth-pictures,2026-01-28,0,1,0.0,9.0,0.0
https://www.miaphotobooth.net/post/what-to-do-with-photo-booth-pictures,2026-02-04,0,2,0.0,9.0,0.0
https://www.miaphotobooth.net/post/what-to-do-with-photo-booth-pictures,2026-02-13,0,1,0.0,5.0,0.0
https://www.miaphotobooth.net/post/what-to-do-with-photo-booth-pictures,2026-02-15,0,1,0.0,12.0,0.0
https://www.miaphotobooth.net/post/what-to-do-with-photo-booth-pictures,2026-02-16,0,1,0.0,11.0,0.0
https://www.miaphotobooth.net/post/what-to-do-with-photo-booth-pictures,2026-02-17,0,2,0.0,7.5,0.0
https://www.miaphotobooth.net/post/what-to-do-with-photo-booth-pictures,2026-02-22,0,1,0.0,11.0,0.0
https://www.miaphotobooth.net/post/what-to-do-with-photo-booth-pictures,2026-02-23,0,1,0.0,7.0,0.0
https://www.miaphotobooth.net/post/what-to-do-with-photo-booth-pictures,2026-02-25,0,1,0.0,5.0,0.0
https://www.miaphotobooth.net/post/what-to-do-with-photo-booth-pictures,2026-02-28,0,2,0.0,6.5,0.0
https://www.miaphotobooth.net/post/what-to-do-with-photo-booth-pictures,2026-03-01,0,1,0.0,8.0,0.0
https://www.miaphotobooth.net/post/what-to-do-with-photo-booth-pictures,2026-03-03,0,1,0.0,6.0,0.0
https://www.miaphotobooth.net/post/what-type-of-photo-booth-to-hire,2025-12-05,0,1,0.0,10.0,0.0
https://www.miaphotobooth.net/post/what-type-of-photo-booth-to-hire,2025-12-08,0,7,0.0,5.285714285714286,0.0
https://www.miaphotobooth.net/post/what-type-of-photo-booth-to-hire,2025-12-11,0,3,0.0,24.333333333333332,0.0
https://www.miaphotobooth.net/post/what-type-of-photo-booth-to-hire,2025-12-12,0,2,0.0,5.5,0.0
https://www.miaphotobooth.net/post/what-type-of-photo-booth-to-hire,2025-12-15,0,1,0.0,1.0,0.0
https://www.miaphotobooth.net/post/what-type-of-photo-booth-to-hire,2025-12-17,0,2,0.0,1.0,0.0
https://www.miaphotobooth.net/post/what-type-of-photo-booth-to-hire,2025-12-18,0,3,0.0,22.666666666666668,0.0
https://www.miaphotobooth.net/post/what-type-of-photo-booth-to-hire,2025-12-19,0,2,0.0,27.5,0.0
https://www.miaphotobooth.net/post/what-type-of-photo-booth-to-hire,2025-12-31,0,1,0.0,1.0,0.0
https://www.miaphotobooth.net/post/what-type-of-photo-booth-to-hire,2026-01-06,0,1,0.0,3.0,0.0
https://www.miaphotobooth.net/post/what-type-of-photo-booth-to-hire,2026-01-15,0,3,0.0,4.333333333333334,0.0
https://www.miaphotobooth.net/post/what-type-of-photo-booth-to-hire,2026-01-17,0,2,0.0,9.0,0.0
https://www.miaphotobooth.net/post/what-type-of-photo-booth-to-hire,2026-01-19,0,1,0.0,5.0,0.0
https://www.miaphotobooth.net/post/what-type-of-photo-booth-to-hire,2026-01-20,0,5,0.0,3.4,0.0
https://www.miaphotobooth.net/post/what-type-of-photo-booth-to-hire,2026-01-21,0,2,0.0,2.0,0.0
https://www.miaphotobooth.net/post/what-type-of-photo-booth-to-hire,2026-02-11,0,1,0.0,10.0,0.0
https://www.miaphotobooth.net/post/what-type-of-photo-booth-to-hire,2026-02-20,0,1,0.0,30.0,0.0
https://www.miaphotobooth.net/post/what-you-need-for-a-360-photo-booth,2025-12-05,0,10,0.0,11.5,0.0
https://www.miaphotobooth.net/post/what-you-need-for-a-360-photo-booth,2025-12-06,0,13,0.0,10.615384615384615,0.0
https://www.miaphotobooth.net/post/what-you-need-for-a-360-photo-booth,2025-12-07,0,4,0.0,3.5,0.0
https://www.miaphotobooth.net/post/what-you-need-for-a-360-photo-booth,2025-12-08,0,21,0.0,9.0,0.0
https://www.miaphotobooth.net/post/what-you-need-for-a-360-photo-booth,2025-12-09,0,14,0.0,8.642857142857142,0.0
https://www.miaphotobooth.net/post/what-you-need-for-a-360-photo-booth,2025-12-10,0,13,0.0,2.769230769230769,0.0
https://www.miaphotobooth.net/post/what-you-need-for-a-360-photo-booth,2025-12-11,0,4,0.0,27.25,0.0
https://www.miaphotobooth.net/post/what-you-need-for-a-360-photo-booth,2025-12-12,0,8,0.0,2.5,0.0
https://www.miaphotobooth.net/post/what-you-need-for-a-360-photo-booth,2025-12-13,0,2,0.0,1.0,0.0
https://www.miaphotobooth.net/post/what-you-need-for-a-360-photo-booth,2025-12-15,0,11,0.0,7.363636363636363,0.0
https://www.miaphotobooth.net/post/what-you-need-for-a-360-photo-booth,2025-12-16,0,6,0.0,3.1666666666666665,0.0
https://www.miaphotobooth.net/post/what-you-need-for-a-360-photo-booth,2025-12-17,0,7,0.0,17.857142857142858,0.0
https://www.miaphotobooth.net/post/what-you-need-for-a-360-photo-booth,2025-12-18,0,15,0.0,2.2666666666666666,0.0
https://www.miaphotobooth.net/post/what-you-need-for-a-360-photo-booth,2025-12-19,0,13,0.0,3.923076923076923,0.0
https://www.miaphotobooth.net/post/what-you-need-for-a-360-photo-booth,2025-12-20,0,7,0.0,1.1428571428571428,0.0
https://www.miaphotobooth.net/post/what-you-need-for-a-360-photo-booth,2025-12-21,0,39,0.0,1.0512820512820513,0.0
https://www.miaphotobooth.net/post/what-you-need-for-a-360-photo-booth,2025-12-22,0,17,0.0,1.0,0.0
https://www.miaphotobooth.net/post/what-you-need-for-a-360-photo-booth,2025-12-23,0,32,0.0,1.84375,0.0
https://www.miaphotobooth.net/post/what-you-need-for-a-360-photo-booth,2025-12-24,0,22,0.0,2.0454545454545454,0.0
https://www.miaphotobooth.net/post/what-you-need-for-a-360-photo-booth,2025-12-25,0,26,0.0,2.1153846153846154,0.0
https://www.miaphotobooth.net/post/what-you-need-for-a-360-photo-booth,2025-12-26,0,21,0.0,1.7619047619047619,0.0
https://www.miaphotobooth.net/post/what-you-need-for-a-360-photo-booth,2025-12-27,0,19,0.0,2.2105263157894735,0.0
https://www.miaphotobooth.net/post/what-you-need-for-a-360-photo-booth,2025-12-28,0,8,0.0,5.625,0.0
https://www.miaphotobooth.net/post/what-you-need-for-a-360-photo-booth,2025-12-29,0,1,0.0,2.0,0.0
https://www.miaphotobooth.net/post/what-you-need-for-a-360-photo-booth,2025-12-30,0,2,0.0,5.0,0.0
https://www.miaphotobooth.net/post/what-you-need-for-a-360-photo-booth,2025-12-31,0,2,0.0,10.0,0.0
https://www.miaphotobooth.net/post/what-you-need-for-a-360-photo-booth,2026-01-01,0,5,0.0,10.0,0.0
https://www.miaphotobooth.net/post/what-you-need-for-a-360-photo-booth,2026-01-02,0,2,0.0,6.5,0.0
https://www.miaphotobooth.net/post/what-you-need-for-a-360-photo-booth,2026-01-03,0,12,0.0,9.166666666666666,0.0
https://www.miaphotobooth.net/post/what-you-need-for-a-360-photo-booth,2026-01-04,0,1,0.0,12.0,0.0
https://www.miaphotobooth.net/post/what-you-need-for-a-360-photo-booth,2026-01-05,0,4,0.0,6.0,0.0
https://www.miaphotobooth.net/post/what-you-need-for-a-360-photo-booth,2026-01-06,0,4,0.0,8.75,0.0
https://www.miaphotobooth.net/post/what-you-need-for-a-360-photo-booth,2026-01-07,0,2,0.0,8.5,0.0
https://www.miaphotobooth.net/post/what-you-need-for-a-360-photo-booth,2026-01-08,0,6,0.0,14.166666666666666,0.0
https://www.miaphotobooth.net/post/what-you-need-for-a-360-photo-booth,2026-01-09,0,5,0.0,21.8,0.0
https://www.miaphotobooth.net/post/what-you-need-for-a-360-photo-booth,2026-01-10,0,5,0.0,8.8,0.0
https://www.miaphotobooth.net/post/what-you-need-for-a-360-photo-booth,2026-01-11,0,11,0.0,11.181818181818182,0.0
https://www.miaphotobooth.net/post/what-you-need-for-a-360-photo-booth,2026-01-12,0,2,0.0,3.5,0.0
https://www.miaphotobooth.net/post/what-you-need-for-a-360-photo-booth,2026-01-13,0,5,0.0,10.0,0.0
https://www.miaphotobooth.net/post/what-you-need-for-a-360-photo-booth,2026-01-14,0,6,0.0,9.666666666666666,0.0
https://www.miaphotobooth.net/post/what-you-need-for-a-360-photo-booth,2026-01-15,0,7,0.0,18.0,0.0
https://www.miaphotobooth.net/post/what-you-need-for-a-360-photo-booth,2026-01-16,0,4,0.0,9.25,0.0
https://www.miaphotobooth.net/post/what-you-need-for-a-360-photo-booth,2026-01-17,0,5,0.0,10.8,0.0
https://www.miaphotobooth.net/post/what-you-need-for-a-360-photo-booth,2026-01-18,0,2,0.0,9.5,0.0
https://www.miaphotobooth.net/post/what-you-need-for-a-360-photo-booth,2026-01-19,0,7,0.0,15.142857142857142,0.0
https://www.miaphotobooth.net/post/what-you-need-for-a-360-photo-booth,2026-01-20,0,3,0.0,7.666666666666667,0.0
https://www.miaphotobooth.net/post/what-you-need-for-a-360-photo-booth,2026-01-21,0,5,0.0,8.6,0.0
https://www.miaphotobooth.net/post/what-you-need-for-a-360-photo-booth,2026-01-22,0,3,0.0,15.333333333333334,0.0
https://www.miaphotobooth.net/post/what-you-need-for-a-360-photo-booth,2026-01-23,0,4,0.0,6.0,0.0
https://www.miaphotobooth.net/post/what-you-need-for-a-360-photo-booth,2026-01-24,0,1,0.0,8.0,0.0
https://www.miaphotobooth.net/post/what-you-need-for-a-360-photo-booth,2026-01-25,0,2,0.0,6.0,0.0
https://www.miaphotobooth.net/post/what-you-need-for-a-360-photo-booth,2026-01-26,0,4,0.0,10.0,0.0
https://www.miaphotobooth.net/post/what-you-need-for-a-360-photo-booth,2026-01-27,0,6,0.0,10.5,0.0
https://www.miaphotobooth.net/post/what-you-need-for-a-360-photo-booth,2026-01-28,0,8,0.0,8.75,0.0
https://www.miaphotobooth.net/post/what-you-need-for-a-360-photo-booth,2026-01-29,0,6,0.0,10.166666666666666,0.0
https://www.miaphotobooth.net/post/what-you-need-for-a-360-photo-booth,2026-01-30,0,6,0.0,11.333333333333334,0.0
https://www.miaphotobooth.net/post/what-you-need-for-a-360-photo-booth,2026-01-31,0,10,0.0,8.2,0.0
https://www.miaphotobooth.net/post/what-you-need-for-a-360-photo-booth,2026-02-01,0,12,0.0,11.916666666666666,0.0
https://www.miaphotobooth.net/post/what-you-need-for-a-360-photo-booth,2026-02-02,0,11,0.0,8.363636363636363,0.0
https://www.miaphotobooth.net/post/what-you-need-for-a-360-photo-booth,2026-02-03,0,9,0.0,7.555555555555555,0.0
https://www.miaphotobooth.net/post/what-you-need-for-a-360-photo-booth,2026-02-04,0,4,0.0,8.75,0.0
https://www.miaphotobooth.net/post/what-you-need-for-a-360-photo-booth,2026-02-05,0,2,0.0,7.0,0.0
https://www.miaphotobooth.net/post/what-you-need-for-a-360-photo-booth,2026-02-06,0,10,0.0,7.2,0.0
https://www.miaphotobooth.net/post/what-you-need-for-a-360-photo-booth,2026-02-07,0,6,0.0,9.333333333333334,0.0
https://www.miaphotobooth.net/post/what-you-need-for-a-360-photo-booth,2026-02-08,0,4,0.0,7.75,0.0
https://www.miaphotobooth.net/post/what-you-need-for-a-360-photo-booth,2026-02-09,0,3,0.0,8.333333333333332,0.0
https://www.miaphotobooth.net/post/what-you-need-for-a-360-photo-booth,2026-02-10,0,4,0.0,11.75,0.0
https://www.miaphotobooth.net/post/what-you-need-for-a-360-photo-booth,2026-02-11,0,6,0.0,6.833333333333333,0.0
https://www.miaphotobooth.net/post/what-you-need-for-a-360-photo-booth,2026-02-12,0,9,0.0,6.222222222222222,0.0
https://www.miaphotobooth.net/post/what-you-need-for-a-360-photo-booth,2026-02-13,0,16,0.0,6.75,0.0
https://www.miaphotobooth.net/post/what-you-need-for-a-360-photo-booth,2026-02-14,0,11,0.0,6.090909090909091,0.0
https://www.miaphotobooth.net/post/what-you-need-for-a-360-photo-booth,2026-02-15,0,11,0.0,6.0,0.0
https://www.miaphotobooth.net/post/what-you-need-for-a-360-photo-booth,2026-02-16,0,11,0.0,5.090909090909091,0.0
https://www.miaphotobooth.net/post/what-you-need-for-a-360-photo-booth,2026-02-18,0,18,0.0,7.0,0.0
https://www.miaphotobooth.net/post/what-you-need-for-a-360-photo-booth,2026-02-20,0,16,0.0,6.25,0.0
https://www.miaphotobooth.net/post/what-you-need-for-a-360-photo-booth,2026-02-21,0,11,0.0,5.2727272727272725,0.0
https://www.miaphotobooth.net/post/what-you-need-for-a-360-photo-booth,2026-02-22,0,1,0.0,1.0,0.0
https://www.miaphotobooth.net/post/why-hire-a-photo-booth-for-your-event,2026-02-04,0,8,0.0,3.375,0.0
https://www.miaphotobooth.net/post/why-hire-a-photo-booth-for-your-event,2026-02-08,0,1,0.0,8.0,0.0
https://www.miaphotobooth.net/post/why-hire-a-photo-booth-for-your-event,2026-02-21,0,1,0.0,8.0,0.0
https://www.miaphotobooth.net/premier-photobooth-rental-in-miami-springs-fl,2025-12-05,0,1,0.0,160.0,0.0
https://www.miaphotobooth.net/premier-photobooth-rental-in-miami-springs-fl,2025-12-08,0,2,0.0,5.5,0.0
https://www.miaphotobooth.net/premier-photobooth-rental-in-miami-springs-fl,2025-12-09,0,2,0.0,25.0,0.0
https://www.miaphotobooth.net/premier-photobooth-rental-in-miami-springs-fl,2025-12-12,0,2,0.0,45.5,0.0
https://www.miaphotobooth.net/premier-photobooth-rental-in-miami-springs-fl,2025-12-13,0,1,0.0,2.0,0.0
https://www.miaphotobooth.net/premier-photobooth-rental-in-miami-springs-fl,2025-12-14,0,3,0.0,63.666666666666664,0.0
https://www.miaphotobooth.net/premier-photobooth-rental-in-miami-springs-fl,2025-12-15,0,1,0.0,10.0,0.0
https://www.miaphotobooth.net/premier-photobooth-rental-in-miami-springs-fl,2025-12-16,0,1,0.0,89.0,0.0
https://www.miaphotobooth.net/premier-photobooth-rental-in-miami-springs-fl,2025-12-17,0,2,0.0,64.0,0.0
https://www.miaphotobooth.net/premier-photobooth-rental-in-miami-springs-fl,2025-12-28,0,1,0.0,5.0,0.0
https://www.miaphotobooth.net/premier-photobooth-rental-in-miami-springs-fl,2025-12-31,0,1,0.0,1.0,0.0
https://www.miaphotobooth.net/premier-photobooth-rental-in-miami-springs-fl,2026-01-03,0,1,0.0,13.0,0.0
https://www.miaphotobooth.net/premier-photobooth-rental-in-miami-springs-fl,2026-01-04,0,1,0.0,59.0,0.0
https://www.miaphotobooth.net/premier-photobooth-rental-in-miami-springs-fl,2026-01-05,0,2,0.0,41.0,0.0
https://www.miaphotobooth.net/premier-photobooth-rental-in-miami-springs-fl,2026-01-06,0,6,0.0,34.333333333333336,0.0
https://www.miaphotobooth.net/premier-photobooth-rental-in-miami-springs-fl,2026-01-07,0,10,0.0,65.9,0.0
https://www.miaphotobooth.net/premier-photobooth-rental-in-miami-springs-fl,2026-01-08,0,2,0.0,59.5,0.0
https://www.miaphotobooth.net/premier-photobooth-rental-in-miami-springs-fl,2026-01-09,0,1,0.0,29.0,0.0
https://www.miaphotobooth.net/premier-photobooth-rental-in-miami-springs-fl,2026-01-10,0,2,0.0,12.0,0.0
https://www.miaphotobooth.net/premier-photobooth-rental-in-miami-springs-fl,2026-01-11,0,27,0.0,16.62962962962963,0.0
https://www.miaphotobooth.net/premier-photobooth-rental-in-miami-springs-fl,2026-01-12,0,5,0.0,13.4,0.0
https://www.miaphotobooth.net/premier-photobooth-rental-in-miami-springs-fl,2026-01-13,0,5,0.0,67.4,0.0
https://www.miaphotobooth.net/premier-photobooth-rental-in-miami-springs-fl,2026-01-15,0,4,0.0,32.0,0.0
https://www.miaphotobooth.net/premier-photobooth-rental-in-miami-springs-fl,2026-01-16,0,12,0.0,5.166666666666667,0.0
https://www.miaphotobooth.net/premier-photobooth-rental-in-miami-springs-fl,2026-01-17,0,4,0.0,9.75,0.0
https://www.miaphotobooth.net/premier-photobooth-rental-in-miami-springs-fl,2026-01-18,0,5,0.0,46.0,0.0
https://www.miaphotobooth.net/premier-photobooth-rental-in-miami-springs-fl,2026-01-19,0,6,0.0,9.833333333333334,0.0
https://www.miaphotobooth.net/premier-photobooth-rental-in-miami-springs-fl,2026-01-20,0,8,0.0,19.625,0.0
https://www.miaphotobooth.net/premier-photobooth-rental-in-miami-springs-fl,2026-01-22,0,4,0.0,19.25,0.0
https://www.miaphotobooth.net/premier-photobooth-rental-in-miami-springs-fl,2026-01-23,0,2,0.0,23.5,0.0
https://www.miaphotobooth.net/premier-photobooth-rental-in-miami-springs-fl,2026-01-25,0,1,0.0,44.0,0.0
https://www.miaphotobooth.net/premier-photobooth-rental-in-miami-springs-fl,2026-01-26,0,4,0.0,6.0,0.0
https://www.miaphotobooth.net/premier-photobooth-rental-in-miami-springs-fl,2026-01-27,0,4,0.0,9.0,0.0
https://www.miaphotobooth.net/premier-photobooth-rental-in-miami-springs-fl,2026-01-28,0,1,0.0,10.0,0.0
https://www.miaphotobooth.net/premier-photobooth-rental-in-miami-springs-fl,2026-01-29,0,4,0.0,56.5,0.0
https://www.miaphotobooth.net/premier-photobooth-rental-in-miami-springs-fl,2026-01-30,0,2,0.0,48.5,0.0
https://www.miaphotobooth.net/premier-photobooth-rental-in-miami-springs-fl,2026-02-01,0,1,0.0,99.0,0.0
https://www.miaphotobooth.net/premier-photobooth-rental-in-miami-springs-fl,2026-02-03,0,4,0.0,7.75,0.0
https://www.miaphotobooth.net/premier-photobooth-rental-in-miami-springs-fl,2026-02-04,0,12,0.0,7.666666666666667,0.0
https://www.miaphotobooth.net/premier-photobooth-rental-in-miami-springs-fl,2026-02-06,0,9,0.0,8.88888888888889,0.0
https://www.miaphotobooth.net/premier-photobooth-rental-in-miami-springs-fl,2026-02-07,0,2,0.0,6.0,0.0
https://www.miaphotobooth.net/premier-photobooth-rental-in-miami-springs-fl,2026-02-08,0,1,0.0,3.0,0.0
https://www.miaphotobooth.net/premier-photobooth-rental-in-miami-springs-fl,2026-02-09,0,3,0.0,84.33333333333333,0.0
https://www.miaphotobooth.net/premier-photobooth-rental-in-miami-springs-fl,2026-02-10,0,5,0.0,10.8,0.0
https://www.miaphotobooth.net/premier-photobooth-rental-in-miami-springs-fl,2026-02-12,0,2,0.0,22.5,0.0
https://www.miaphotobooth.net/premier-photobooth-rental-in-miami-springs-fl,2026-02-13,0,2,0.0,2.0,0.0
https://www.miaphotobooth.net/premier-photobooth-rental-in-miami-springs-fl,2026-02-14,0,2,0.0,8.5,0.0
https://www.miaphotobooth.net/premier-photobooth-rental-in-miami-springs-fl,2026-02-15,0,1,0.0,1.0,0.0
https://www.miaphotobooth.net/premier-photobooth-rental-in-miami-springs-fl,2026-02-17,0,1,0.0,1.0,0.0
https://www.miaphotobooth.net/premier-photobooth-rental-in-miami-springs-fl,2026-02-18,0,2,0.0,6.0,0.0
https://www.miaphotobooth.net/premier-photobooth-rental-in-miami-springs-fl,2026-02-19,0,1,0.0,2.0,0.0
https://www.miaphotobooth.net/premier-photobooth-rental-in-miami-springs-fl,2026-02-20,0,2,0.0,75.0,0.0
https://www.miaphotobooth.net/premier-photobooth-rental-in-miami-springs-fl,2026-02-22,0,1,0.0,2.0,0.0
https://www.miaphotobooth.net/premier-photobooth-rental-in-miami-springs-fl,2026-02-23,0,1,0.0,64.0,0.0
https://www.miaphotobooth.net/premier-photobooth-rental-in-miami-springs-fl,2026-02-24,0,6,0.0,1.1666666666666667,0.0
https://www.miaphotobooth.net/premier-photobooth-rental-in-miami-springs-fl,2026-02-25,0,1,0.0,5.0,0.0
https://www.miaphotobooth.net/premier-photobooth-rental-in-miami-springs-fl,2026-02-26,0,3,0.0,27.666666666666668,0.0
https://www.miaphotobooth.net/premier-photobooth-rental-in-miami-springs-fl,2026-02-27,0,1,0.0,2.0,0.0
https://www.miaphotobooth.net/premier-photobooth-rental-in-miami-springs-fl,2026-03-03,0,2,0.0,2.5,0.0
https://www.miaphotobooth.net/premium-photo-booth-rental-in-olympia-heights-fl,2025-12-06,0,1,0.0,1.0,0.0
https://www.miaphotobooth.net/premium-photo-booth-rental-in-olympia-heights-fl,2025-12-08,0,1,0.0,4.0,0.0
https://www.miaphotobooth.net/premium-photo-booth-rental-in-olympia-heights-fl,2025-12-11,0,1,0.0,9.0,0.0
https://www.miaphotobooth.net/premium-photo-booth-rental-in-olympia-heights-fl,2025-12-15,0,3,0.0,38.666666666666664,0.0
https://www.miaphotobooth.net/premium-photo-booth-rental-in-olympia-heights-fl,2025-12-18,0,1,0.0,9.0,0.0
https://www.miaphotobooth.net/premium-photo-booth-rental-in-olympia-heights-fl,2025-12-28,0,1,0.0,86.0,0.0
https://www.miaphotobooth.net/premium-photo-booth-rental-in-olympia-heights-fl,2025-12-29,0,1,0.0,12.0,0.0
https://www.miaphotobooth.net/premium-photo-booth-rental-in-olympia-heights-fl,2025-12-31,0,1,0.0,9.0,0.0
https://www.miaphotobooth.net/premium-photo-booth-rental-in-olympia-heights-fl,2026-01-05,0,9,0.0,25.0,0.0
https://www.miaphotobooth.net/premium-photo-booth-rental-in-olympia-heights-fl,2026-01-07,0,8,0.0,17.75,0.0
https://www.miaphotobooth.net/premium-photo-booth-rental-in-olympia-heights-fl,2026-01-09,0,1,0.0,29.0,0.0
https://www.miaphotobooth.net/premium-photo-booth-rental-in-olympia-heights-fl,2026-01-11,0,1,0.0,66.0,0.0
https://www.miaphotobooth.net/premium-photo-booth-rental-in-olympia-heights-fl,2026-01-12,0,1,0.0,3.0,0.0
https://www.miaphotobooth.net/premium-photo-booth-rental-in-olympia-heights-fl,2026-01-15,0,12,0.0,2.083333333333333,0.0
https://www.miaphotobooth.net/premium-photo-booth-rental-in-olympia-heights-fl,2026-01-17,0,2,0.0,2.5,0.0
https://www.miaphotobooth.net/premium-photo-booth-rental-in-olympia-heights-fl,2026-01-18,0,1,0.0,13.0,0.0
https://www.miaphotobooth.net/premium-photo-booth-rental-in-olympia-heights-fl,2026-01-19,0,1,0.0,12.0,0.0
https://www.miaphotobooth.net/premium-photo-booth-rental-in-olympia-heights-fl,2026-01-21,0,2,0.0,50.5,0.0
https://www.miaphotobooth.net/premium-photo-booth-rental-in-olympia-heights-fl,2026-01-25,0,1,0.0,97.0,0.0
https://www.miaphotobooth.net/premium-photo-booth-rental-in-olympia-heights-fl,2026-01-30,0,1,0.0,49.0,0.0
https://www.miaphotobooth.net/premium-photo-booth-rental-in-olympia-heights-fl,2026-02-01,0,1,0.0,12.0,0.0
https://www.miaphotobooth.net/premium-photo-booth-rental-in-olympia-heights-fl,2026-02-04,0,3,0.0,9.0,0.0
https://www.miaphotobooth.net/premium-photo-booth-rental-in-olympia-heights-fl,2026-02-06,0,2,0.0,12.0,0.0
https://www.miaphotobooth.net/premium-photo-booth-rental-in-olympia-heights-fl,2026-02-07,0,1,0.0,10.0,0.0
https://www.miaphotobooth.net/premium-photo-booth-rental-in-olympia-heights-fl,2026-02-09,0,4,0.0,75.75,0.0
https://www.miaphotobooth.net/premium-photo-booth-rental-in-olympia-heights-fl,2026-02-14,0,1,0.0,10.0,0.0
https://www.miaphotobooth.net/premium-photo-booth-rental-in-olympia-heights-fl,2026-02-15,0,4,0.0,10.25,0.0
https://www.miaphotobooth.net/premium-photo-booth-rental-in-olympia-heights-fl,2026-02-16,0,1,0.0,9.0,0.0
https://www.miaphotobooth.net/premium-photo-booth-rental-in-olympia-heights-fl,2026-02-17,0,1,0.0,4.0,0.0
https://www.miaphotobooth.net/premium-photo-booth-rental-in-olympia-heights-fl,2026-02-20,0,3,0.0,1.0,0.0
https://www.miaphotobooth.net/premium-photo-booth-rental-in-olympia-heights-fl,2026-02-21,0,1,0.0,8.0,0.0
https://www.miaphotobooth.net/premium-photo-booth-rental-in-olympia-heights-fl,2026-02-23,0,1,0.0,2.0,0.0
https://www.miaphotobooth.net/premium-photo-booth-rental-in-olympia-heights-fl,2026-02-26,0,1,0.0,2.0,0.0
https://www.miaphotobooth.net/premium-photo-booth-rental-in-olympia-heights-fl,2026-03-03,0,2,0.0,26.0,0.0
https://www.miaphotobooth.net/prime-photo-booth-rental-in-southeast-gables-fl,2025-12-04,0,9,0.0,82.0,0.0
https://www.miaphotobooth.net/prime-photo-booth-rental-in-southeast-gables-fl,2025-12-05,0,4,0.0,62.5,0.0
https://www.miaphotobooth.net/prime-photo-booth-rental-in-southeast-gables-fl,2025-12-06,0,2,0.0,85.0,0.0
https://www.miaphotobooth.net/prime-photo-booth-rental-in-southeast-gables-fl,2025-12-07,0,7,0.0,50.714285714285715,0.0
https://www.miaphotobooth.net/prime-photo-booth-rental-in-southeast-gables-fl,2025-12-08,0,10,0.0,39.9,0.0
https://www.miaphotobooth.net/prime-photo-booth-rental-in-southeast-gables-fl,2025-12-09,0,3,0.0,70.66666666666667,0.0
https://www.miaphotobooth.net/prime-photo-booth-rental-in-southeast-gables-fl,2025-12-10,0,6,0.0,55.0,0.0
https://www.miaphotobooth.net/prime-photo-booth-rental-in-southeast-gables-fl,2025-12-11,0,2,0.0,60.5,0.0
https://www.miaphotobooth.net/prime-photo-booth-rental-in-southeast-gables-fl,2025-12-12,0,4,0.0,55.0,0.0
https://www.miaphotobooth.net/prime-photo-booth-rental-in-southeast-gables-fl,2025-12-13,0,2,0.0,62.0,0.0
https://www.miaphotobooth.net/prime-photo-booth-rental-in-southeast-gables-fl,2025-12-14,0,1,0.0,92.0,0.0
https://www.miaphotobooth.net/prime-photo-booth-rental-in-southeast-gables-fl,2025-12-15,0,5,0.0,58.0,0.0
https://www.miaphotobooth.net/prime-photo-booth-rental-in-southeast-gables-fl,2025-12-16,0,4,0.0,67.25,0.0
https://www.miaphotobooth.net/prime-photo-booth-rental-in-southeast-gables-fl,2025-12-17,0,1,0.0,64.0,0.0
https://www.miaphotobooth.net/prime-photo-booth-rental-in-southeast-gables-fl,2025-12-18,0,6,0.0,76.16666666666667,0.0
https://www.miaphotobooth.net/prime-photo-booth-rental-in-southeast-gables-fl,2025-12-19,0,1,0.0,95.0,0.0
https://www.miaphotobooth.net/prime-photo-booth-rental-in-southeast-gables-fl,2025-12-20,0,4,0.0,73.0,0.0
https://www.miaphotobooth.net/prime-photo-booth-rental-in-southeast-gables-fl,2025-12-21,0,3,0.0,80.66666666666667,0.0
https://www.miaphotobooth.net/prime-photo-booth-rental-in-southeast-gables-fl,2025-12-22,0,2,0.0,73.5,0.0
https://www.miaphotobooth.net/prime-photo-booth-rental-in-southeast-gables-fl,2025-12-23,0,3,0.0,69.33333333333333,0.0
https://www.miaphotobooth.net/prime-photo-booth-rental-in-southeast-gables-fl,2025-12-24,0,2,0.0,70.0,0.0
https://www.miaphotobooth.net/prime-photo-booth-rental-in-southeast-gables-fl,2025-12-25,0,3,0.0,71.0,0.0
https://www.miaphotobooth.net/prime-photo-booth-rental-in-southeast-gables-fl,2025-12-26,0,4,0.0,62.75,0.0
https://www.miaphotobooth.net/prime-photo-booth-rental-in-southeast-gables-fl,2025-12-27,0,4,0.0,61.0,0.0
https://www.miaphotobooth.net/prime-photo-booth-rental-in-southeast-gables-fl,2025-12-28,0,3,0.0,52.333333333333336,0.0
https://www.miaphotobooth.net/prime-photo-booth-rental-in-southeast-gables-fl,2025-12-29,0,4,0.0,57.0,0.0
https://www.miaphotobooth.net/prime-photo-booth-rental-in-southeast-gables-fl,2025-12-30,0,1,0.0,30.0,0.0
https://www.miaphotobooth.net/prime-photo-booth-rental-in-southeast-gables-fl,2025-12-31,0,4,0.0,45.25,0.0
https://www.miaphotobooth.net/prime-photo-booth-rental-in-southeast-gables-fl,2026-01-01,0,1,0.0,31.0,0.0
https://www.miaphotobooth.net/prime-photo-booth-rental-in-southeast-gables-fl,2026-01-02,0,3,0.0,52.0,0.0
https://www.miaphotobooth.net/prime-photo-booth-rental-in-southeast-gables-fl,2026-01-03,0,3,0.0,48.0,0.0
https://www.miaphotobooth.net/prime-photo-booth-rental-in-southeast-gables-fl,2026-01-04,0,5,0.0,47.2,0.0
https://www.miaphotobooth.net/prime-photo-booth-rental-in-southeast-gables-fl,2026-01-05,0,10,0.0,47.6,0.0
https://www.miaphotobooth.net/prime-photo-booth-rental-in-southeast-gables-fl,2026-01-06,0,28,0.0,41.964285714285715,0.0
https://www.miaphotobooth.net/prime-photo-booth-rental-in-southeast-gables-fl,2026-01-07,0,8,0.0,59.5,0.0
https://www.miaphotobooth.net/prime-photo-booth-rental-in-southeast-gables-fl,2026-01-08,0,7,0.0,26.428571428571427,0.0
https://www.miaphotobooth.net/prime-photo-booth-rental-in-southeast-gables-fl,2026-01-09,0,2,0.0,60.0,0.0
https://www.miaphotobooth.net/prime-photo-booth-rental-in-southeast-gables-fl,2026-01-10,0,3,0.0,45.0,0.0
https://www.miaphotobooth.net/prime-photo-booth-rental-in-southeast-gables-fl,2026-01-11,0,1,0.0,43.0,0.0
https://www.miaphotobooth.net/prime-photo-booth-rental-in-southeast-gables-fl,2026-01-12,0,3,0.0,32.0,0.0
https://www.miaphotobooth.net/prime-photo-booth-rental-in-southeast-gables-fl,2026-01-13,0,4,0.0,61.75,0.0
https://www.miaphotobooth.net/prime-photo-booth-rental-in-southeast-gables-fl,2026-01-15,0,5,0.0,42.0,0.0
https://www.miaphotobooth.net/prime-photo-booth-rental-in-southeast-gables-fl,2026-01-16,0,4,0.0,36.5,0.0
https://www.miaphotobooth.net/prime-photo-booth-rental-in-southeast-gables-fl,2026-01-17,0,3,0.0,41.0,0.0
https://www.miaphotobooth.net/prime-photo-booth-rental-in-southeast-gables-fl,2026-01-18,0,6,0.0,51.666666666666664,0.0
https://www.miaphotobooth.net/prime-photo-booth-rental-in-southeast-gables-fl,2026-01-19,0,9,0.0,48.888888888888886,0.0
https://www.miaphotobooth.net/prime-photo-booth-rental-in-southeast-gables-fl,2026-01-20,0,9,0.0,64.0,0.0
https://www.miaphotobooth.net/prime-photo-booth-rental-in-southeast-gables-fl,2026-01-21,0,3,0.0,47.666666666666664,0.0
https://www.miaphotobooth.net/prime-photo-booth-rental-in-southeast-gables-fl,2026-01-22,0,7,0.0,69.71428571428571,0.0
https://www.miaphotobooth.net/prime-photo-booth-rental-in-southeast-gables-fl,2026-01-23,0,2,0.0,89.5,0.0
https://www.miaphotobooth.net/prime-photo-booth-rental-in-southeast-gables-fl,2026-01-24,0,5,0.0,72.2,0.0
https://www.miaphotobooth.net/prime-photo-booth-rental-in-southeast-gables-fl,2026-01-25,0,3,0.0,63.666666666666664,0.0
https://www.miaphotobooth.net/prime-photo-booth-rental-in-southeast-gables-fl,2026-01-26,0,7,0.0,50.714285714285715,0.0
https://www.miaphotobooth.net/prime-photo-booth-rental-in-southeast-gables-fl,2026-01-27,0,3,0.0,39.333333333333336,0.0
https://www.miaphotobooth.net/prime-photo-booth-rental-in-southeast-gables-fl,2026-01-28,0,1,0.0,75.0,0.0
https://www.miaphotobooth.net/prime-photo-booth-rental-in-southeast-gables-fl,2026-01-29,0,4,0.0,75.25,0.0
https://www.miaphotobooth.net/prime-photo-booth-rental-in-southeast-gables-fl,2026-01-30,0,7,0.0,76.42857142857143,0.0
https://www.miaphotobooth.net/prime-photo-booth-rental-in-southeast-gables-fl,2026-01-31,0,6,0.0,45.666666666666664,0.0
https://www.miaphotobooth.net/prime-photo-booth-rental-in-southeast-gables-fl,2026-02-01,0,4,0.0,64.5,0.0
https://www.miaphotobooth.net/prime-photo-booth-rental-in-southeast-gables-fl,2026-02-02,0,7,0.0,71.14285714285714,0.0
https://www.miaphotobooth.net/prime-photo-booth-rental-in-southeast-gables-fl,2026-02-03,0,4,0.0,68.5,0.0
https://www.miaphotobooth.net/prime-photo-booth-rental-in-southeast-gables-fl,2026-02-04,0,12,0.0,32.25,0.0
https://www.miaphotobooth.net/prime-photo-booth-rental-in-southeast-gables-fl,2026-02-05,0,6,0.0,65.5,0.0
https://www.miaphotobooth.net/prime-photo-booth-rental-in-southeast-gables-fl,2026-02-06,0,7,0.0,57.714285714285715,0.0
https://www.miaphotobooth.net/prime-photo-booth-rental-in-southeast-gables-fl,2026-02-08,0,7,0.0,39.42857142857143,0.0
https://www.miaphotobooth.net/prime-photo-booth-rental-in-southeast-gables-fl,2026-02-09,0,10,0.0,32.0,0.0
https://www.miaphotobooth.net/prime-photo-booth-rental-in-southeast-gables-fl,2026-02-10,0,4,0.0,35.25,0.0
https://www.miaphotobooth.net/prime-photo-booth-rental-in-southeast-gables-fl,2026-02-11,0,1,0.0,64.0,0.0
https://www.miaphotobooth.net/prime-photo-booth-rental-in-southeast-gables-fl,2026-02-13,0,2,0.0,46.5,0.0
https://www.miaphotobooth.net/prime-photo-booth-rental-in-southeast-gables-fl,2026-02-14,0,7,0.0,42.0,0.0
https://www.miaphotobooth.net/prime-photo-booth-rental-in-southeast-gables-fl,2026-02-15,0,1,0.0,93.0,0.0
https://www.miaphotobooth.net/prime-photo-booth-rental-in-southeast-gables-fl,2026-02-16,0,60,0.0,16.916666666666664,0.0
https://www.miaphotobooth.net/prime-photo-booth-rental-in-southeast-gables-fl,2026-02-17,0,5,0.0,68.6,0.0
https://www.miaphotobooth.net/prime-photo-booth-rental-in-southeast-gables-fl,2026-02-18,0,4,0.0,87.25,0.0
https://www.miaphotobooth.net/prime-photo-booth-rental-in-southeast-gables-fl,2026-02-19,0,6,0.0,65.83333333333333,0.0
https://www.miaphotobooth.net/prime-photo-booth-rental-in-southeast-gables-fl,2026-02-20,0,5,0.0,32.4,0.0
https://www.miaphotobooth.net/prime-photo-booth-rental-in-southeast-gables-fl,2026-02-21,0,9,0.0,34.111111111111114,0.0
https://www.miaphotobooth.net/prime-photo-booth-rental-in-southeast-gables-fl,2026-02-22,0,9,0.0,61.111111111111114,0.0
https://www.miaphotobooth.net/prime-photo-booth-rental-in-southeast-gables-fl,2026-02-23,0,4,0.0,74.0,0.0
https://www.miaphotobooth.net/prime-photo-booth-rental-in-southeast-gables-fl,2026-02-24,0,5,0.0,63.6,0.0
https://www.miaphotobooth.net/prime-photo-booth-rental-in-southeast-gables-fl,2026-02-25,0,4,0.0,66.5,0.0
https://www.miaphotobooth.net/prime-photo-booth-rental-in-southeast-gables-fl,2026-02-26,0,14,0.0,41.642857142857146,0.0
https://www.miaphotobooth.net/prime-photo-booth-rental-in-southeast-gables-fl,2026-02-27,0,7,0.0,34.142857142857146,0.0
https://www.miaphotobooth.net/prime-photo-booth-rental-in-southeast-gables-fl,2026-02-28,0,4,0.0,62.0,0.0
https://www.miaphotobooth.net/prime-photo-booth-rental-in-southeast-gables-fl,2026-03-01,0,3,0.0,63.666666666666664,0.0
https://www.miaphotobooth.net/prime-photo-booth-rental-in-southeast-gables-fl,2026-03-02,0,4,0.0,75.5,0.0
https://www.miaphotobooth.net/prime-photo-booth-rental-in-southeast-gables-fl,2026-03-03,0,3,0.0,79.66666666666667,0.0
https://www.miaphotobooth.net/professional-photo-booth-rental-in-university-park-fl,2025-12-05,0,1,0.0,67.0,0.0
https://www.miaphotobooth.net/professional-photo-booth-rental-in-university-park-fl,2025-12-08,0,1,0.0,1.0,0.0
https://www.miaphotobooth.net/professional-photo-booth-rental-in-university-park-fl,2025-12-15,0,1,0.0,57.0,0.0
https://www.miaphotobooth.net/professional-photo-booth-rental-in-university-park-fl,2025-12-28,0,1,0.0,6.0,0.0
https://www.miaphotobooth.net/professional-photo-booth-rental-in-university-park-fl,2026-01-03,0,1,0.0,9.0,0.0
https://www.miaphotobooth.net/professional-photo-booth-rental-in-university-park-fl,2026-01-08,0,2,0.0,97.5,0.0
https://www.miaphotobooth.net/professional-photo-booth-rental-in-university-park-fl,2026-01-11,0,1,0.0,101.0,0.0
https://www.miaphotobooth.net/professional-photo-booth-rental-in-university-park-fl,2026-01-19,0,4,0.0,44.25,0.0
https://www.miaphotobooth.net/professional-photo-booth-rental-in-university-park-fl,2026-01-20,0,6,0.0,49.0,0.0
https://www.miaphotobooth.net/professional-photo-booth-rental-in-university-park-fl,2026-01-21,0,4,0.0,5.75,0.0
https://www.miaphotobooth.net/professional-photo-booth-rental-in-university-park-fl,2026-01-22,0,1,0.0,5.0,0.0
https://www.miaphotobooth.net/professional-photo-booth-rental-in-university-park-fl,2026-02-04,0,2,0.0,13.0,0.0
https://www.miaphotobooth.net/professional-photo-booth-rental-in-university-park-fl,2026-02-09,0,3,0.0,5.666666666666667,0.0
https://www.miaphotobooth.net/professional-photo-booth-rental-in-university-park-fl,2026-02-10,0,1,0.0,3.0,0.0
https://www.miaphotobooth.net/professional-photo-booth-rental-in-university-park-fl,2026-02-11,0,2,0.0,5.0,0.0
https://www.miaphotobooth.net/professional-photo-booth-rental-in-university-park-fl,2026-02-13,0,1,0.0,8.0,0.0
https://www.miaphotobooth.net/professional-photo-booth-rental-in-university-park-fl,2026-02-15,0,1,0.0,9.0,0.0
https://www.miaphotobooth.net/professional-photo-booth-rental-in-university-park-fl,2026-02-16,0,10,0.0,79.3,0.0
https://www.miaphotobooth.net/professional-photo-booth-rental-in-university-park-fl,2026-02-18,0,1,0.0,20.0,0.0
https://www.miaphotobooth.net/professional-photo-booth-rental-in-university-park-fl,2026-02-27,0,2,0.0,51.5,0.0
https://www.miaphotobooth.net/professional-photo-booth-rental-in-university-park-fl,2026-02-28,0,1,0.0,77.0,0.0
https://www.miaphotobooth.net/professional-photo-booth-rental-in-university-park-fl,2026-03-01,0,1,0.0,77.0,0.0
https://www.miaphotobooth.net/professional-photo-booth-rental-in-university-park-fl,2026-03-02,0,1,0.0,72.0,0.0
https://www.miaphotobooth.net/quality-photo-booth-rental-in-spring-garden-fl,2026-02-03,0,1,0.0,116.0,0.0
https://www.miaphotobooth.net/quality-photo-booth-rental-in-spring-garden-fl,2026-02-04,0,1,0.0,11.0,0.0
https://www.miaphotobooth.net/quality-photo-booth-rental-in-spring-garden-fl,2026-02-10,0,2,0.0,25.5,0.0
https://www.miaphotobooth.net/quality-photo-booth-rental-in-spring-garden-fl,2026-03-02,0,2,0.0,3.0,0.0
https://www.miaphotobooth.net/reliable-photo-booth-rental-in-flagami-fl,2026-01-05,0,1,0.0,53.0,0.0
https://www.miaphotobooth.net/reliable-photo-booth-rental-in-flagami-fl,2026-01-07,0,2,0.0,29.5,0.0
https://www.miaphotobooth.net/reliable-photo-booth-rental-in-flagami-fl,2026-01-12,0,2,0.0,11.0,0.0
https://www.miaphotobooth.net/reliable-photo-booth-rental-in-flagami-fl,2026-01-13,0,1,0.0,75.0,0.0
https://www.miaphotobooth.net/reliable-photo-booth-rental-in-flagami-fl,2026-01-14,0,2,0.0,53.0,0.0
https://www.miaphotobooth.net/reliable-photo-booth-rental-in-flagami-fl,2026-01-17,0,1,0.0,11.0,0.0
https://www.miaphotobooth.net/reliable-photo-booth-rental-in-flagami-fl,2026-01-18,0,2,0.0,45.0,0.0
https://www.miaphotobooth.net/reliable-photo-booth-rental-in-flagami-fl,2026-01-19,0,5,0.0,20.0,0.0
https://www.miaphotobooth.net/reliable-photo-booth-rental-in-flagami-fl,2026-01-20,0,1,0.0,44.0,0.0
https://www.miaphotobooth.net/reliable-photo-booth-rental-in-flagami-fl,2026-01-25,0,2,0.0,47.0,0.0
https://www.miaphotobooth.net/reliable-photo-booth-rental-in-flagami-fl,2026-01-26,0,1,0.0,2.0,0.0
https://www.miaphotobooth.net/reliable-photo-booth-rental-in-flagami-fl,2026-01-29,0,1,0.0,9.0,0.0
https://www.miaphotobooth.net/reliable-photo-booth-rental-in-flagami-fl,2026-01-30,0,1,0.0,10.0,0.0
https://www.miaphotobooth.net/reliable-photo-booth-rental-in-flagami-fl,2026-02-04,0,1,0.0,15.0,0.0
https://www.miaphotobooth.net/reliable-photo-booth-rental-in-flagami-fl,2026-02-05,0,1,0.0,12.0,0.0
https://www.miaphotobooth.net/reliable-photo-booth-rental-in-flagami-fl,2026-02-09,0,3,0.0,88.66666666666667,0.0
https://www.miaphotobooth.net/reliable-photo-booth-rental-in-flagami-fl,2026-02-10,0,2,0.0,11.5,0.0
https://www.miaphotobooth.net/reliable-photo-booth-rental-in-flagami-fl,2026-02-11,0,2,0.0,5.5,0.0
https://www.miaphotobooth.net/reliable-photo-booth-rental-in-flagami-fl,2026-02-12,0,9,0.0,62.111111111111114,0.0
https://www.miaphotobooth.net/reliable-photo-booth-rental-in-flagami-fl,2026-02-15,0,1,0.0,97.0,0.0
https://www.miaphotobooth.net/reliable-photo-booth-rental-in-flagami-fl,2026-02-16,0,23,0.0,37.34782608695652,0.0
https://www.miaphotobooth.net/reliable-photo-booth-rental-in-flagami-fl,2026-02-26,0,1,0.0,2.0,0.0
https://www.miaphotobooth.net/reliable-photo-booth-rental-in-flagami-fl,2026-02-27,0,3,0.0,1.0,0.0
https://www.miaphotobooth.net/reliable-photo-booth-rental-in-flagami-fl,2026-03-02,0,1,0.0,82.0,0.0
https://www.miaphotobooth.net/roamer-booth,2025-12-04,0,2,0.0,16.5,0.0
https://www.miaphotobooth.net/roamer-booth,2025-12-05,0,4,0.0,23.25,0.0
https://www.miaphotobooth.net/roamer-booth,2025-12-06,0,2,0.0,25.0,0.0
https://www.miaphotobooth.net/roamer-booth,2025-12-07,0,4,0.0,16.75,0.0
https://www.miaphotobooth.net/roamer-booth,2025-12-08,0,6,0.0,26.5,0.0
https://www.miaphotobooth.net/roamer-booth,2025-12-09,0,1,0.0,42.0,0.0
https://www.miaphotobooth.net/roamer-booth,2025-12-10,0,1,0.0,26.0,0.0
https://www.miaphotobooth.net/roamer-booth,2025-12-11,0,1,0.0,42.0,0.0
https://www.miaphotobooth.net/roamer-booth,2025-12-12,0,2,0.0,26.0,0.0
https://www.miaphotobooth.net/roamer-booth,2025-12-13,0,3,0.0,5.666666666666667,0.0
https://www.miaphotobooth.net/roamer-booth,2025-12-14,0,2,0.0,20.0,0.0
https://www.miaphotobooth.net/roamer-booth,2025-12-15,0,1,0.0,20.0,0.0
https://www.miaphotobooth.net/roamer-booth,2025-12-17,0,5,0.0,38.4,0.0
https://www.miaphotobooth.net/roamer-booth,2025-12-19,0,2,0.0,22.5,0.0
https://www.miaphotobooth.net/roamer-booth,2025-12-21,0,2,0.0,10.5,0.0
https://www.miaphotobooth.net/roamer-booth,2025-12-22,0,4,0.0,38.5,0.0
https://www.miaphotobooth.net/roamer-booth,2025-12-23,0,2,0.0,97.5,0.0
https://www.miaphotobooth.net/roamer-booth,2025-12-25,0,1,0.0,48.0,0.0
https://www.miaphotobooth.net/roamer-booth,2025-12-26,0,3,0.0,21.333333333333332,0.0
https://www.miaphotobooth.net/roamer-booth,2025-12-27,0,3,0.0,9.333333333333334,0.0
https://www.miaphotobooth.net/roamer-booth,2025-12-28,0,1,0.0,1.0,0.0
https://www.miaphotobooth.net/roamer-booth,2025-12-29,0,2,0.0,10.0,0.0
https://www.miaphotobooth.net/roamer-booth,2025-12-30,0,1,0.0,6.0,0.0
https://www.miaphotobooth.net/roamer-booth,2025-12-31,0,1,0.0,44.0,0.0
https://www.miaphotobooth.net/roamer-booth,2026-01-01,0,1,0.0,22.0,0.0
https://www.miaphotobooth.net/roamer-booth,2026-01-02,0,2,0.0,43.5,0.0
https://www.miaphotobooth.net/roamer-booth,2026-01-03,0,1,0.0,31.0,0.0
https://www.miaphotobooth.net/roamer-booth,2026-01-04,0,2,0.0,23.5,0.0
https://www.miaphotobooth.net/roamer-booth,2026-01-05,0,1,0.0,21.0,0.0
https://www.miaphotobooth.net/roamer-booth,2026-01-06,0,1,0.0,26.0,0.0
https://www.miaphotobooth.net/roamer-booth,2026-01-07,0,3,0.0,4.333333333333334,0.0
https://www.miaphotobooth.net/roamer-booth,2026-01-08,0,3,0.0,17.666666666666668,0.0
https://www.miaphotobooth.net/roamer-booth,2026-01-09,0,4,0.0,48.25,0.0
https://www.miaphotobooth.net/roamer-booth,2026-01-10,0,4,0.0,20.5,0.0
https://www.miaphotobooth.net/roamer-booth,2026-01-11,0,1,0.0,50.0,0.0
https://www.miaphotobooth.net/roamer-booth,2026-01-12,0,1,0.0,2.0,0.0
https://www.miaphotobooth.net/roamer-booth,2026-01-13,0,1,0.0,10.0,0.0
https://www.miaphotobooth.net/roamer-booth,2026-01-14,0,2,0.0,37.5,0.0
https://www.miaphotobooth.net/roamer-booth,2026-01-15,0,2,0.0,13.0,0.0
https://www.miaphotobooth.net/roamer-booth,2026-01-16,0,1,0.0,50.0,0.0
https://www.miaphotobooth.net/roamer-booth,2026-01-17,0,1,0.0,6.0,0.0
https://www.miaphotobooth.net/roamer-booth,2026-01-18,0,3,0.0,11.0,0.0
https://www.miaphotobooth.net/roamer-booth,2026-01-19,0,7,0.0,13.714285714285714,0.0
https://www.miaphotobooth.net/roamer-booth,2026-01-20,0,3,0.0,29.333333333333332,0.0
https://www.miaphotobooth.net/roamer-booth,2026-01-21,0,3,0.0,17.333333333333332,0.0
https://www.miaphotobooth.net/roamer-booth,2026-01-22,0,1,0.0,85.0,0.0
https://www.miaphotobooth.net/roamer-booth,2026-01-23,0,3,0.0,21.333333333333332,0.0
https://www.miaphotobooth.net/roamer-booth,2026-01-25,0,3,0.0,13.333333333333334,0.0
https://www.miaphotobooth.net/roamer-booth,2026-01-26,0,4,0.0,22.5,0.0
https://www.miaphotobooth.net/roamer-booth,2026-01-27,0,6,0.0,11.5,0.0
https://www.miaphotobooth.net/roamer-booth,2026-01-28,0,3,0.0,12.666666666666666,0.0
https://www.miaphotobooth.net/roamer-booth,2026-01-29,0,2,0.0,15.0,0.0
https://www.miaphotobooth.net/roamer-booth,2026-01-30,0,3,0.0,45.666666666666664,0.0
https://www.miaphotobooth.net/roamer-booth,2026-01-31,0,8,0.0,21.0,0.0
https://www.miaphotobooth.net/roamer-booth,2026-02-01,0,2,0.0,1.0,0.0
https://www.miaphotobooth.net/roamer-booth,2026-02-02,0,1,0.0,14.0,0.0
https://www.miaphotobooth.net/roamer-booth,2026-02-03,0,1,0.0,45.0,0.0
https://www.miaphotobooth.net/roamer-booth,2026-02-04,0,16,0.0,11.75,0.0
https://www.miaphotobooth.net/roamer-booth,2026-02-05,0,6,0.0,7.333333333333333,0.0
https://www.miaphotobooth.net/roamer-booth,2026-02-06,0,3,0.0,20.0,0.0
https://www.miaphotobooth.net/roamer-booth,2026-02-07,0,7,0.0,30.142857142857142,0.0
https://www.miaphotobooth.net/roamer-booth,2026-02-08,0,3,0.0,4.333333333333334,0.0
https://www.miaphotobooth.net/roamer-booth,2026-02-09,0,11,0.0,23.636363636363637,0.0
https://www.miaphotobooth.net/roamer-booth,2026-02-10,0,4,0.0,33.5,0.0
https://www.miaphotobooth.net/roamer-booth,2026-02-11,0,5,0.0,20.8,0.0
https://www.miaphotobooth.net/roamer-booth,2026-02-12,0,3,0.0,9.0,0.0
https://www.miaphotobooth.net/roamer-booth,2026-02-13,0,9,0.0,16.555555555555557,0.0
https://www.miaphotobooth.net/roamer-booth,2026-02-14,0,5,0.0,14.2,0.0
https://www.miaphotobooth.net/roamer-booth,2026-02-15,0,3,0.0,16.666666666666664,0.0
https://www.miaphotobooth.net/roamer-booth,2026-02-16,0,33,0.0,39.93939393939394,0.0
https://www.miaphotobooth.net/roamer-booth,2026-02-17,0,7,0.0,17.857142857142858,0.0
https://www.miaphotobooth.net/roamer-booth,2026-02-18,0,5,0.0,5.4,0.0
https://www.miaphotobooth.net/roamer-booth,2026-02-20,0,7,0.0,15.714285714285714,0.0
https://www.miaphotobooth.net/roamer-booth,2026-02-21,0,7,0.0,14.571428571428571,0.0
https://www.miaphotobooth.net/roamer-booth,2026-02-22,0,13,0.0,7.6923076923076925,0.0
https://www.miaphotobooth.net/roamer-booth,2026-02-23,0,11,0.0,16.727272727272727,0.0
https://www.miaphotobooth.net/roamer-booth,2026-02-24,0,8,0.0,14.375,0.0
https://www.miaphotobooth.net/roamer-booth,2026-02-25,0,5,0.0,6.4,0.0
https://www.miaphotobooth.net/roamer-booth,2026-02-26,0,2,0.0,9.0,0.0
https://www.miaphotobooth.net/roamer-booth,2026-02-27,0,8,0.0,35.25,0.0
https://www.miaphotobooth.net/roamer-booth,2026-02-28,0,2,0.0,3.0,0.0
https://www.miaphotobooth.net/roamer-booth,2026-03-02,0,8,0.0,19.875,0.0
https://www.miaphotobooth.net/roamer-booth,2026-03-03,0,8,0.0,20.5,0.0
https://www.miaphotobooth.net/serving-all-of-miami-fl,2025-12-04,0,14,0.0,13.785714285714286,0.0
https://www.miaphotobooth.net/serving-all-of-miami-fl,2025-12-05,0,15,0.0,16.0,0.0
https://www.miaphotobooth.net/serving-all-of-miami-fl,2025-12-06,0,9,0.0,6.444444444444445,0.0
https://www.miaphotobooth.net/serving-all-of-miami-fl,2025-12-07,0,24,0.0,7.375,0.0
https://www.miaphotobooth.net/serving-all-of-miami-fl,2025-12-08,0,13,0.0,13.76923076923077,0.0
https://www.miaphotobooth.net/serving-all-of-miami-fl,2025-12-09,0,32,0.0,6.84375,0.0
https://www.miaphotobooth.net/serving-all-of-miami-fl,2025-12-10,0,10,0.0,21.6,0.0
https://www.miaphotobooth.net/serving-all-of-miami-fl,2025-12-11,0,11,0.0,10.0,0.0
https://www.miaphotobooth.net/serving-all-of-miami-fl,2025-12-12,0,12,0.0,11.333333333333334,0.0
https://www.miaphotobooth.net/serving-all-of-miami-fl,2025-12-13,0,5,0.0,6.4,0.0
https://www.miaphotobooth.net/serving-all-of-miami-fl,2025-12-14,0,12,0.0,13.416666666666666,0.0
https://www.miaphotobooth.net/serving-all-of-miami-fl,2025-12-15,0,10,0.0,8.2,0.0
https://www.miaphotobooth.net/serving-all-of-miami-fl,2025-12-16,0,15,0.0,15.6,0.0
https://www.miaphotobooth.net/serving-all-of-miami-fl,2025-12-17,0,9,0.0,5.333333333333333,0.0
https://www.miaphotobooth.net/serving-all-of-miami-fl,2025-12-18,0,6,0.0,7.666666666666667,0.0
https://www.miaphotobooth.net/serving-all-of-miami-fl,2025-12-19,0,8,0.0,9.125,0.0
https://www.miaphotobooth.net/serving-all-of-miami-fl,2025-12-20,0,14,0.0,4.785714285714286,0.0
https://www.miaphotobooth.net/serving-all-of-miami-fl,2025-12-21,0,15,0.0,5.133333333333334,0.0
https://www.miaphotobooth.net/serving-all-of-miami-fl,2025-12-22,0,11,0.0,9.272727272727273,0.0
https://www.miaphotobooth.net/serving-all-of-miami-fl,2025-12-23,0,17,0.0,3.176470588235294,0.0
https://www.miaphotobooth.net/serving-all-of-miami-fl,2025-12-24,0,7,0.0,3.0,0.0
https://www.miaphotobooth.net/serving-all-of-miami-fl,2025-12-25,0,14,0.0,4.214285714285714,0.0
https://www.miaphotobooth.net/serving-all-of-miami-fl,2025-12-26,0,9,0.0,3.3333333333333335,0.0
https://www.miaphotobooth.net/serving-all-of-miami-fl,2025-12-27,0,6,0.0,8.333333333333332,0.0
https://www.miaphotobooth.net/serving-all-of-miami-fl,2025-12-28,0,18,0.0,6.777777777777778,0.0
https://www.miaphotobooth.net/serving-all-of-miami-fl,2025-12-29,0,6,0.0,7.0,0.0
https://www.miaphotobooth.net/serving-all-of-miami-fl,2025-12-30,0,19,0.0,8.052631578947368,0.0
https://www.miaphotobooth.net/serving-all-of-miami-fl,2025-12-31,0,23,0.0,6.956521739130435,0.0
https://www.miaphotobooth.net/serving-all-of-miami-fl,2026-01-01,0,15,0.0,9.733333333333333,0.0
https://www.miaphotobooth.net/serving-all-of-miami-fl,2026-01-02,0,27,0.0,13.703703703703704,0.0
https://www.miaphotobooth.net/serving-all-of-miami-fl,2026-01-03,0,16,0.0,7.9375,0.0
https://www.miaphotobooth.net/serving-all-of-miami-fl,2026-01-04,0,22,0.0,8.0,0.0
https://www.miaphotobooth.net/serving-all-of-miami-fl,2026-01-05,0,58,0.0,17.137931034482758,0.0
https://www.miaphotobooth.net/serving-all-of-miami-fl,2026-01-06,0,40,0.0,11.95,0.0
https://www.miaphotobooth.net/serving-all-of-miami-fl,2026-01-07,0,25,0.0,17.56,0.0
https://www.miaphotobooth.net/serving-all-of-miami-fl,2026-01-08,0,29,0.0,10.206896551724139,0.0
https://www.miaphotobooth.net/serving-all-of-miami-fl,2026-01-09,0,32,0.0,9.3125,0.0
https://www.miaphotobooth.net/serving-all-of-miami-fl,2026-01-10,0,25,0.0,12.76,0.0
https://www.miaphotobooth.net/serving-all-of-miami-fl,2026-01-11,0,31,0.0,16.193548387096776,0.0
https://www.miaphotobooth.net/serving-all-of-miami-fl,2026-01-12,0,17,0.0,11.647058823529411,0.0
https://www.miaphotobooth.net/serving-all-of-miami-fl,2026-01-13,0,28,0.0,9.428571428571429,0.0
https://www.miaphotobooth.net/serving-all-of-miami-fl,2026-01-14,0,23,0.0,6.434782608695652,0.0
https://www.miaphotobooth.net/serving-all-of-miami-fl,2026-01-15,0,37,0.0,9.891891891891891,0.0
https://www.miaphotobooth.net/serving-all-of-miami-fl,2026-01-16,0,32,0.0,8.9375,0.0
https://www.miaphotobooth.net/serving-all-of-miami-fl,2026-01-17,0,29,0.0,7.103448275862069,0.0
https://www.miaphotobooth.net/serving-all-of-miami-fl,2026-01-18,0,47,0.0,9.851063829787234,0.0
https://www.miaphotobooth.net/serving-all-of-miami-fl,2026-01-19,0,78,0.0,9.448717948717949,0.0
https://www.miaphotobooth.net/serving-all-of-miami-fl,2026-01-20,0,67,0.0,9.373134328358208,0.0
https://www.miaphotobooth.net/serving-all-of-miami-fl,2026-01-21,0,24,0.0,7.125,0.0
https://www.miaphotobooth.net/serving-all-of-miami-fl,2026-01-22,0,19,0.0,7.368421052631579,0.0
https://www.miaphotobooth.net/serving-all-of-miami-fl,2026-01-23,0,15,0.0,8.2,0.0
https://www.miaphotobooth.net/serving-all-of-miami-fl,2026-01-24,0,7,0.0,5.285714285714286,0.0
https://www.miaphotobooth.net/serving-all-of-miami-fl,2026-01-25,0,12,0.0,7.75,0.0
https://www.miaphotobooth.net/serving-all-of-miami-fl,2026-01-26,0,20,0.0,6.7,0.0
https://www.miaphotobooth.net/serving-all-of-miami-fl,2026-01-27,0,11,0.0,10.090909090909092,0.0
https://www.miaphotobooth.net/serving-all-of-miami-fl,2026-01-28,0,10,0.0,8.4,0.0
https://www.miaphotobooth.net/serving-all-of-miami-fl,2026-01-29,0,16,0.0,25.25,0.0
https://www.miaphotobooth.net/serving-all-of-miami-fl,2026-01-30,0,11,0.0,15.272727272727273,0.0
https://www.miaphotobooth.net/serving-all-of-miami-fl,2026-01-31,0,12,0.0,7.0,0.0
https://www.miaphotobooth.net/serving-all-of-miami-fl,2026-02-01,0,24,0.0,19.291666666666668,0.0
https://www.miaphotobooth.net/serving-all-of-miami-fl,2026-02-02,0,22,0.0,7.318181818181818,0.0
https://www.miaphotobooth.net/serving-all-of-miami-fl,2026-02-03,0,14,0.0,9.142857142857142,0.0
https://www.miaphotobooth.net/serving-all-of-miami-fl,2026-02-04,0,29,0.0,11.172413793103448,0.0
https://www.miaphotobooth.net/serving-all-of-miami-fl,2026-02-05,0,10,0.0,21.8,0.0
https://www.miaphotobooth.net/serving-all-of-miami-fl,2026-02-06,0,37,0.0,8.675675675675675,0.0
https://www.miaphotobooth.net/serving-all-of-miami-fl,2026-02-07,0,12,0.0,18.75,0.0
https://www.miaphotobooth.net/serving-all-of-miami-fl,2026-02-08,0,16,0.0,11.0625,0.0
https://www.miaphotobooth.net/serving-all-of-miami-fl,2026-02-09,0,13,0.0,17.0,0.0
https://www.miaphotobooth.net/serving-all-of-miami-fl,2026-02-10,0,46,0.0,9.543478260869565,0.0
https://www.miaphotobooth.net/serving-all-of-miami-fl,2026-02-11,0,1,0.0,1.0,0.0
https://www.miaphotobooth.net/serving-all-of-miami-fl,2026-02-12,0,23,0.0,22.347826086956523,0.0
https://www.miaphotobooth.net/serving-all-of-miami-fl,2026-02-13,0,40,0.0,29.975,0.0
https://www.miaphotobooth.net/serving-all-of-miami-fl,2026-02-14,0,15,0.0,13.6,0.0
https://www.miaphotobooth.net/serving-all-of-miami-fl,2026-02-15,0,39,0.0,39.30769230769231,0.0
https://www.miaphotobooth.net/serving-all-of-miami-fl,2026-02-16,0,93,0.0,33.913978494623656,0.0
https://www.miaphotobooth.net/serving-all-of-miami-fl,2026-02-17,0,13,0.0,4.615384615384615,0.0
https://www.miaphotobooth.net/serving-all-of-miami-fl,2026-02-18,0,25,0.0,18.56,0.0
https://www.miaphotobooth.net/serving-all-of-miami-fl,2026-02-19,0,6,0.0,7.833333333333333,0.0
https://www.miaphotobooth.net/serving-all-of-miami-fl,2026-02-20,0,8,0.0,14.375,0.0
https://www.miaphotobooth.net/serving-all-of-miami-fl,2026-02-21,0,26,0.0,7.961538461538462,0.0
https://www.miaphotobooth.net/serving-all-of-miami-fl,2026-02-22,0,25,0.0,12.24,0.0
https://www.miaphotobooth.net/serving-all-of-miami-fl,2026-02-23,0,18,0.0,37.55555555555556,0.0
https://www.miaphotobooth.net/serving-all-of-miami-fl,2026-02-24,0,20,0.0,20.7,0.0
https://www.miaphotobooth.net/serving-all-of-miami-fl,2026-02-25,0,5,0.0,14.2,0.0
https://www.miaphotobooth.net/serving-all-of-miami-fl,2026-02-26,0,17,0.0,14.470588235294118,0.0
https://www.miaphotobooth.net/serving-all-of-miami-fl,2026-02-27,0,17,0.0,8.529411764705882,0.0
https://www.miaphotobooth.net/serving-all-of-miami-fl,2026-02-28,0,6,0.0,6.666666666666667,0.0
https://www.miaphotobooth.net/serving-all-of-miami-fl,2026-03-01,0,12,0.0,9.416666666666666,0.0
https://www.miaphotobooth.net/serving-all-of-miami-fl,2026-03-02,0,26,0.0,16.884615384615387,0.0
https://www.miaphotobooth.net/serving-all-of-miami-fl,2026-03-03,0,17,0.0,18.294117647058822,0.0
https://www.miaphotobooth.net/social-booth,2025-12-05,0,1,0.0,12.0,0.0
https://www.miaphotobooth.net/social-booth,2025-12-07,0,3,0.0,10.333333333333334,0.0
https://www.miaphotobooth.net/social-booth,2025-12-08,0,2,0.0,11.0,0.0
https://www.miaphotobooth.net/social-booth,2025-12-10,0,1,0.0,1.0,0.0
https://www.miaphotobooth.net/social-booth,2025-12-12,0,2,0.0,15.0,0.0
https://www.miaphotobooth.net/social-booth,2025-12-18,0,1,0.0,10.0,0.0
https://www.miaphotobooth.net/social-booth,2025-12-23,0,2,0.0,7.0,0.0
https://www.miaphotobooth.net/social-booth,2025-12-25,0,2,0.0,17.0,0.0
https://www.miaphotobooth.net/social-booth,2025-12-28,0,1,0.0,2.0,0.0
https://www.miaphotobooth.net/social-booth,2025-12-30,0,1,0.0,8.0,0.0
https://www.miaphotobooth.net/social-booth,2025-12-31,0,1,0.0,9.0,0.0
https://www.miaphotobooth.net/social-booth,2026-01-01,0,2,0.0,8.0,0.0
https://www.miaphotobooth.net/social-booth,2026-01-05,0,1,0.0,5.0,0.0
https://www.miaphotobooth.net/social-booth,2026-01-06,0,2,0.0,8.5,0.0
https://www.miaphotobooth.net/social-booth,2026-01-07,0,2,0.0,8.0,0.0
https://www.miaphotobooth.net/social-booth,2026-01-08,0,1,0.0,8.0,0.0
https://www.miaphotobooth.net/social-booth,2026-01-12,0,2,0.0,7.5,0.0
https://www.miaphotobooth.net/social-booth,2026-01-13,0,1,0.0,12.0,0.0
https://www.miaphotobooth.net/social-booth,2026-01-14,0,5,0.0,9.0,0.0
https://www.miaphotobooth.net/social-booth,2026-01-15,0,1,0.0,8.0,0.0
https://www.miaphotobooth.net/social-booth,2026-01-16,0,1,0.0,5.0,0.0
https://www.miaphotobooth.net/social-booth,2026-01-18,0,1,0.0,8.0,0.0
https://www.miaphotobooth.net/social-booth,2026-01-22,0,1,0.0,8.0,0.0
https://www.miaphotobooth.net/social-booth,2026-01-26,0,3,0.0,5.0,0.0
https://www.miaphotobooth.net/social-booth,2026-01-27,0,1,0.0,8.0,0.0
https://www.miaphotobooth.net/social-booth,2026-01-30,0,2,0.0,21.5,0.0
https://www.miaphotobooth.net/social-booth,2026-02-02,0,1,0.0,19.0,0.0
https://www.miaphotobooth.net/social-booth,2026-02-04,0,3,0.0,6.666666666666667,0.0
https://www.miaphotobooth.net/social-booth,2026-02-05,0,1,0.0,8.0,0.0
https://www.miaphotobooth.net/social-booth,2026-02-08,0,1,0.0,3.0,0.0
https://www.miaphotobooth.net/social-booth,2026-02-12,0,1,0.0,7.0,0.0
https://www.miaphotobooth.net/social-booth,2026-02-16,0,1,0.0,2.0,0.0
https://www.miaphotobooth.net/social-booth,2026-02-19,0,1,0.0,10.0,0.0
https://www.miaphotobooth.net/social-booth,2026-02-20,0,3,0.0,8.0,0.0
https://www.miaphotobooth.net/social-booth,2026-02-25,0,2,0.0,7.5,0.0
https://www.miaphotobooth.net/social-booth,2026-02-26,0,1,0.0,9.0,0.0
https://www.miaphotobooth.net/social-booth,2026-03-01,0,1,0.0,1.0,0.0
https://www.miaphotobooth.net/social-booth,2026-03-03,0,1,0.0,6.0,0.0
https://www.miaphotobooth.net/studio-booth,2025-12-05,0,2,0.0,3.0,0.0
https://www.miaphotobooth.net/studio-booth,2025-12-07,0,1,0.0,9.0,0.0
https://www.miaphotobooth.net/studio-booth,2025-12-08,0,1,0.0,9.0,0.0
https://www.miaphotobooth.net/studio-booth,2025-12-09,0,1,0.0,2.0,0.0
https://www.miaphotobooth.net/studio-booth,2025-12-11,0,1,0.0,18.0,0.0
https://www.miaphotobooth.net/studio-booth,2025-12-12,0,2,0.0,1.5,0.0
https://www.miaphotobooth.net/studio-booth,2025-12-13,0,1,0.0,2.0,0.0
https://www.miaphotobooth.net/studio-booth,2025-12-14,0,1,0.0,50.0,0.0
https://www.miaphotobooth.net/studio-booth,2025-12-17,0,2,0.0,5.0,0.0
https://www.miaphotobooth.net/studio-booth,2025-12-21,0,1,0.0,6.0,0.0
https://www.miaphotobooth.net/studio-booth,2025-12-27,0,1,0.0,9.0,0.0
https://www.miaphotobooth.net/studio-booth,2025-12-28,0,1,0.0,10.0,0.0
https://www.miaphotobooth.net/studio-booth,2025-12-29,0,1,0.0,3.0,0.0
https://www.miaphotobooth.net/studio-booth,2025-12-30,0,3,0.0,6.666666666666667,0.0
https://www.miaphotobooth.net/studio-booth,2025-12-31,0,3,0.0,5.666666666666667,0.0
https://www.miaphotobooth.net/studio-booth,2026-01-02,0,1,0.0,8.0,0.0
https://www.miaphotobooth.net/studio-booth,2026-01-03,0,1,0.0,1.0,0.0
https://www.miaphotobooth.net/studio-booth,2026-01-05,0,2,0.0,10.0,0.0
https://www.miaphotobooth.net/studio-booth,2026-01-07,0,2,0.0,7.0,0.0
https://www.miaphotobooth.net/studio-booth,2026-01-08,0,2,0.0,8.0,0.0
https://www.miaphotobooth.net/studio-booth,2026-01-10,0,1,0.0,7.0,0.0
https://www.miaphotobooth.net/studio-booth,2026-01-11,0,2,0.0,3.0,0.0
https://www.miaphotobooth.net/studio-booth,2026-01-12,0,1,0.0,2.0,0.0
https://www.miaphotobooth.net/studio-booth,2026-01-13,0,1,0.0,84.0,0.0
https://www.miaphotobooth.net/studio-booth,2026-01-14,0,5,0.0,9.0,0.0
https://www.miaphotobooth.net/studio-booth,2026-01-15,0,2,0.0,29.0,0.0
https://www.miaphotobooth.net/studio-booth,2026-01-16,0,1,0.0,6.0,0.0
https://www.miaphotobooth.net/studio-booth,2026-01-17,0,2,0.0,1.0,0.0
https://www.miaphotobooth.net/studio-booth,2026-01-18,0,8,0.0,6.875,0.0
https://www.miaphotobooth.net/studio-booth,2026-01-19,0,3,0.0,27.333333333333332,0.0
https://www.miaphotobooth.net/studio-booth,2026-01-20,0,1,0.0,2.0,0.0
https://www.miaphotobooth.net/studio-booth,2026-01-22,0,5,0.0,7.0,0.0
https://www.miaphotobooth.net/studio-booth,2026-01-24,0,6,0.0,8.666666666666668,0.0
https://www.miaphotobooth.net/studio-booth,2026-01-25,0,1,0.0,5.0,0.0
https://www.miaphotobooth.net/studio-booth,2026-01-26,0,8,0.0,6.125,0.0
https://www.miaphotobooth.net/studio-booth,2026-01-27,0,5,0.0,7.8,0.0
https://www.miaphotobooth.net/studio-booth,2026-01-28,0,4,0.0,9.25,0.0
https://www.miaphotobooth.net/studio-booth,2026-01-29,0,5,0.0,8.6,0.0
https://www.miaphotobooth.net/studio-booth,2026-01-30,0,5,0.0,8.6,0.0
https://www.miaphotobooth.net/studio-booth,2026-01-31,0,4,0.0,7.5,0.0
https://www.miaphotobooth.net/studio-booth,2026-02-01,0,5,0.0,9.6,0.0
https://www.miaphotobooth.net/studio-booth,2026-02-04,0,12,0.0,5.916666666666667,0.0
https://www.miaphotobooth.net/studio-booth,2026-02-05,0,4,0.0,3.5,0.0
https://www.miaphotobooth.net/studio-booth,2026-02-06,0,1,0.0,11.0,0.0
https://www.miaphotobooth.net/studio-booth,2026-02-07,0,1,0.0,1.0,0.0
https://www.miaphotobooth.net/studio-booth,2026-02-08,0,1,0.0,7.0,0.0
https://www.miaphotobooth.net/studio-booth,2026-02-13,0,1,0.0,64.0,0.0
https://www.miaphotobooth.net/studio-booth,2026-02-16,0,9,0.0,16.0,0.0
https://www.miaphotobooth.net/studio-booth,2026-02-18,0,1,0.0,9.0,0.0
https://www.miaphotobooth.net/studio-booth,2026-02-22,0,1,0.0,2.0,0.0
https://www.miaphotobooth.net/studio-booth,2026-02-23,0,1,0.0,29.0,0.0
https://www.miaphotobooth.net/studio-booth,2026-02-24,0,1,0.0,44.0,0.0
https://www.miaphotobooth.net/studio-booth,2026-02-26,0,2,0.0,27.5,0.0
https://www.miaphotobooth.net/studio-booth,2026-02-27,0,1,0.0,3.0,0.0
https://www.miaphotobooth.net/studio-booth,2026-03-02,0,2,0.0,8.5,0.0
https://www.miaphotobooth.net/stylish-photobooth-rental-in-virginia-gardens-fl,2025-12-04,0,3,0.0,50.333333333333336,0.0
https://www.miaphotobooth.net/stylish-photobooth-rental-in-virginia-gardens-fl,2025-12-07,0,2,0.0,69.5,0.0
https://www.miaphotobooth.net/stylish-photobooth-rental-in-virginia-gardens-fl,2025-12-08,0,5,0.0,45.8,0.0
https://www.miaphotobooth.net/stylish-photobooth-rental-in-virginia-gardens-fl,2025-12-10,0,3,0.0,46.666666666666664,0.0
https://www.miaphotobooth.net/stylish-photobooth-rental-in-virginia-gardens-fl,2025-12-13,0,1,0.0,12.0,0.0
https://www.miaphotobooth.net/stylish-photobooth-rental-in-virginia-gardens-fl,2025-12-14,0,4,0.0,15.25,0.0
https://www.miaphotobooth.net/stylish-photobooth-rental-in-virginia-gardens-fl,2025-12-15,0,2,0.0,66.5,0.0
https://www.miaphotobooth.net/stylish-photobooth-rental-in-virginia-gardens-fl,2025-12-16,0,1,0.0,42.0,0.0
https://www.miaphotobooth.net/stylish-photobooth-rental-in-virginia-gardens-fl,2025-12-18,0,1,0.0,41.0,0.0
https://www.miaphotobooth.net/stylish-photobooth-rental-in-virginia-gardens-fl,2025-12-19,0,1,0.0,58.0,0.0
https://www.miaphotobooth.net/stylish-photobooth-rental-in-virginia-gardens-fl,2025-12-21,0,1,0.0,4.0,0.0
https://www.miaphotobooth.net/stylish-photobooth-rental-in-virginia-gardens-fl,2026-01-02,0,7,0.0,36.42857142857143,0.0
https://www.miaphotobooth.net/stylish-photobooth-rental-in-virginia-gardens-fl,2026-01-03,0,2,0.0,24.5,0.0
https://www.miaphotobooth.net/stylish-photobooth-rental-in-virginia-gardens-fl,2026-01-05,0,2,0.0,23.5,0.0
https://www.miaphotobooth.net/stylish-photobooth-rental-in-virginia-gardens-fl,2026-01-06,0,7,0.0,48.0,0.0
https://www.miaphotobooth.net/stylish-photobooth-rental-in-virginia-gardens-fl,2026-01-07,0,11,0.0,32.36363636363636,0.0
https://www.miaphotobooth.net/stylish-photobooth-rental-in-virginia-gardens-fl,2026-01-09,0,2,0.0,4.0,0.0
https://www.miaphotobooth.net/stylish-photobooth-rental-in-virginia-gardens-fl,2026-01-10,0,2,0.0,83.0,0.0
https://www.miaphotobooth.net/stylish-photobooth-rental-in-virginia-gardens-fl,2026-01-11,0,5,0.0,24.8,0.0
https://www.miaphotobooth.net/stylish-photobooth-rental-in-virginia-gardens-fl,2026-01-12,0,1,0.0,2.0,0.0
https://www.miaphotobooth.net/stylish-photobooth-rental-in-virginia-gardens-fl,2026-01-14,0,3,0.0,64.0,0.0
https://www.miaphotobooth.net/stylish-photobooth-rental-in-virginia-gardens-fl,2026-01-15,0,1,0.0,8.0,0.0
https://www.miaphotobooth.net/stylish-photobooth-rental-in-virginia-gardens-fl,2026-01-17,0,3,0.0,8.666666666666668,0.0
https://www.miaphotobooth.net/stylish-photobooth-rental-in-virginia-gardens-fl,2026-01-18,0,6,0.0,35.0,0.0
https://www.miaphotobooth.net/stylish-photobooth-rental-in-virginia-gardens-fl,2026-01-19,0,2,0.0,88.5,0.0
https://www.miaphotobooth.net/stylish-photobooth-rental-in-virginia-gardens-fl,2026-01-20,0,1,0.0,13.0,0.0
https://www.miaphotobooth.net/stylish-photobooth-rental-in-virginia-gardens-fl,2026-01-22,0,1,0.0,3.0,0.0
https://www.miaphotobooth.net/stylish-photobooth-rental-in-virginia-gardens-fl,2026-01-23,0,2,0.0,26.0,0.0
https://www.miaphotobooth.net/stylish-photobooth-rental-in-virginia-gardens-fl,2026-01-24,0,2,0.0,57.5,0.0
https://www.miaphotobooth.net/stylish-photobooth-rental-in-virginia-gardens-fl,2026-01-26,0,2,0.0,20.0,0.0
https://www.miaphotobooth.net/stylish-photobooth-rental-in-virginia-gardens-fl,2026-01-27,0,3,0.0,21.0,0.0
https://www.miaphotobooth.net/stylish-photobooth-rental-in-virginia-gardens-fl,2026-01-29,0,5,0.0,60.4,0.0
https://www.miaphotobooth.net/stylish-photobooth-rental-in-virginia-gardens-fl,2026-01-30,0,1,0.0,89.0,0.0
https://www.miaphotobooth.net/stylish-photobooth-rental-in-virginia-gardens-fl,2026-02-01,0,4,0.0,26.5,0.0
https://www.miaphotobooth.net/stylish-photobooth-rental-in-virginia-gardens-fl,2026-02-03,0,7,0.0,33.714285714285715,0.0
https://www.miaphotobooth.net/stylish-photobooth-rental-in-virginia-gardens-fl,2026-02-04,0,5,0.0,6.6,0.0
https://www.miaphotobooth.net/stylish-photobooth-rental-in-virginia-gardens-fl,2026-02-05,0,2,0.0,23.0,0.0
https://www.miaphotobooth.net/stylish-photobooth-rental-in-virginia-gardens-fl,2026-02-06,0,2,0.0,19.5,0.0
https://www.miaphotobooth.net/stylish-photobooth-rental-in-virginia-gardens-fl,2026-02-07,0,2,0.0,10.0,0.0
https://www.miaphotobooth.net/stylish-photobooth-rental-in-virginia-gardens-fl,2026-02-08,0,1,0.0,10.0,0.0
https://www.miaphotobooth.net/stylish-photobooth-rental-in-virginia-gardens-fl,2026-02-09,0,3,0.0,55.0,0.0
https://www.miaphotobooth.net/stylish-photobooth-rental-in-virginia-gardens-fl,2026-02-10,0,3,0.0,42.333333333333336,0.0
https://www.miaphotobooth.net/stylish-photobooth-rental-in-virginia-gardens-fl,2026-02-11,0,2,0.0,37.0,0.0
https://www.miaphotobooth.net/stylish-photobooth-rental-in-virginia-gardens-fl,2026-02-12,0,1,0.0,5.0,0.0
https://www.miaphotobooth.net/stylish-photobooth-rental-in-virginia-gardens-fl,2026-02-16,0,60,0.0,35.46666666666667,0.0
https://www.miaphotobooth.net/stylish-photobooth-rental-in-virginia-gardens-fl,2026-02-17,0,1,0.0,4.0,0.0
https://www.miaphotobooth.net/stylish-photobooth-rental-in-virginia-gardens-fl,2026-02-18,0,25,0.0,24.64,0.0
https://www.miaphotobooth.net/stylish-photobooth-rental-in-virginia-gardens-fl,2026-02-20,0,2,0.0,44.5,0.0
https://www.miaphotobooth.net/stylish-photobooth-rental-in-virginia-gardens-fl,2026-02-21,0,3,0.0,10.0,0.0
https://www.miaphotobooth.net/stylish-photobooth-rental-in-virginia-gardens-fl,2026-02-22,0,4,0.0,17.5,0.0
https://www.miaphotobooth.net/stylish-photobooth-rental-in-virginia-gardens-fl,2026-02-23,0,2,0.0,13.5,0.0
https://www.miaphotobooth.net/stylish-photobooth-rental-in-virginia-gardens-fl,2026-02-24,0,9,0.0,20.555555555555557,0.0
https://www.miaphotobooth.net/stylish-photobooth-rental-in-virginia-gardens-fl,2026-02-26,0,9,0.0,34.55555555555556,0.0
https://www.miaphotobooth.net/stylish-photobooth-rental-in-virginia-gardens-fl,2026-02-27,0,5,0.0,33.6,0.0
https://www.miaphotobooth.net/stylish-photobooth-rental-in-virginia-gardens-fl,2026-02-28,0,4,0.0,7.25,0.0
https://www.miaphotobooth.net/stylish-photobooth-rental-in-virginia-gardens-fl,2026-03-01,0,12,0.0,11.5,0.0
https://www.miaphotobooth.net/stylish-photobooth-rental-in-virginia-gardens-fl,2026-03-02,0,1,0.0,1.0,0.0
https://www.miaphotobooth.net/stylish-photobooth-rental-in-virginia-gardens-fl,2026-03-03,0,1,0.0,11.0,0.0
https://www.miaphotobooth.net/top-photo-booth-rental-in-westwood-lakes-fl,2025-12-05,0,3,0.0,39.666666666666664,0.0
https://www.miaphotobooth.net/top-photo-booth-rental-in-westwood-lakes-fl,2025-12-07,0,3,0.0,49.0,0.0
https://www.miaphotobooth.net/top-photo-booth-rental-in-westwood-lakes-fl,2025-12-08,0,5,0.0,35.2,0.0
https://www.miaphotobooth.net/top-photo-booth-rental-in-westwood-lakes-fl,2025-12-09,0,2,0.0,9.0,0.0
https://www.miaphotobooth.net/top-photo-booth-rental-in-westwood-lakes-fl,2025-12-12,0,1,0.0,5.0,0.0
https://www.miaphotobooth.net/top-photo-booth-rental-in-westwood-lakes-fl,2025-12-16,0,1,0.0,32.0,0.0
https://www.miaphotobooth.net/top-photo-booth-rental-in-westwood-lakes-fl,2025-12-17,0,6,0.0,34.5,0.0
https://www.miaphotobooth.net/top-photo-booth-rental-in-westwood-lakes-fl,2025-12-19,0,2,0.0,7.0,0.0
https://www.miaphotobooth.net/top-photo-booth-rental-in-westwood-lakes-fl,2025-12-31,0,1,0.0,84.0,0.0
https://www.miaphotobooth.net/top-photo-booth-rental-in-westwood-lakes-fl,2026-01-02,0,2,0.0,52.0,0.0
https://www.miaphotobooth.net/top-photo-booth-rental-in-westwood-lakes-fl,2026-01-03,0,2,0.0,54.0,0.0
https://www.miaphotobooth.net/top-photo-booth-rental-in-westwood-lakes-fl,2026-01-04,0,5,0.0,24.8,0.0
https://www.miaphotobooth.net/top-photo-booth-rental-in-westwood-lakes-fl,2026-01-05,0,4,0.0,59.0,0.0
https://www.miaphotobooth.net/top-photo-booth-rental-in-westwood-lakes-fl,2026-01-07,0,4,0.0,45.5,0.0
https://www.miaphotobooth.net/top-photo-booth-rental-in-westwood-lakes-fl,2026-01-08,0,1,0.0,92.0,0.0
https://www.miaphotobooth.net/top-photo-booth-rental-in-westwood-lakes-fl,2026-01-10,0,2,0.0,23.5,0.0
https://www.miaphotobooth.net/top-photo-booth-rental-in-westwood-lakes-fl,2026-01-11,0,2,0.0,85.0,0.0
https://www.miaphotobooth.net/top-photo-booth-rental-in-westwood-lakes-fl,2026-01-14,0,1,0.0,11.0,0.0
https://www.miaphotobooth.net/top-photo-booth-rental-in-westwood-lakes-fl,2026-01-15,0,1,0.0,13.0,0.0
https://www.miaphotobooth.net/top-photo-booth-rental-in-westwood-lakes-fl,2026-01-16,0,3,0.0,7.0,0.0
https://www.miaphotobooth.net/top-photo-booth-rental-in-westwood-lakes-fl,2026-01-17,0,1,0.0,3.0,0.0
https://www.miaphotobooth.net/top-photo-booth-rental-in-westwood-lakes-fl,2026-01-18,0,3,0.0,39.333333333333336,0.0
https://www.miaphotobooth.net/top-photo-booth-rental-in-westwood-lakes-fl,2026-01-19,0,4,0.0,28.5,0.0
https://www.miaphotobooth.net/top-photo-booth-rental-in-westwood-lakes-fl,2026-01-20,0,2,0.0,8.5,0.0
https://www.miaphotobooth.net/top-photo-booth-rental-in-westwood-lakes-fl,2026-01-23,0,2,0.0,10.5,0.0
https://www.miaphotobooth.net/top-photo-booth-rental-in-westwood-lakes-fl,2026-01-25,0,1,0.0,1.0,0.0
https://www.miaphotobooth.net/top-photo-booth-rental-in-westwood-lakes-fl,2026-01-26,0,2,0.0,5.5,0.0
https://www.miaphotobooth.net/top-photo-booth-rental-in-westwood-lakes-fl,2026-02-04,0,1,0.0,3.0,0.0
https://www.miaphotobooth.net/top-photo-booth-rental-in-westwood-lakes-fl,2026-02-09,0,1,0.0,45.0,0.0
https://www.miaphotobooth.net/top-photo-booth-rental-in-westwood-lakes-fl,2026-02-10,0,1,0.0,68.0,0.0
https://www.miaphotobooth.net/top-photo-booth-rental-in-westwood-lakes-fl,2026-02-11,0,1,0.0,27.0,0.0
https://www.miaphotobooth.net/top-photo-booth-rental-in-westwood-lakes-fl,2026-02-12,0,1,0.0,21.0,0.0
https://www.miaphotobooth.net/top-photo-booth-rental-in-westwood-lakes-fl,2026-02-16,0,19,0.0,77.78947368421052,0.0
https://www.miaphotobooth.net/top-photo-booth-rental-in-westwood-lakes-fl,2026-02-17,0,1,0.0,12.0,0.0
https://www.miaphotobooth.net/top-photo-booth-rental-in-westwood-lakes-fl,2026-02-18,0,5,0.0,45.8,0.0
https://www.miaphotobooth.net/top-photo-booth-rental-in-westwood-lakes-fl,2026-02-20,0,2,0.0,68.5,0.0
https://www.miaphotobooth.net/top-photo-booth-rental-in-westwood-lakes-fl,2026-02-27,0,1,0.0,77.0,0.0
https://www.miaphotobooth.net/top-photo-booth-rental-in-westwood-lakes-fl,2026-03-01,0,1,0.0,97.0,0.0
https://www.miaphotobooth.net/top-tier-photo-booth-rental-in-grapeland-heights-fl,2026-02-04,0,3,0.0,7.0,0.0
https://www.miaphotobooth.net/top-tier-photo-booth-rental-in-grapeland-heights-fl,2026-02-06,0,1,0.0,4.0,0.0
https://www.miaphotobooth.net/top-tier-photo-booth-rental-in-grapeland-heights-fl,2026-02-08,0,3,0.0,26.666666666666668,0.0
https://www.miaphotobooth.net/top-tier-photo-booth-rental-in-grapeland-heights-fl,2026-02-10,0,3,0.0,9.333333333333334,0.0
https://www.miaphotobooth.net/unique-photo-booth-rental-in-allapattah-fl,2026-01-02,0,4,0.0,47.5,0.0
https://www.miaphotobooth.net/unique-photo-booth-rental-in-allapattah-fl,2026-01-03,0,6,0.0,11.166666666666666,0.0
https://www.miaphotobooth.net/unique-photo-booth-rental-in-allapattah-fl,2026-01-05,0,5,0.0,19.4,0.0
https://www.miaphotobooth.net/unique-photo-booth-rental-in-allapattah-fl,2026-01-06,0,1,0.0,51.0,0.0
https://www.miaphotobooth.net/unique-photo-booth-rental-in-allapattah-fl,2026-01-07,0,20,0.0,8.8,0.0
https://www.miaphotobooth.net/unique-photo-booth-rental-in-allapattah-fl,2026-01-08,0,10,0.0,22.0,0.0
https://www.miaphotobooth.net/unique-photo-booth-rental-in-allapattah-fl,2026-01-10,0,1,0.0,3.0,0.0
https://www.miaphotobooth.net/unique-photo-booth-rental-in-allapattah-fl,2026-01-11,0,1,0.0,8.0,0.0
https://www.miaphotobooth.net/unique-photo-booth-rental-in-allapattah-fl,2026-01-13,0,2,0.0,52.5,0.0
https://www.miaphotobooth.net/unique-photo-booth-rental-in-allapattah-fl,2026-01-14,0,2,0.0,6.5,0.0
https://www.miaphotobooth.net/unique-photo-booth-rental-in-allapattah-fl,2026-01-15,0,1,0.0,2.0,0.0
https://www.miaphotobooth.net/unique-photo-booth-rental-in-allapattah-fl,2026-01-16,0,1,0.0,5.0,0.0
https://www.miaphotobooth.net/unique-photo-booth-rental-in-allapattah-fl,2026-01-19,0,2,0.0,7.5,0.0
https://www.miaphotobooth.net/unique-photo-booth-rental-in-allapattah-fl,2026-01-21,0,2,0.0,9.0,0.0
https://www.miaphotobooth.net/unique-photo-booth-rental-in-allapattah-fl,2026-01-22,0,3,0.0,27.666666666666668,0.0
https://www.miaphotobooth.net/unique-photo-booth-rental-in-allapattah-fl,2026-01-24,0,1,0.0,9.0,0.0
https://www.miaphotobooth.net/unique-photo-booth-rental-in-allapattah-fl,2026-01-26,0,2,0.0,18.0,0.0
https://www.miaphotobooth.net/unique-photo-booth-rental-in-allapattah-fl,2026-01-31,0,1,0.0,17.0,0.0
https://www.miaphotobooth.net/unique-photo-booth-rental-in-allapattah-fl,2026-02-02,0,1,0.0,34.0,0.0
https://www.miaphotobooth.net/unique-photo-booth-rental-in-allapattah-fl,2026-02-03,0,1,0.0,10.0,0.0
https://www.miaphotobooth.net/unique-photo-booth-rental-in-allapattah-fl,2026-02-04,0,4,0.0,11.25,0.0
https://www.miaphotobooth.net/unique-photo-booth-rental-in-allapattah-fl,2026-02-06,0,1,0.0,6.0,0.0
https://www.miaphotobooth.net/unique-photo-booth-rental-in-allapattah-fl,2026-02-08,0,3,0.0,7.0,0.0
https://www.miaphotobooth.net/unique-photo-booth-rental-in-allapattah-fl,2026-02-09,0,3,0.0,89.0,0.0
https://www.miaphotobooth.net/unique-photo-booth-rental-in-allapattah-fl,2026-02-14,0,1,0.0,1.0,0.0
https://www.miaphotobooth.net/unique-photo-booth-rental-in-allapattah-fl,2026-02-16,0,27,0.0,1.5555555555555556,0.0
https://www.miaphotobooth.net/unique-photo-booth-rental-in-allapattah-fl,2026-02-20,0,1,0.0,1.0,0.0
https://www.miaphotobooth.net/unique-photo-booth-rental-in-allapattah-fl,2026-02-25,0,1,0.0,11.0,0.0
https://www.miaphotobooth.net/unique-photo-booth-rental-in-allapattah-fl,2026-02-27,0,3,0.0,11.666666666666666,0.0
https://www.miaphotobooth.net/post/what-size-are-photo-booth-pictures-a-complete-breakdown,2025-12-01,25,813,0.03075030750307503,2.9827798277982778,3.075
https://www.miaphotobooth.net/post/what-size-are-photo-booth-pictures-a-complete-breakdown,2025-12-02,25,802,0.03117206982543641,3.2630922693266835,3.117
https://www.miaphotobooth.net/post/what-size-are-photo-booth-pictures-a-complete-breakdown,2025-11-25,21,775,0.027096774193548386,3.015483870967742,2.71
https://www.miaphotobooth.net/post/what-size-are-photo-booth-pictures-a-complete-breakdown,2025-11-18,20,729,0.027434842249657063,3.0507544581618657,2.743
https://www.miaphotobooth.net/post/what-size-are-photo-booth-pictures-a-complete-breakdown,2025-11-19,18,787,0.022871664548919948,3.1753494282083863,2.287
https://www.miaphotobooth.net/post/what-size-are-photo-booth-pictures-a-complete-breakdown,2025-11-24,18,819,0.02197802197802198,3.326007326007326,2.198
https://www.miaphotobooth.net/post/what-size-are-photo-booth-pictures-a-complete-breakdown,2025-11-16,17,714,0.023809523809523808,2.9145658263305325,2.381
https://www.miaphotobooth.net/post/what-size-are-photo-booth-pictures-a-complete-breakdown,2025-12-03,16,898,0.017817371937639197,3.005567928730512,1.782
https://www.miaphotobooth.net/post/what-size-are-photo-booth-pictures-a-complete-breakdown,2025-11-17,14,700,0.02,3.212857142857143,2.0
https://www.miaphotobooth.net/post/what-size-are-photo-booth-pictures-a-complete-breakdown,2025-11-27,14,626,0.022364217252396165,3.5686900958466454,2.236
https://www.miaphotobooth.net/post/what-size-are-photo-booth-pictures-a-complete-breakdown,2025-11-12,13,717,0.01813110181311018,3.1478382147838215,1.813
https://www.miaphotobooth.net/post/what-size-are-photo-booth-pictures-a-complete-breakdown,2025-11-13,12,685,0.017518248175182483,3.581021897810219,1.752
https://www.miaphotobooth.net/post/what-size-are-photo-booth-pictures-a-complete-breakdown,2025-11-14,12,593,0.02023608768971332,3.097807757166948,2.024
https://www.miaphotobooth.net/post/what-size-are-photo-booth-pictures-a-complete-breakdown,2025-11-20,12,709,0.01692524682651622,2.8660084626234132,1.693
https://www.miaphotobooth.net/post/what-size-are-photo-booth-pictures-a-complete-breakdown,2025-11-26,12,658,0.0182370820668693,3.069908814589666,1.824
https://www.miaphotobooth.net/post/what-size-are-photo-booth-pictures-a-complete-breakdown,2025-11-29,12,647,0.01854714064914992,3.117465224111283,1.855
https://www.miaphotobooth.net/post/what-size-are-photo-booth-pictures-a-complete-breakdown,2025-11-30,12,793,0.015132408575031526,3.2295081967213113,1.513
https://www.miaphotobooth.net/post/what-size-are-photo-booth-pictures-a-complete-breakdown,2025-11-08,11,620,0.017741935483870968,3.238709677419355,1.774
https://www.miaphotobooth.net/post/what-size-are-photo-booth-pictures-a-complete-breakdown,2025-11-10,10,723,0.013831258644536652,3.012448132780083,1.383
https://www.miaphotobooth.net/post/what-size-are-photo-booth-pictures-a-complete-breakdown,2025-11-22,10,668,0.014970059880239521,2.9161676646706587,1.497
https://www.miaphotobooth.net/post/what-size-are-photo-booth-pictures-a-complete-breakdown,2025-11-23,10,746,0.013404825737265416,3.278820375335121,1.34
https://www.miaphotobooth.net/post/what-size-are-photo-booth-pictures-a-complete-breakdown,2025-11-28,10,588,0.017006802721088437,2.989795918367347,1.701
https://www.miaphotobooth.net/post/what-size-are-photo-booth-pictures-a-complete-breakdown,2025-11-06,9,586,0.015358361774744027,3.9505119453924915,1.536
https://www.miaphotobooth.net/post/what-size-are-photo-booth-pictures-a-complete-breakdown,2025-11-07,9,505,0.01782178217821782,3.130693069306931,1.782
https://www.miaphotobooth.net/post/what-size-are-photo-booth-pictures-a-complete-breakdown,2025-11-11,9,703,0.012802275960170697,3.254623044096728,1.28
https://www.miaphotobooth.net/post/what-size-are-photo-booth-pictures-a-complete-breakdown,2025-11-03,8,428,0.018691588785046728,4.313084112149532,1.869
https://www.miaphotobooth.net/post/what-size-are-photo-booth-pictures-a-complete-breakdown,2025-11-05,8,561,0.0142602495543672,4.062388591800357,1.426
https://www.miaphotobooth.net/post/what-size-are-photo-booth-pictures-a-complete-breakdown,2025-11-09,7,656,0.010670731707317074,3.2713414634146343,1.067
https://www.miaphotobooth.net/post/what-size-are-photo-booth-pictures-a-complete-breakdown,2025-11-15,7,543,0.01289134438305709,3.255985267034991,1.289
https://www.miaphotobooth.net/,2025-10-20,6,217,0.027649769585253458,13.654377880184331,2.765
https://www.miaphotobooth.net/,2025-11-05,6,220,0.02727272727272727,12.127272727272727,2.727
https://www.miaphotobooth.net/post/what-size-are-photo-booth-pictures-a-complete-breakdown,2025-10-21,6,429,0.013986013986013986,4.8857808857808855,1.399
https://www.miaphotobooth.net/post/what-size-are-photo-booth-pictures-a-complete-breakdown,2025-10-23,6,353,0.0169971671388102,5.586402266288951,1.7
https://www.miaphotobooth.net/post/what-size-are-photo-booth-pictures-a-complete-breakdown,2025-11-21,6,598,0.010033444816053512,2.862876254180602,1.003
https://www.miaphotobooth.net/,2025-11-10,5,209,0.023923444976076555,11.875598086124402,2.392
https://www.miaphotobooth.net/,2025-11-17,5,200,0.025,10.24,2.5
https://www.miaphotobooth.net/,2025-09-22,4,177,0.022598870056497175,14.661016949152541,2.26
https://www.miaphotobooth.net/,2025-10-29,4,196,0.02040816326530612,16.54081632653061,2.041
https://www.miaphotobooth.net/,2025-11-12,4,200,0.02,13.27,2.0
https://www.miaphotobooth.net/,2025-11-14,4,217,0.018433179723502304,9.87557603686636,1.843
https://www.miaphotobooth.net/,2025-12-01,4,185,0.021621621621621623,15.227027027027027,2.162
https://www.miaphotobooth.net/post/what-size-are-photo-booth-pictures-a-complete-breakdown,2025-10-22,4,376,0.010638297872340425,5.425531914893617,1.064
https://www.miaphotobooth.net/post/what-size-are-photo-booth-pictures-a-complete-breakdown,2025-11-01,4,242,0.01652892561983471,4.115702479338843,1.653
https://www.miaphotobooth.net/post/what-size-are-photo-booth-pictures-a-complete-breakdown,2025-11-04,4,531,0.007532956685499058,3.9491525423728815,0.753
https://www.miaphotobooth.net/,2025-09-09,3,432,0.006944444444444444,42.780092592592595,0.694
https://www.miaphotobooth.net/,2025-09-12,3,249,0.012048192771084338,28.823293172690764,1.205
https://www.miaphotobooth.net/,2025-09-15,3,224,0.013392857142857142,23.330357142857142,1.339
https://www.miaphotobooth.net/,2025-09-16,3,183,0.01639344262295082,28.40983606557377,1.639
https://www.miaphotobooth.net/,2025-10-05,3,195,0.015384615384615385,14.64102564102564,1.538
https://www.miaphotobooth.net/,2025-10-13,3,203,0.014778325123152709,16.70935960591133,1.478
https://www.miaphotobooth.net/,2025-10-14,3,263,0.011406844106463879,10.714828897338403,1.141
https://www.miaphotobooth.net/,2025-10-19,3,166,0.018072289156626505,14.13855421686747,1.807
https://www.miaphotobooth.net/,2025-11-06,3,213,0.014084507042253521,12.976525821596244,1.408
https://www.miaphotobooth.net/,2025-11-11,3,180,0.016666666666666666,10.722222222222221,1.667
https://www.miaphotobooth.net/,2025-11-13,3,168,0.017857142857142856,12.488095238095237,1.786
https://www.miaphotobooth.net/,2025-11-28,3,155,0.01935483870967742,17.374193548387098,1.935
https://www.miaphotobooth.net/,2025-12-02,3,201,0.014925373134328358,19.771144278606965,1.493
https://www.miaphotobooth.net/post/what-size-are-photo-booth-pictures-a-complete-breakdown,2025-10-26,3,252,0.011904761904761904,4.968253968253968,1.19
https://www.miaphotobooth.net/post/what-size-are-photo-booth-pictures-a-complete-breakdown,2025-11-02,3,314,0.009554140127388535,4.624203821656051,0.955
https://www.miaphotobooth.net/,2025-09-20,2,101,0.019801980198019802,15.970297029702971,1.98
https://www.miaphotobooth.net/,2025-09-23,2,151,0.013245033112582781,17.211920529801326,1.325
https://www.miaphotobooth.net/,2025-09-25,2,146,0.0136986301369863,20.198630136986303,1.37
https://www.miaphotobooth.net/,2025-09-27,2,105,0.01904761904761905,15.295238095238096,1.905
https://www.miaphotobooth.net/,2025-09-29,2,164,0.012195121951219513,14.329268292682928,1.22
https://www.miaphotobooth.net/,2025-10-02,2,171,0.011695906432748537,23.526315789473685,1.17
https://www.miaphotobooth.net/,2025-10-06,2,254,0.007874015748031496,14.826771653543307,0.787
https://www.miaphotobooth.net/,2025-10-07,2,227,0.00881057268722467,12.52863436123348,0.881
https://www.miaphotobooth.net/,2025-10-16,2,174,0.011494252873563218,14.540229885057471,1.149
https://www.miaphotobooth.net/,2025-10-17,2,196,0.01020408163265306,12.474489795918368,1.02
https://www.miaphotobooth.net/,2025-10-23,2,183,0.01092896174863388,17.14207650273224,1.093
https://www.miaphotobooth.net/,2025-10-24,2,362,0.0055248618784530384,11.817679558011049,0.552
https://www.miaphotobooth.net/,2025-10-27,2,268,0.007462686567164179,13.350746268656716,0.746
https://www.miaphotobooth.net/,2025-10-28,2,223,0.008968609865470852,13.008968609865471,0.897
https://www.miaphotobooth.net/,2025-11-20,2,169,0.011834319526627219,14.278106508875739,1.183
https://www.miaphotobooth.net/,2025-11-24,2,190,0.010526315789473684,12.1,1.053
https://www.miaphotobooth.net/?utm_source=gmb&utm_medium=click&utm_campaign=gmb_listing,2025-09-08,2,31,0.06451612903225806,13.903225806451612,6.452
https://www.miaphotobooth.net/?utm_source=gmb&utm_medium=click&utm_campaign=gmb_listing,2025-10-02,2,19,0.10526315789473684,6.7894736842105265,10.526
https://www.miaphotobooth.net/?utm_source=gmb&utm_medium=click&utm_campaign=gmb_listing,2025-11-12,2,25,0.08,1.8,8.0
https://www.miaphotobooth.net/?utm_source=gmb&utm_medium=click&utm_campaign=gmb_listing,2025-11-13,2,13,0.15384615384615385,6.538461538461538,15.385
https://www.miaphotobooth.net/?utm_source=gmb&utm_medium=click&utm_campaign=gmb_listing,2025-11-17,2,35,0.05714285714285714,4.6,5.714
https://www.miaphotobooth.net/post/what-are-the-photo-booth-pictures-called-understanding-photo-booth-photos,2025-09-20,2,183,0.01092896174863388,2.9836065573770494,1.093
https://www.miaphotobooth.net/post/what-size-are-photo-booth-pictures-a-complete-breakdown,2025-09-17,2,34,0.058823529411764705,8.941176470588236,5.882
https://www.miaphotobooth.net/post/what-size-are-photo-booth-pictures-a-complete-breakdown,2025-10-13,2,215,0.009302325581395349,7.125581395348838,0.93
https://www.miaphotobooth.net/post/what-size-are-photo-booth-pictures-a-complete-breakdown,2025-10-20,2,352,0.005681818181818182,5.28125,0.568
https://www.miaphotobooth.net/post/what-size-are-photo-booth-pictures-a-complete-breakdown,2025-10-25,2,227,0.00881057268722467,4.748898678414097,0.881
https://www.miaphotobooth.net/post/what-size-are-photo-booth-pictures-a-complete-breakdown,2025-10-28,2,311,0.006430868167202572,4.762057877813505,0.643
https://www.miaphotobooth.net/post/what-size-are-photo-booth-pictures-a-complete-breakdown,2025-10-29,2,330,0.006060606060606061,4.3939393939393945,0.606
https://www.miaphotobooth.net/,2025-09-08,1,505,0.0019801980198019802,38.91683168316832,0.198
https://www.miaphotobooth.net/,2025-09-13,1,141,0.0070921985815602835,20.50354609929078,0.709
https://www.miaphotobooth.net/,2025-09-14,1,205,0.004878048780487805,13.834146341463414,0.488
https://www.miaphotobooth.net/,2025-09-18,1,132,0.007575757575757576,26.53787878787879,0.758
https://www.miaphotobooth.net/,2025-09-26,1,143,0.006993006993006993,15.671328671328672,0.699
https://www.miaphotobooth.net/,2025-09-28,1,147,0.006802721088435374,14.904761904761905,0.68
https://www.miaphotobooth.net/,2025-09-30,1,192,0.005208333333333333,16.958333333333336,0.521
https://www.miaphotobooth.net/,2025-10-01,1,132,0.007575757575757576,22.666666666666668,0.758
https://www.miaphotobooth.net/,2025-10-03,1,159,0.006289308176100629,15.40880503144654,0.629
https://www.miaphotobooth.net/,2025-10-04,1,138,0.007246376811594203,19.992753623188406,0.725
https://www.miaphotobooth.net/,2025-10-08,1,163,0.006134969325153374,14.067484662576687,0.613
https://www.miaphotobooth.net/,2025-10-09,1,168,0.005952380952380952,14.767857142857142,0.595
https://www.miaphotobooth.net/,2025-10-11,1,198,0.005050505050505051,13.393939393939394,0.505
https://www.miaphotobooth.net/,2025-10-12,1,172,0.005813953488372093,12.44767441860465,0.581
https://www.miaphotobooth.net/,2025-10-15,1,170,0.0058823529411764705,19.36470588235294,0.588
https://www.miaphotobooth.net/,2025-10-21,1,202,0.0049504950495049506,17.103960396039604,0.495
https://www.miaphotobooth.net/,2025-10-30,1,170,0.0058823529411764705,13.282352941176471,0.588
https://www.miaphotobooth.net/,2025-11-01,1,142,0.007042253521126761,16.54225352112676,0.704
https://www.miaphotobooth.net/,2025-11-02,1,188,0.005319148936170213,12.77659574468085,0.532
https://www.miaphotobooth.net/,2025-11-03,1,228,0.0043859649122807015,12.105263157894736,0.439
https://www.miaphotobooth.net/,2025-11-08,1,142,0.007042253521126761,11.852112676056338,0.704
https://www.miaphotobooth.net/,2025-11-15,1,206,0.0048543689320388345,11.300970873786408,0.485
https://www.miaphotobooth.net/,2025-11-19,1,179,0.00558659217877095,12.329608938547485,0.559
https://www.miaphotobooth.net/,2025-11-21,1,172,0.005813953488372093,13.232558139534884,0.581
https://www.miaphotobooth.net/,2025-11-22,1,150,0.006666666666666667,13.26,0.667
https://www.miaphotobooth.net/,2025-11-25,1,160,0.00625,18.35625,0.625
https://www.miaphotobooth.net/,2025-11-26,1,159,0.006289308176100629,27.553459119496857,0.629
https://www.miaphotobooth.net/,2025-11-29,1,135,0.007407407407407408,16.614814814814814,0.741
https://www.miaphotobooth.net/,2025-12-03,1,176,0.005681818181818182,17.681818181818183,0.568
https://www.miaphotobooth.net/?utm_source=gmb&utm_medium=click&utm_campaign=gmb_listing,2025-09-06,1,32,0.03125,7.9375,3.125
https://www.miaphotobooth.net/?utm_source=gmb&utm_medium=click&utm_campaign=gmb_listing,2025-09-07,1,26,0.038461538461538464,14.346153846153847,3.846
https://www.miaphotobooth.net/?utm_source=gmb&utm_medium=click&utm_campaign=gmb_listing,2025-09-11,1,24,0.041666666666666664,9.0,4.167
https://www.miaphotobooth.net/?utm_source=gmb&utm_medium=click&utm_campaign=gmb_listing,2025-09-14,1,26,0.038461538461538464,13.307692307692308,3.846
https://www.miaphotobooth.net/?utm_source=gmb&utm_medium=click&utm_campaign=gmb_listing,2025-09-17,1,7,0.14285714285714285,23.857142857142858,14.286
https://www.miaphotobooth.net/?utm_source=gmb&utm_medium=click&utm_campaign=gmb_listing,2025-09-21,1,16,0.0625,4.125,6.25
https://www.miaphotobooth.net/?utm_source=gmb&utm_medium=click&utm_campaign=gmb_listing,2025-09-24,1,17,0.058823529411764705,5.529411764705882,5.882
https://www.miaphotobooth.net/?utm_source=gmb&utm_medium=click&utm_campaign=gmb_listing,2025-09-25,1,16,0.0625,5.625,6.25
https://www.miaphotobooth.net/?utm_source=gmb&utm_medium=click&utm_campaign=gmb_listing,2025-09-26,1,21,0.047619047619047616,4.285714285714286,4.762
https://www.miaphotobooth.net/?utm_source=gmb&utm_medium=click&utm_campaign=gmb_listing,2025-09-27,1,19,0.05263157894736842,3.0,5.263
https://www.miaphotobooth.net/?utm_source=gmb&utm_medium=click&utm_campaign=gmb_listing,2025-09-30,1,10,0.1,5.7,10.0
https://www.miaphotobooth.net/?utm_source=gmb&utm_medium=click&utm_campaign=gmb_listing,2025-10-01,1,19,0.05263157894736842,6.315789473684211,5.263
https://www.miaphotobooth.net/?utm_source=gmb&utm_medium=click&utm_campaign=gmb_listing,2025-10-11,1,38,0.02631578947368421,4.394736842105264,2.632
https://www.miaphotobooth.net/?utm_source=gmb&utm_medium=click&utm_campaign=gmb_listing,2025-10-13,1,28,0.03571428571428571,7.357142857142857,3.571
https://www.miaphotobooth.net/?utm_source=gmb&utm_medium=click&utm_campaign=gmb_listing,2025-10-21,1,18,0.05555555555555555,5.722222222222222,5.556
https://www.miaphotobooth.net/?utm_source=gmb&utm_medium=click&utm_campaign=gmb_listing,2025-10-25,1,22,0.045454545454545456,2.9545454545454546,4.545
https://www.miaphotobooth.net/?utm_source=gmb&utm_medium=click&utm_campaign=gmb_listing,2025-10-28,1,16,0.0625,4.0,6.25
https://www.miaphotobooth.net/?utm_source=gmb&utm_medium=click&utm_campaign=gmb_listing,2025-11-02,1,22,0.045454545454545456,4.545454545454545,4.545
https://www.miaphotobooth.net/?utm_source=gmb&utm_medium=click&utm_campaign=gmb_listing,2025-11-04,1,26,0.038461538461538464,3.9615384615384617,3.846
https://www.miaphotobooth.net/?utm_source=gmb&utm_medium=click&utm_campaign=gmb_listing,2025-11-10,1,37,0.02702702702702703,4.945945945945946,2.703
https://www.miaphotobooth.net/?utm_source=gmb&utm_medium=click&utm_campaign=gmb_listing,2025-11-14,1,28,0.03571428571428571,3.4285714285714284,3.571
https://www.miaphotobooth.net/?utm_source=gmb&utm_medium=click&utm_campaign=gmb_listing,2025-11-15,1,17,0.058823529411764705,3.0588235294117645,5.882
https://www.miaphotobooth.net/?utm_source=gmb&utm_medium=click&utm_campaign=gmb_listing,2025-11-18,1,25,0.04,7.68,4.0
https://www.miaphotobooth.net/?utm_source=gmb&utm_medium=click&utm_campaign=gmb_listing,2025-11-19,1,15,0.06666666666666667,3.066666666666667,6.667
https://www.miaphotobooth.net/?utm_source=gmb&utm_medium=click&utm_campaign=gmb_listing,2025-11-30,1,23,0.043478260869565216,7.565217391304348,4.348
https://www.miaphotobooth.net/audio-guestbook,2025-09-28,1,3,0.3333333333333333,7.333333333333333,33.333
https://www.miaphotobooth.net/audio-guestbook,2025-10-22,1,1,1.0,1.0,100.0
https://www.miaphotobooth.net/audio-guestbook,2025-11-12,1,5,0.2,3.2,20.0
https://www.miaphotobooth.net/audio-guestbook,2025-11-13,1,1,1.0,4.0,100.0
https://www.miaphotobooth.net/dependable-photo-booth-rental-in-sunset-fl,2025-10-18,1,3,0.3333333333333333,2.333333333333333,33.333
https://www.miaphotobooth.net/events-gallery,2025-09-19,1,9,0.1111111111111111,6.111111111111111,11.111
https://www.miaphotobooth.net/events-gallery,2025-11-22,1,21,0.047619047619047616,11.619047619047619,4.762
https://www.miaphotobooth.net/frequently-asked-questions,2025-10-03,1,7,0.14285714285714285,12.714285714285714,14.286
https://www.miaphotobooth.net/packages,2025-09-11,1,12,0.08333333333333333,6.416666666666667,8.333
https://www.miaphotobooth.net/packages,2025-09-23,1,10,0.1,6.2,10.0
https://www.miaphotobooth.net/post/audio-guestbook-experience-miami,2025-10-12,1,2,0.5,6.5,50.0
https://www.miaphotobooth.net/post/audio-guestbook-experience-miami,2025-10-18,1,1,1.0,10.0,100.0
https://www.miaphotobooth.net/post/how-do-you-make-a-photo-booth-frame-a-step-by-step-guide,2025-09-12,1,4,0.25,8.25,25.0
https://www.miaphotobooth.net/post/how-to-display-photo-booth-strips-tips-and-ideas,2025-10-19,1,2,0.5,12.0,50.0
https://www.miaphotobooth.net/post/how-to-display-photo-booth-strips-tips-and-ideas,2025-11-20,1,17,0.058823529411764705,5.352941176470588,5.882
https://www.miaphotobooth.net/post/how-to-display-photo-booth-strips-tips-and-ideas,2025-11-23,1,28,0.03571428571428571,8.25,3.571
https://www.miaphotobooth.net/post/how-to-display-photo-booth-strips-tips-and-ideas,2025-11-27,1,27,0.037037037037037035,9.25925925925926,3.704
https://www.miaphotobooth.net/post/how-to-display-photo-booth-strips-tips-and-ideas,2025-11-29,1,14,0.07142857142857142,5.285714285714286,7.143
https://www.miaphotobooth.net/post/how-to-display-photo-booth-strips-tips-and-ideas,2025-11-30,1,22,0.045454545454545456,4.454545454545455,4.545
https://www.miaphotobooth.net/post/how-to-display-photo-booth-strips-tips-and-ideas,2025-12-01,1,6,0.16666666666666666,3.0,16.667
https://www.miaphotobooth.net/post/how-to-take-a-boomerang-photo,2025-11-15,1,4,0.25,6.75,25.0
https://www.miaphotobooth.net/post/master-the-art-of-how-to-pose-for-360-photo-booth-photos,2025-10-13,1,4,0.25,25.5,25.0
https://www.miaphotobooth.net/post/master-the-art-of-how-to-pose-for-360-photo-booth-photos,2025-10-16,1,2,0.5,11.0,50.0
https://www.miaphotobooth.net/post/what-are-creative-photo-booth-ideas-for-weddings-explore-unique-options,2025-09-25,1,5,0.2,34.0,20.0
https://www.miaphotobooth.net/post/what-are-the-photo-booth-pictures-called-understanding-photo-booth-photos,2025-09-21,1,195,0.005128205128205128,3.5538461538461537,0.513
https://www.miaphotobooth.net/post/what-are-the-photo-booth-pictures-called-understanding-photo-booth-photos,2025-09-24,1,156,0.00641025641025641,4.6923076923076925,0.641
https://www.miaphotobooth.net/post/what-are-the-photo-booth-pictures-called-understanding-photo-booth-photos,2025-09-28,1,164,0.006097560975609756,4.426829268292683,0.61
https://www.miaphotobooth.net/post/what-are-the-photo-booth-pictures-called-understanding-photo-booth-photos,2025-10-06,1,101,0.009900990099009901,5.257425742574258,0.99
https://www.miaphotobooth.net/post/what-are-the-photo-booth-pictures-called-understanding-photo-booth-photos,2025-10-11,1,70,0.014285714285714285,8.028571428571428,1.429
https://www.miaphotobooth.net/post/what-are-the-photo-booth-pictures-called-understanding-photo-booth-photos,2025-10-12,1,62,0.016129032258064516,17.096774193548388,1.613
https://www.miaphotobooth.net/post/what-are-the-photo-booth-pictures-called-understanding-photo-booth-photos,2025-10-27,1,84,0.011904761904761904,6.273809523809524,1.19
https://www.miaphotobooth.net/post/what-are-the-photo-booth-pictures-called-understanding-photo-booth-photos,2025-10-31,1,79,0.012658227848101266,6.025316455696203,1.266
https://www.miaphotobooth.net/post/what-are-the-photo-booth-pictures-called-understanding-photo-booth-photos,2025-11-14,1,201,0.004975124378109453,2.970149253731343,0.498
https://www.miaphotobooth.net/post/what-are-the-photo-booth-pictures-called-understanding-photo-booth-photos,2025-11-16,1,266,0.0037593984962406013,3.255639097744361,0.376
https://www.miaphotobooth.net/post/what-are-the-photo-booth-pictures-called-understanding-photo-booth-photos,2025-11-19,1,247,0.004048582995951417,3.340080971659919,0.405
https://www.miaphotobooth.net/post/what-are-the-photo-booth-pictures-called-understanding-photo-booth-photos,2025-11-21,1,253,0.003952569169960474,3.177865612648221,0.395
https://www.miaphotobooth.net/post/what-are-the-photo-booth-pictures-called-understanding-photo-booth-photos,2025-11-24,1,307,0.003257328990228013,3.260586319218241,0.326
https://www.miaphotobooth.net/post/what-are-the-photo-booth-pictures-called-understanding-photo-booth-photos,2025-11-28,1,296,0.0033783783783783786,2.777027027027027,0.338
https://www.miaphotobooth.net/post/what-are-the-photo-booth-pictures-called-understanding-photo-booth-photos,2025-12-03,1,323,0.0030959752321981426,3.2414860681114552,0.31
https://www.miaphotobooth.net/post/what-size-are-photo-booth-pictures-a-complete-breakdown,2025-09-07,1,30,0.03333333333333333,8.2,3.333
https://www.miaphotobooth.net/post/what-size-are-photo-booth-pictures-a-complete-breakdown,2025-09-15,1,47,0.02127659574468085,8.148936170212766,2.128
https://www.miaphotobooth.net/post/what-size-are-photo-booth-pictures-a-complete-breakdown,2025-09-19,1,48,0.020833333333333332,8.625,2.083
https://www.miaphotobooth.net/post/what-size-are-photo-booth-pictures-a-complete-breakdown,2025-09-23,1,35,0.02857142857142857,8.085714285714285,2.857
https://www.miaphotobooth.net/post/what-size-are-photo-booth-pictures-a-complete-breakdown,2025-09-24,1,31,0.03225806451612903,8.451612903225806,3.226
https://www.miaphotobooth.net/post/what-size-are-photo-booth-pictures-a-complete-breakdown,2025-10-07,1,61,0.01639344262295082,7.934426229508197,1.639
https://www.miaphotobooth.net/post/what-size-are-photo-booth-pictures-a-complete-breakdown,2025-10-08,1,118,0.00847457627118644,7.771186440677966,0.847
https://www.miaphotobooth.net/post/what-size-are-photo-booth-pictures-a-complete-breakdown,2025-10-10,1,157,0.006369426751592357,7.464968152866242,0.637
https://www.miaphotobooth.net/post/what-size-are-photo-booth-pictures-a-complete-breakdown,2025-10-16,1,197,0.005076142131979695,6.690355329949239,0.508
https://www.miaphotobooth.net/post/what-size-are-photo-booth-pictures-a-complete-breakdown,2025-10-17,1,163,0.006134969325153374,8.153374233128833,0.613
https://www.miaphotobooth.net/post/what-size-are-photo-booth-pictures-a-complete-breakdown,2025-10-19,1,214,0.004672897196261682,6.4485981308411215,0.467
https://www.miaphotobooth.net/post/what-size-are-photo-booth-pictures-a-complete-breakdown,2025-10-24,1,253,0.003952569169960474,4.837944664031621,0.395
https://www.miaphotobooth.net/post/what-size-are-photo-booth-pictures-a-complete-breakdown,2025-10-31,1,216,0.004629629629629629,4.583333333333334,0.463
https://www.miaphotobooth.net/serving-all-of-miami-fl,2025-11-29,1,13,0.07692307692307693,8.076923076923077,7.692
https://www.miaphotobooth.net/,2025-09-05,0,349,0.0,32.48997134670487,0.0
https://www.miaphotobooth.net/,2025-09-06,0,435,0.0,43.32183908045977,0.0
https://www.miaphotobooth.net/,2025-09-07,0,510,0.0,39.69607843137255,0.0
https://www.miaphotobooth.net/,2025-09-10,0,340,0.0,41.38823529411765,0.0
https://www.miaphotobooth.net/,2025-09-11,0,316,0.0,42.43987341772152,0.0
https://www.miaphotobooth.net/,2025-09-17,0,174,0.0,20.71264367816092,0.0
https://www.miaphotobooth.net/,2025-09-19,0,140,0.0,17.414285714285715,0.0
https://www.miaphotobooth.net/,2025-09-21,0,153,0.0,18.124183006535947,0.0
https://www.miaphotobooth.net/,2025-09-24,0,158,0.0,15.917721518987342,0.0
https://www.miaphotobooth.net/,2025-10-10,0,163,0.0,12.16564417177914,0.0
https://www.miaphotobooth.net/,2025-10-18,0,157,0.0,17.38216560509554,0.0
https://www.miaphotobooth.net/,2025-10-22,0,207,0.0,12.473429951690822,0.0
https://www.miaphotobooth.net/,2025-10-25,0,154,0.0,17.51298701298701,0.0
https://www.miaphotobooth.net/,2025-10-26,0,163,0.0,17.47239263803681,0.0
https://www.miaphotobooth.net/,2025-10-31,0,178,0.0,11.870786516853933,0.0
https://www.miaphotobooth.net/,2025-11-04,0,223,0.0,11.076233183856502,0.0
https://www.miaphotobooth.net/,2025-11-07,0,196,0.0,12.775510204081632,0.0
https://www.miaphotobooth.net/,2025-11-09,0,165,0.0,10.909090909090908,0.0
https://www.miaphotobooth.net/,2025-11-16,0,211,0.0,9.625592417061611,0.0
https://www.miaphotobooth.net/,2025-11-18,0,193,0.0,12.098445595854923,0.0
https://www.miaphotobooth.net/,2025-11-23,0,135,0.0,15.496296296296297,0.0
https://www.miaphotobooth.net/,2025-11-27,0,121,0.0,21.74380165289256,0.0
https://www.miaphotobooth.net/,2025-11-30,0,125,0.0,14.904,0.0
https://www.miaphotobooth.net/360-photo-booth,2025-09-05,0,30,0.0,24.866666666666667,0.0
https://www.miaphotobooth.net/360-photo-booth,2025-09-06,0,32,0.0,33.59375,0.0
https://www.miaphotobooth.net/360-photo-booth,2025-09-07,0,35,0.0,26.97142857142857,0.0
https://www.miaphotobooth.net/360-photo-booth,2025-09-08,0,32,0.0,23.34375,0.0
https://www.miaphotobooth.net/360-photo-booth,2025-09-09,0,32,0.0,23.96875,0.0
https://www.miaphotobooth.net/360-photo-booth,2025-09-10,0,21,0.0,22.761904761904763,0.0
https://www.miaphotobooth.net/360-photo-booth,2025-09-11,0,16,0.0,23.0,0.0
https://www.miaphotobooth.net/360-photo-booth,2025-09-12,0,11,0.0,18.90909090909091,0.0
https://www.miaphotobooth.net/360-photo-booth,2025-09-13,0,10,0.0,6.4,0.0
https://www.miaphotobooth.net/360-photo-booth,2025-09-14,0,22,0.0,5.954545454545454,0.0
https://www.miaphotobooth.net/360-photo-booth,2025-09-15,0,21,0.0,7.285714285714286,0.0
https://www.miaphotobooth.net/360-photo-booth,2025-09-16,0,12,0.0,7.083333333333333,0.0
https://www.miaphotobooth.net/360-photo-booth,2025-09-17,0,18,0.0,5.111111111111111,0.0
https://www.miaphotobooth.net/360-photo-booth,2025-09-18,0,8,0.0,7.5,0.0
https://www.miaphotobooth.net/360-photo-booth,2025-09-19,0,10,0.0,12.7,0.0
https://www.miaphotobooth.net/360-photo-booth,2025-09-20,0,12,0.0,7.666666666666667,0.0
https://www.miaphotobooth.net/360-photo-booth,2025-09-21,0,19,0.0,6.052631578947368,0.0
https://www.miaphotobooth.net/360-photo-booth,2025-09-22,0,15,0.0,7.666666666666667,0.0
https://www.miaphotobooth.net/360-photo-booth,2025-09-23,0,12,0.0,5.916666666666667,0.0
https://www.miaphotobooth.net/360-photo-booth,2025-09-24,0,13,0.0,7.923076923076923,0.0
https://www.miaphotobooth.net/360-photo-booth,2025-09-25,0,14,0.0,6.357142857142857,0.0
https://www.miaphotobooth.net/360-photo-booth,2025-09-26,0,8,0.0,4.875,0.0
https://www.miaphotobooth.net/360-photo-booth,2025-09-27,0,12,0.0,6.75,0.0
https://www.miaphotobooth.net/360-photo-booth,2025-09-28,0,13,0.0,5.769230769230769,0.0
https://www.miaphotobooth.net/360-photo-booth,2025-09-29,0,15,0.0,5.666666666666667,0.0
https://www.miaphotobooth.net/360-photo-booth,2025-09-30,0,23,0.0,10.26086956521739,0.0
https://www.miaphotobooth.net/360-photo-booth,2025-10-01,0,7,0.0,5.714285714285714,0.0
https://www.miaphotobooth.net/360-photo-booth,2025-10-02,0,9,0.0,5.111111111111111,0.0
https://www.miaphotobooth.net/360-photo-booth,2025-10-03,0,10,0.0,7.5,0.0
https://www.miaphotobooth.net/360-photo-booth,2025-10-04,0,11,0.0,5.818181818181818,0.0
https://www.miaphotobooth.net/360-photo-booth,2025-10-05,0,14,0.0,7.357142857142857,0.0
https://www.miaphotobooth.net/360-photo-booth,2025-10-06,0,18,0.0,9.0,0.0
https://www.miaphotobooth.net/360-photo-booth,2025-10-07,0,12,0.0,6.75,0.0
https://www.miaphotobooth.net/360-photo-booth,2025-10-08,0,13,0.0,6.153846153846154,0.0
https://www.miaphotobooth.net/360-photo-booth,2025-10-09,0,16,0.0,7.625,0.0
https://www.miaphotobooth.net/360-photo-booth,2025-10-10,0,10,0.0,6.3,0.0
https://www.miaphotobooth.net/360-photo-booth,2025-10-11,0,25,0.0,5.8,0.0
https://www.miaphotobooth.net/360-photo-booth,2025-10-12,0,27,0.0,17.0,0.0
https://www.miaphotobooth.net/360-photo-booth,2025-10-13,0,27,0.0,6.925925925925926,0.0
https://www.miaphotobooth.net/360-photo-booth,2025-10-14,0,36,0.0,15.805555555555555,0.0
https://www.miaphotobooth.net/360-photo-booth,2025-10-15,0,16,0.0,9.4375,0.0
https://www.miaphotobooth.net/360-photo-booth,2025-10-16,0,22,0.0,11.409090909090908,0.0
https://www.miaphotobooth.net/360-photo-booth,2025-10-17,0,16,0.0,11.5625,0.0
https://www.miaphotobooth.net/360-photo-booth,2025-10-18,0,13,0.0,7.538461538461538,0.0
https://www.miaphotobooth.net/360-photo-booth,2025-10-19,0,19,0.0,12.68421052631579,0.0
https://www.miaphotobooth.net/360-photo-booth,2025-10-20,0,24,0.0,7.916666666666667,0.0
https://www.miaphotobooth.net/360-photo-booth,2025-10-21,0,16,0.0,11.125,0.0
https://www.miaphotobooth.net/360-photo-booth,2025-10-22,0,14,0.0,17.214285714285715,0.0
https://www.miaphotobooth.net/360-photo-booth,2025-10-23,0,12,0.0,15.416666666666666,0.0
https://www.miaphotobooth.net/360-photo-booth,2025-10-24,0,56,0.0,13.839285714285714,0.0
https://www.miaphotobooth.net/360-photo-booth,2025-10-25,0,25,0.0,9.44,0.0
https://www.miaphotobooth.net/360-photo-booth,2025-10-26,0,15,0.0,12.933333333333334,0.0
https://www.miaphotobooth.net/360-photo-booth,2025-10-27,0,29,0.0,12.10344827586207,0.0
https://www.miaphotobooth.net/360-photo-booth,2025-10-28,0,20,0.0,10.7,0.0
https://www.miaphotobooth.net/360-photo-booth,2025-10-29,0,21,0.0,9.571428571428571,0.0
https://www.miaphotobooth.net/360-photo-booth,2025-10-30,0,12,0.0,10.25,0.0
https://www.miaphotobooth.net/360-photo-booth,2025-10-31,0,19,0.0,12.210526315789474,0.0
https://www.miaphotobooth.net/360-photo-booth,2025-11-01,0,11,0.0,8.0,0.0
https://www.miaphotobooth.net/360-photo-booth,2025-11-02,0,19,0.0,8.68421052631579,0.0
https://www.miaphotobooth.net/360-photo-booth,2025-11-03,0,19,0.0,10.210526315789474,0.0
https://www.miaphotobooth.net/360-photo-booth,2025-11-04,0,15,0.0,12.333333333333334,0.0
https://www.miaphotobooth.net/360-photo-booth,2025-11-05,0,8,0.0,12.5,0.0
https://www.miaphotobooth.net/360-photo-booth,2025-11-06,0,21,0.0,9.80952380952381,0.0
https://www.miaphotobooth.net/360-photo-booth,2025-11-07,0,15,0.0,12.333333333333334,0.0
https://www.miaphotobooth.net/360-photo-booth,2025-11-08,0,12,0.0,10.416666666666666,0.0
https://www.miaphotobooth.net/360-photo-booth,2025-11-09,0,27,0.0,10.074074074074074,0.0
https://www.miaphotobooth.net/360-photo-booth,2025-11-10,0,24,0.0,10.125,0.0
https://www.miaphotobooth.net/360-photo-booth,2025-11-11,0,22,0.0,11.272727272727273,0.0
https://www.miaphotobooth.net/360-photo-booth,2025-11-12,0,24,0.0,12.583333333333334,0.0
https://www.miaphotobooth.net/360-photo-booth,2025-11-13,0,30,0.0,7.566666666666666,0.0
https://www.miaphotobooth.net/360-photo-booth,2025-11-14,0,24,0.0,14.833333333333334,0.0
https://www.miaphotobooth.net/360-photo-booth,2025-11-15,0,13,0.0,10.538461538461538,0.0
https://www.miaphotobooth.net/360-photo-booth,2025-11-16,0,30,0.0,11.0,0.0
https://www.miaphotobooth.net/360-photo-booth,2025-11-17,0,20,0.0,10.25,0.0
https://www.miaphotobooth.net/360-photo-booth,2025-11-18,0,23,0.0,19.08695652173913,0.0
https://www.miaphotobooth.net/360-photo-booth,2025-11-19,0,31,0.0,11.258064516129032,0.0
https://www.miaphotobooth.net/360-photo-booth,2025-11-20,0,25,0.0,12.28,0.0
https://www.miaphotobooth.net/360-photo-booth,2025-11-21,0,22,0.0,11.454545454545455,0.0
https://www.miaphotobooth.net/360-photo-booth,2025-11-22,0,32,0.0,10.4375,0.0
https://www.miaphotobooth.net/360-photo-booth,2025-11-23,0,22,0.0,13.090909090909092,0.0
https://www.miaphotobooth.net/360-photo-booth,2025-11-24,0,35,0.0,13.142857142857142,0.0
https://www.miaphotobooth.net/360-photo-booth,2025-11-25,0,25,0.0,13.8,0.0
https://www.miaphotobooth.net/360-photo-booth,2025-11-26,0,22,0.0,9.772727272727273,0.0
https://www.miaphotobooth.net/360-photo-booth,2025-11-27,0,25,0.0,19.16,0.0
https://www.miaphotobooth.net/360-photo-booth,2025-11-28,0,21,0.0,10.142857142857142,0.0
https://www.miaphotobooth.net/360-photo-booth,2025-11-29,0,15,0.0,10.933333333333334,0.0
https://www.miaphotobooth.net/360-photo-booth,2025-11-30,0,23,0.0,9.043478260869565,0.0
https://www.miaphotobooth.net/360-photo-booth,2025-12-01,0,25,0.0,10.56,0.0
https://www.miaphotobooth.net/360-photo-booth,2025-12-02,0,21,0.0,12.380952380952381,0.0
https://www.miaphotobooth.net/360-photo-booth,2025-12-03,0,28,0.0,14.392857142857142,0.0
https://www.miaphotobooth.net/?utm_source=gmb&utm_medium=click&utm_campaign=gmb_listing,2025-09-05,0,29,0.0,10.482758620689655,0.0
https://www.miaphotobooth.net/?utm_source=gmb&utm_medium=click&utm_campaign=gmb_listing,2025-09-09,0,32,0.0,12.5,0.0
https://www.miaphotobooth.net/?utm_source=gmb&utm_medium=click&utm_campaign=gmb_listing,2025-09-10,0,28,0.0,6.142857142857143,0.0
https://www.miaphotobooth.net/?utm_source=gmb&utm_medium=click&utm_campaign=gmb_listing,2025-09-12,0,12,0.0,9.0,0.0
https://www.miaphotobooth.net/?utm_source=gmb&utm_medium=click&utm_campaign=gmb_listing,2025-09-13,0,7,0.0,7.285714285714286,0.0
https://www.miaphotobooth.net/?utm_source=gmb&utm_medium=click&utm_campaign=gmb_listing,2025-09-15,0,13,0.0,2.3846153846153846,0.0
https://www.miaphotobooth.net/?utm_source=gmb&utm_medium=click&utm_campaign=gmb_listing,2025-09-16,0,16,0.0,5.75,0.0
https://www.miaphotobooth.net/?utm_source=gmb&utm_medium=click&utm_campaign=gmb_listing,2025-09-18,0,15,0.0,3.7333333333333334,0.0
https://www.miaphotobooth.net/?utm_source=gmb&utm_medium=click&utm_campaign=gmb_listing,2025-09-19,0,12,0.0,13.75,0.0
https://www.miaphotobooth.net/?utm_source=gmb&utm_medium=click&utm_campaign=gmb_listing,2025-09-20,0,19,0.0,3.0,0.0
https://www.miaphotobooth.net/?utm_source=gmb&utm_medium=click&utm_campaign=gmb_listing,2025-09-22,0,21,0.0,6.095238095238095,0.0
https://www.miaphotobooth.net/?utm_source=gmb&utm_medium=click&utm_campaign=gmb_listing,2025-09-23,0,15,0.0,4.6,0.0
https://www.miaphotobooth.net/?utm_source=gmb&utm_medium=click&utm_campaign=gmb_listing,2025-09-28,0,16,0.0,3.6875,0.0
https://www.miaphotobooth.net/?utm_source=gmb&utm_medium=click&utm_campaign=gmb_listing,2025-09-29,0,24,0.0,4.375,0.0
https://www.miaphotobooth.net/?utm_source=gmb&utm_medium=click&utm_campaign=gmb_listing,2025-10-03,0,21,0.0,3.0476190476190474,0.0
https://www.miaphotobooth.net/?utm_source=gmb&utm_medium=click&utm_campaign=gmb_listing,2025-10-04,0,13,0.0,3.4615384615384617,0.0
https://www.miaphotobooth.net/?utm_source=gmb&utm_medium=click&utm_campaign=gmb_listing,2025-10-05,0,24,0.0,3.5,0.0
https://www.miaphotobooth.net/?utm_source=gmb&utm_medium=click&utm_campaign=gmb_listing,2025-10-06,0,24,0.0,6.333333333333333,0.0
https://www.miaphotobooth.net/?utm_source=gmb&utm_medium=click&utm_campaign=gmb_listing,2025-10-07,0,23,0.0,6.3478260869565215,0.0
https://www.miaphotobooth.net/?utm_source=gmb&utm_medium=click&utm_campaign=gmb_listing,2025-10-08,0,27,0.0,6.222222222222222,0.0
https://www.miaphotobooth.net/?utm_source=gmb&utm_medium=click&utm_campaign=gmb_listing,2025-10-09,0,22,0.0,5.681818181818182,0.0
https://www.miaphotobooth.net/?utm_source=gmb&utm_medium=click&utm_campaign=gmb_listing,2025-10-10,0,19,0.0,2.8421052631578947,0.0
https://www.miaphotobooth.net/?utm_source=gmb&utm_medium=click&utm_campaign=gmb_listing,2025-10-12,0,37,0.0,2.8378378378378377,0.0
https://www.miaphotobooth.net/?utm_source=gmb&utm_medium=click&utm_campaign=gmb_listing,2025-10-14,0,23,0.0,4.0,0.0
https://www.miaphotobooth.net/?utm_source=gmb&utm_medium=click&utm_campaign=gmb_listing,2025-10-15,0,29,0.0,2.862068965517241,0.0
https://www.miaphotobooth.net/?utm_source=gmb&utm_medium=click&utm_campaign=gmb_listing,2025-10-16,0,19,0.0,5.684210526315789,0.0
https://www.miaphotobooth.net/?utm_source=gmb&utm_medium=click&utm_campaign=gmb_listing,2025-10-17,0,19,0.0,4.315789473684211,0.0
https://www.miaphotobooth.net/?utm_source=gmb&utm_medium=click&utm_campaign=gmb_listing,2025-10-18,0,16,0.0,4.75,0.0
https://www.miaphotobooth.net/?utm_source=gmb&utm_medium=click&utm_campaign=gmb_listing,2025-10-19,0,20,0.0,6.4,0.0
https://www.miaphotobooth.net/?utm_source=gmb&utm_medium=click&utm_campaign=gmb_listing,2025-10-20,0,40,0.0,4.2,0.0
https://www.miaphotobooth.net/?utm_source=gmb&utm_medium=click&utm_campaign=gmb_listing,2025-10-22,0,10,0.0,3.0,0.0
https://www.miaphotobooth.net/?utm_source=gmb&utm_medium=click&utm_campaign=gmb_listing,2025-10-23,0,27,0.0,6.518518518518518,0.0
https://www.miaphotobooth.net/?utm_source=gmb&utm_medium=click&utm_campaign=gmb_listing,2025-10-24,0,24,0.0,2.666666666666667,0.0
https://www.miaphotobooth.net/?utm_source=gmb&utm_medium=click&utm_campaign=gmb_listing,2025-10-26,0,15,0.0,1.3333333333333333,0.0
https://www.miaphotobooth.net/?utm_source=gmb&utm_medium=click&utm_campaign=gmb_listing,2025-10-27,0,21,0.0,3.7142857142857144,0.0
https://www.miaphotobooth.net/?utm_source=gmb&utm_medium=click&utm_campaign=gmb_listing,2025-10-29,0,27,0.0,2.2962962962962963,0.0
https://www.miaphotobooth.net/?utm_source=gmb&utm_medium=click&utm_campaign=gmb_listing,2025-10-30,0,18,0.0,7.277777777777778,0.0
https://www.miaphotobooth.net/?utm_source=gmb&utm_medium=click&utm_campaign=gmb_listing,2025-10-31,0,13,0.0,6.153846153846154,0.0
https://www.miaphotobooth.net/?utm_source=gmb&utm_medium=click&utm_campaign=gmb_listing,2025-11-01,0,10,0.0,4.9,0.0
https://www.miaphotobooth.net/?utm_source=gmb&utm_medium=click&utm_campaign=gmb_listing,2025-11-03,0,17,0.0,5.176470588235294,0.0
https://www.miaphotobooth.net/?utm_source=gmb&utm_medium=click&utm_campaign=gmb_listing,2025-11-05,0,21,0.0,5.095238095238095,0.0
https://www.miaphotobooth.net/?utm_source=gmb&utm_medium=click&utm_campaign=gmb_listing,2025-11-06,0,18,0.0,4.5,0.0
https://www.miaphotobooth.net/?utm_source=gmb&utm_medium=click&utm_campaign=gmb_listing,2025-11-07,0,15,0.0,4.0,0.0
https://www.miaphotobooth.net/?utm_source=gmb&utm_medium=click&utm_campaign=gmb_listing,2025-11-08,0,15,0.0,6.4,0.0
https://www.miaphotobooth.net/?utm_source=gmb&utm_medium=click&utm_campaign=gmb_listing,2025-11-09,0,24,0.0,5.583333333333333,0.0
https://www.miaphotobooth.net/?utm_source=gmb&utm_medium=click&utm_campaign=gmb_listing,2025-11-11,0,30,0.0,8.3,0.0
https://www.miaphotobooth.net/?utm_source=gmb&utm_medium=click&utm_campaign=gmb_listing,2025-11-16,0,23,0.0,5.391304347826087,0.0
https://www.miaphotobooth.net/?utm_source=gmb&utm_medium=click&utm_campaign=gmb_listing,2025-11-20,0,34,0.0,4.705882352941177,0.0
https://www.miaphotobooth.net/?utm_source=gmb&utm_medium=click&utm_campaign=gmb_listing,2025-11-21,0,22,0.0,3.1818181818181817,0.0
https://www.miaphotobooth.net/?utm_source=gmb&utm_medium=click&utm_campaign=gmb_listing,2025-11-22,0,20,0.0,4.15,0.0
https://www.miaphotobooth.net/?utm_source=gmb&utm_medium=click&utm_campaign=gmb_listing,2025-11-23,0,30,0.0,5.666666666666667,0.0
https://www.miaphotobooth.net/?utm_source=gmb&utm_medium=click&utm_campaign=gmb_listing,2025-11-24,0,31,0.0,3.5161290322580645,0.0
https://www.miaphotobooth.net/?utm_source=gmb&utm_medium=click&utm_campaign=gmb_listing,2025-11-25,0,27,0.0,5.074074074074074,0.0
https://www.miaphotobooth.net/?utm_source=gmb&utm_medium=click&utm_campaign=gmb_listing,2025-11-26,0,20,0.0,3.35,0.0
https://www.miaphotobooth.net/?utm_source=gmb&utm_medium=click&utm_campaign=gmb_listing,2025-11-27,0,14,0.0,3.857142857142857,0.0
https://www.miaphotobooth.net/?utm_source=gmb&utm_medium=click&utm_campaign=gmb_listing,2025-11-28,0,10,0.0,5.6,0.0
https://www.miaphotobooth.net/?utm_source=gmb&utm_medium=click&utm_campaign=gmb_listing,2025-11-29,0,15,0.0,5.0,0.0
https://www.miaphotobooth.net/?utm_source=gmb&utm_medium=click&utm_campaign=gmb_listing,2025-12-01,0,26,0.0,3.5,0.0
https://www.miaphotobooth.net/?utm_source=gmb&utm_medium=click&utm_campaign=gmb_listing,2025-12-02,0,42,0.0,4.119047619047619,0.0
https://www.miaphotobooth.net/?utm_source=gmb&utm_medium=click&utm_campaign=gmb_listing,2025-12-03,0,20,0.0,4.55,0.0
https://www.miaphotobooth.net/audio-guestbook,2025-09-06,0,2,0.0,31.0,0.0
https://www.miaphotobooth.net/audio-guestbook,2025-09-07,0,1,0.0,5.0,0.0
https://www.miaphotobooth.net/audio-guestbook,2025-09-08,0,2,0.0,42.0,0.0
https://www.miaphotobooth.net/audio-guestbook,2025-09-09,0,3,0.0,43.333333333333336,0.0
https://www.miaphotobooth.net/audio-guestbook,2025-09-15,0,2,0.0,5.0,0.0
https://www.miaphotobooth.net/audio-guestbook,2025-09-17,0,2,0.0,8.0,0.0
https://www.miaphotobooth.net/audio-guestbook,2025-09-18,0,1,0.0,16.0,0.0
https://www.miaphotobooth.net/audio-guestbook,2025-09-20,0,1,0.0,12.0,0.0
https://www.miaphotobooth.net/audio-guestbook,2025-09-24,0,2,0.0,5.5,0.0
https://www.miaphotobooth.net/audio-guestbook,2025-09-25,0,2,0.0,3.5,0.0
https://www.miaphotobooth.net/audio-guestbook,2025-09-26,0,1,0.0,18.0,0.0
https://www.miaphotobooth.net/audio-guestbook,2025-09-27,0,1,0.0,6.0,0.0
https://www.miaphotobooth.net/audio-guestbook,2025-09-29,0,2,0.0,4.5,0.0
https://www.miaphotobooth.net/audio-guestbook,2025-10-01,0,1,0.0,6.0,0.0
https://www.miaphotobooth.net/audio-guestbook,2025-10-03,0,1,0.0,6.0,0.0
https://www.miaphotobooth.net/audio-guestbook,2025-10-05,0,1,0.0,6.0,0.0
https://www.miaphotobooth.net/audio-guestbook,2025-10-06,0,4,0.0,6.75,0.0
https://www.miaphotobooth.net/audio-guestbook,2025-10-07,0,1,0.0,22.0,0.0
https://www.miaphotobooth.net/audio-guestbook,2025-10-10,0,4,0.0,6.5,0.0
https://www.miaphotobooth.net/audio-guestbook,2025-10-11,0,1,0.0,7.0,0.0
https://www.miaphotobooth.net/audio-guestbook,2025-10-12,0,1,0.0,3.0,0.0
https://www.miaphotobooth.net/audio-guestbook,2025-10-13,0,1,0.0,10.0,0.0
https://www.miaphotobooth.net/audio-guestbook,2025-10-14,0,1,0.0,5.0,0.0
https://www.miaphotobooth.net/audio-guestbook,2025-10-15,0,1,0.0,10.0,0.0
https://www.miaphotobooth.net/audio-guestbook,2025-10-16,0,2,0.0,1.5,0.0
https://www.miaphotobooth.net/audio-guestbook,2025-10-17,0,3,0.0,10.0,0.0
https://www.miaphotobooth.net/audio-guestbook,2025-10-19,0,2,0.0,9.0,0.0
https://www.miaphotobooth.net/audio-guestbook,2025-10-20,0,1,0.0,7.0,0.0
https://www.miaphotobooth.net/audio-guestbook,2025-10-21,0,1,0.0,5.0,0.0
https://www.miaphotobooth.net/audio-guestbook,2025-10-24,0,4,0.0,7.75,0.0
https://www.miaphotobooth.net/audio-guestbook,2025-10-28,0,2,0.0,6.0,0.0
https://www.miaphotobooth.net/audio-guestbook,2025-10-29,0,3,0.0,8.333333333333332,0.0
https://www.miaphotobooth.net/audio-guestbook,2025-10-30,0,2,0.0,5.0,0.0
https://www.miaphotobooth.net/audio-guestbook,2025-10-31,0,2,0.0,8.0,0.0
https://www.miaphotobooth.net/audio-guestbook,2025-11-01,0,1,0.0,9.0,0.0
https://www.miaphotobooth.net/audio-guestbook,2025-11-02,0,2,0.0,10.5,0.0
https://www.miaphotobooth.net/audio-guestbook,2025-11-05,0,1,0.0,39.0,0.0
https://www.miaphotobooth.net/audio-guestbook,2025-11-06,0,20,0.0,57.15,0.0
https://www.miaphotobooth.net/audio-guestbook,2025-11-07,0,1,0.0,7.0,0.0
https://www.miaphotobooth.net/audio-guestbook,2025-11-08,0,2,0.0,6.0,0.0
https://www.miaphotobooth.net/audio-guestbook,2025-11-09,0,2,0.0,4.0,0.0
https://www.miaphotobooth.net/audio-guestbook,2025-11-10,0,1,0.0,2.0,0.0
https://www.miaphotobooth.net/audio-guestbook,2025-11-11,0,1,0.0,2.0,0.0
https://www.miaphotobooth.net/audio-guestbook,2025-11-14,0,1,0.0,11.0,0.0
https://www.miaphotobooth.net/audio-guestbook,2025-11-15,0,10,0.0,27.5,0.0
https://www.miaphotobooth.net/audio-guestbook,2025-11-17,0,1,0.0,6.0,0.0
https://www.miaphotobooth.net/blogs,2025-09-07,0,1,0.0,3.0,0.0
https://www.miaphotobooth.net/blogs,2025-09-13,0,1,0.0,3.0,0.0
https://www.miaphotobooth.net/blogs,2025-09-27,0,1,0.0,3.0,0.0
https://www.miaphotobooth.net/blogs,2025-09-28,0,2,0.0,9.5,0.0
https://www.miaphotobooth.net/blogs,2025-10-01,0,1,0.0,3.0,0.0
https://www.miaphotobooth.net/blogs,2025-10-03,0,1,0.0,3.0,0.0
https://www.miaphotobooth.net/blogs,2025-10-05,0,1,0.0,3.0,0.0
https://www.miaphotobooth.net/blogs,2025-10-06,0,2,0.0,3.0,0.0
https://www.miaphotobooth.net/blogs,2025-10-13,0,1,0.0,3.0,0.0
https://www.miaphotobooth.net/blogs,2025-10-22,0,1,0.0,13.0,0.0
https://www.miaphotobooth.net/blogs,2025-10-25,0,1,0.0,6.0,0.0
https://www.miaphotobooth.net/blogs,2025-10-28,0,1,0.0,3.0,0.0
https://www.miaphotobooth.net/blogs,2025-10-29,0,1,0.0,3.0,0.0
https://www.miaphotobooth.net/blogs,2025-10-31,0,1,0.0,3.0,0.0
https://www.miaphotobooth.net/blogs,2025-11-09,0,1,0.0,3.0,0.0
https://www.miaphotobooth.net/blogs,2025-11-14,0,2,0.0,10.0,0.0
https://www.miaphotobooth.net/blogs,2025-11-30,0,2,0.0,2.0,0.0
https://www.miaphotobooth.net/classy-photo-booth-rental-in-coral-terrace-fl,2025-12-02,0,2,0.0,9.5,0.0
https://www.miaphotobooth.net/classy-photo-booth-rental-in-coral-terrace-fl,2025-12-03,0,3,0.0,55.666666666666664,0.0
https://www.miaphotobooth.net/contact,2025-09-05,0,9,0.0,5.444444444444445,0.0
https://www.miaphotobooth.net/contact,2025-09-06,0,12,0.0,9.916666666666666,0.0
https://www.miaphotobooth.net/contact,2025-09-07,0,18,0.0,4.555555555555555,0.0
https://www.miaphotobooth.net/contact,2025-09-08,0,13,0.0,4.3076923076923075,0.0
https://www.miaphotobooth.net/contact,2025-09-09,0,10,0.0,6.8,0.0
https://www.miaphotobooth.net/contact,2025-09-10,0,12,0.0,5.75,0.0
https://www.miaphotobooth.net/contact,2025-09-11,0,7,0.0,3.5714285714285716,0.0
https://www.miaphotobooth.net/contact,2025-09-12,0,3,0.0,3.0,0.0
https://www.miaphotobooth.net/contact,2025-09-13,0,8,0.0,5.625,0.0
https://www.miaphotobooth.net/contact,2025-09-14,0,14,0.0,3.7142857142857144,0.0
https://www.miaphotobooth.net/contact,2025-09-15,0,7,0.0,4.714285714285714,0.0
https://www.miaphotobooth.net/contact,2025-09-16,0,6,0.0,7.0,0.0
https://www.miaphotobooth.net/contact,2025-09-17,0,11,0.0,4.272727272727273,0.0
https://www.miaphotobooth.net/contact,2025-09-18,0,5,0.0,6.4,0.0
https://www.miaphotobooth.net/contact,2025-09-19,0,6,0.0,6.5,0.0
https://www.miaphotobooth.net/contact,2025-09-20,0,6,0.0,6.166666666666667,0.0
https://www.miaphotobooth.net/contact,2025-09-21,0,10,0.0,5.9,0.0
https://www.miaphotobooth.net/contact,2025-09-22,0,6,0.0,4.833333333333334,0.0
https://www.miaphotobooth.net/contact,2025-09-23,0,9,0.0,5.777777777777778,0.0
https://www.miaphotobooth.net/contact,2025-09-24,0,6,0.0,5.0,0.0
https://www.miaphotobooth.net/contact,2025-09-25,0,13,0.0,6.538461538461538,0.0
https://www.miaphotobooth.net/contact,2025-09-26,0,6,0.0,4.666666666666666,0.0
https://www.miaphotobooth.net/contact,2025-09-27,0,8,0.0,5.625,0.0
https://www.miaphotobooth.net/contact,2025-09-28,0,6,0.0,5.166666666666667,0.0
https://www.miaphotobooth.net/contact,2025-09-29,0,8,0.0,8.0,0.0
https://www.miaphotobooth.net/contact,2025-09-30,0,13,0.0,5.846153846153846,0.0
https://www.miaphotobooth.net/contact,2025-10-01,0,4,0.0,3.75,0.0
https://www.miaphotobooth.net/contact,2025-10-02,0,6,0.0,3.5,0.0
https://www.miaphotobooth.net/contact,2025-10-03,0,8,0.0,33.5,0.0
https://www.miaphotobooth.net/contact,2025-10-04,0,9,0.0,4.555555555555555,0.0
https://www.miaphotobooth.net/contact,2025-10-05,0,10,0.0,5.0,0.0
https://www.miaphotobooth.net/contact,2025-10-06,0,11,0.0,4.818181818181818,0.0
https://www.miaphotobooth.net/contact,2025-10-07,0,6,0.0,5.666666666666667,0.0
https://www.miaphotobooth.net/contact,2025-10-08,0,7,0.0,4.285714285714286,0.0
https://www.miaphotobooth.net/contact,2025-10-09,0,5,0.0,3.8,0.0
https://www.miaphotobooth.net/contact,2025-10-10,0,5,0.0,4.8,0.0
https://www.miaphotobooth.net/contact,2025-10-11,0,20,0.0,5.05,0.0
https://www.miaphotobooth.net/contact,2025-10-12,0,11,0.0,5.181818181818182,0.0
https://www.miaphotobooth.net/contact,2025-10-13,0,15,0.0,4.266666666666667,0.0
https://www.miaphotobooth.net/contact,2025-10-14,0,7,0.0,3.5714285714285716,0.0
https://www.miaphotobooth.net/contact,2025-10-15,0,6,0.0,3.6666666666666665,0.0
https://www.miaphotobooth.net/contact,2025-10-16,0,5,0.0,6.6,0.0
https://www.miaphotobooth.net/contact,2025-10-17,0,6,0.0,5.833333333333333,0.0
https://www.miaphotobooth.net/contact,2025-10-18,0,7,0.0,3.5714285714285716,0.0
https://www.miaphotobooth.net/contact,2025-10-19,0,6,0.0,4.5,0.0
https://www.miaphotobooth.net/contact,2025-10-20,0,15,0.0,4.266666666666667,0.0
https://www.miaphotobooth.net/contact,2025-10-21,0,9,0.0,4.777777777777778,0.0
https://www.miaphotobooth.net/contact,2025-10-22,0,4,0.0,6.5,0.0
https://www.miaphotobooth.net/contact,2025-10-23,0,6,0.0,49.833333333333336,0.0
https://www.miaphotobooth.net/contact,2025-10-24,0,9,0.0,4.222222222222222,0.0
https://www.miaphotobooth.net/contact,2025-10-25,0,12,0.0,7.416666666666667,0.0
https://www.miaphotobooth.net/contact,2025-10-26,0,7,0.0,5.142857142857143,0.0
https://www.miaphotobooth.net/contact,2025-10-27,0,11,0.0,5.181818181818182,0.0
https://www.miaphotobooth.net/contact,2025-10-28,0,6,0.0,5.333333333333333,0.0
https://www.miaphotobooth.net/contact,2025-10-29,0,10,0.0,6.1,0.0
https://www.miaphotobooth.net/contact,2025-10-30,0,7,0.0,6.571428571428571,0.0
https://www.miaphotobooth.net/contact,2025-10-31,0,3,0.0,6.333333333333333,0.0
https://www.miaphotobooth.net/contact,2025-11-01,0,10,0.0,10.6,0.0
https://www.miaphotobooth.net/contact,2025-11-02,0,6,0.0,5.166666666666667,0.0
https://www.miaphotobooth.net/contact,2025-11-03,0,8,0.0,5.625,0.0
https://www.miaphotobooth.net/contact,2025-11-04,0,5,0.0,3.2,0.0
https://www.miaphotobooth.net/contact,2025-11-05,0,4,0.0,6.25,0.0
https://www.miaphotobooth.net/contact,2025-11-06,0,9,0.0,3.3333333333333335,0.0
https://www.miaphotobooth.net/contact,2025-11-07,0,8,0.0,7.5,0.0
https://www.miaphotobooth.net/contact,2025-11-08,0,6,0.0,6.0,0.0
https://www.miaphotobooth.net/contact,2025-11-09,0,11,0.0,10.181818181818182,0.0
https://www.miaphotobooth.net/contact,2025-11-10,0,11,0.0,8.454545454545453,0.0
https://www.miaphotobooth.net/contact,2025-11-11,0,14,0.0,8.571428571428571,0.0
https://www.miaphotobooth.net/contact,2025-11-12,0,10,0.0,6.8,0.0
https://www.miaphotobooth.net/contact,2025-11-13,0,10,0.0,23.1,0.0
https://www.miaphotobooth.net/contact,2025-11-14,0,9,0.0,8.444444444444445,0.0
https://www.miaphotobooth.net/contact,2025-11-15,0,5,0.0,6.6,0.0
https://www.miaphotobooth.net/contact,2025-11-16,0,13,0.0,5.769230769230769,0.0
https://www.miaphotobooth.net/contact,2025-11-17,0,7,0.0,6.571428571428571,0.0
https://www.miaphotobooth.net/contact,2025-11-18,0,5,0.0,8.0,0.0
https://www.miaphotobooth.net/contact,2025-11-19,0,15,0.0,6.6,0.0
https://www.miaphotobooth.net/contact,2025-11-20,0,8,0.0,9.75,0.0
https://www.miaphotobooth.net/contact,2025-11-21,0,8,0.0,7.875,0.0
https://www.miaphotobooth.net/contact,2025-11-22,0,8,0.0,38.75,0.0
https://www.miaphotobooth.net/contact,2025-11-23,0,6,0.0,8.666666666666668,0.0
https://www.miaphotobooth.net/contact,2025-11-24,0,11,0.0,9.272727272727273,0.0
https://www.miaphotobooth.net/contact,2025-11-25,0,7,0.0,9.571428571428571,0.0
https://www.miaphotobooth.net/contact,2025-11-26,0,6,0.0,8.0,0.0
https://www.miaphotobooth.net/contact,2025-11-27,0,8,0.0,6.75,0.0
https://www.miaphotobooth.net/contact,2025-11-28,0,8,0.0,8.375,0.0
https://www.miaphotobooth.net/contact,2025-11-29,0,7,0.0,6.285714285714286,0.0
https://www.miaphotobooth.net/contact,2025-11-30,0,11,0.0,5.909090909090909,0.0
https://www.miaphotobooth.net/contact,2025-12-01,0,12,0.0,7.916666666666667,0.0
https://www.miaphotobooth.net/contact,2025-12-02,0,8,0.0,35.75,0.0
https://www.miaphotobooth.net/contact,2025-12-03,0,8,0.0,7.5,0.0
https://www.miaphotobooth.net/copy-of-packages,2025-09-15,0,1,0.0,3.0,0.0
https://www.miaphotobooth.net/copy-of-packages,2025-09-17,0,1,0.0,4.0,0.0
https://www.miaphotobooth.net/copy-of-packages,2025-10-24,0,1,0.0,10.0,0.0
https://www.miaphotobooth.net/copy-of-packages,2025-11-07,0,1,0.0,2.0,0.0
https://www.miaphotobooth.net/dependable-photo-booth-rental-in-sunset-fl,2025-09-06,0,1,0.0,94.0,0.0
https://www.miaphotobooth.net/dependable-photo-booth-rental-in-sunset-fl,2025-09-09,0,2,0.0,1.0,0.0
https://www.miaphotobooth.net/dependable-photo-booth-rental-in-sunset-fl,2025-09-10,0,1,0.0,86.0,0.0
https://www.miaphotobooth.net/dependable-photo-booth-rental-in-sunset-fl,2025-09-14,0,3,0.0,444.0,0.0
https://www.miaphotobooth.net/dependable-photo-booth-rental-in-sunset-fl,2025-09-15,0,1,0.0,6.0,0.0
https://www.miaphotobooth.net/dependable-photo-booth-rental-in-sunset-fl,2025-09-16,0,2,0.0,1.5,0.0
https://www.miaphotobooth.net/dependable-photo-booth-rental-in-sunset-fl,2025-09-27,0,1,0.0,5.0,0.0
https://www.miaphotobooth.net/dependable-photo-booth-rental-in-sunset-fl,2025-09-30,0,1,0.0,2.0,0.0
https://www.miaphotobooth.net/dependable-photo-booth-rental-in-sunset-fl,2025-10-03,0,1,0.0,64.0,0.0
https://www.miaphotobooth.net/dependable-photo-booth-rental-in-sunset-fl,2025-10-06,0,1,0.0,73.0,0.0
https://www.miaphotobooth.net/dependable-photo-booth-rental-in-sunset-fl,2025-10-08,0,1,0.0,4.0,0.0
https://www.miaphotobooth.net/dependable-photo-booth-rental-in-sunset-fl,2025-10-09,0,4,0.0,37.0,0.0
https://www.miaphotobooth.net/dependable-photo-booth-rental-in-sunset-fl,2025-10-15,0,1,0.0,78.0,0.0
https://www.miaphotobooth.net/dependable-photo-booth-rental-in-sunset-fl,2025-10-16,0,1,0.0,1.0,0.0
https://www.miaphotobooth.net/dependable-photo-booth-rental-in-sunset-fl,2025-10-23,0,1,0.0,11.0,0.0
https://www.miaphotobooth.net/dependable-photo-booth-rental-in-sunset-fl,2025-10-28,0,1,0.0,89.0,0.0
https://www.miaphotobooth.net/dependable-photo-booth-rental-in-sunset-fl,2025-11-03,0,4,0.0,49.25,0.0
https://www.miaphotobooth.net/dependable-photo-booth-rental-in-sunset-fl,2025-11-05,0,1,0.0,2.0,0.0
https://www.miaphotobooth.net/dependable-photo-booth-rental-in-sunset-fl,2025-11-06,0,1,0.0,2.0,0.0
https://www.miaphotobooth.net/dependable-photo-booth-rental-in-sunset-fl,2025-11-11,0,1,0.0,1.0,0.0
https://www.miaphotobooth.net/dependable-photo-booth-rental-in-sunset-fl,2025-11-12,0,11,0.0,31.636363636363637,0.0
https://www.miaphotobooth.net/dependable-photo-booth-rental-in-sunset-fl,2025-11-13,0,1,0.0,1.0,0.0
https://www.miaphotobooth.net/dependable-photo-booth-rental-in-sunset-fl,2025-11-14,0,5,0.0,1.6,0.0
https://www.miaphotobooth.net/dependable-photo-booth-rental-in-sunset-fl,2025-11-16,0,3,0.0,4.0,0.0
https://www.miaphotobooth.net/dependable-photo-booth-rental-in-sunset-fl,2025-11-17,0,1,0.0,1.0,0.0
https://www.miaphotobooth.net/dependable-photo-booth-rental-in-sunset-fl,2025-11-18,0,1,0.0,2.0,0.0
https://www.miaphotobooth.net/dependable-photo-booth-rental-in-sunset-fl,2025-11-20,0,2,0.0,1.0,0.0
https://www.miaphotobooth.net/dependable-photo-booth-rental-in-sunset-fl,2025-11-28,0,1,0.0,4.0,0.0
https://www.miaphotobooth.net/dependable-photo-booth-rental-in-sunset-fl,2025-11-29,0,1,0.0,1.0,0.0
https://www.miaphotobooth.net/dependable-photo-booth-rental-in-sunset-fl,2025-12-01,0,1,0.0,1.0,0.0
https://www.miaphotobooth.net/dependable-photo-booth-rental-in-sunset-fl,2025-12-02,0,2,0.0,25.5,0.0
https://www.miaphotobooth.net/events-gallery,2025-09-05,0,19,0.0,7.578947368421052,0.0
https://www.miaphotobooth.net/events-gallery,2025-09-06,0,17,0.0,9.647058823529411,0.0
https://www.miaphotobooth.net/events-gallery,2025-09-07,0,23,0.0,5.304347826086956,0.0
https://www.miaphotobooth.net/events-gallery,2025-09-08,0,18,0.0,5.277777777777778,0.0
https://www.miaphotobooth.net/events-gallery,2025-09-09,0,23,0.0,6.739130434782608,0.0
https://www.miaphotobooth.net/events-gallery,2025-09-10,0,16,0.0,6.6875,0.0
https://www.miaphotobooth.net/events-gallery,2025-09-11,0,12,0.0,6.416666666666667,0.0
https://www.miaphotobooth.net/events-gallery,2025-09-12,0,8,0.0,6.875,0.0
https://www.miaphotobooth.net/events-gallery,2025-09-13,0,10,0.0,6.4,0.0
https://www.miaphotobooth.net/events-gallery,2025-09-14,0,21,0.0,5.761904761904762,0.0
https://www.miaphotobooth.net/events-gallery,2025-09-15,0,20,0.0,7.3,0.0
https://www.miaphotobooth.net/events-gallery,2025-09-16,0,10,0.0,7.6,0.0
https://www.miaphotobooth.net/events-gallery,2025-09-17,0,16,0.0,4.8125,0.0
https://www.miaphotobooth.net/events-gallery,2025-09-18,0,8,0.0,7.5,0.0
https://www.miaphotobooth.net/events-gallery,2025-09-20,0,10,0.0,7.4,0.0
https://www.miaphotobooth.net/events-gallery,2025-09-21,0,16,0.0,6.5,0.0
https://www.miaphotobooth.net/events-gallery,2025-09-22,0,15,0.0,7.666666666666667,0.0
https://www.miaphotobooth.net/events-gallery,2025-09-23,0,10,0.0,6.2,0.0
https://www.miaphotobooth.net/events-gallery,2025-09-24,0,10,0.0,7.3,0.0
https://www.miaphotobooth.net/events-gallery,2025-09-25,0,13,0.0,6.076923076923077,0.0
https://www.miaphotobooth.net/events-gallery,2025-09-26,0,6,0.0,4.666666666666666,0.0
https://www.miaphotobooth.net/events-gallery,2025-09-27,0,10,0.0,6.3,0.0
https://www.miaphotobooth.net/events-gallery,2025-09-28,0,7,0.0,5.428571428571429,0.0
https://www.miaphotobooth.net/events-gallery,2025-09-29,0,6,0.0,4.5,0.0
https://www.miaphotobooth.net/events-gallery,2025-09-30,0,19,0.0,7.2631578947368425,0.0
https://www.miaphotobooth.net/events-gallery,2025-10-01,0,6,0.0,6.5,0.0
https://www.miaphotobooth.net/events-gallery,2025-10-02,0,8,0.0,5.25,0.0
https://www.miaphotobooth.net/events-gallery,2025-10-03,0,10,0.0,7.6,0.0
https://www.miaphotobooth.net/events-gallery,2025-10-04,0,9,0.0,5.888888888888889,0.0
https://www.miaphotobooth.net/events-gallery,2025-10-05,0,11,0.0,6.181818181818182,0.0
https://www.miaphotobooth.net/events-gallery,2025-10-06,0,16,0.0,7.25,0.0
https://www.miaphotobooth.net/events-gallery,2025-10-07,0,11,0.0,6.909090909090909,0.0
https://www.miaphotobooth.net/events-gallery,2025-10-08,0,10,0.0,5.9,0.0
https://www.miaphotobooth.net/events-gallery,2025-10-09,0,11,0.0,7.0,0.0
https://www.miaphotobooth.net/events-gallery,2025-10-10,0,10,0.0,6.3,0.0
https://www.miaphotobooth.net/events-gallery,2025-10-11,0,25,0.0,5.8,0.0
https://www.miaphotobooth.net/events-gallery,2025-10-12,0,14,0.0,6.0,0.0
https://www.miaphotobooth.net/events-gallery,2025-10-13,0,23,0.0,6.130434782608695,0.0
https://www.miaphotobooth.net/events-gallery,2025-10-14,0,16,0.0,7.1875,0.0
https://www.miaphotobooth.net/events-gallery,2025-10-15,0,11,0.0,6.636363636363637,0.0
https://www.miaphotobooth.net/events-gallery,2025-10-16,0,13,0.0,8.23076923076923,0.0
https://www.miaphotobooth.net/events-gallery,2025-10-17,0,10,0.0,7.1,0.0
https://www.miaphotobooth.net/events-gallery,2025-10-18,0,9,0.0,4.444444444444445,0.0
https://www.miaphotobooth.net/events-gallery,2025-10-19,0,11,0.0,6.2727272727272725,0.0
https://www.miaphotobooth.net/events-gallery,2025-10-20,0,21,0.0,5.666666666666667,0.0
https://www.miaphotobooth.net/events-gallery,2025-10-21,0,11,0.0,5.818181818181818,0.0
https://www.miaphotobooth.net/events-gallery,2025-10-22,0,6,0.0,7.833333333333333,0.0
https://www.miaphotobooth.net/events-gallery,2025-10-23,0,8,0.0,6.0,0.0
https://www.miaphotobooth.net/events-gallery,2025-10-24,0,30,0.0,9.6,0.0
https://www.miaphotobooth.net/events-gallery,2025-10-25,0,17,0.0,8.294117647058822,0.0
https://www.miaphotobooth.net/events-gallery,2025-10-26,0,12,0.0,7.0,0.0
https://www.miaphotobooth.net/events-gallery,2025-10-27,0,16,0.0,6.9375,0.0
https://www.miaphotobooth.net/events-gallery,2025-10-28,0,9,0.0,7.0,0.0
https://www.miaphotobooth.net/events-gallery,2025-10-29,0,15,0.0,7.8,0.0
https://www.miaphotobooth.net/events-gallery,2025-10-30,0,9,0.0,7.666666666666667,0.0
https://www.miaphotobooth.net/events-gallery,2025-10-31,0,8,0.0,8.25,0.0
https://www.miaphotobooth.net/events-gallery,2025-11-01,0,9,0.0,7.888888888888889,0.0
https://www.miaphotobooth.net/events-gallery,2025-11-02,0,8,0.0,4.875,0.0
https://www.miaphotobooth.net/events-gallery,2025-11-03,0,13,0.0,7.076923076923077,0.0
https://www.miaphotobooth.net/events-gallery,2025-11-04,0,8,0.0,6.625,0.0
https://www.miaphotobooth.net/events-gallery,2025-11-05,0,5,0.0,7.8,0.0
https://www.miaphotobooth.net/events-gallery,2025-11-06,0,17,0.0,6.117647058823529,0.0
https://www.miaphotobooth.net/events-gallery,2025-11-07,0,13,0.0,8.846153846153847,0.0
https://www.miaphotobooth.net/events-gallery,2025-11-08,0,10,0.0,7.8,0.0
https://www.miaphotobooth.net/events-gallery,2025-11-09,0,18,0.0,10.11111111111111,0.0
https://www.miaphotobooth.net/events-gallery,2025-11-10,0,19,0.0,8.68421052631579,0.0
https://www.miaphotobooth.net/events-gallery,2025-11-11,0,18,0.0,8.833333333333332,0.0
https://www.miaphotobooth.net/events-gallery,2025-11-12,0,18,0.0,7.611111111111111,0.0
https://www.miaphotobooth.net/events-gallery,2025-11-13,0,16,0.0,7.375,0.0
https://www.miaphotobooth.net/events-gallery,2025-11-14,0,17,0.0,13.705882352941176,0.0
https://www.miaphotobooth.net/events-gallery,2025-11-15,0,11,0.0,8.636363636363637,0.0
https://www.miaphotobooth.net/events-gallery,2025-11-16,0,25,0.0,7.96,0.0
https://www.miaphotobooth.net/events-gallery,2025-11-17,0,10,0.0,7.9,0.0
https://www.miaphotobooth.net/events-gallery,2025-11-18,0,13,0.0,9.0,0.0
https://www.miaphotobooth.net/events-gallery,2025-11-19,0,23,0.0,7.739130434782608,0.0
https://www.miaphotobooth.net/events-gallery,2025-11-20,0,17,0.0,10.117647058823529,0.0
https://www.miaphotobooth.net/events-gallery,2025-11-21,0,17,0.0,8.882352941176471,0.0
https://www.miaphotobooth.net/events-gallery,2025-11-23,0,13,0.0,9.538461538461538,0.0
https://www.miaphotobooth.net/events-gallery,2025-11-24,0,26,0.0,9.076923076923077,0.0
https://www.miaphotobooth.net/events-gallery,2025-11-25,0,20,0.0,10.1,0.0
https://www.miaphotobooth.net/events-gallery,2025-11-26,0,13,0.0,8.692307692307693,0.0
https://www.miaphotobooth.net/events-gallery,2025-11-27,0,15,0.0,7.6,0.0
https://www.miaphotobooth.net/events-gallery,2025-11-28,0,17,0.0,8.117647058823529,0.0
https://www.miaphotobooth.net/events-gallery,2025-11-29,0,10,0.0,7.6,0.0
https://www.miaphotobooth.net/events-gallery,2025-11-30,0,15,0.0,7.066666666666666,0.0
https://www.miaphotobooth.net/events-gallery,2025-12-01,0,20,0.0,7.8,0.0
https://www.miaphotobooth.net/events-gallery,2025-12-02,0,14,0.0,7.642857142857143,0.0
https://www.miaphotobooth.net/events-gallery,2025-12-03,0,17,0.0,8.647058823529413,0.0
https://www.miaphotobooth.net/exceptional-photo-booth-rental-in-granada-fl,2025-10-24,0,1,0.0,9.0,0.0
https://www.miaphotobooth.net/exceptional-photo-booth-rental-in-granada-fl,2025-10-26,0,1,0.0,10.0,0.0
https://www.miaphotobooth.net/exceptional-photo-booth-rental-in-granada-fl,2025-10-27,0,1,0.0,5.0,0.0
https://www.miaphotobooth.net/exceptional-photo-booth-rental-in-granada-fl,2025-10-29,0,4,0.0,59.25,0.0
https://www.miaphotobooth.net/exceptional-photo-booth-rental-in-granada-fl,2025-10-30,0,1,0.0,10.0,0.0
https://www.miaphotobooth.net/exceptional-photo-booth-rental-in-granada-fl,2025-10-31,0,2,0.0,9.5,0.0
https://www.miaphotobooth.net/exceptional-photo-booth-rental-in-granada-fl,2025-11-03,0,3,0.0,7.333333333333333,0.0
https://www.miaphotobooth.net/exceptional-photo-booth-rental-in-granada-fl,2025-11-06,0,1,0.0,9.0,0.0
https://www.miaphotobooth.net/exceptional-photo-booth-rental-in-granada-fl,2025-11-08,0,1,0.0,10.0,0.0
https://www.miaphotobooth.net/exceptional-photo-booth-rental-in-granada-fl,2025-11-09,0,1,0.0,57.0,0.0
https://www.miaphotobooth.net/exceptional-photo-booth-rental-in-granada-fl,2025-11-11,0,1,0.0,6.0,0.0
https://www.miaphotobooth.net/exceptional-photo-booth-rental-in-granada-fl,2025-11-12,0,2,0.0,5.5,0.0
https://www.miaphotobooth.net/exceptional-photo-booth-rental-in-granada-fl,2025-11-16,0,1,0.0,7.0,0.0
https://www.miaphotobooth.net/exceptional-photo-booth-rental-in-granada-fl,2025-11-17,0,4,0.0,8.75,0.0
https://www.miaphotobooth.net/exceptional-photo-booth-rental-in-granada-fl,2025-11-18,0,2,0.0,69.0,0.0
https://www.miaphotobooth.net/exceptional-photo-booth-rental-in-granada-fl,2025-11-19,0,1,0.0,82.0,0.0
https://www.miaphotobooth.net/exceptional-photo-booth-rental-in-granada-fl,2025-11-21,0,1,0.0,11.0,0.0
https://www.miaphotobooth.net/exceptional-photo-booth-rental-in-granada-fl,2025-11-22,0,2,0.0,6.0,0.0
https://www.miaphotobooth.net/exceptional-photo-booth-rental-in-granada-fl,2025-11-23,0,1,0.0,7.0,0.0
https://www.miaphotobooth.net/exceptional-photo-booth-rental-in-granada-fl,2025-11-25,0,1,0.0,7.0,0.0
https://www.miaphotobooth.net/exceptional-photo-booth-rental-in-granada-fl,2025-11-28,0,1,0.0,6.0,0.0
https://www.miaphotobooth.net/exceptional-photo-booth-rental-in-granada-fl,2025-11-30,0,1,0.0,5.0,0.0
https://www.miaphotobooth.net/exceptional-photo-booth-rental-in-granada-fl,2025-12-02,0,2,0.0,51.0,0.0
https://www.miaphotobooth.net/exceptional-photo-booth-rental-in-granada-fl,2025-12-03,0,2,0.0,7.5,0.0
https://www.miaphotobooth.net/exclusive-photobooth-rental-in-gladeview-fl,2025-11-06,0,1,0.0,2.0,0.0
https://www.miaphotobooth.net/exclusive-photobooth-rental-in-gladeview-fl,2025-11-08,0,1,0.0,15.0,0.0
https://www.miaphotobooth.net/exclusive-photobooth-rental-in-gladeview-fl,2025-11-09,0,1,0.0,40.0,0.0
https://www.miaphotobooth.net/exclusive-photobooth-rental-in-gladeview-fl,2025-11-10,0,1,0.0,11.0,0.0
https://www.miaphotobooth.net/exclusive-photobooth-rental-in-gladeview-fl,2025-11-12,0,5,0.0,36.6,0.0
https://www.miaphotobooth.net/exclusive-photobooth-rental-in-gladeview-fl,2025-11-17,0,1,0.0,11.0,0.0
https://www.miaphotobooth.net/exclusive-photobooth-rental-in-gladeview-fl,2025-11-20,0,2,0.0,35.0,0.0
https://www.miaphotobooth.net/exclusive-photobooth-rental-in-gladeview-fl,2025-11-21,0,4,0.0,67.0,0.0
https://www.miaphotobooth.net/exclusive-photobooth-rental-in-gladeview-fl,2025-11-24,0,3,0.0,35.333333333333336,0.0
https://www.miaphotobooth.net/exclusive-photobooth-rental-in-gladeview-fl,2025-11-26,0,2,0.0,73.5,0.0
https://www.miaphotobooth.net/exclusive-photobooth-rental-in-gladeview-fl,2025-12-01,0,1,0.0,3.0,0.0
https://www.miaphotobooth.net/exclusive-photobooth-rental-in-gladeview-fl,2025-12-02,0,2,0.0,69.0,0.0
https://www.miaphotobooth.net/exclusive-photobooth-rental-in-gladeview-fl,2025-12-03,0,3,0.0,93.0,0.0
https://www.miaphotobooth.net/famous-photo-booth-rental-in-douglas-fl,2025-11-04,0,1,0.0,10.0,0.0
https://www.miaphotobooth.net/famous-photo-booth-rental-in-douglas-fl,2025-11-09,0,4,0.0,44.5,0.0
https://www.miaphotobooth.net/famous-photo-booth-rental-in-douglas-fl,2025-11-10,0,2,0.0,50.0,0.0
https://www.miaphotobooth.net/famous-photo-booth-rental-in-douglas-fl,2025-11-16,0,4,0.0,63.75,0.0
https://www.miaphotobooth.net/famous-photo-booth-rental-in-douglas-fl,2025-11-23,0,3,0.0,56.0,0.0
https://www.miaphotobooth.net/famous-photo-booth-rental-in-douglas-fl,2025-11-24,0,1,0.0,6.0,0.0
https://www.miaphotobooth.net/famous-photo-booth-rental-in-douglas-fl,2025-11-26,0,1,0.0,87.0,0.0
https://www.miaphotobooth.net/famous-photo-booth-rental-in-douglas-fl,2025-11-28,0,1,0.0,81.0,0.0
https://www.miaphotobooth.net/famous-photo-booth-rental-in-douglas-fl,2025-11-29,0,1,0.0,1.0,0.0
https://www.miaphotobooth.net/famous-photo-booth-rental-in-douglas-fl,2025-11-30,0,4,0.0,24.75,0.0
https://www.miaphotobooth.net/famous-photo-booth-rental-in-douglas-fl,2025-12-02,0,1,0.0,4.0,0.0
https://www.miaphotobooth.net/frequently-asked-questions,2025-09-05,0,14,0.0,14.642857142857142,0.0
https://www.miaphotobooth.net/frequently-asked-questions,2025-09-06,0,13,0.0,9.76923076923077,0.0
https://www.miaphotobooth.net/frequently-asked-questions,2025-09-07,0,21,0.0,8.19047619047619,0.0
https://www.miaphotobooth.net/frequently-asked-questions,2025-09-08,0,15,0.0,5.266666666666667,0.0
https://www.miaphotobooth.net/frequently-asked-questions,2025-09-09,0,13,0.0,5.923076923076923,0.0
https://www.miaphotobooth.net/frequently-asked-questions,2025-09-10,0,13,0.0,5.615384615384615,0.0
https://www.miaphotobooth.net/frequently-asked-questions,2025-09-11,0,8,0.0,18.0,0.0
https://www.miaphotobooth.net/frequently-asked-questions,2025-09-12,0,5,0.0,13.4,0.0
https://www.miaphotobooth.net/frequently-asked-questions,2025-09-13,0,9,0.0,5.333333333333333,0.0
https://www.miaphotobooth.net/frequently-asked-questions,2025-09-14,0,14,0.0,3.7142857142857144,0.0
https://www.miaphotobooth.net/frequently-asked-questions,2025-09-15,0,8,0.0,4.75,0.0
https://www.miaphotobooth.net/frequently-asked-questions,2025-09-16,0,8,0.0,5.625,0.0
https://www.miaphotobooth.net/frequently-asked-questions,2025-09-17,0,11,0.0,4.272727272727273,0.0
https://www.miaphotobooth.net/frequently-asked-questions,2025-09-18,0,4,0.0,7.5,0.0
https://www.miaphotobooth.net/frequently-asked-questions,2025-09-19,0,6,0.0,6.5,0.0
https://www.miaphotobooth.net/frequently-asked-questions,2025-09-20,0,7,0.0,15.142857142857142,0.0
https://www.miaphotobooth.net/frequently-asked-questions,2025-09-21,0,13,0.0,10.76923076923077,0.0
https://www.miaphotobooth.net/frequently-asked-questions,2025-09-22,0,6,0.0,4.833333333333334,0.0
https://www.miaphotobooth.net/frequently-asked-questions,2025-09-23,0,9,0.0,5.777777777777778,0.0
https://www.miaphotobooth.net/frequently-asked-questions,2025-09-24,0,5,0.0,4.2,0.0
https://www.miaphotobooth.net/frequently-asked-questions,2025-09-25,0,12,0.0,5.666666666666667,0.0
https://www.miaphotobooth.net/frequently-asked-questions,2025-09-26,0,6,0.0,4.666666666666666,0.0
https://www.miaphotobooth.net/frequently-asked-questions,2025-09-27,0,8,0.0,5.875,0.0
https://www.miaphotobooth.net/frequently-asked-questions,2025-09-28,0,6,0.0,5.166666666666667,0.0
https://www.miaphotobooth.net/frequently-asked-questions,2025-09-29,0,7,0.0,5.0,0.0
https://www.miaphotobooth.net/frequently-asked-questions,2025-09-30,0,13,0.0,5.846153846153846,0.0
https://www.miaphotobooth.net/frequently-asked-questions,2025-10-01,0,4,0.0,3.0,0.0
https://www.miaphotobooth.net/frequently-asked-questions,2025-10-02,0,9,0.0,16.22222222222222,0.0
https://www.miaphotobooth.net/frequently-asked-questions,2025-10-04,0,8,0.0,5.625,0.0
https://www.miaphotobooth.net/frequently-asked-questions,2025-10-05,0,10,0.0,9.7,0.0
https://www.miaphotobooth.net/frequently-asked-questions,2025-10-06,0,10,0.0,12.8,0.0
https://www.miaphotobooth.net/frequently-asked-questions,2025-10-07,0,9,0.0,28.11111111111111,0.0
https://www.miaphotobooth.net/frequently-asked-questions,2025-10-08,0,9,0.0,10.777777777777779,0.0
https://www.miaphotobooth.net/frequently-asked-questions,2025-10-09,0,5,0.0,3.8,0.0
https://www.miaphotobooth.net/frequently-asked-questions,2025-10-10,0,7,0.0,25.571428571428573,0.0
https://www.miaphotobooth.net/frequently-asked-questions,2025-10-11,0,21,0.0,7.809523809523809,0.0
https://www.miaphotobooth.net/frequently-asked-questions,2025-10-12,0,12,0.0,9.5,0.0
https://www.miaphotobooth.net/frequently-asked-questions,2025-10-13,0,16,0.0,8.0,0.0
https://www.miaphotobooth.net/frequently-asked-questions,2025-10-14,0,7,0.0,15.142857142857142,0.0
https://www.miaphotobooth.net/frequently-asked-questions,2025-10-15,0,8,0.0,26.0,0.0
https://www.miaphotobooth.net/frequently-asked-questions,2025-10-16,0,6,0.0,7.0,0.0
https://www.miaphotobooth.net/frequently-asked-questions,2025-10-17,0,8,0.0,15.625,0.0
https://www.miaphotobooth.net/frequently-asked-questions,2025-10-18,0,9,0.0,23.22222222222222,0.0
https://www.miaphotobooth.net/frequently-asked-questions,2025-10-19,0,8,0.0,15.125,0.0
https://www.miaphotobooth.net/frequently-asked-questions,2025-10-20,0,17,0.0,9.941176470588236,0.0
https://www.miaphotobooth.net/frequently-asked-questions,2025-10-21,0,10,0.0,12.8,0.0
https://www.miaphotobooth.net/frequently-asked-questions,2025-10-22,0,5,0.0,22.6,0.0
https://www.miaphotobooth.net/frequently-asked-questions,2025-10-23,0,6,0.0,23.833333333333332,0.0
https://www.miaphotobooth.net/frequently-asked-questions,2025-10-24,0,8,0.0,4.625,0.0
https://www.miaphotobooth.net/frequently-asked-questions,2025-10-25,0,13,0.0,15.076923076923077,0.0
https://www.miaphotobooth.net/frequently-asked-questions,2025-10-26,0,8,0.0,14.5,0.0
https://www.miaphotobooth.net/frequently-asked-questions,2025-10-27,0,9,0.0,5.111111111111111,0.0
https://www.miaphotobooth.net/frequently-asked-questions,2025-10-28,0,6,0.0,6.5,0.0
https://www.miaphotobooth.net/frequently-asked-questions,2025-10-29,0,11,0.0,16.272727272727273,0.0
https://www.miaphotobooth.net/frequently-asked-questions,2025-10-30,0,7,0.0,6.571428571428571,0.0
https://www.miaphotobooth.net/frequently-asked-questions,2025-10-31,0,3,0.0,31.666666666666668,0.0
https://www.miaphotobooth.net/frequently-asked-questions,2025-11-01,0,9,0.0,7.333333333333333,0.0
https://www.miaphotobooth.net/frequently-asked-questions,2025-11-02,0,7,0.0,5.428571428571429,0.0
https://www.miaphotobooth.net/frequently-asked-questions,2025-11-03,0,9,0.0,13.666666666666666,0.0
https://www.miaphotobooth.net/frequently-asked-questions,2025-11-04,0,6,0.0,29.333333333333332,0.0
https://www.miaphotobooth.net/frequently-asked-questions,2025-11-05,0,3,0.0,5.0,0.0
https://www.miaphotobooth.net/frequently-asked-questions,2025-11-06,0,10,0.0,12.8,0.0
https://www.miaphotobooth.net/frequently-asked-questions,2025-11-07,0,8,0.0,19.375,0.0
https://www.miaphotobooth.net/frequently-asked-questions,2025-11-08,0,6,0.0,6.0,0.0
https://www.miaphotobooth.net/frequently-asked-questions,2025-11-09,0,10,0.0,10.8,0.0
https://www.miaphotobooth.net/frequently-asked-questions,2025-11-10,0,13,0.0,16.23076923076923,0.0
https://www.miaphotobooth.net/frequently-asked-questions,2025-11-11,0,17,0.0,14.058823529411764,0.0
https://www.miaphotobooth.net/frequently-asked-questions,2025-11-12,0,10,0.0,12.7,0.0
https://www.miaphotobooth.net/frequently-asked-questions,2025-11-13,0,9,0.0,25.22222222222222,0.0
https://www.miaphotobooth.net/frequently-asked-questions,2025-11-14,0,12,0.0,7.75,0.0
https://www.miaphotobooth.net/frequently-asked-questions,2025-11-15,0,5,0.0,6.6,0.0
https://www.miaphotobooth.net/frequently-asked-questions,2025-11-16,0,15,0.0,15.133333333333333,0.0
https://www.miaphotobooth.net/frequently-asked-questions,2025-11-17,0,7,0.0,6.571428571428571,0.0
https://www.miaphotobooth.net/frequently-asked-questions,2025-11-18,0,7,0.0,15.142857142857142,0.0
https://www.miaphotobooth.net/frequently-asked-questions,2025-11-19,0,16,0.0,10.0625,0.0
https://www.miaphotobooth.net/frequently-asked-questions,2025-11-20,0,8,0.0,9.75,0.0
https://www.miaphotobooth.net/frequently-asked-questions,2025-11-21,0,9,0.0,8.0,0.0
https://www.miaphotobooth.net/frequently-asked-questions,2025-11-22,0,7,0.0,10.142857142857142,0.0
https://www.miaphotobooth.net/frequently-asked-questions,2025-11-23,0,7,0.0,18.0,0.0
https://www.miaphotobooth.net/frequently-asked-questions,2025-11-24,0,11,0.0,14.090909090909092,0.0
https://www.miaphotobooth.net/frequently-asked-questions,2025-11-25,0,7,0.0,9.571428571428571,0.0
https://www.miaphotobooth.net/frequently-asked-questions,2025-11-26,0,6,0.0,8.0,0.0
https://www.miaphotobooth.net/frequently-asked-questions,2025-11-27,0,7,0.0,7.285714285714286,0.0
https://www.miaphotobooth.net/frequently-asked-questions,2025-11-28,0,7,0.0,6.571428571428571,0.0
https://www.miaphotobooth.net/frequently-asked-questions,2025-11-29,0,7,0.0,7.285714285714286,0.0
https://www.miaphotobooth.net/frequently-asked-questions,2025-11-30,0,11,0.0,5.909090909090909,0.0
https://www.miaphotobooth.net/frequently-asked-questions,2025-12-01,0,12,0.0,7.916666666666667,0.0
https://www.miaphotobooth.net/frequently-asked-questions,2025-12-02,0,8,0.0,7.5,0.0
https://www.miaphotobooth.net/frequently-asked-questions,2025-12-03,0,10,0.0,7.9,0.0
https://www.miaphotobooth.net/glam-booth,2025-09-06,0,2,0.0,10.0,0.0
https://www.miaphotobooth.net/glam-booth,2025-09-07,0,1,0.0,7.0,0.0
https://www.miaphotobooth.net/glam-booth,2025-09-12,0,1,0.0,10.0,0.0
https://www.miaphotobooth.net/glam-booth,2025-09-15,0,2,0.0,9.0,0.0
https://www.miaphotobooth.net/glam-booth,2025-09-19,0,1,0.0,4.0,0.0
https://www.miaphotobooth.net/glam-booth,2025-09-21,0,2,0.0,41.0,0.0
https://www.miaphotobooth.net/glam-booth,2025-09-24,0,2,0.0,7.5,0.0
https://www.miaphotobooth.net/glam-booth,2025-09-25,0,1,0.0,50.0,0.0
https://www.miaphotobooth.net/glam-booth,2025-09-26,0,1,0.0,2.0,0.0
https://www.miaphotobooth.net/glam-booth,2025-09-27,0,1,0.0,5.0,0.0
https://www.miaphotobooth.net/glam-booth,2025-09-28,0,4,0.0,6.0,0.0
https://www.miaphotobooth.net/glam-booth,2025-10-01,0,2,0.0,5.5,0.0
https://www.miaphotobooth.net/glam-booth,2025-10-02,0,4,0.0,7.0,0.0
https://www.miaphotobooth.net/glam-booth,2025-10-03,0,2,0.0,5.0,0.0
https://www.miaphotobooth.net/glam-booth,2025-10-04,0,1,0.0,10.0,0.0
https://www.miaphotobooth.net/glam-booth,2025-10-05,0,1,0.0,5.0,0.0
https://www.miaphotobooth.net/glam-booth,2025-10-06,0,2,0.0,5.0,0.0
https://www.miaphotobooth.net/glam-booth,2025-10-08,0,1,0.0,9.0,0.0
https://www.miaphotobooth.net/glam-booth,2025-10-14,0,3,0.0,6.666666666666667,0.0
https://www.miaphotobooth.net/glam-booth,2025-10-15,0,1,0.0,7.0,0.0
https://www.miaphotobooth.net/glam-booth,2025-10-16,0,1,0.0,4.0,0.0
https://www.miaphotobooth.net/glam-booth,2025-10-17,0,1,0.0,88.0,0.0
https://www.miaphotobooth.net/glam-booth,2025-10-19,0,1,0.0,87.0,0.0
https://www.miaphotobooth.net/glam-booth,2025-10-20,0,1,0.0,19.0,0.0
https://www.miaphotobooth.net/glam-booth,2025-10-23,0,1,0.0,6.0,0.0
https://www.miaphotobooth.net/glam-booth,2025-10-24,0,5,0.0,6.2,0.0
https://www.miaphotobooth.net/glam-booth,2025-10-25,0,4,0.0,3.75,0.0
https://www.miaphotobooth.net/glam-booth,2025-10-27,0,1,0.0,76.0,0.0
https://www.miaphotobooth.net/glam-booth,2025-10-28,0,2,0.0,11.5,0.0
https://www.miaphotobooth.net/glam-booth,2025-10-29,0,2,0.0,12.0,0.0
https://www.miaphotobooth.net/glam-booth,2025-10-30,0,2,0.0,6.5,0.0
https://www.miaphotobooth.net/glam-booth,2025-10-31,0,1,0.0,5.0,0.0
https://www.miaphotobooth.net/glam-booth,2025-11-02,0,2,0.0,11.5,0.0
https://www.miaphotobooth.net/glam-booth,2025-11-05,0,3,0.0,24.333333333333332,0.0
https://www.miaphotobooth.net/glam-booth,2025-11-07,0,1,0.0,1.0,0.0
https://www.miaphotobooth.net/glam-booth,2025-11-09,0,2,0.0,3.0,0.0
https://www.miaphotobooth.net/glam-booth,2025-11-10,0,1,0.0,59.0,0.0
https://www.miaphotobooth.net/glam-booth,2025-11-11,0,1,0.0,9.0,0.0
https://www.miaphotobooth.net/glam-booth,2025-11-12,0,2,0.0,15.0,0.0
https://www.miaphotobooth.net/glam-booth,2025-11-13,0,2,0.0,33.5,0.0
https://www.miaphotobooth.net/glam-booth,2025-11-14,0,3,0.0,5.0,0.0
https://www.miaphotobooth.net/glam-booth,2025-11-18,0,4,0.0,46.5,0.0
https://www.miaphotobooth.net/glam-booth,2025-11-20,0,1,0.0,9.0,0.0
https://www.miaphotobooth.net/glam-booth,2025-11-23,0,3,0.0,25.0,0.0
https://www.miaphotobooth.net/glam-booth,2025-11-24,0,1,0.0,6.0,0.0
https://www.miaphotobooth.net/glam-booth,2025-11-25,0,3,0.0,20.0,0.0
https://www.miaphotobooth.net/glam-booth,2025-11-27,0,1,0.0,6.0,0.0
https://www.miaphotobooth.net/glam-booth,2025-11-29,0,1,0.0,5.0,0.0
https://www.miaphotobooth.net/glam-booth,2025-11-30,0,2,0.0,2.5,0.0
https://www.miaphotobooth.net/glam-booth,2025-12-02,0,2,0.0,9.0,0.0
https://www.miaphotobooth.net/glam-booth,2025-12-03,0,1,0.0,19.0,0.0
https://www.miaphotobooth.net/high-quality-photo-booth-rental-in-westchester-fl,2025-09-05,0,4,0.0,6.5,0.0
https://www.miaphotobooth.net/high-quality-photo-booth-rental-in-westchester-fl,2025-09-27,0,1,0.0,15.0,0.0
https://www.miaphotobooth.net/high-quality-photo-booth-rental-in-westchester-fl,2025-09-29,0,1,0.0,114.0,0.0
https://www.miaphotobooth.net/high-quality-photo-booth-rental-in-westchester-fl,2025-10-06,0,1,0.0,1.0,0.0
https://www.miaphotobooth.net/high-quality-photo-booth-rental-in-westchester-fl,2025-10-09,0,3,0.0,79.66666666666667,0.0
https://www.miaphotobooth.net/high-quality-photo-booth-rental-in-westchester-fl,2025-10-10,0,1,0.0,9.0,0.0
https://www.miaphotobooth.net/high-quality-photo-booth-rental-in-westchester-fl,2025-10-13,0,5,0.0,9.0,0.0
https://www.miaphotobooth.net/high-quality-photo-booth-rental-in-westchester-fl,2025-10-14,0,1,0.0,6.0,0.0
https://www.miaphotobooth.net/high-quality-photo-booth-rental-in-westchester-fl,2025-10-19,0,1,0.0,2.0,0.0
https://www.miaphotobooth.net/high-quality-photo-booth-rental-in-westchester-fl,2025-10-20,0,2,0.0,85.5,0.0
https://www.miaphotobooth.net/high-quality-photo-booth-rental-in-westchester-fl,2025-10-22,0,4,0.0,28.75,0.0
https://www.miaphotobooth.net/high-quality-photo-booth-rental-in-westchester-fl,2025-10-23,0,1,0.0,1.0,0.0
https://www.miaphotobooth.net/high-quality-photo-booth-rental-in-westchester-fl,2025-10-25,0,4,0.0,4.25,0.0
https://www.miaphotobooth.net/high-quality-photo-booth-rental-in-westchester-fl,2025-10-26,0,1,0.0,79.0,0.0
https://www.miaphotobooth.net/high-quality-photo-booth-rental-in-westchester-fl,2025-10-27,0,1,0.0,10.0,0.0
https://www.miaphotobooth.net/high-quality-photo-booth-rental-in-westchester-fl,2025-10-28,0,1,0.0,70.0,0.0
https://www.miaphotobooth.net/high-quality-photo-booth-rental-in-westchester-fl,2025-10-30,0,2,0.0,6.0,0.0
https://www.miaphotobooth.net/high-quality-photo-booth-rental-in-westchester-fl,2025-11-01,0,2,0.0,38.0,0.0
https://www.miaphotobooth.net/high-quality-photo-booth-rental-in-westchester-fl,2025-11-04,0,2,0.0,60.0,0.0
https://www.miaphotobooth.net/high-quality-photo-booth-rental-in-westchester-fl,2025-11-05,0,2,0.0,6.5,0.0
https://www.miaphotobooth.net/high-quality-photo-booth-rental-in-westchester-fl,2025-11-09,0,1,0.0,19.0,0.0
https://www.miaphotobooth.net/high-quality-photo-booth-rental-in-westchester-fl,2025-11-10,0,2,0.0,6.0,0.0
https://www.miaphotobooth.net/high-quality-photo-booth-rental-in-westchester-fl,2025-11-11,0,5,0.0,46.0,0.0
https://www.miaphotobooth.net/high-quality-photo-booth-rental-in-westchester-fl,2025-11-12,0,1,0.0,67.0,0.0
https://www.miaphotobooth.net/high-quality-photo-booth-rental-in-westchester-fl,2025-11-14,0,2,0.0,49.5,0.0
https://www.miaphotobooth.net/high-quality-photo-booth-rental-in-westchester-fl,2025-11-18,0,2,0.0,64.5,0.0
https://www.miaphotobooth.net/high-quality-photo-booth-rental-in-westchester-fl,2025-11-23,0,1,0.0,66.0,0.0
https://www.miaphotobooth.net/high-quality-photo-booth-rental-in-westchester-fl,2025-11-25,0,1,0.0,59.0,0.0
https://www.miaphotobooth.net/high-quality-photo-booth-rental-in-westchester-fl,2025-11-30,0,2,0.0,78.0,0.0
https://www.miaphotobooth.net/high-quality-photo-booth-rental-in-westchester-fl,2025-12-02,0,1,0.0,67.0,0.0
https://www.miaphotobooth.net/leading-photo-booth-rental-in-coral-gables-fl,2025-10-17,0,1,0.0,8.0,0.0
https://www.miaphotobooth.net/leading-photo-booth-rental-in-coral-gables-fl,2025-10-18,0,3,0.0,58.333333333333336,0.0
https://www.miaphotobooth.net/leading-photo-booth-rental-in-coral-gables-fl,2025-10-19,0,6,0.0,74.33333333333333,0.0
https://www.miaphotobooth.net/leading-photo-booth-rental-in-coral-gables-fl,2025-10-20,0,1,0.0,29.0,0.0
https://www.miaphotobooth.net/leading-photo-booth-rental-in-coral-gables-fl,2025-10-21,0,1,0.0,89.0,0.0
https://www.miaphotobooth.net/leading-photo-booth-rental-in-coral-gables-fl,2025-10-22,0,1,0.0,21.0,0.0
https://www.miaphotobooth.net/leading-photo-booth-rental-in-coral-gables-fl,2025-10-23,0,7,0.0,6.857142857142857,0.0
https://www.miaphotobooth.net/leading-photo-booth-rental-in-coral-gables-fl,2025-10-25,0,1,0.0,9.0,0.0
https://www.miaphotobooth.net/leading-photo-booth-rental-in-coral-gables-fl,2025-10-26,0,7,0.0,35.0,0.0
https://www.miaphotobooth.net/leading-photo-booth-rental-in-coral-gables-fl,2025-10-27,0,6,0.0,32.33333333333333,0.0
https://www.miaphotobooth.net/leading-photo-booth-rental-in-coral-gables-fl,2025-10-29,0,4,0.0,13.0,0.0
https://www.miaphotobooth.net/leading-photo-booth-rental-in-coral-gables-fl,2025-10-30,0,2,0.0,91.0,0.0
https://www.miaphotobooth.net/leading-photo-booth-rental-in-coral-gables-fl,2025-11-01,0,1,0.0,43.0,0.0
https://www.miaphotobooth.net/leading-photo-booth-rental-in-coral-gables-fl,2025-11-02,0,7,0.0,41.285714285714285,0.0
https://www.miaphotobooth.net/leading-photo-booth-rental-in-coral-gables-fl,2025-11-07,0,1,0.0,9.0,0.0
https://www.miaphotobooth.net/leading-photo-booth-rental-in-coral-gables-fl,2025-11-09,0,9,0.0,67.22222222222223,0.0
https://www.miaphotobooth.net/leading-photo-booth-rental-in-coral-gables-fl,2025-11-10,0,1,0.0,18.0,0.0
https://www.miaphotobooth.net/leading-photo-booth-rental-in-coral-gables-fl,2025-11-11,0,2,0.0,10.0,0.0
https://www.miaphotobooth.net/leading-photo-booth-rental-in-coral-gables-fl,2025-11-12,0,3,0.0,8.0,0.0
https://www.miaphotobooth.net/leading-photo-booth-rental-in-coral-gables-fl,2025-11-14,0,2,0.0,1.0,0.0
https://www.miaphotobooth.net/leading-photo-booth-rental-in-coral-gables-fl,2025-11-15,0,2,0.0,28.5,0.0
https://www.miaphotobooth.net/leading-photo-booth-rental-in-coral-gables-fl,2025-11-16,0,8,0.0,41.0,0.0
https://www.miaphotobooth.net/leading-photo-booth-rental-in-coral-gables-fl,2025-11-18,0,1,0.0,14.0,0.0
https://www.miaphotobooth.net/leading-photo-booth-rental-in-coral-gables-fl,2025-11-20,0,6,0.0,16.5,0.0
https://www.miaphotobooth.net/leading-photo-booth-rental-in-coral-gables-fl,2025-11-21,0,2,0.0,4.5,0.0
https://www.miaphotobooth.net/leading-photo-booth-rental-in-coral-gables-fl,2025-11-22,0,5,0.0,8.0,0.0
https://www.miaphotobooth.net/leading-photo-booth-rental-in-coral-gables-fl,2025-11-23,0,8,0.0,54.25,0.0
https://www.miaphotobooth.net/leading-photo-booth-rental-in-coral-gables-fl,2025-11-24,0,3,0.0,11.333333333333334,0.0
https://www.miaphotobooth.net/leading-photo-booth-rental-in-coral-gables-fl,2025-11-26,0,4,0.0,30.5,0.0
https://www.miaphotobooth.net/leading-photo-booth-rental-in-coral-gables-fl,2025-11-27,0,5,0.0,10.2,0.0
https://www.miaphotobooth.net/leading-photo-booth-rental-in-coral-gables-fl,2025-11-28,0,2,0.0,12.5,0.0
https://www.miaphotobooth.net/leading-photo-booth-rental-in-coral-gables-fl,2025-11-29,0,2,0.0,54.0,0.0
https://www.miaphotobooth.net/leading-photo-booth-rental-in-coral-gables-fl,2025-11-30,0,9,0.0,44.44444444444444,0.0
https://www.miaphotobooth.net/leading-photo-booth-rental-in-coral-gables-fl,2025-12-01,0,12,0.0,49.666666666666664,0.0
https://www.miaphotobooth.net/leading-photo-booth-rental-in-coral-gables-fl,2025-12-02,0,9,0.0,56.77777777777778,0.0
https://www.miaphotobooth.net/leading-photo-booth-rental-in-coral-gables-fl,2025-12-03,0,6,0.0,57.333333333333336,0.0
https://www.miaphotobooth.net/local-photo-booth-rental-in-town-park-estates-fl,2025-09-05,0,4,0.0,6.5,0.0
https://www.miaphotobooth.net/local-photo-booth-rental-in-town-park-estates-fl,2025-09-08,0,1,0.0,53.0,0.0
https://www.miaphotobooth.net/local-photo-booth-rental-in-town-park-estates-fl,2025-09-11,0,3,0.0,112.0,0.0
https://www.miaphotobooth.net/local-photo-booth-rental-in-town-park-estates-fl,2025-09-27,0,1,0.0,9.0,0.0
https://www.miaphotobooth.net/local-photo-booth-rental-in-town-park-estates-fl,2025-10-14,0,3,0.0,33.0,0.0
https://www.miaphotobooth.net/local-photo-booth-rental-in-town-park-estates-fl,2025-10-20,0,3,0.0,61.666666666666664,0.0
https://www.miaphotobooth.net/local-photo-booth-rental-in-town-park-estates-fl,2025-10-23,0,7,0.0,57.714285714285715,0.0
https://www.miaphotobooth.net/local-photo-booth-rental-in-town-park-estates-fl,2025-10-28,0,2,0.0,62.0,0.0
https://www.miaphotobooth.net/local-photo-booth-rental-in-town-park-estates-fl,2025-11-05,0,1,0.0,28.0,0.0
https://www.miaphotobooth.net/local-photo-booth-rental-in-town-park-estates-fl,2025-11-07,0,2,0.0,72.0,0.0
https://www.miaphotobooth.net/local-photo-booth-rental-in-town-park-estates-fl,2025-11-12,0,3,0.0,79.33333333333333,0.0
https://www.miaphotobooth.net/local-photo-booth-rental-in-town-park-estates-fl,2025-11-13,0,3,0.0,42.666666666666664,0.0
https://www.miaphotobooth.net/local-photo-booth-rental-in-town-park-estates-fl,2025-11-18,0,2,0.0,41.0,0.0
https://www.miaphotobooth.net/packages,2025-09-05,0,19,0.0,7.578947368421052,0.0
https://www.miaphotobooth.net/packages,2025-09-06,0,18,0.0,9.722222222222221,0.0
https://www.miaphotobooth.net/packages,2025-09-07,0,23,0.0,5.130434782608695,0.0
https://www.miaphotobooth.net/packages,2025-09-08,0,18,0.0,5.277777777777778,0.0
https://www.miaphotobooth.net/packages,2025-09-09,0,23,0.0,6.739130434782608,0.0
https://www.miaphotobooth.net/packages,2025-09-10,0,16,0.0,6.625,0.0
https://www.miaphotobooth.net/packages,2025-09-12,0,9,0.0,7.333333333333333,0.0
https://www.miaphotobooth.net/packages,2025-09-13,0,10,0.0,6.4,0.0
https://www.miaphotobooth.net/packages,2025-09-14,0,21,0.0,5.761904761904762,0.0
https://www.miaphotobooth.net/packages,2025-09-15,0,20,0.0,7.3,0.0
https://www.miaphotobooth.net/packages,2025-09-16,0,10,0.0,7.6,0.0
https://www.miaphotobooth.net/packages,2025-09-17,0,17,0.0,4.764705882352941,0.0
https://www.miaphotobooth.net/packages,2025-09-18,0,8,0.0,7.5,0.0
https://www.miaphotobooth.net/packages,2025-09-19,0,7,0.0,7.0,0.0
https://www.miaphotobooth.net/packages,2025-09-20,0,10,0.0,7.4,0.0
https://www.miaphotobooth.net/packages,2025-09-21,0,16,0.0,6.5,0.0
https://www.miaphotobooth.net/packages,2025-09-22,0,15,0.0,7.666666666666667,0.0
https://www.miaphotobooth.net/packages,2025-09-24,0,10,0.0,7.3,0.0
https://www.miaphotobooth.net/packages,2025-09-25,0,15,0.0,6.066666666666666,0.0
https://www.miaphotobooth.net/packages,2025-09-26,0,6,0.0,4.666666666666666,0.0
https://www.miaphotobooth.net/packages,2025-09-27,0,10,0.0,5.6,0.0
https://www.miaphotobooth.net/packages,2025-09-28,0,7,0.0,5.428571428571429,0.0
https://www.miaphotobooth.net/packages,2025-09-29,0,8,0.0,8.625,0.0
https://www.miaphotobooth.net/packages,2025-09-30,0,19,0.0,7.2631578947368425,0.0
https://www.miaphotobooth.net/packages,2025-10-01,0,6,0.0,5.333333333333333,0.0
https://www.miaphotobooth.net/packages,2025-10-02,0,8,0.0,5.25,0.0
https://www.miaphotobooth.net/packages,2025-10-03,0,10,0.0,6.9,0.0
https://www.miaphotobooth.net/packages,2025-10-04,0,10,0.0,5.7,0.0
https://www.miaphotobooth.net/packages,2025-10-05,0,11,0.0,5.545454545454546,0.0
https://www.miaphotobooth.net/packages,2025-10-06,0,16,0.0,6.375,0.0
https://www.miaphotobooth.net/packages,2025-10-07,0,11,0.0,6.909090909090909,0.0
https://www.miaphotobooth.net/packages,2025-10-08,0,11,0.0,5.818181818181818,0.0
https://www.miaphotobooth.net/packages,2025-10-09,0,12,0.0,7.0,0.0
https://www.miaphotobooth.net/packages,2025-10-10,0,10,0.0,6.3,0.0
https://www.miaphotobooth.net/packages,2025-10-11,0,25,0.0,5.8,0.0
https://www.miaphotobooth.net/packages,2025-10-12,0,14,0.0,6.0,0.0
https://www.miaphotobooth.net/packages,2025-10-13,0,24,0.0,6.166666666666667,0.0
https://www.miaphotobooth.net/packages,2025-10-14,0,16,0.0,7.1875,0.0
https://www.miaphotobooth.net/packages,2025-10-15,0,11,0.0,6.636363636363637,0.0
https://www.miaphotobooth.net/packages,2025-10-16,0,13,0.0,8.23076923076923,0.0
https://www.miaphotobooth.net/packages,2025-10-17,0,10,0.0,7.1,0.0
https://www.miaphotobooth.net/packages,2025-10-18,0,9,0.0,4.444444444444445,0.0
https://www.miaphotobooth.net/packages,2025-10-19,0,11,0.0,6.2727272727272725,0.0
https://www.miaphotobooth.net/packages,2025-10-20,0,21,0.0,5.666666666666667,0.0
https://www.miaphotobooth.net/packages,2025-10-21,0,11,0.0,5.818181818181818,0.0
https://www.miaphotobooth.net/packages,2025-10-22,0,6,0.0,7.833333333333333,0.0
https://www.miaphotobooth.net/packages,2025-10-23,0,9,0.0,5.444444444444445,0.0
https://www.miaphotobooth.net/packages,2025-10-24,0,31,0.0,9.451612903225806,0.0
https://www.miaphotobooth.net/packages,2025-10-25,0,17,0.0,8.294117647058822,0.0
https://www.miaphotobooth.net/packages,2025-10-26,0,12,0.0,7.0,0.0
https://www.miaphotobooth.net/packages,2025-10-27,0,16,0.0,6.9375,0.0
https://www.miaphotobooth.net/packages,2025-10-28,0,10,0.0,6.3,0.0
https://www.miaphotobooth.net/packages,2025-10-29,0,15,0.0,7.333333333333333,0.0
https://www.miaphotobooth.net/packages,2025-10-30,0,9,0.0,7.666666666666667,0.0
https://www.miaphotobooth.net/packages,2025-10-31,0,8,0.0,7.375,0.0
https://www.miaphotobooth.net/packages,2025-11-01,0,9,0.0,7.888888888888889,0.0
https://www.miaphotobooth.net/packages,2025-11-02,0,8,0.0,4.875,0.0
https://www.miaphotobooth.net/packages,2025-11-03,0,13,0.0,7.076923076923077,0.0
https://www.miaphotobooth.net/packages,2025-11-04,0,8,0.0,6.625,0.0
https://www.miaphotobooth.net/packages,2025-11-05,0,5,0.0,7.8,0.0
https://www.miaphotobooth.net/packages,2025-11-06,0,18,0.0,5.888888888888889,0.0
https://www.miaphotobooth.net/packages,2025-11-07,0,13,0.0,8.538461538461538,0.0
https://www.miaphotobooth.net/packages,2025-11-08,0,10,0.0,7.8,0.0
https://www.miaphotobooth.net/packages,2025-11-09,0,18,0.0,9.722222222222221,0.0
https://www.miaphotobooth.net/packages,2025-11-10,0,19,0.0,8.68421052631579,0.0
https://www.miaphotobooth.net/packages,2025-11-11,0,18,0.0,8.833333333333332,0.0
https://www.miaphotobooth.net/packages,2025-11-12,0,18,0.0,7.611111111111111,0.0
https://www.miaphotobooth.net/packages,2025-11-13,0,16,0.0,7.375,0.0
https://www.miaphotobooth.net/packages,2025-11-14,0,17,0.0,8.352941176470587,0.0
https://www.miaphotobooth.net/packages,2025-11-15,0,12,0.0,8.75,0.0
https://www.miaphotobooth.net/packages,2025-11-16,0,25,0.0,7.96,0.0
https://www.miaphotobooth.net/packages,2025-11-17,0,11,0.0,9.090909090909092,0.0
https://www.miaphotobooth.net/packages,2025-11-18,0,14,0.0,9.071428571428571,0.0
https://www.miaphotobooth.net/packages,2025-11-19,0,23,0.0,7.739130434782608,0.0
https://www.miaphotobooth.net/packages,2025-11-20,0,18,0.0,10.11111111111111,0.0
https://www.miaphotobooth.net/packages,2025-11-21,0,17,0.0,8.882352941176471,0.0
https://www.miaphotobooth.net/packages,2025-11-22,0,20,0.0,9.85,0.0
https://www.miaphotobooth.net/packages,2025-11-23,0,14,0.0,9.142857142857142,0.0
https://www.miaphotobooth.net/packages,2025-11-24,0,27,0.0,9.11111111111111,0.0
https://www.miaphotobooth.net/packages,2025-11-25,0,22,0.0,10.090909090909092,0.0
https://www.miaphotobooth.net/packages,2025-11-26,0,13,0.0,8.692307692307693,0.0
https://www.miaphotobooth.net/packages,2025-11-27,0,15,0.0,7.466666666666667,0.0
https://www.miaphotobooth.net/packages,2025-11-28,0,18,0.0,8.11111111111111,0.0
https://www.miaphotobooth.net/packages,2025-11-29,0,10,0.0,7.4,0.0
https://www.miaphotobooth.net/packages,2025-11-30,0,15,0.0,7.066666666666666,0.0
https://www.miaphotobooth.net/packages,2025-12-01,0,20,0.0,7.8,0.0
https://www.miaphotobooth.net/packages,2025-12-02,0,14,0.0,7.642857142857143,0.0
https://www.miaphotobooth.net/packages,2025-12-03,0,17,0.0,8.647058823529413,0.0
https://www.miaphotobooth.net/post/360-event-photo-booth-miami,2025-09-12,0,1,0.0,45.0,0.0
https://www.miaphotobooth.net/post/360-event-photo-booth-miami,2025-10-18,0,1,0.0,11.0,0.0
https://www.miaphotobooth.net/post/360-event-photo-booth-miami,2025-10-21,0,1,0.0,97.0,0.0
https://www.miaphotobooth.net/post/360-event-photo-booth-miami,2025-10-27,0,1,0.0,94.0,0.0
https://www.miaphotobooth.net/post/360-event-photo-booth-miami,2025-10-28,0,1,0.0,94.0,0.0
https://www.miaphotobooth.net/post/360-event-photo-booth-miami,2025-10-29,0,1,0.0,97.0,0.0
https://www.miaphotobooth.net/post/360-event-photo-booth-miami,2025-11-03,0,2,0.0,71.0,0.0
https://www.miaphotobooth.net/post/360-event-photo-booth-miami,2025-11-04,0,1,0.0,89.0,0.0
https://www.miaphotobooth.net/post/360-event-photo-booth-miami,2025-11-05,0,1,0.0,92.0,0.0
https://www.miaphotobooth.net/post/360-event-photo-booth-miami,2025-11-12,0,1,0.0,99.0,0.0
https://www.miaphotobooth.net/post/360-event-photo-booth-miami,2025-11-14,0,2,0.0,5.0,0.0
https://www.miaphotobooth.net/post/360-event-photo-booth-miami,2025-11-28,0,2,0.0,7.0,0.0
https://www.miaphotobooth.net/post/360-photo-booth,2025-10-06,0,4,0.0,7.25,0.0
https://www.miaphotobooth.net/post/360-photo-booth,2025-10-08,0,2,0.0,7.0,0.0
https://www.miaphotobooth.net/post/360-photo-booth,2025-10-09,0,2,0.0,9.5,0.0
https://www.miaphotobooth.net/post/360-photo-booth,2025-10-12,0,1,0.0,7.0,0.0
https://www.miaphotobooth.net/post/360-photo-booth,2025-10-13,0,2,0.0,7.5,0.0
https://www.miaphotobooth.net/post/360-photo-booth,2025-10-18,0,1,0.0,2.0,0.0
https://www.miaphotobooth.net/post/360-photo-booth,2025-10-21,0,2,0.0,11.0,0.0
https://www.miaphotobooth.net/post/360-photo-booth,2025-10-24,0,1,0.0,7.0,0.0
https://www.miaphotobooth.net/post/360-photo-booth,2025-10-25,0,1,0.0,9.0,0.0
https://www.miaphotobooth.net/post/360-photo-booth,2025-11-07,0,1,0.0,3.0,0.0
https://www.miaphotobooth.net/post/360-photo-booth-miami,2025-09-05,0,17,0.0,57.11764705882353,0.0
https://www.miaphotobooth.net/post/360-photo-booth-miami,2025-09-06,0,14,0.0,55.214285714285715,0.0
https://www.miaphotobooth.net/post/360-photo-booth-miami,2025-09-07,0,24,0.0,54.583333333333336,0.0
https://www.miaphotobooth.net/post/360-photo-booth-miami,2025-09-08,0,15,0.0,58.13333333333333,0.0
https://www.miaphotobooth.net/post/360-photo-booth-miami,2025-09-09,0,15,0.0,53.8,0.0
https://www.miaphotobooth.net/post/360-photo-booth-miami,2025-09-10,0,8,0.0,54.625,0.0
https://www.miaphotobooth.net/post/360-photo-booth-miami,2025-09-11,0,4,0.0,65.25,0.0
https://www.miaphotobooth.net/post/360-photo-booth-miami,2025-09-12,0,7,0.0,59.714285714285715,0.0
https://www.miaphotobooth.net/post/360-photo-booth-miami,2025-09-13,0,2,0.0,89.5,0.0
https://www.miaphotobooth.net/post/360-photo-booth-miami,2025-09-14,0,1,0.0,89.0,0.0
https://www.miaphotobooth.net/post/360-photo-booth-miami,2025-09-15,0,2,0.0,91.0,0.0
https://www.miaphotobooth.net/post/360-photo-booth-miami,2025-09-16,0,1,0.0,90.0,0.0
https://www.miaphotobooth.net/post/360-photo-booth-miami,2025-09-17,0,3,0.0,76.0,0.0
https://www.miaphotobooth.net/post/360-photo-booth-miami,2025-09-18,0,1,0.0,99.0,0.0
https://www.miaphotobooth.net/post/360-photo-booth-miami,2025-09-19,0,1,0.0,65.0,0.0
https://www.miaphotobooth.net/post/360-photo-booth-miami,2025-09-20,0,3,0.0,62.333333333333336,0.0
https://www.miaphotobooth.net/post/360-photo-booth-miami,2025-09-21,0,3,0.0,63.0,0.0
https://www.miaphotobooth.net/post/360-photo-booth-miami,2025-09-22,0,1,0.0,88.0,0.0
https://www.miaphotobooth.net/post/360-photo-booth-miami,2025-09-23,0,3,0.0,60.666666666666664,0.0
https://www.miaphotobooth.net/post/360-photo-booth-miami,2025-09-24,0,2,0.0,79.5,0.0
https://www.miaphotobooth.net/post/360-photo-booth-miami,2025-09-26,0,5,0.0,59.0,0.0
https://www.miaphotobooth.net/post/360-photo-booth-miami,2025-09-28,0,1,0.0,46.0,0.0
https://www.miaphotobooth.net/post/360-photo-booth-miami,2025-09-30,0,2,0.0,46.0,0.0
https://www.miaphotobooth.net/post/360-photo-booth-miami,2025-10-01,0,1,0.0,50.0,0.0
https://www.miaphotobooth.net/post/360-photo-booth-miami,2025-10-02,0,6,0.0,57.333333333333336,0.0
https://www.miaphotobooth.net/post/360-photo-booth-miami,2025-10-03,0,3,0.0,51.0,0.0
https://www.miaphotobooth.net/post/360-photo-booth-miami,2025-10-05,0,2,0.0,58.0,0.0
https://www.miaphotobooth.net/post/360-photo-booth-miami,2025-10-06,0,4,0.0,56.25,0.0
https://www.miaphotobooth.net/post/360-photo-booth-miami,2025-10-07,0,9,0.0,47.44444444444444,0.0
https://www.miaphotobooth.net/post/360-photo-booth-miami,2025-10-08,0,3,0.0,58.0,0.0
https://www.miaphotobooth.net/post/360-photo-booth-miami,2025-10-10,0,5,0.0,58.0,0.0
https://www.miaphotobooth.net/post/360-photo-booth-miami,2025-10-11,0,3,0.0,64.0,0.0
https://www.miaphotobooth.net/post/360-photo-booth-miami,2025-10-12,0,2,0.0,75.0,0.0
https://www.miaphotobooth.net/post/360-photo-booth-miami,2025-10-13,0,4,0.0,44.0,0.0
https://www.miaphotobooth.net/post/360-photo-booth-miami,2025-10-14,0,4,0.0,53.5,0.0
https://www.miaphotobooth.net/post/360-photo-booth-miami,2025-10-15,0,1,0.0,63.0,0.0
https://www.miaphotobooth.net/post/360-photo-booth-miami,2025-10-16,0,3,0.0,61.0,0.0
https://www.miaphotobooth.net/post/360-photo-booth-miami,2025-10-17,0,1,0.0,59.0,0.0
https://www.miaphotobooth.net/post/360-photo-booth-miami,2025-10-18,0,2,0.0,33.5,0.0
https://www.miaphotobooth.net/post/360-photo-booth-miami,2025-10-19,0,2,0.0,36.5,0.0
https://www.miaphotobooth.net/post/360-photo-booth-miami,2025-10-20,0,1,0.0,62.0,0.0
https://www.miaphotobooth.net/post/360-photo-booth-miami,2025-10-21,0,1,0.0,63.0,0.0
https://www.miaphotobooth.net/post/360-photo-booth-miami,2025-10-22,0,1,0.0,68.0,0.0
https://www.miaphotobooth.net/post/360-photo-booth-miami,2025-10-28,0,2,0.0,76.5,0.0
https://www.miaphotobooth.net/post/360-photo-booth-miami,2025-10-29,0,1,0.0,86.0,0.0
https://www.miaphotobooth.net/post/360-photo-booth-miami,2025-10-31,0,2,0.0,80.0,0.0
https://www.miaphotobooth.net/post/360-photo-booth-miami,2025-11-02,0,1,0.0,51.0,0.0
https://www.miaphotobooth.net/post/360-photo-booth-miami,2025-11-04,0,2,0.0,68.0,0.0
https://www.miaphotobooth.net/post/360-photo-booth-miami,2025-11-05,0,5,0.0,58.4,0.0
https://www.miaphotobooth.net/post/360-photo-booth-miami,2025-11-06,0,1,0.0,82.0,0.0
https://www.miaphotobooth.net/post/360-photo-booth-miami,2025-11-08,0,1,0.0,93.0,0.0
https://www.miaphotobooth.net/post/360-photo-booth-miami,2025-11-09,0,1,0.0,81.0,0.0
https://www.miaphotobooth.net/post/360-photo-booth-miami,2025-11-10,0,2,0.0,83.5,0.0
https://www.miaphotobooth.net/post/360-photo-booth-miami,2025-11-11,0,4,0.0,63.25,0.0
https://www.miaphotobooth.net/post/360-photo-booth-miami,2025-11-12,0,1,0.0,69.0,0.0
https://www.miaphotobooth.net/post/360-photo-booth-miami,2025-11-18,0,1,0.0,64.0,0.0
https://www.miaphotobooth.net/post/360-photo-booth-miami,2025-11-20,0,3,0.0,31.666666666666668,0.0
https://www.miaphotobooth.net/post/360-photo-booth-miami,2025-11-21,0,1,0.0,12.0,0.0
https://www.miaphotobooth.net/post/360-photo-booth-miami,2025-11-22,0,1,0.0,89.0,0.0
https://www.miaphotobooth.net/post/360-photo-booth-miami,2025-11-23,0,2,0.0,91.5,0.0
https://www.miaphotobooth.net/post/360-photo-booth-miami,2025-11-24,0,2,0.0,83.0,0.0
https://www.miaphotobooth.net/post/360-photo-booth-miami,2025-11-25,0,3,0.0,63.666666666666664,0.0
https://www.miaphotobooth.net/post/360-photo-booth-rental-miami,2025-09-15,0,2,0.0,4.0,0.0
https://www.miaphotobooth.net/post/360-photo-booth-rental-miami,2025-11-14,0,1,0.0,36.0,0.0
https://www.miaphotobooth.net/post/360-photo-booth-rental-miami,2025-11-15,0,2,0.0,37.0,0.0
https://www.miaphotobooth.net/post/360-photo-booth-rental-miami,2025-11-16,0,2,0.0,18.5,0.0
https://www.miaphotobooth.net/post/360-photo-booth-rental-miami,2025-11-19,0,2,0.0,20.0,0.0
https://www.miaphotobooth.net/post/360-photo-booth-rental-miami,2025-11-20,0,1,0.0,38.0,0.0
https://www.miaphotobooth.net/post/360-photo-booth-rental-miami,2025-11-21,0,2,0.0,18.5,0.0
https://www.miaphotobooth.net/post/360-photo-booth-rental-miami,2025-11-23,0,7,0.0,36.142857142857146,0.0
https://www.miaphotobooth.net/post/360-photo-booth-rental-miami,2025-11-24,0,2,0.0,77.5,0.0
https://www.miaphotobooth.net/post/360-photo-booth-rental-miami,2025-12-02,0,2,0.0,36.0,0.0
https://www.miaphotobooth.net/post/audio-guestbook-experience-miami,2025-09-13,0,1,0.0,3.0,0.0
https://www.miaphotobooth.net/post/audio-guestbook-experience-miami,2025-09-18,0,1,0.0,12.0,0.0
https://www.miaphotobooth.net/post/audio-guestbook-experience-miami,2025-09-22,0,1,0.0,1.0,0.0
https://www.miaphotobooth.net/post/audio-guestbook-experience-miami,2025-09-24,0,2,0.0,10.0,0.0
https://www.miaphotobooth.net/post/audio-guestbook-experience-miami,2025-09-25,0,1,0.0,1.0,0.0
https://www.miaphotobooth.net/post/audio-guestbook-experience-miami,2025-09-29,0,2,0.0,20.5,0.0
https://www.miaphotobooth.net/post/audio-guestbook-experience-miami,2025-10-03,0,1,0.0,6.0,0.0
https://www.miaphotobooth.net/post/audio-guestbook-experience-miami,2025-10-05,0,2,0.0,10.5,0.0
https://www.miaphotobooth.net/post/audio-guestbook-experience-miami,2025-10-10,0,4,0.0,10.25,0.0
https://www.miaphotobooth.net/post/audio-guestbook-experience-miami,2025-10-13,0,2,0.0,5.5,0.0
https://www.miaphotobooth.net/post/audio-guestbook-experience-miami,2025-10-15,0,1,0.0,10.0,0.0
https://www.miaphotobooth.net/post/audio-guestbook-experience-miami,2025-10-16,0,2,0.0,6.5,0.0
https://www.miaphotobooth.net/post/audio-guestbook-experience-miami,2025-10-19,0,2,0.0,8.5,0.0
https://www.miaphotobooth.net/post/audio-guestbook-experience-miami,2025-10-22,0,1,0.0,8.0,0.0
https://www.miaphotobooth.net/post/audio-guestbook-experience-miami,2025-10-24,0,1,0.0,6.0,0.0
https://www.miaphotobooth.net/post/audio-guestbook-experience-miami,2025-10-25,0,1,0.0,1.0,0.0
https://www.miaphotobooth.net/post/audio-guestbook-experience-miami,2025-10-28,0,1,0.0,5.0,0.0
https://www.miaphotobooth.net/post/audio-guestbook-experience-miami,2025-10-29,0,3,0.0,4.0,0.0
https://www.miaphotobooth.net/post/audio-guestbook-experience-miami,2025-10-30,0,1,0.0,2.0,0.0
https://www.miaphotobooth.net/post/audio-guestbook-experience-miami,2025-10-31,0,2,0.0,12.5,0.0
https://www.miaphotobooth.net/post/audio-guestbook-experience-miami,2025-11-02,0,2,0.0,7.5,0.0
https://www.miaphotobooth.net/post/audio-guestbook-experience-miami,2025-11-06,0,6,0.0,49.5,0.0
https://www.miaphotobooth.net/post/audio-guestbook-experience-miami,2025-11-07,0,1,0.0,5.0,0.0
https://www.miaphotobooth.net/post/audio-guestbook-experience-miami,2025-11-08,0,2,0.0,5.5,0.0
https://www.miaphotobooth.net/post/audio-guestbook-experience-miami,2025-11-09,0,2,0.0,1.5,0.0
https://www.miaphotobooth.net/post/audio-guestbook-experience-miami,2025-11-11,0,1,0.0,2.0,0.0
https://www.miaphotobooth.net/post/audio-guestbook-experience-miami,2025-11-12,0,4,0.0,4.0,0.0
https://www.miaphotobooth.net/post/audio-guestbook-experience-miami,2025-11-15,0,1,0.0,21.0,0.0
https://www.miaphotobooth.net/post/audio-guestbook-experience-miami,2025-11-28,0,2,0.0,4.0,0.0
https://www.miaphotobooth.net/post/audio-guestbook-experience-miami,2025-12-02,0,1,0.0,3.0,0.0
https://www.miaphotobooth.net/post/how-do-you-make-a-photo-booth-for-a-wedding-a-complete-diy-guide,2025-10-05,0,1,0.0,5.0,0.0
https://www.miaphotobooth.net/post/how-do-you-make-a-photo-booth-for-a-wedding-a-complete-diy-guide,2025-10-06,0,1,0.0,10.0,0.0
https://www.miaphotobooth.net/post/how-do-you-make-a-photo-booth-for-a-wedding-a-complete-diy-guide,2025-10-07,0,1,0.0,35.0,0.0
https://www.miaphotobooth.net/post/how-do-you-make-a-photo-booth-for-a-wedding-a-complete-diy-guide,2025-10-17,0,1,0.0,9.0,0.0
https://www.miaphotobooth.net/post/how-do-you-make-a-photo-booth-for-a-wedding-a-complete-diy-guide,2025-11-05,0,2,0.0,4.5,0.0
https://www.miaphotobooth.net/post/how-do-you-make-a-photo-booth-for-a-wedding-a-complete-diy-guide,2025-11-18,0,1,0.0,20.0,0.0
https://www.miaphotobooth.net/post/how-do-you-make-a-photo-booth-frame-a-step-by-step-guide,2025-09-05,0,1,0.0,6.0,0.0
https://www.miaphotobooth.net/post/how-do-you-make-a-photo-booth-frame-a-step-by-step-guide,2025-09-07,0,1,0.0,21.0,0.0
https://www.miaphotobooth.net/post/how-do-you-make-a-photo-booth-frame-a-step-by-step-guide,2025-09-15,0,2,0.0,6.0,0.0
https://www.miaphotobooth.net/post/how-do-you-make-a-photo-booth-frame-a-step-by-step-guide,2025-09-17,0,3,0.0,8.666666666666668,0.0
https://www.miaphotobooth.net/post/how-do-you-make-a-photo-booth-frame-a-step-by-step-guide,2025-09-21,0,2,0.0,8.0,0.0
https://www.miaphotobooth.net/post/how-do-you-make-a-photo-booth-frame-a-step-by-step-guide,2025-09-28,0,1,0.0,9.0,0.0
https://www.miaphotobooth.net/post/how-do-you-make-a-photo-booth-frame-a-step-by-step-guide,2025-10-04,0,2,0.0,5.5,0.0
https://www.miaphotobooth.net/post/how-do-you-make-a-photo-booth-frame-a-step-by-step-guide,2025-10-05,0,3,0.0,18.0,0.0
https://www.miaphotobooth.net/post/how-do-you-make-a-photo-booth-frame-a-step-by-step-guide,2025-10-06,0,2,0.0,8.5,0.0
https://www.miaphotobooth.net/post/how-do-you-make-a-photo-booth-frame-a-step-by-step-guide,2025-10-08,0,3,0.0,12.666666666666666,0.0
https://www.miaphotobooth.net/post/how-do-you-make-a-photo-booth-frame-a-step-by-step-guide,2025-10-11,0,2,0.0,7.5,0.0
https://www.miaphotobooth.net/post/how-do-you-make-a-photo-booth-frame-a-step-by-step-guide,2025-10-13,0,3,0.0,8.0,0.0
https://www.miaphotobooth.net/post/how-do-you-make-a-photo-booth-frame-a-step-by-step-guide,2025-10-14,0,1,0.0,11.0,0.0
https://www.miaphotobooth.net/post/how-do-you-make-a-photo-booth-frame-a-step-by-step-guide,2025-10-17,0,1,0.0,13.0,0.0
https://www.miaphotobooth.net/post/how-do-you-make-a-photo-booth-frame-a-step-by-step-guide,2025-10-18,0,1,0.0,12.0,0.0
https://www.miaphotobooth.net/post/how-do-you-make-a-photo-booth-frame-a-step-by-step-guide,2025-10-19,0,3,0.0,7.333333333333333,0.0
https://www.miaphotobooth.net/post/how-do-you-make-a-photo-booth-frame-a-step-by-step-guide,2025-10-20,0,1,0.0,8.0,0.0
https://www.miaphotobooth.net/post/how-do-you-make-a-photo-booth-frame-a-step-by-step-guide,2025-10-21,0,1,0.0,5.0,0.0
https://www.miaphotobooth.net/post/how-do-you-make-a-photo-booth-frame-a-step-by-step-guide,2025-10-22,0,2,0.0,9.5,0.0
https://www.miaphotobooth.net/post/how-do-you-make-a-photo-booth-frame-a-step-by-step-guide,2025-10-23,0,2,0.0,5.5,0.0
https://www.miaphotobooth.net/post/how-do-you-make-a-photo-booth-frame-a-step-by-step-guide,2025-10-24,0,2,0.0,5.5,0.0
https://www.miaphotobooth.net/post/how-do-you-make-a-photo-booth-frame-a-step-by-step-guide,2025-10-25,0,2,0.0,3.5,0.0
https://www.miaphotobooth.net/post/how-do-you-make-a-photo-booth-frame-a-step-by-step-guide,2025-10-27,0,5,0.0,8.6,0.0
https://www.miaphotobooth.net/post/how-do-you-make-a-photo-booth-frame-a-step-by-step-guide,2025-10-28,0,1,0.0,8.0,0.0
https://www.miaphotobooth.net/post/how-do-you-make-a-photo-booth-frame-a-step-by-step-guide,2025-10-29,0,3,0.0,10.0,0.0
https://www.miaphotobooth.net/post/how-do-you-make-a-photo-booth-frame-a-step-by-step-guide,2025-11-01,0,1,0.0,6.0,0.0
https://www.miaphotobooth.net/post/how-do-you-make-a-photo-booth-frame-a-step-by-step-guide,2025-11-02,0,1,0.0,11.0,0.0
https://www.miaphotobooth.net/post/how-do-you-make-a-photo-booth-frame-a-step-by-step-guide,2025-11-03,0,3,0.0,8.666666666666668,0.0
https://www.miaphotobooth.net/post/how-do-you-make-a-photo-booth-frame-a-step-by-step-guide,2025-11-04,0,2,0.0,6.5,0.0
https://www.miaphotobooth.net/post/how-do-you-make-a-photo-booth-frame-a-step-by-step-guide,2025-11-05,0,1,0.0,12.0,0.0
https://www.miaphotobooth.net/post/how-do-you-make-a-photo-booth-frame-a-step-by-step-guide,2025-11-06,0,1,0.0,1.0,0.0
https://www.miaphotobooth.net/post/how-do-you-make-a-photo-booth-frame-a-step-by-step-guide,2025-11-07,0,2,0.0,8.5,0.0
https://www.miaphotobooth.net/post/how-do-you-make-a-photo-booth-frame-a-step-by-step-guide,2025-11-09,0,1,0.0,10.0,0.0
https://www.miaphotobooth.net/post/how-do-you-make-a-photo-booth-frame-a-step-by-step-guide,2025-11-10,0,2,0.0,10.5,0.0
https://www.miaphotobooth.net/post/how-do-you-make-a-photo-booth-frame-a-step-by-step-guide,2025-11-11,0,3,0.0,6.0,0.0
https://www.miaphotobooth.net/post/how-do-you-make-a-photo-booth-frame-a-step-by-step-guide,2025-11-12,0,3,0.0,3.0,0.0
https://www.miaphotobooth.net/post/how-do-you-make-a-photo-booth-frame-a-step-by-step-guide,2025-11-17,0,4,0.0,7.0,0.0
https://www.miaphotobooth.net/post/how-do-you-make-a-photo-booth-frame-a-step-by-step-guide,2025-11-20,0,1,0.0,6.0,0.0
https://www.miaphotobooth.net/post/how-do-you-make-a-photo-booth-frame-a-step-by-step-guide,2025-11-23,0,1,0.0,6.0,0.0
https://www.miaphotobooth.net/post/how-to-choose-the-best-photo-booth-for-your-event,2025-10-06,0,2,0.0,6.0,0.0
https://www.miaphotobooth.net/post/how-to-choose-the-best-photo-booth-for-your-event,2025-10-08,0,3,0.0,31.666666666666668,0.0
https://www.miaphotobooth.net/post/how-to-choose-the-best-photo-booth-for-your-event,2025-10-09,0,1,0.0,89.0,0.0
https://www.miaphotobooth.net/post/how-to-choose-the-best-photo-booth-for-your-event,2025-10-11,0,3,0.0,60.666666666666664,0.0
https://www.miaphotobooth.net/post/how-to-choose-the-best-photo-booth-for-your-event,2025-10-12,0,2,0.0,6.0,0.0
https://www.miaphotobooth.net/post/how-to-choose-the-best-photo-booth-for-your-event,2025-10-13,0,2,0.0,9.0,0.0
https://www.miaphotobooth.net/post/how-to-choose-the-best-photo-booth-for-your-event,2025-10-14,0,2,0.0,7.0,0.0
https://www.miaphotobooth.net/post/how-to-choose-the-best-photo-booth-for-your-event,2025-10-15,0,2,0.0,5.5,0.0
https://www.miaphotobooth.net/post/how-to-choose-the-best-photo-booth-for-your-event,2025-10-16,0,4,0.0,46.0,0.0
https://www.miaphotobooth.net/post/how-to-choose-the-best-photo-booth-for-your-event,2025-10-18,0,2,0.0,84.0,0.0
https://www.miaphotobooth.net/post/how-to-choose-the-best-photo-booth-for-your-event,2025-10-20,0,1,0.0,20.0,0.0
https://www.miaphotobooth.net/post/how-to-choose-the-best-photo-booth-for-your-event,2025-10-22,0,2,0.0,60.5,0.0
https://www.miaphotobooth.net/post/how-to-choose-the-best-photo-booth-for-your-event,2025-10-23,0,1,0.0,88.0,0.0
https://www.miaphotobooth.net/post/how-to-choose-the-best-photo-booth-for-your-event,2025-10-25,0,4,0.0,55.5,0.0
https://www.miaphotobooth.net/post/how-to-choose-the-best-photo-booth-for-your-event,2025-10-28,0,1,0.0,7.0,0.0
https://www.miaphotobooth.net/post/how-to-choose-the-best-photo-booth-for-your-event,2025-10-29,0,1,0.0,58.0,0.0
https://www.miaphotobooth.net/post/how-to-choose-the-best-photo-booth-for-your-event,2025-11-01,0,3,0.0,71.0,0.0
https://www.miaphotobooth.net/post/how-to-choose-the-best-photo-booth-for-your-event,2025-11-02,0,1,0.0,6.0,0.0
https://www.miaphotobooth.net/post/how-to-choose-the-best-photo-booth-for-your-event,2025-11-05,0,2,0.0,4.5,0.0
https://www.miaphotobooth.net/post/how-to-choose-the-best-photo-booth-for-your-event,2025-11-06,0,4,0.0,5.75,0.0
https://www.miaphotobooth.net/post/how-to-choose-the-best-photo-booth-for-your-event,2025-11-10,0,1,0.0,6.0,0.0
https://www.miaphotobooth.net/post/how-to-choose-the-best-photo-booth-for-your-event,2025-11-11,0,1,0.0,3.0,0.0
https://www.miaphotobooth.net/post/how-to-choose-the-best-photo-booth-for-your-event,2025-11-12,0,1,0.0,12.0,0.0
https://www.miaphotobooth.net/post/how-to-choose-the-best-photo-booth-for-your-event,2025-11-14,0,1,0.0,3.0,0.0
https://www.miaphotobooth.net/post/how-to-choose-the-best-photo-booth-for-your-event,2025-11-22,0,1,0.0,5.0,0.0
https://www.miaphotobooth.net/post/how-to-choose-the-best-photo-booth-for-your-event,2025-11-23,0,1,0.0,12.0,0.0
https://www.miaphotobooth.net/post/how-to-choose-the-best-photo-booth-for-your-event,2025-11-27,0,1,0.0,7.0,0.0
https://www.miaphotobooth.net/post/how-to-display-photo-booth-strips-tips-and-ideas,2025-09-11,0,1,0.0,7.0,0.0
https://www.miaphotobooth.net/post/how-to-display-photo-booth-strips-tips-and-ideas,2025-09-12,0,3,0.0,6.0,0.0
https://www.miaphotobooth.net/post/how-to-display-photo-booth-strips-tips-and-ideas,2025-09-16,0,1,0.0,6.0,0.0
https://www.miaphotobooth.net/post/how-to-display-photo-booth-strips-tips-and-ideas,2025-09-17,0,1,0.0,1.0,0.0
https://www.miaphotobooth.net/post/how-to-display-photo-booth-strips-tips-and-ideas,2025-09-18,0,2,0.0,8.5,0.0
https://www.miaphotobooth.net/post/how-to-display-photo-booth-strips-tips-and-ideas,2025-09-22,0,2,0.0,7.0,0.0
https://www.miaphotobooth.net/post/how-to-display-photo-booth-strips-tips-and-ideas,2025-09-23,0,2,0.0,5.5,0.0
https://www.miaphotobooth.net/post/how-to-display-photo-booth-strips-tips-and-ideas,2025-09-24,0,3,0.0,9.0,0.0
https://www.miaphotobooth.net/post/how-to-display-photo-booth-strips-tips-and-ideas,2025-09-25,0,1,0.0,11.0,0.0
https://www.miaphotobooth.net/post/how-to-display-photo-booth-strips-tips-and-ideas,2025-09-26,0,2,0.0,3.5,0.0
https://www.miaphotobooth.net/post/how-to-display-photo-booth-strips-tips-and-ideas,2025-09-27,0,1,0.0,10.0,0.0
https://www.miaphotobooth.net/post/how-to-display-photo-booth-strips-tips-and-ideas,2025-10-01,0,2,0.0,11.5,0.0
https://www.miaphotobooth.net/post/how-to-display-photo-booth-strips-tips-and-ideas,2025-10-02,0,1,0.0,12.0,0.0
https://www.miaphotobooth.net/post/how-to-display-photo-booth-strips-tips-and-ideas,2025-10-03,0,1,0.0,9.0,0.0
https://www.miaphotobooth.net/post/how-to-display-photo-booth-strips-tips-and-ideas,2025-10-04,0,1,0.0,5.0,0.0
https://www.miaphotobooth.net/post/how-to-display-photo-booth-strips-tips-and-ideas,2025-10-05,0,1,0.0,12.0,0.0
https://www.miaphotobooth.net/post/how-to-display-photo-booth-strips-tips-and-ideas,2025-10-06,0,2,0.0,9.5,0.0
https://www.miaphotobooth.net/post/how-to-display-photo-booth-strips-tips-and-ideas,2025-10-07,0,1,0.0,8.0,0.0
https://www.miaphotobooth.net/post/how-to-display-photo-booth-strips-tips-and-ideas,2025-10-08,0,2,0.0,6.5,0.0
https://www.miaphotobooth.net/post/how-to-display-photo-booth-strips-tips-and-ideas,2025-10-09,0,1,0.0,10.0,0.0
https://www.miaphotobooth.net/post/how-to-display-photo-booth-strips-tips-and-ideas,2025-10-10,0,3,0.0,6.333333333333333,0.0
https://www.miaphotobooth.net/post/how-to-display-photo-booth-strips-tips-and-ideas,2025-10-11,0,1,0.0,8.0,0.0
https://www.miaphotobooth.net/post/how-to-display-photo-booth-strips-tips-and-ideas,2025-10-12,0,3,0.0,9.0,0.0
https://www.miaphotobooth.net/post/how-to-display-photo-booth-strips-tips-and-ideas,2025-10-13,0,1,0.0,1.0,0.0
https://www.miaphotobooth.net/post/how-to-display-photo-booth-strips-tips-and-ideas,2025-10-14,0,2,0.0,4.5,0.0
https://www.miaphotobooth.net/post/how-to-display-photo-booth-strips-tips-and-ideas,2025-10-17,0,3,0.0,8.666666666666668,0.0
https://www.miaphotobooth.net/post/how-to-display-photo-booth-strips-tips-and-ideas,2025-10-20,0,1,0.0,7.0,0.0
https://www.miaphotobooth.net/post/how-to-display-photo-booth-strips-tips-and-ideas,2025-10-21,0,1,0.0,9.0,0.0
https://www.miaphotobooth.net/post/how-to-display-photo-booth-strips-tips-and-ideas,2025-10-22,0,4,0.0,7.25,0.0
https://www.miaphotobooth.net/post/how-to-display-photo-booth-strips-tips-and-ideas,2025-10-23,0,1,0.0,10.0,0.0
https://www.miaphotobooth.net/post/how-to-display-photo-booth-strips-tips-and-ideas,2025-10-24,0,4,0.0,9.25,0.0
https://www.miaphotobooth.net/post/how-to-display-photo-booth-strips-tips-and-ideas,2025-10-26,0,2,0.0,3.5,0.0
https://www.miaphotobooth.net/post/how-to-display-photo-booth-strips-tips-and-ideas,2025-10-27,0,3,0.0,8.333333333333332,0.0
https://www.miaphotobooth.net/post/how-to-display-photo-booth-strips-tips-and-ideas,2025-10-28,0,1,0.0,11.0,0.0
https://www.miaphotobooth.net/post/how-to-display-photo-booth-strips-tips-and-ideas,2025-10-29,0,2,0.0,10.5,0.0
https://www.miaphotobooth.net/post/how-to-display-photo-booth-strips-tips-and-ideas,2025-10-30,0,1,0.0,5.0,0.0
https://www.miaphotobooth.net/post/how-to-display-photo-booth-strips-tips-and-ideas,2025-11-01,0,2,0.0,5.0,0.0
https://www.miaphotobooth.net/post/how-to-display-photo-booth-strips-tips-and-ideas,2025-11-02,0,1,0.0,1.0,0.0
https://www.miaphotobooth.net/post/how-to-display-photo-booth-strips-tips-and-ideas,2025-11-03,0,2,0.0,9.0,0.0
https://www.miaphotobooth.net/post/how-to-display-photo-booth-strips-tips-and-ideas,2025-11-10,0,2,0.0,2.0,0.0
https://www.miaphotobooth.net/post/how-to-display-photo-booth-strips-tips-and-ideas,2025-11-11,0,9,0.0,4.555555555555555,0.0
https://www.miaphotobooth.net/post/how-to-display-photo-booth-strips-tips-and-ideas,2025-11-12,0,8,0.0,4.75,0.0
https://www.miaphotobooth.net/post/how-to-display-photo-booth-strips-tips-and-ideas,2025-11-13,0,17,0.0,5.9411764705882355,0.0
https://www.miaphotobooth.net/post/how-to-display-photo-booth-strips-tips-and-ideas,2025-11-14,0,13,0.0,2.6923076923076925,0.0
https://www.miaphotobooth.net/post/how-to-display-photo-booth-strips-tips-and-ideas,2025-11-15,0,11,0.0,8.363636363636363,0.0
https://www.miaphotobooth.net/post/how-to-display-photo-booth-strips-tips-and-ideas,2025-11-16,0,16,0.0,5.375,0.0
https://www.miaphotobooth.net/post/how-to-display-photo-booth-strips-tips-and-ideas,2025-11-17,0,16,0.0,4.1875,0.0
https://www.miaphotobooth.net/post/how-to-display-photo-booth-strips-tips-and-ideas,2025-11-18,0,10,0.0,4.1,0.0
https://www.miaphotobooth.net/post/how-to-display-photo-booth-strips-tips-and-ideas,2025-11-19,0,12,0.0,3.3333333333333335,0.0
https://www.miaphotobooth.net/post/how-to-display-photo-booth-strips-tips-and-ideas,2025-11-21,0,10,0.0,7.7,0.0
https://www.miaphotobooth.net/post/how-to-display-photo-booth-strips-tips-and-ideas,2025-11-22,0,19,0.0,2.105263157894737,0.0
https://www.miaphotobooth.net/post/how-to-display-photo-booth-strips-tips-and-ideas,2025-11-24,0,21,0.0,5.380952380952381,0.0
https://www.miaphotobooth.net/post/how-to-display-photo-booth-strips-tips-and-ideas,2025-11-25,0,14,0.0,8.785714285714285,0.0
https://www.miaphotobooth.net/post/how-to-display-photo-booth-strips-tips-and-ideas,2025-11-26,0,27,0.0,4.074074074074074,0.0
https://www.miaphotobooth.net/post/how-to-display-photo-booth-strips-tips-and-ideas,2025-11-28,0,18,0.0,4.166666666666666,0.0
https://www.miaphotobooth.net/post/how-to-display-photo-booth-strips-tips-and-ideas,2025-12-02,0,18,0.0,5.222222222222222,0.0
https://www.miaphotobooth.net/post/how-to-display-photo-booth-strips-tips-and-ideas,2025-12-03,0,10,0.0,11.5,0.0
https://www.miaphotobooth.net/post/how-to-make-a-photo-booth-for-a-party-easy-diy-setup,2025-09-12,0,1,0.0,58.0,0.0
https://www.miaphotobooth.net/post/how-to-make-a-photo-booth-for-a-party-easy-diy-setup,2025-09-14,0,2,0.0,41.0,0.0
https://www.miaphotobooth.net/post/how-to-make-a-photo-booth-for-a-party-easy-diy-setup,2025-09-15,0,2,0.0,39.5,0.0
https://www.miaphotobooth.net/post/how-to-make-a-photo-booth-for-a-party-easy-diy-setup,2025-09-16,0,5,0.0,51.2,0.0
https://www.miaphotobooth.net/post/how-to-make-a-photo-booth-for-a-party-easy-diy-setup,2025-09-17,0,2,0.0,47.0,0.0
https://www.miaphotobooth.net/post/how-to-make-a-photo-booth-for-a-party-easy-diy-setup,2025-09-18,0,5,0.0,44.8,0.0
https://www.miaphotobooth.net/post/how-to-make-a-photo-booth-for-a-party-easy-diy-setup,2025-09-19,0,5,0.0,41.6,0.0
https://www.miaphotobooth.net/post/how-to-make-a-photo-booth-for-a-party-easy-diy-setup,2025-09-20,0,3,0.0,50.333333333333336,0.0
https://www.miaphotobooth.net/post/how-to-make-a-photo-booth-for-a-party-easy-diy-setup,2025-09-21,0,6,0.0,49.833333333333336,0.0
https://www.miaphotobooth.net/post/how-to-make-a-photo-booth-for-a-party-easy-diy-setup,2025-09-22,0,1,0.0,58.0,0.0
https://www.miaphotobooth.net/post/how-to-make-a-photo-booth-for-a-party-easy-diy-setup,2025-09-23,0,5,0.0,47.8,0.0
https://www.miaphotobooth.net/post/how-to-make-a-photo-booth-for-a-party-easy-diy-setup,2025-09-24,0,7,0.0,47.285714285714285,0.0
https://www.miaphotobooth.net/post/how-to-make-a-photo-booth-for-a-party-easy-diy-setup,2025-09-25,0,3,0.0,60.333333333333336,0.0
https://www.miaphotobooth.net/post/how-to-make-photo-booth-props-fun-and-easy-diy-ideas,2025-09-11,0,1,0.0,2.0,0.0
https://www.miaphotobooth.net/post/how-to-make-photo-booth-props-fun-and-easy-diy-ideas,2025-09-13,0,5,0.0,7.4,0.0
https://www.miaphotobooth.net/post/how-to-make-photo-booth-props-fun-and-easy-diy-ideas,2025-09-14,0,5,0.0,1.0,0.0
https://www.miaphotobooth.net/post/how-to-make-photo-booth-props-fun-and-easy-diy-ideas,2025-09-15,0,3,0.0,12.0,0.0
https://www.miaphotobooth.net/post/how-to-make-photo-booth-props-fun-and-easy-diy-ideas,2025-09-16,0,1,0.0,25.0,0.0
https://www.miaphotobooth.net/post/how-to-make-photo-booth-props-fun-and-easy-diy-ideas,2025-09-17,0,1,0.0,37.0,0.0
https://www.miaphotobooth.net/post/how-to-make-photo-booth-props-fun-and-easy-diy-ideas,2025-09-18,0,4,0.0,1.25,0.0
https://www.miaphotobooth.net/post/how-to-make-photo-booth-props-fun-and-easy-diy-ideas,2025-09-19,0,5,0.0,8.6,0.0
https://www.miaphotobooth.net/post/how-to-make-photo-booth-props-fun-and-easy-diy-ideas,2025-09-20,0,1,0.0,3.0,0.0
https://www.miaphotobooth.net/post/how-to-make-photo-booth-props-fun-and-easy-diy-ideas,2025-10-07,0,2,0.0,38.0,0.0
https://www.miaphotobooth.net/post/how-to-make-photo-booth-props-fun-and-easy-diy-ideas,2025-10-10,0,5,0.0,9.2,0.0
https://www.miaphotobooth.net/post/how-to-make-photo-booth-props-fun-and-easy-diy-ideas,2025-10-14,0,1,0.0,10.0,0.0
https://www.miaphotobooth.net/post/how-to-make-photo-booth-props-fun-and-easy-diy-ideas,2025-10-18,0,1,0.0,23.0,0.0
https://www.miaphotobooth.net/post/how-to-make-photo-booth-props-fun-and-easy-diy-ideas,2025-10-19,0,2,0.0,6.0,0.0
https://www.miaphotobooth.net/post/how-to-make-photo-booth-props-fun-and-easy-diy-ideas,2025-10-21,0,1,0.0,1.0,0.0
https://www.miaphotobooth.net/post/how-to-make-photo-booth-props-fun-and-easy-diy-ideas,2025-10-22,0,1,0.0,11.0,0.0
https://www.miaphotobooth.net/post/how-to-make-photo-booth-props-fun-and-easy-diy-ideas,2025-10-25,0,2,0.0,12.5,0.0
https://www.miaphotobooth.net/post/how-to-make-photo-booth-props-fun-and-easy-diy-ideas,2025-10-26,0,1,0.0,4.0,0.0
https://www.miaphotobooth.net/post/how-to-make-photo-booth-props-fun-and-easy-diy-ideas,2025-10-30,0,1,0.0,22.0,0.0
https://www.miaphotobooth.net/post/how-to-make-photo-booth-props-fun-and-easy-diy-ideas,2025-11-06,0,9,0.0,22.0,0.0
https://www.miaphotobooth.net/post/how-to-make-photo-booth-props-fun-and-easy-diy-ideas,2025-11-07,0,9,0.0,13.555555555555555,0.0
https://www.miaphotobooth.net/post/how-to-make-photo-booth-props-fun-and-easy-diy-ideas,2025-11-08,0,16,0.0,17.75,0.0
https://www.miaphotobooth.net/post/how-to-make-photo-booth-props-fun-and-easy-diy-ideas,2025-11-09,0,11,0.0,17.545454545454547,0.0
https://www.miaphotobooth.net/post/how-to-make-photo-booth-props-fun-and-easy-diy-ideas,2025-11-10,0,12,0.0,17.833333333333332,0.0
https://www.miaphotobooth.net/post/how-to-make-photo-booth-props-fun-and-easy-diy-ideas,2025-11-11,0,13,0.0,8.23076923076923,0.0
https://www.miaphotobooth.net/post/how-to-make-photo-booth-props-fun-and-easy-diy-ideas,2025-11-12,0,9,0.0,11.333333333333334,0.0
https://www.miaphotobooth.net/post/how-to-make-photo-booth-props-fun-and-easy-diy-ideas,2025-11-13,0,12,0.0,25.0,0.0
https://www.miaphotobooth.net/post/how-to-make-photo-booth-props-fun-and-easy-diy-ideas,2025-11-14,0,11,0.0,25.636363636363637,0.0
https://www.miaphotobooth.net/post/how-to-make-photo-booth-props-fun-and-easy-diy-ideas,2025-11-15,0,12,0.0,24.75,0.0
https://www.miaphotobooth.net/post/how-to-make-photo-booth-props-fun-and-easy-diy-ideas,2025-11-16,0,4,0.0,49.75,0.0
https://www.miaphotobooth.net/post/how-to-make-photo-booth-props-fun-and-easy-diy-ideas,2025-11-17,0,12,0.0,24.333333333333332,0.0
https://www.miaphotobooth.net/post/how-to-make-photo-booth-props-fun-and-easy-diy-ideas,2025-11-18,0,13,0.0,9.76923076923077,0.0
https://www.miaphotobooth.net/post/how-to-make-photo-booth-props-fun-and-easy-diy-ideas,2025-11-19,0,14,0.0,21.642857142857142,0.0
https://www.miaphotobooth.net/post/how-to-make-photo-booth-props-fun-and-easy-diy-ideas,2025-11-20,0,13,0.0,25.153846153846153,0.0
https://www.miaphotobooth.net/post/how-to-make-photo-booth-props-fun-and-easy-diy-ideas,2025-11-21,0,10,0.0,28.4,0.0
https://www.miaphotobooth.net/post/how-to-make-photo-booth-props-fun-and-easy-diy-ideas,2025-11-22,0,8,0.0,16.5,0.0
https://www.miaphotobooth.net/post/how-to-make-photo-booth-props-fun-and-easy-diy-ideas,2025-11-23,0,10,0.0,26.7,0.0
https://www.miaphotobooth.net/post/how-to-make-photo-booth-props-fun-and-easy-diy-ideas,2025-11-24,0,12,0.0,29.416666666666668,0.0
https://www.miaphotobooth.net/post/how-to-make-photo-booth-props-fun-and-easy-diy-ideas,2025-11-25,0,14,0.0,27.714285714285715,0.0
https://www.miaphotobooth.net/post/how-to-make-photo-booth-props-fun-and-easy-diy-ideas,2025-11-26,0,8,0.0,22.625,0.0
https://www.miaphotobooth.net/post/how-to-make-photo-booth-props-fun-and-easy-diy-ideas,2025-11-27,0,7,0.0,27.571428571428573,0.0
https://www.miaphotobooth.net/post/how-to-make-photo-booth-props-fun-and-easy-diy-ideas,2025-11-28,0,17,0.0,19.294117647058822,0.0
https://www.miaphotobooth.net/post/how-to-make-photo-booth-props-fun-and-easy-diy-ideas,2025-11-29,0,18,0.0,13.0,0.0
https://www.miaphotobooth.net/post/how-to-make-photo-booth-props-fun-and-easy-diy-ideas,2025-11-30,0,18,0.0,28.22222222222222,0.0
https://www.miaphotobooth.net/post/how-to-make-photo-booth-props-fun-and-easy-diy-ideas,2025-12-01,0,17,0.0,10.352941176470589,0.0
https://www.miaphotobooth.net/post/how-to-make-photo-booth-props-fun-and-easy-diy-ideas,2025-12-02,0,11,0.0,11.545454545454545,0.0
https://www.miaphotobooth.net/post/how-to-make-photo-booth-props-fun-and-easy-diy-ideas,2025-12-03,0,13,0.0,8.76923076923077,0.0
https://www.miaphotobooth.net/post/how-to-set-up-a-360-photo-booth,2025-10-04,0,1,0.0,12.0,0.0
https://www.miaphotobooth.net/post/how-to-set-up-a-360-photo-booth,2025-10-06,0,2,0.0,13.0,0.0
https://www.miaphotobooth.net/post/how-to-set-up-a-360-photo-booth,2025-10-07,0,7,0.0,60.285714285714285,0.0
https://www.miaphotobooth.net/post/how-to-set-up-a-360-photo-booth,2025-10-08,0,1,0.0,11.0,0.0
https://www.miaphotobooth.net/post/how-to-set-up-a-360-photo-booth,2025-10-12,0,3,0.0,19.666666666666668,0.0
https://www.miaphotobooth.net/post/how-to-set-up-a-360-photo-booth,2025-10-13,0,4,0.0,14.0,0.0
https://www.miaphotobooth.net/post/how-to-set-up-a-360-photo-booth,2025-10-14,0,2,0.0,12.0,0.0
https://www.miaphotobooth.net/post/how-to-set-up-a-360-photo-booth,2025-10-15,0,1,0.0,2.0,0.0
https://www.miaphotobooth.net/post/how-to-set-up-a-360-photo-booth,2025-10-16,0,1,0.0,11.0,0.0
https://www.miaphotobooth.net/post/how-to-set-up-a-360-photo-booth,2025-10-18,0,1,0.0,5.0,0.0
https://www.miaphotobooth.net/post/how-to-set-up-a-360-photo-booth,2025-10-19,0,2,0.0,41.0,0.0
https://www.miaphotobooth.net/post/how-to-set-up-a-360-photo-booth,2025-10-22,0,2,0.0,12.5,0.0
https://www.miaphotobooth.net/post/how-to-set-up-a-360-photo-booth,2025-10-28,0,1,0.0,12.0,0.0
https://www.miaphotobooth.net/post/how-to-set-up-a-360-photo-booth,2025-11-01,0,6,0.0,35.0,0.0
https://www.miaphotobooth.net/post/how-to-set-up-a-360-photo-booth,2025-11-02,0,1,0.0,8.0,0.0
https://www.miaphotobooth.net/post/how-to-set-up-a-360-photo-booth,2025-11-05,0,1,0.0,10.0,0.0
https://www.miaphotobooth.net/post/how-to-set-up-a-360-photo-booth,2025-11-06,0,2,0.0,11.0,0.0
https://www.miaphotobooth.net/post/how-to-set-up-a-360-photo-booth,2025-11-09,0,1,0.0,5.0,0.0
https://www.miaphotobooth.net/post/how-to-set-up-a-360-photo-booth,2025-11-12,0,1,0.0,10.0,0.0
https://www.miaphotobooth.net/post/how-to-set-up-a-360-photo-booth,2025-11-15,0,1,0.0,24.0,0.0
https://www.miaphotobooth.net/post/how-to-set-up-a-360-photo-booth,2025-11-17,0,1,0.0,18.0,0.0
https://www.miaphotobooth.net/post/how-to-set-up-a-360-photo-booth,2025-11-21,0,1,0.0,11.0,0.0
https://www.miaphotobooth.net/post/how-to-set-up-a-360-photo-booth,2025-11-22,0,2,0.0,8.5,0.0
https://www.miaphotobooth.net/post/how-to-set-up-a-360-photo-booth,2025-11-23,0,1,0.0,31.0,0.0
https://www.miaphotobooth.net/post/how-to-set-up-a-360-photo-booth,2025-11-24,0,1,0.0,23.0,0.0
https://www.miaphotobooth.net/post/how-to-set-up-a-360-photo-booth,2025-11-26,0,1,0.0,37.0,0.0
https://www.miaphotobooth.net/post/how-to-set-up-a-360-photo-booth,2025-11-28,0,2,0.0,4.0,0.0
https://www.miaphotobooth.net/post/how-to-set-up-a-360-photo-booth,2025-11-30,0,1,0.0,6.0,0.0
https://www.miaphotobooth.net/post/how-to-set-up-a-photo-booth-perfect-for-your-event-or-celebration,2025-10-27,0,2,0.0,9.5,0.0
https://www.miaphotobooth.net/post/how-to-set-up-a-photo-booth-perfect-for-your-event-or-celebration,2025-10-28,0,1,0.0,11.0,0.0
https://www.miaphotobooth.net/post/how-to-set-up-a-photo-booth-perfect-for-your-event-or-celebration,2025-11-03,0,1,0.0,28.0,0.0
https://www.miaphotobooth.net/post/how-to-set-up-a-photo-booth-perfect-for-your-event-or-celebration,2025-11-04,0,1,0.0,6.0,0.0
https://www.miaphotobooth.net/post/how-to-set-up-a-photo-booth-perfect-for-your-event-or-celebration,2025-11-05,0,1,0.0,39.0,0.0
https://www.miaphotobooth.net/post/how-to-set-up-a-photo-booth-perfect-for-your-event-or-celebration,2025-11-17,0,1,0.0,7.0,0.0
https://www.miaphotobooth.net/post/how-to-set-up-a-photo-booth-perfect-for-your-event-or-celebration,2025-11-20,0,1,0.0,12.0,0.0
https://www.miaphotobooth.net/post/how-to-set-up-a-photo-booth-perfect-for-your-event-or-celebration,2025-11-21,0,1,0.0,4.0,0.0
https://www.miaphotobooth.net/post/how-to-set-up-a-photo-booth-perfect-for-your-event-or-celebration,2025-11-24,0,1,0.0,8.0,0.0
https://www.miaphotobooth.net/post/how-to-set-up-a-photo-booth-perfect-for-your-event-or-celebration,2025-11-25,0,1,0.0,11.0,0.0
https://www.miaphotobooth.net/post/how-to-set-up-a-photo-booth-perfect-for-your-event-or-celebration,2025-11-27,0,1,0.0,9.0,0.0
https://www.miaphotobooth.net/post/how-to-take-a-boomerang-photo,2025-11-10,0,3,0.0,11.333333333333334,0.0
https://www.miaphotobooth.net/post/how-to-take-a-boomerang-photo,2025-11-11,0,10,0.0,8.0,0.0
https://www.miaphotobooth.net/post/how-to-take-a-boomerang-photo,2025-11-12,0,4,0.0,10.5,0.0
https://www.miaphotobooth.net/post/how-to-take-a-boomerang-photo,2025-11-13,0,13,0.0,6.846153846153846,0.0
https://www.miaphotobooth.net/post/how-to-take-a-boomerang-photo,2025-11-14,0,11,0.0,11.454545454545455,0.0
https://www.miaphotobooth.net/post/how-to-take-a-boomerang-photo,2025-11-17,0,1,0.0,19.0,0.0
https://www.miaphotobooth.net/post/how-to-take-a-boomerang-photo,2025-11-24,0,1,0.0,19.0,0.0
https://www.miaphotobooth.net/post/how-to-take-a-boomerang-photo,2025-11-27,0,1,0.0,4.0,0.0
https://www.miaphotobooth.net/post/how-to-take-a-boomerang-photo,2025-12-01,0,1,0.0,12.0,0.0
https://www.miaphotobooth.net/post/how-to-take-a-boomerang-photo,2025-12-03,0,1,0.0,15.0,0.0
https://www.miaphotobooth.net/post/master-the-art-of-how-to-pose-for-360-photo-booth-photos,2025-10-04,0,1,0.0,12.0,0.0
https://www.miaphotobooth.net/post/master-the-art-of-how-to-pose-for-360-photo-booth-photos,2025-10-05,0,2,0.0,9.5,0.0
https://www.miaphotobooth.net/post/master-the-art-of-how-to-pose-for-360-photo-booth-photos,2025-10-06,0,2,0.0,9.0,0.0
https://www.miaphotobooth.net/post/master-the-art-of-how-to-pose-for-360-photo-booth-photos,2025-10-07,0,2,0.0,53.0,0.0
https://www.miaphotobooth.net/post/master-the-art-of-how-to-pose-for-360-photo-booth-photos,2025-10-09,0,1,0.0,18.0,0.0
https://www.miaphotobooth.net/post/master-the-art-of-how-to-pose-for-360-photo-booth-photos,2025-10-10,0,3,0.0,11.333333333333334,0.0
https://www.miaphotobooth.net/post/master-the-art-of-how-to-pose-for-360-photo-booth-photos,2025-10-11,0,1,0.0,10.0,0.0
https://www.miaphotobooth.net/post/master-the-art-of-how-to-pose-for-360-photo-booth-photos,2025-10-12,0,3,0.0,38.333333333333336,0.0
https://www.miaphotobooth.net/post/master-the-art-of-how-to-pose-for-360-photo-booth-photos,2025-10-15,0,2,0.0,10.5,0.0
https://www.miaphotobooth.net/post/master-the-art-of-how-to-pose-for-360-photo-booth-photos,2025-10-17,0,3,0.0,24.0,0.0
https://www.miaphotobooth.net/post/master-the-art-of-how-to-pose-for-360-photo-booth-photos,2025-10-18,0,1,0.0,1.0,0.0
https://www.miaphotobooth.net/post/master-the-art-of-how-to-pose-for-360-photo-booth-photos,2025-10-19,0,1,0.0,11.0,0.0
https://www.miaphotobooth.net/post/master-the-art-of-how-to-pose-for-360-photo-booth-photos,2025-10-20,0,1,0.0,8.0,0.0
https://www.miaphotobooth.net/post/master-the-art-of-how-to-pose-for-360-photo-booth-photos,2025-10-21,0,1,0.0,10.0,0.0
https://www.miaphotobooth.net/post/master-the-art-of-how-to-pose-for-360-photo-booth-photos,2025-10-22,0,2,0.0,24.0,0.0
https://www.miaphotobooth.net/post/master-the-art-of-how-to-pose-for-360-photo-booth-photos,2025-10-23,0,4,0.0,30.0,0.0
https://www.miaphotobooth.net/post/master-the-art-of-how-to-pose-for-360-photo-booth-photos,2025-10-24,0,4,0.0,10.75,0.0
https://www.miaphotobooth.net/post/master-the-art-of-how-to-pose-for-360-photo-booth-photos,2025-10-25,0,5,0.0,10.2,0.0
https://www.miaphotobooth.net/post/master-the-art-of-how-to-pose-for-360-photo-booth-photos,2025-10-26,0,8,0.0,11.125,0.0
https://www.miaphotobooth.net/post/master-the-art-of-how-to-pose-for-360-photo-booth-photos,2025-10-27,0,3,0.0,12.666666666666666,0.0
https://www.miaphotobooth.net/post/master-the-art-of-how-to-pose-for-360-photo-booth-photos,2025-10-28,0,1,0.0,7.0,0.0
https://www.miaphotobooth.net/post/master-the-art-of-how-to-pose-for-360-photo-booth-photos,2025-10-29,0,1,0.0,10.0,0.0
https://www.miaphotobooth.net/post/master-the-art-of-how-to-pose-for-360-photo-booth-photos,2025-10-30,0,1,0.0,56.0,0.0
https://www.miaphotobooth.net/post/master-the-art-of-how-to-pose-for-360-photo-booth-photos,2025-10-31,0,4,0.0,9.25,0.0
https://www.miaphotobooth.net/post/master-the-art-of-how-to-pose-for-360-photo-booth-photos,2025-11-01,0,2,0.0,8.0,0.0
https://www.miaphotobooth.net/post/master-the-art-of-how-to-pose-for-360-photo-booth-photos,2025-11-03,0,3,0.0,11.666666666666666,0.0
https://www.miaphotobooth.net/post/master-the-art-of-how-to-pose-for-360-photo-booth-photos,2025-11-05,0,1,0.0,12.0,0.0
https://www.miaphotobooth.net/post/master-the-art-of-how-to-pose-for-360-photo-booth-photos,2025-11-06,0,1,0.0,11.0,0.0
https://www.miaphotobooth.net/post/master-the-art-of-how-to-pose-for-360-photo-booth-photos,2025-11-07,0,4,0.0,10.25,0.0
https://www.miaphotobooth.net/post/master-the-art-of-how-to-pose-for-360-photo-booth-photos,2025-11-08,0,1,0.0,9.0,0.0
https://www.miaphotobooth.net/post/master-the-art-of-how-to-pose-for-360-photo-booth-photos,2025-11-09,0,2,0.0,11.0,0.0
https://www.miaphotobooth.net/post/master-the-art-of-how-to-pose-for-360-photo-booth-photos,2025-11-10,0,1,0.0,11.0,0.0
https://www.miaphotobooth.net/post/master-the-art-of-how-to-pose-for-360-photo-booth-photos,2025-11-11,0,1,0.0,11.0,0.0
https://www.miaphotobooth.net/post/master-the-art-of-how-to-pose-for-360-photo-booth-photos,2025-11-12,0,1,0.0,10.0,0.0
https://www.miaphotobooth.net/post/master-the-art-of-how-to-pose-for-360-photo-booth-photos,2025-11-13,0,3,0.0,25.666666666666668,0.0
https://www.miaphotobooth.net/post/master-the-art-of-how-to-pose-for-360-photo-booth-photos,2025-11-15,0,3,0.0,11.0,0.0
https://www.miaphotobooth.net/post/master-the-art-of-how-to-pose-for-360-photo-booth-photos,2025-11-17,0,2,0.0,9.0,0.0
https://www.miaphotobooth.net/post/master-the-art-of-how-to-pose-for-360-photo-booth-photos,2025-11-18,0,1,0.0,13.0,0.0
https://www.miaphotobooth.net/post/master-the-art-of-how-to-pose-for-360-photo-booth-photos,2025-11-20,0,1,0.0,55.0,0.0
https://www.miaphotobooth.net/post/master-the-art-of-how-to-pose-for-360-photo-booth-photos,2025-11-21,0,1,0.0,11.0,0.0
https://www.miaphotobooth.net/post/master-the-art-of-how-to-pose-for-360-photo-booth-photos,2025-11-22,0,2,0.0,12.5,0.0
https://www.miaphotobooth.net/post/master-the-art-of-how-to-pose-for-360-photo-booth-photos,2025-11-23,0,1,0.0,11.0,0.0
https://www.miaphotobooth.net/post/master-the-art-of-how-to-pose-for-360-photo-booth-photos,2025-11-27,0,2,0.0,29.5,0.0
https://www.miaphotobooth.net/post/master-the-art-of-how-to-pose-for-360-photo-booth-photos,2025-11-28,0,2,0.0,10.5,0.0
https://www.miaphotobooth.net/post/master-the-art-of-how-to-pose-for-360-photo-booth-photos,2025-11-29,0,4,0.0,10.5,0.0
https://www.miaphotobooth.net/post/master-the-art-of-how-to-pose-for-360-photo-booth-photos,2025-11-30,0,4,0.0,7.5,0.0
https://www.miaphotobooth.net/post/master-the-art-of-how-to-pose-for-360-photo-booth-photos,2025-12-03,0,1,0.0,5.0,0.0
https://www.miaphotobooth.net/post/roamer-photo-booth-rental-miami,2025-09-05,0,5,0.0,71.6,0.0
https://www.miaphotobooth.net/post/roamer-photo-booth-rental-miami,2025-09-06,0,4,0.0,71.5,0.0
https://www.miaphotobooth.net/post/roamer-photo-booth-rental-miami,2025-09-07,0,6,0.0,67.5,0.0
https://www.miaphotobooth.net/post/roamer-photo-booth-rental-miami,2025-09-08,0,6,0.0,37.666666666666664,0.0
https://www.miaphotobooth.net/post/roamer-photo-booth-rental-miami,2025-09-09,0,5,0.0,72.6,0.0
https://www.miaphotobooth.net/post/roamer-photo-booth-rental-miami,2025-09-10,0,6,0.0,66.33333333333333,0.0
https://www.miaphotobooth.net/post/roamer-photo-booth-rental-miami,2025-09-11,0,3,0.0,78.66666666666667,0.0
https://www.miaphotobooth.net/post/roamer-photo-booth-rental-miami,2025-09-12,0,8,0.0,26.5,0.0
https://www.miaphotobooth.net/post/roamer-photo-booth-rental-miami,2025-09-14,0,1,0.0,15.0,0.0
https://www.miaphotobooth.net/post/roamer-photo-booth-rental-miami,2025-09-15,0,4,0.0,5.75,0.0
https://www.miaphotobooth.net/post/roamer-photo-booth-rental-miami,2025-09-18,0,2,0.0,16.5,0.0
https://www.miaphotobooth.net/post/roamer-photo-booth-rental-miami,2025-09-21,0,4,0.0,8.5,0.0
https://www.miaphotobooth.net/post/roamer-photo-booth-rental-miami,2025-09-22,0,1,0.0,1.0,0.0
https://www.miaphotobooth.net/post/roamer-photo-booth-rental-miami,2025-09-23,0,2,0.0,20.5,0.0
https://www.miaphotobooth.net/post/roamer-photo-booth-rental-miami,2025-09-25,0,2,0.0,77.0,0.0
https://www.miaphotobooth.net/post/roamer-photo-booth-rental-miami,2025-09-26,0,2,0.0,73.5,0.0
https://www.miaphotobooth.net/post/roamer-photo-booth-rental-miami,2025-09-27,0,2,0.0,42.0,0.0
https://www.miaphotobooth.net/post/roamer-photo-booth-rental-miami,2025-09-29,0,5,0.0,24.0,0.0
https://www.miaphotobooth.net/post/roamer-photo-booth-rental-miami,2025-09-30,0,3,0.0,76.0,0.0
https://www.miaphotobooth.net/post/roamer-photo-booth-rental-miami,2025-10-01,0,2,0.0,51.5,0.0
https://www.miaphotobooth.net/post/roamer-photo-booth-rental-miami,2025-10-02,0,1,0.0,75.0,0.0
https://www.miaphotobooth.net/post/roamer-photo-booth-rental-miami,2025-10-03,0,1,0.0,73.0,0.0
https://www.miaphotobooth.net/post/roamer-photo-booth-rental-miami,2025-10-04,0,1,0.0,76.0,0.0
https://www.miaphotobooth.net/post/roamer-photo-booth-rental-miami,2025-10-05,0,7,0.0,34.857142857142854,0.0
https://www.miaphotobooth.net/post/roamer-photo-booth-rental-miami,2025-10-06,0,3,0.0,18.666666666666668,0.0
https://www.miaphotobooth.net/post/roamer-photo-booth-rental-miami,2025-10-07,0,2,0.0,39.0,0.0
https://www.miaphotobooth.net/post/roamer-photo-booth-rental-miami,2025-10-08,0,3,0.0,63.666666666666664,0.0
https://www.miaphotobooth.net/post/roamer-photo-booth-rental-miami,2025-10-12,0,5,0.0,23.2,0.0
https://www.miaphotobooth.net/post/roamer-photo-booth-rental-miami,2025-10-13,0,2,0.0,11.0,0.0
https://www.miaphotobooth.net/post/roamer-photo-booth-rental-miami,2025-10-15,0,4,0.0,18.75,0.0
https://www.miaphotobooth.net/post/roamer-photo-booth-rental-miami,2025-10-16,0,1,0.0,11.0,0.0
https://www.miaphotobooth.net/post/roamer-photo-booth-rental-miami,2025-10-17,0,1,0.0,61.0,0.0
https://www.miaphotobooth.net/post/roamer-photo-booth-rental-miami,2025-10-19,0,1,0.0,9.0,0.0
https://www.miaphotobooth.net/post/roamer-photo-booth-rental-miami,2025-10-20,0,3,0.0,7.0,0.0
https://www.miaphotobooth.net/post/roamer-photo-booth-rental-miami,2025-10-21,0,1,0.0,7.0,0.0
https://www.miaphotobooth.net/post/roamer-photo-booth-rental-miami,2025-10-22,0,1,0.0,23.0,0.0
https://www.miaphotobooth.net/post/roamer-photo-booth-rental-miami,2025-10-24,0,3,0.0,40.0,0.0
https://www.miaphotobooth.net/post/roamer-photo-booth-rental-miami,2025-10-25,0,1,0.0,97.0,0.0
https://www.miaphotobooth.net/post/roamer-photo-booth-rental-miami,2025-10-27,0,6,0.0,16.5,0.0
https://www.miaphotobooth.net/post/roamer-photo-booth-rental-miami,2025-10-29,0,1,0.0,50.0,0.0
https://www.miaphotobooth.net/post/roamer-photo-booth-rental-miami,2025-11-02,0,3,0.0,39.666666666666664,0.0
https://www.miaphotobooth.net/post/roamer-photo-booth-rental-miami,2025-11-03,0,2,0.0,11.0,0.0
https://www.miaphotobooth.net/post/roamer-photo-booth-rental-miami,2025-11-04,0,3,0.0,29.333333333333332,0.0
https://www.miaphotobooth.net/post/roamer-photo-booth-rental-miami,2025-11-05,0,1,0.0,3.0,0.0
https://www.miaphotobooth.net/post/roamer-photo-booth-rental-miami,2025-11-06,0,3,0.0,60.333333333333336,0.0
https://www.miaphotobooth.net/post/roamer-photo-booth-rental-miami,2025-11-07,0,2,0.0,3.5,0.0
https://www.miaphotobooth.net/post/roamer-photo-booth-rental-miami,2025-11-09,0,6,0.0,8.833333333333332,0.0
https://www.miaphotobooth.net/post/roamer-photo-booth-rental-miami,2025-11-10,0,1,0.0,107.0,0.0
https://www.miaphotobooth.net/post/roamer-photo-booth-rental-miami,2025-11-12,0,1,0.0,12.0,0.0
https://www.miaphotobooth.net/post/roamer-photo-booth-rental-miami,2025-11-13,0,2,0.0,7.0,0.0
https://www.miaphotobooth.net/post/roamer-photo-booth-rental-miami,2025-11-16,0,1,0.0,4.0,0.0
https://www.miaphotobooth.net/post/roamer-photo-booth-rental-miami,2025-11-17,0,3,0.0,11.666666666666666,0.0
https://www.miaphotobooth.net/post/roamer-photo-booth-rental-miami,2025-11-18,0,1,0.0,9.0,0.0
https://www.miaphotobooth.net/post/roamer-photo-booth-rental-miami,2025-11-22,0,1,0.0,1.0,0.0
https://www.miaphotobooth.net/post/roamer-photo-booth-rental-miami,2025-11-23,0,2,0.0,4.5,0.0
https://www.miaphotobooth.net/post/roamer-photo-booth-rental-miami,2025-11-24,0,6,0.0,17.5,0.0
https://www.miaphotobooth.net/post/roamer-photo-booth-rental-miami,2025-11-26,0,1,0.0,13.0,0.0
https://www.miaphotobooth.net/post/roamer-photo-booth-rental-miami,2025-12-01,0,4,0.0,8.0,0.0
https://www.miaphotobooth.net/post/social-photo-booth-rental-miami,2025-09-08,0,1,0.0,45.0,0.0
https://www.miaphotobooth.net/post/social-photo-booth-rental-miami,2025-10-21,0,2,0.0,67.5,0.0
https://www.miaphotobooth.net/post/social-photo-booth-rental-miami,2025-10-22,0,2,0.0,83.5,0.0
https://www.miaphotobooth.net/post/social-photo-booth-rental-miami,2025-10-23,0,4,0.0,66.75,0.0
https://www.miaphotobooth.net/post/social-photo-booth-rental-miami,2025-10-24,0,3,0.0,75.0,0.0
https://www.miaphotobooth.net/post/social-photo-booth-rental-miami,2025-10-25,0,5,0.0,65.0,0.0
https://www.miaphotobooth.net/post/social-photo-booth-rental-miami,2025-10-26,0,10,0.0,69.9,0.0
https://www.miaphotobooth.net/post/social-photo-booth-rental-miami,2025-10-27,0,9,0.0,62.77777777777778,0.0
https://www.miaphotobooth.net/post/social-photo-booth-rental-miami,2025-10-28,0,2,0.0,68.0,0.0
https://www.miaphotobooth.net/post/social-photo-booth-rental-miami,2025-10-29,0,8,0.0,73.25,0.0
https://www.miaphotobooth.net/post/social-photo-booth-rental-miami,2025-10-31,0,3,0.0,56.666666666666664,0.0
https://www.miaphotobooth.net/post/social-photo-booth-rental-miami,2025-11-01,0,3,0.0,59.333333333333336,0.0
https://www.miaphotobooth.net/post/social-photo-booth-rental-miami,2025-11-02,0,6,0.0,67.66666666666667,0.0
https://www.miaphotobooth.net/post/social-photo-booth-rental-miami,2025-11-03,0,6,0.0,60.666666666666664,0.0
https://www.miaphotobooth.net/post/social-photo-booth-rental-miami,2025-11-04,0,12,0.0,81.66666666666667,0.0
https://www.miaphotobooth.net/post/social-photo-booth-rental-miami,2025-11-05,0,7,0.0,63.857142857142854,0.0
https://www.miaphotobooth.net/post/social-photo-booth-rental-miami,2025-11-06,0,7,0.0,71.14285714285714,0.0
https://www.miaphotobooth.net/post/social-photo-booth-rental-miami,2025-11-07,0,6,0.0,77.0,0.0
https://www.miaphotobooth.net/post/social-photo-booth-rental-miami,2025-11-08,0,5,0.0,76.8,0.0
https://www.miaphotobooth.net/post/social-photo-booth-rental-miami,2025-11-09,0,5,0.0,76.0,0.0
https://www.miaphotobooth.net/post/social-photo-booth-rental-miami,2025-11-10,0,6,0.0,72.5,0.0
https://www.miaphotobooth.net/post/social-photo-booth-rental-miami,2025-11-11,0,5,0.0,82.8,0.0
https://www.miaphotobooth.net/post/social-photo-booth-rental-miami,2025-11-12,0,5,0.0,69.8,0.0
https://www.miaphotobooth.net/post/social-photo-booth-rental-miami,2025-11-13,0,2,0.0,75.0,0.0
https://www.miaphotobooth.net/post/social-photo-booth-rental-miami,2025-11-14,0,6,0.0,64.83333333333334,0.0
https://www.miaphotobooth.net/post/social-photo-booth-rental-miami,2025-11-15,0,1,0.0,58.0,0.0
https://www.miaphotobooth.net/post/social-photo-booth-rental-miami,2025-11-16,0,5,0.0,74.6,0.0
https://www.miaphotobooth.net/post/social-photo-booth-rental-miami,2025-11-17,0,2,0.0,71.0,0.0
https://www.miaphotobooth.net/post/social-photo-booth-rental-miami,2025-11-18,0,1,0.0,75.0,0.0
https://www.miaphotobooth.net/post/social-photo-booth-rental-miami,2025-11-19,0,1,0.0,70.0,0.0
https://www.miaphotobooth.net/post/social-photo-booth-rental-miami,2025-11-20,0,2,0.0,76.0,0.0
https://www.miaphotobooth.net/post/social-photo-booth-rental-miami,2025-11-21,0,3,0.0,73.66666666666667,0.0
https://www.miaphotobooth.net/post/social-photo-booth-rental-miami,2025-11-22,0,3,0.0,59.666666666666664,0.0
https://www.miaphotobooth.net/post/social-photo-booth-rental-miami,2025-11-23,0,6,0.0,66.0,0.0
https://www.miaphotobooth.net/post/social-photo-booth-rental-miami,2025-11-24,0,4,0.0,40.0,0.0
https://www.miaphotobooth.net/post/social-photo-booth-rental-miami,2025-11-25,0,1,0.0,75.0,0.0
https://www.miaphotobooth.net/post/social-photo-booth-rental-miami,2025-11-26,0,1,0.0,74.0,0.0
https://www.miaphotobooth.net/post/social-photo-booth-rental-miami,2025-11-27,0,4,0.0,43.0,0.0
https://www.miaphotobooth.net/post/social-photo-booth-rental-miami,2025-11-28,0,5,0.0,74.2,0.0
https://www.miaphotobooth.net/post/social-photo-booth-rental-miami,2025-11-29,0,2,0.0,73.0,0.0
https://www.miaphotobooth.net/post/social-photo-booth-rental-miami,2025-11-30,0,3,0.0,55.0,0.0
https://www.miaphotobooth.net/post/social-photo-booth-rental-miami,2025-12-02,0,1,0.0,80.0,0.0
https://www.miaphotobooth.net/post/social-photo-booth-rental-miami,2025-12-03,0,2,0.0,76.0,0.0
https://www.miaphotobooth.net/post/what-are-creative-photo-booth-ideas-for-weddings-explore-unique-options,2025-09-11,0,7,0.0,42.142857142857146,0.0
https://www.miaphotobooth.net/post/what-are-creative-photo-booth-ideas-for-weddings-explore-unique-options,2025-09-14,0,2,0.0,47.0,0.0
https://www.miaphotobooth.net/post/what-are-creative-photo-booth-ideas-for-weddings-explore-unique-options,2025-09-15,0,3,0.0,45.0,0.0
https://www.miaphotobooth.net/post/what-are-creative-photo-booth-ideas-for-weddings-explore-unique-options,2025-09-16,0,1,0.0,10.0,0.0
https://www.miaphotobooth.net/post/what-are-creative-photo-booth-ideas-for-weddings-explore-unique-options,2025-09-18,0,6,0.0,26.5,0.0
https://www.miaphotobooth.net/post/what-are-creative-photo-booth-ideas-for-weddings-explore-unique-options,2025-09-19,0,2,0.0,52.0,0.0
https://www.miaphotobooth.net/post/what-are-creative-photo-booth-ideas-for-weddings-explore-unique-options,2025-09-21,0,1,0.0,1.0,0.0
https://www.miaphotobooth.net/post/what-are-creative-photo-booth-ideas-for-weddings-explore-unique-options,2025-09-24,0,1,0.0,8.0,0.0
https://www.miaphotobooth.net/post/what-are-creative-photo-booth-ideas-for-weddings-explore-unique-options,2025-09-26,0,4,0.0,57.75,0.0
https://www.miaphotobooth.net/post/what-are-creative-photo-booth-ideas-for-weddings-explore-unique-options,2025-09-30,0,11,0.0,31.09090909090909,0.0
https://www.miaphotobooth.net/post/what-are-creative-photo-booth-ideas-for-weddings-explore-unique-options,2025-10-01,0,1,0.0,9.0,0.0
https://www.miaphotobooth.net/post/what-are-creative-photo-booth-ideas-for-weddings-explore-unique-options,2025-10-02,0,1,0.0,43.0,0.0
https://www.miaphotobooth.net/post/what-are-creative-photo-booth-ideas-for-weddings-explore-unique-options,2025-10-04,0,2,0.0,8.5,0.0
https://www.miaphotobooth.net/post/what-are-creative-photo-booth-ideas-for-weddings-explore-unique-options,2025-10-07,0,4,0.0,39.0,0.0
https://www.miaphotobooth.net/post/what-are-creative-photo-booth-ideas-for-weddings-explore-unique-options,2025-10-08,0,1,0.0,4.0,0.0
https://www.miaphotobooth.net/post/what-are-creative-photo-booth-ideas-for-weddings-explore-unique-options,2025-10-14,0,2,0.0,27.5,0.0
https://www.miaphotobooth.net/post/what-are-creative-photo-booth-ideas-for-weddings-explore-unique-options,2025-10-16,0,2,0.0,31.0,0.0
https://www.miaphotobooth.net/post/what-are-the-photo-booth-pictures-called-understanding-photo-booth-photos,2025-09-11,0,4,0.0,3.5,0.0
https://www.miaphotobooth.net/post/what-are-the-photo-booth-pictures-called-understanding-photo-booth-photos,2025-09-12,0,46,0.0,2.4782608695652173,0.0
https://www.miaphotobooth.net/post/what-are-the-photo-booth-pictures-called-understanding-photo-booth-photos,2025-09-13,0,116,0.0,3.4051724137931036,0.0
https://www.miaphotobooth.net/post/what-are-the-photo-booth-pictures-called-understanding-photo-booth-photos,2025-09-14,0,136,0.0,2.9779411764705883,0.0
https://www.miaphotobooth.net/post/what-are-the-photo-booth-pictures-called-understanding-photo-booth-photos,2025-09-15,0,113,0.0,3.52212389380531,0.0
https://www.miaphotobooth.net/post/what-are-the-photo-booth-pictures-called-understanding-photo-booth-photos,2025-09-16,0,142,0.0,3.823943661971831,0.0
https://www.miaphotobooth.net/post/what-are-the-photo-booth-pictures-called-understanding-photo-booth-photos,2025-09-17,0,153,0.0,2.764705882352941,0.0
https://www.miaphotobooth.net/post/what-are-the-photo-booth-pictures-called-understanding-photo-booth-photos,2025-09-18,0,136,0.0,2.9926470588235294,0.0
https://www.miaphotobooth.net/post/what-are-the-photo-booth-pictures-called-understanding-photo-booth-photos,2025-09-19,0,159,0.0,2.817610062893082,0.0
https://www.miaphotobooth.net/post/what-are-the-photo-booth-pictures-called-understanding-photo-booth-photos,2025-09-22,0,174,0.0,2.1494252873563218,0.0
https://www.miaphotobooth.net/post/what-are-the-photo-booth-pictures-called-understanding-photo-booth-photos,2025-09-23,0,163,0.0,3.0920245398773005,0.0
https://www.miaphotobooth.net/post/what-are-the-photo-booth-pictures-called-understanding-photo-booth-photos,2025-09-25,0,147,0.0,4.061224489795919,0.0
https://www.miaphotobooth.net/post/what-are-the-photo-booth-pictures-called-understanding-photo-booth-photos,2025-09-26,0,158,0.0,6.537974683544304,0.0
https://www.miaphotobooth.net/post/what-are-the-photo-booth-pictures-called-understanding-photo-booth-photos,2025-09-27,0,174,0.0,4.074712643678161,0.0
https://www.miaphotobooth.net/post/what-are-the-photo-booth-pictures-called-understanding-photo-booth-photos,2025-09-29,0,177,0.0,4.350282485875706,0.0
https://www.miaphotobooth.net/post/what-are-the-photo-booth-pictures-called-understanding-photo-booth-photos,2025-09-30,0,169,0.0,3.8402366863905324,0.0
https://www.miaphotobooth.net/post/what-are-the-photo-booth-pictures-called-understanding-photo-booth-photos,2025-10-01,0,203,0.0,4.364532019704434,0.0
https://www.miaphotobooth.net/post/what-are-the-photo-booth-pictures-called-understanding-photo-booth-photos,2025-10-02,0,187,0.0,3.8128342245989306,0.0
https://www.miaphotobooth.net/post/what-are-the-photo-booth-pictures-called-understanding-photo-booth-photos,2025-10-03,0,130,0.0,4.569230769230769,0.0
https://www.miaphotobooth.net/post/what-are-the-photo-booth-pictures-called-understanding-photo-booth-photos,2025-10-04,0,114,0.0,5.192982456140351,0.0
https://www.miaphotobooth.net/post/what-are-the-photo-booth-pictures-called-understanding-photo-booth-photos,2025-10-05,0,122,0.0,3.9344262295081966,0.0
https://www.miaphotobooth.net/post/what-are-the-photo-booth-pictures-called-understanding-photo-booth-photos,2025-10-07,0,113,0.0,8.23008849557522,0.0
https://www.miaphotobooth.net/post/what-are-the-photo-booth-pictures-called-understanding-photo-booth-photos,2025-10-08,0,74,0.0,5.0,0.0
https://www.miaphotobooth.net/post/what-are-the-photo-booth-pictures-called-understanding-photo-booth-photos,2025-10-09,0,65,0.0,7.661538461538462,0.0
https://www.miaphotobooth.net/post/what-are-the-photo-booth-pictures-called-understanding-photo-booth-photos,2025-10-10,0,64,0.0,7.125,0.0
https://www.miaphotobooth.net/post/what-are-the-photo-booth-pictures-called-understanding-photo-booth-photos,2025-10-13,0,74,0.0,10.067567567567568,0.0
https://www.miaphotobooth.net/post/what-are-the-photo-booth-pictures-called-understanding-photo-booth-photos,2025-10-14,0,51,0.0,11.764705882352942,0.0
https://www.miaphotobooth.net/post/what-are-the-photo-booth-pictures-called-understanding-photo-booth-photos,2025-10-15,0,57,0.0,11.421052631578947,0.0
https://www.miaphotobooth.net/post/what-are-the-photo-booth-pictures-called-understanding-photo-booth-photos,2025-10-16,0,63,0.0,9.88888888888889,0.0
https://www.miaphotobooth.net/post/what-are-the-photo-booth-pictures-called-understanding-photo-booth-photos,2025-10-17,0,59,0.0,7.47457627118644,0.0
https://www.miaphotobooth.net/post/what-are-the-photo-booth-pictures-called-understanding-photo-booth-photos,2025-10-18,0,57,0.0,7.9298245614035086,0.0
https://www.miaphotobooth.net/post/what-are-the-photo-booth-pictures-called-understanding-photo-booth-photos,2025-10-19,0,74,0.0,7.378378378378378,0.0
https://www.miaphotobooth.net/post/what-are-the-photo-booth-pictures-called-understanding-photo-booth-photos,2025-10-20,0,81,0.0,6.037037037037037,0.0
https://www.miaphotobooth.net/post/what-are-the-photo-booth-pictures-called-understanding-photo-booth-photos,2025-10-21,0,63,0.0,10.126984126984127,0.0
https://www.miaphotobooth.net/post/what-are-the-photo-booth-pictures-called-understanding-photo-booth-photos,2025-10-22,0,48,0.0,14.041666666666666,0.0
https://www.miaphotobooth.net/post/what-are-the-photo-booth-pictures-called-understanding-photo-booth-photos,2025-10-23,0,48,0.0,12.833333333333334,0.0
https://www.miaphotobooth.net/post/what-are-the-photo-booth-pictures-called-understanding-photo-booth-photos,2025-10-24,0,45,0.0,9.222222222222221,0.0
https://www.miaphotobooth.net/post/what-are-the-photo-booth-pictures-called-understanding-photo-booth-photos,2025-10-25,0,64,0.0,7.234375,0.0
https://www.miaphotobooth.net/post/what-are-the-photo-booth-pictures-called-understanding-photo-booth-photos,2025-10-26,0,73,0.0,8.726027397260275,0.0
https://www.miaphotobooth.net/post/what-are-the-photo-booth-pictures-called-understanding-photo-booth-photos,2025-10-28,0,81,0.0,6.037037037037037,0.0
https://www.miaphotobooth.net/post/what-are-the-photo-booth-pictures-called-understanding-photo-booth-photos,2025-10-29,0,88,0.0,5.8977272727272725,0.0
https://www.miaphotobooth.net/post/what-are-the-photo-booth-pictures-called-understanding-photo-booth-photos,2025-10-30,0,72,0.0,6.222222222222222,0.0
https://www.miaphotobooth.net/post/what-are-the-photo-booth-pictures-called-understanding-photo-booth-photos,2025-11-01,0,74,0.0,8.067567567567568,0.0
https://www.miaphotobooth.net/post/what-are-the-photo-booth-pictures-called-understanding-photo-booth-photos,2025-11-02,0,67,0.0,9.865671641791044,0.0
https://www.miaphotobooth.net/post/what-are-the-photo-booth-pictures-called-understanding-photo-booth-photos,2025-11-03,0,61,0.0,8.524590163934427,0.0
https://www.miaphotobooth.net/post/what-are-the-photo-booth-pictures-called-understanding-photo-booth-photos,2025-11-04,0,81,0.0,6.666666666666667,0.0
https://www.miaphotobooth.net/post/what-are-the-photo-booth-pictures-called-understanding-photo-booth-photos,2025-11-05,0,52,0.0,11.057692307692308,0.0
https://www.miaphotobooth.net/post/what-are-the-photo-booth-pictures-called-understanding-photo-booth-photos,2025-11-06,0,46,0.0,11.021739130434783,0.0
https://www.miaphotobooth.net/post/what-are-the-photo-booth-pictures-called-understanding-photo-booth-photos,2025-11-07,0,69,0.0,10.347826086956522,0.0
https://www.miaphotobooth.net/post/what-are-the-photo-booth-pictures-called-understanding-photo-booth-photos,2025-11-08,0,95,0.0,6.378947368421053,0.0
https://www.miaphotobooth.net/post/what-are-the-photo-booth-pictures-called-understanding-photo-booth-photos,2025-11-09,0,119,0.0,3.436974789915966,0.0
https://www.miaphotobooth.net/post/what-are-the-photo-booth-pictures-called-understanding-photo-booth-photos,2025-11-10,0,162,0.0,3.1790123456790123,0.0
https://www.miaphotobooth.net/post/what-are-the-photo-booth-pictures-called-understanding-photo-booth-photos,2025-11-11,0,182,0.0,2.5494505494505493,0.0
https://www.miaphotobooth.net/post/what-are-the-photo-booth-pictures-called-understanding-photo-booth-photos,2025-11-12,0,134,0.0,3.58955223880597,0.0
https://www.miaphotobooth.net/post/what-are-the-photo-booth-pictures-called-understanding-photo-booth-photos,2025-11-13,0,187,0.0,2.871657754010695,0.0
https://www.miaphotobooth.net/post/what-are-the-photo-booth-pictures-called-understanding-photo-booth-photos,2025-11-15,0,209,0.0,3.827751196172249,0.0
https://www.miaphotobooth.net/post/what-are-the-photo-booth-pictures-called-understanding-photo-booth-photos,2025-11-17,0,257,0.0,3.0155642023346303,0.0
https://www.miaphotobooth.net/post/what-are-the-photo-booth-pictures-called-understanding-photo-booth-photos,2025-11-18,0,247,0.0,3.080971659919028,0.0
https://www.miaphotobooth.net/post/what-are-the-photo-booth-pictures-called-understanding-photo-booth-photos,2025-11-20,0,244,0.0,3.4754098360655736,0.0
https://www.miaphotobooth.net/post/what-are-the-photo-booth-pictures-called-understanding-photo-booth-photos,2025-11-22,0,279,0.0,2.759856630824373,0.0
https://www.miaphotobooth.net/post/what-are-the-photo-booth-pictures-called-understanding-photo-booth-photos,2025-11-23,0,333,0.0,3.4804804804804803,0.0
https://www.miaphotobooth.net/post/what-are-the-photo-booth-pictures-called-understanding-photo-booth-photos,2025-11-25,0,271,0.0,3.756457564575646,0.0
https://www.miaphotobooth.net/post/what-are-the-photo-booth-pictures-called-understanding-photo-booth-photos,2025-11-26,0,271,0.0,3.5756457564575648,0.0
https://www.miaphotobooth.net/post/what-are-the-photo-booth-pictures-called-understanding-photo-booth-photos,2025-11-27,0,330,0.0,3.0454545454545454,0.0
https://www.miaphotobooth.net/post/what-are-the-photo-booth-pictures-called-understanding-photo-booth-photos,2025-11-29,0,315,0.0,3.7142857142857144,0.0
https://www.miaphotobooth.net/post/what-are-the-photo-booth-pictures-called-understanding-photo-booth-photos,2025-11-30,0,308,0.0,2.9350649350649354,0.0
https://www.miaphotobooth.net/post/what-are-the-photo-booth-pictures-called-understanding-photo-booth-photos,2025-12-01,0,331,0.0,2.797583081570997,0.0
https://www.miaphotobooth.net/post/what-are-the-photo-booth-pictures-called-understanding-photo-booth-photos,2025-12-02,0,328,0.0,3.225609756097561,0.0
https://www.miaphotobooth.net/post/what-do-360-photo-booth-pictures-look-like,2025-10-05,0,2,0.0,14.5,0.0
https://www.miaphotobooth.net/post/what-do-360-photo-booth-pictures-look-like,2025-10-06,0,6,0.0,23.166666666666668,0.0
https://www.miaphotobooth.net/post/what-do-360-photo-booth-pictures-look-like,2025-10-07,0,10,0.0,15.5,0.0
https://www.miaphotobooth.net/post/what-do-360-photo-booth-pictures-look-like,2025-10-08,0,5,0.0,11.2,0.0
https://www.miaphotobooth.net/post/what-do-360-photo-booth-pictures-look-like,2025-10-09,0,7,0.0,22.571428571428573,0.0
https://www.miaphotobooth.net/post/what-do-360-photo-booth-pictures-look-like,2025-10-10,0,6,0.0,9.5,0.0
https://www.miaphotobooth.net/post/what-do-360-photo-booth-pictures-look-like,2025-10-11,0,3,0.0,21.666666666666668,0.0
https://www.miaphotobooth.net/post/what-do-360-photo-booth-pictures-look-like,2025-10-12,0,1,0.0,9.0,0.0
https://www.miaphotobooth.net/post/what-do-360-photo-booth-pictures-look-like,2025-10-13,0,11,0.0,22.454545454545453,0.0
https://www.miaphotobooth.net/post/what-do-360-photo-booth-pictures-look-like,2025-10-14,0,6,0.0,10.333333333333334,0.0
https://www.miaphotobooth.net/post/what-do-360-photo-booth-pictures-look-like,2025-10-15,0,2,0.0,43.0,0.0
https://www.miaphotobooth.net/post/what-do-360-photo-booth-pictures-look-like,2025-10-16,0,2,0.0,14.5,0.0
https://www.miaphotobooth.net/post/what-do-360-photo-booth-pictures-look-like,2025-10-17,0,6,0.0,19.166666666666668,0.0
https://www.miaphotobooth.net/post/what-do-360-photo-booth-pictures-look-like,2025-10-18,0,1,0.0,10.0,0.0
https://www.miaphotobooth.net/post/what-do-360-photo-booth-pictures-look-like,2025-10-19,0,3,0.0,10.666666666666666,0.0
https://www.miaphotobooth.net/post/what-do-360-photo-booth-pictures-look-like,2025-10-20,0,2,0.0,10.5,0.0
https://www.miaphotobooth.net/post/what-do-360-photo-booth-pictures-look-like,2025-10-21,0,7,0.0,10.142857142857142,0.0
https://www.miaphotobooth.net/post/what-do-360-photo-booth-pictures-look-like,2025-10-22,0,4,0.0,9.5,0.0
https://www.miaphotobooth.net/post/what-do-360-photo-booth-pictures-look-like,2025-10-23,0,6,0.0,11.166666666666666,0.0
https://www.miaphotobooth.net/post/what-do-360-photo-booth-pictures-look-like,2025-10-24,0,8,0.0,11.375,0.0
https://www.miaphotobooth.net/post/what-do-360-photo-booth-pictures-look-like,2025-10-25,0,2,0.0,11.0,0.0
https://www.miaphotobooth.net/post/what-do-360-photo-booth-pictures-look-like,2025-10-26,0,4,0.0,11.25,0.0
https://www.miaphotobooth.net/post/what-do-360-photo-booth-pictures-look-like,2025-10-27,0,8,0.0,12.625,0.0
https://www.miaphotobooth.net/post/what-do-360-photo-booth-pictures-look-like,2025-10-28,0,5,0.0,10.4,0.0
https://www.miaphotobooth.net/post/what-do-360-photo-booth-pictures-look-like,2025-10-29,0,6,0.0,10.5,0.0
https://www.miaphotobooth.net/post/what-do-360-photo-booth-pictures-look-like,2025-10-30,0,8,0.0,11.0,0.0
https://www.miaphotobooth.net/post/what-do-360-photo-booth-pictures-look-like,2025-10-31,0,4,0.0,10.75,0.0
https://www.miaphotobooth.net/post/what-do-360-photo-booth-pictures-look-like,2025-11-01,0,12,0.0,36.0,0.0
https://www.miaphotobooth.net/post/what-do-360-photo-booth-pictures-look-like,2025-11-02,0,6,0.0,11.666666666666666,0.0
https://www.miaphotobooth.net/post/what-do-360-photo-booth-pictures-look-like,2025-11-03,0,3,0.0,10.0,0.0
https://www.miaphotobooth.net/post/what-do-360-photo-booth-pictures-look-like,2025-11-04,0,1,0.0,10.0,0.0
https://www.miaphotobooth.net/post/what-do-360-photo-booth-pictures-look-like,2025-11-05,0,4,0.0,10.25,0.0
https://www.miaphotobooth.net/post/what-do-360-photo-booth-pictures-look-like,2025-11-06,0,6,0.0,10.333333333333334,0.0
https://www.miaphotobooth.net/post/what-do-360-photo-booth-pictures-look-like,2025-11-07,0,8,0.0,10.0,0.0
https://www.miaphotobooth.net/post/what-do-360-photo-booth-pictures-look-like,2025-11-08,0,7,0.0,9.714285714285714,0.0
https://www.miaphotobooth.net/post/what-do-360-photo-booth-pictures-look-like,2025-11-09,0,7,0.0,17.142857142857142,0.0
https://www.miaphotobooth.net/post/what-do-360-photo-booth-pictures-look-like,2025-11-10,0,7,0.0,9.857142857142858,0.0
https://www.miaphotobooth.net/post/what-do-360-photo-booth-pictures-look-like,2025-11-11,0,4,0.0,10.5,0.0
https://www.miaphotobooth.net/post/what-do-360-photo-booth-pictures-look-like,2025-11-12,0,3,0.0,10.0,0.0
https://www.miaphotobooth.net/post/what-do-360-photo-booth-pictures-look-like,2025-11-13,0,4,0.0,33.75,0.0
https://www.miaphotobooth.net/post/what-do-360-photo-booth-pictures-look-like,2025-11-14,0,2,0.0,11.0,0.0
https://www.miaphotobooth.net/post/what-do-360-photo-booth-pictures-look-like,2025-11-15,0,4,0.0,15.75,0.0
https://www.miaphotobooth.net/post/what-do-360-photo-booth-pictures-look-like,2025-11-16,0,2,0.0,15.0,0.0
https://www.miaphotobooth.net/post/what-do-360-photo-booth-pictures-look-like,2025-11-17,0,3,0.0,14.0,0.0
https://www.miaphotobooth.net/post/what-do-360-photo-booth-pictures-look-like,2025-11-18,0,3,0.0,10.666666666666666,0.0
https://www.miaphotobooth.net/post/what-do-360-photo-booth-pictures-look-like,2025-11-19,0,5,0.0,18.0,0.0
https://www.miaphotobooth.net/post/what-do-360-photo-booth-pictures-look-like,2025-11-20,0,7,0.0,10.142857142857142,0.0
https://www.miaphotobooth.net/post/what-do-360-photo-booth-pictures-look-like,2025-11-21,0,8,0.0,12.25,0.0
https://www.miaphotobooth.net/post/what-do-360-photo-booth-pictures-look-like,2025-11-22,0,9,0.0,10.88888888888889,0.0
https://www.miaphotobooth.net/post/what-do-360-photo-booth-pictures-look-like,2025-11-23,0,10,0.0,10.4,0.0
https://www.miaphotobooth.net/post/what-do-360-photo-booth-pictures-look-like,2025-11-24,0,5,0.0,11.2,0.0
https://www.miaphotobooth.net/post/what-do-360-photo-booth-pictures-look-like,2025-11-25,0,4,0.0,10.5,0.0
https://www.miaphotobooth.net/post/what-do-360-photo-booth-pictures-look-like,2025-11-26,0,10,0.0,23.1,0.0
https://www.miaphotobooth.net/post/what-do-360-photo-booth-pictures-look-like,2025-11-27,0,4,0.0,10.0,0.0
https://www.miaphotobooth.net/post/what-do-360-photo-booth-pictures-look-like,2025-11-28,0,8,0.0,10.625,0.0
https://www.miaphotobooth.net/post/what-do-360-photo-booth-pictures-look-like,2025-11-29,0,7,0.0,13.142857142857142,0.0
https://www.miaphotobooth.net/post/what-do-360-photo-booth-pictures-look-like,2025-11-30,0,3,0.0,10.666666666666666,0.0
https://www.miaphotobooth.net/post/what-do-360-photo-booth-pictures-look-like,2025-12-01,0,1,0.0,17.0,0.0
https://www.miaphotobooth.net/post/what-do-360-photo-booth-pictures-look-like,2025-12-02,0,6,0.0,20.333333333333332,0.0
https://www.miaphotobooth.net/post/what-do-360-photo-booth-pictures-look-like,2025-12-03,0,4,0.0,11.25,0.0
https://www.miaphotobooth.net/post/what-is-a-360-photo-booth-a-complete-guide-for-event-planners,2025-09-05,0,67,0.0,58.059701492537314,0.0
https://www.miaphotobooth.net/post/what-is-a-360-photo-booth-a-complete-guide-for-event-planners,2025-09-06,0,40,0.0,59.4,0.0
https://www.miaphotobooth.net/post/what-is-a-360-photo-booth-a-complete-guide-for-event-planners,2025-09-07,0,60,0.0,57.36666666666667,0.0
https://www.miaphotobooth.net/post/what-is-a-360-photo-booth-a-complete-guide-for-event-planners,2025-09-08,0,46,0.0,55.21739130434783,0.0
https://www.miaphotobooth.net/post/what-is-a-360-photo-booth-a-complete-guide-for-event-planners,2025-09-09,0,48,0.0,56.479166666666664,0.0
https://www.miaphotobooth.net/post/what-is-a-360-photo-booth-a-complete-guide-for-event-planners,2025-09-10,0,38,0.0,62.60526315789474,0.0
https://www.miaphotobooth.net/post/what-is-a-360-photo-booth-a-complete-guide-for-event-planners,2025-09-11,0,29,0.0,62.724137931034484,0.0
https://www.miaphotobooth.net/post/what-is-a-360-photo-booth-a-complete-guide-for-event-planners,2025-09-12,0,10,0.0,60.3,0.0
https://www.miaphotobooth.net/post/what-is-a-360-photo-booth-a-complete-guide-for-event-planners,2025-09-13,0,1,0.0,6.0,0.0
https://www.miaphotobooth.net/post/what-is-a-360-photo-booth-a-complete-guide-for-event-planners,2025-09-14,0,12,0.0,59.5,0.0
https://www.miaphotobooth.net/post/what-is-a-360-photo-booth-a-complete-guide-for-event-planners,2025-09-15,0,10,0.0,62.6,0.0
https://www.miaphotobooth.net/post/what-is-a-360-photo-booth-a-complete-guide-for-event-planners,2025-09-16,0,1,0.0,1.0,0.0
https://www.miaphotobooth.net/post/what-is-a-360-photo-booth-a-complete-guide-for-event-planners,2025-10-03,0,1,0.0,25.0,0.0
https://www.miaphotobooth.net/post/what-is-a-360-photo-booth-a-complete-guide-for-event-planners,2025-10-17,0,1,0.0,10.0,0.0
https://www.miaphotobooth.net/post/what-is-a-360-photo-booth-a-complete-guide-for-event-planners,2025-10-23,0,1,0.0,10.0,0.0
https://www.miaphotobooth.net/post/what-is-a-360-photo-booth-a-complete-guide-for-event-planners,2025-10-24,0,1,0.0,23.0,0.0
https://www.miaphotobooth.net/post/what-is-a-360-photo-booth-a-complete-guide-for-event-planners,2025-10-25,0,2,0.0,11.0,0.0
https://www.miaphotobooth.net/post/what-is-a-360-photo-booth-a-complete-guide-for-event-planners,2025-10-26,0,1,0.0,8.0,0.0
https://www.miaphotobooth.net/post/what-is-a-360-photo-booth-a-complete-guide-for-event-planners,2025-10-27,0,1,0.0,10.0,0.0
https://www.miaphotobooth.net/post/what-is-a-360-photo-booth-a-complete-guide-for-event-planners,2025-10-29,0,1,0.0,4.0,0.0
https://www.miaphotobooth.net/post/what-is-glamour-shots,2025-11-25,0,2,0.0,5.0,0.0
https://www.miaphotobooth.net/post/what-is-glamour-shots,2025-11-27,0,1,0.0,8.0,0.0
https://www.miaphotobooth.net/post/what-is-glamour-shots,2025-11-28,0,1,0.0,1.0,0.0
https://www.miaphotobooth.net/post/what-is-glamour-shots,2025-11-29,0,5,0.0,5.2,0.0
https://www.miaphotobooth.net/post/what-is-glamour-shots,2025-11-30,0,1,0.0,1.0,0.0
https://www.miaphotobooth.net/post/what-is-glamour-shots,2025-12-01,0,4,0.0,7.75,0.0
https://www.miaphotobooth.net/post/what-is-glamour-shots,2025-12-03,0,2,0.0,4.5,0.0
https://www.miaphotobooth.net/post/what-size-are-photo-booth-pictures-a-complete-breakdown,2025-09-05,0,38,0.0,9.289473684210526,0.0
https://www.miaphotobooth.net/post/what-size-are-photo-booth-pictures-a-complete-breakdown,2025-09-06,0,30,0.0,7.8,0.0
https://www.miaphotobooth.net/post/what-size-are-photo-booth-pictures-a-complete-breakdown,2025-09-08,0,31,0.0,8.193548387096774,0.0
https://www.miaphotobooth.net/post/what-size-are-photo-booth-pictures-a-complete-breakdown,2025-09-09,0,38,0.0,8.81578947368421,0.0
https://www.miaphotobooth.net/post/what-size-are-photo-booth-pictures-a-complete-breakdown,2025-09-10,0,34,0.0,8.941176470588236,0.0
https://www.miaphotobooth.net/post/what-size-are-photo-booth-pictures-a-complete-breakdown,2025-09-11,0,32,0.0,8.46875,0.0
https://www.miaphotobooth.net/post/what-size-are-photo-booth-pictures-a-complete-breakdown,2025-09-12,0,35,0.0,8.142857142857142,0.0
https://www.miaphotobooth.net/post/what-size-are-photo-booth-pictures-a-complete-breakdown,2025-09-13,0,34,0.0,7.264705882352941,0.0
https://www.miaphotobooth.net/post/what-size-are-photo-booth-pictures-a-complete-breakdown,2025-09-14,0,46,0.0,8.195652173913043,0.0
https://www.miaphotobooth.net/post/what-size-are-photo-booth-pictures-a-complete-breakdown,2025-09-16,0,45,0.0,8.288888888888888,0.0
https://www.miaphotobooth.net/post/what-size-are-photo-booth-pictures-a-complete-breakdown,2025-09-18,0,45,0.0,8.644444444444446,0.0
https://www.miaphotobooth.net/post/what-size-are-photo-booth-pictures-a-complete-breakdown,2025-09-20,0,37,0.0,9.0,0.0
https://www.miaphotobooth.net/post/what-size-are-photo-booth-pictures-a-complete-breakdown,2025-09-21,0,40,0.0,8.725,0.0
https://www.miaphotobooth.net/post/what-size-are-photo-booth-pictures-a-complete-breakdown,2025-09-22,0,38,0.0,8.578947368421051,0.0
https://www.miaphotobooth.net/post/what-size-are-photo-booth-pictures-a-complete-breakdown,2025-09-25,0,32,0.0,8.75,0.0
https://www.miaphotobooth.net/post/what-size-are-photo-booth-pictures-a-complete-breakdown,2025-09-26,0,35,0.0,7.914285714285715,0.0
https://www.miaphotobooth.net/post/what-size-are-photo-booth-pictures-a-complete-breakdown,2025-09-27,0,30,0.0,8.266666666666666,0.0
https://www.miaphotobooth.net/post/what-size-are-photo-booth-pictures-a-complete-breakdown,2025-09-28,0,41,0.0,10.121951219512194,0.0
https://www.miaphotobooth.net/post/what-size-are-photo-booth-pictures-a-complete-breakdown,2025-09-29,0,43,0.0,9.13953488372093,0.0
https://www.miaphotobooth.net/post/what-size-are-photo-booth-pictures-a-complete-breakdown,2025-09-30,0,39,0.0,8.487179487179487,0.0
https://www.miaphotobooth.net/post/what-size-are-photo-booth-pictures-a-complete-breakdown,2025-10-01,0,45,0.0,8.088888888888889,0.0
https://www.miaphotobooth.net/post/what-size-are-photo-booth-pictures-a-complete-breakdown,2025-10-02,0,43,0.0,8.883720930232558,0.0
https://www.miaphotobooth.net/post/what-size-are-photo-booth-pictures-a-complete-breakdown,2025-10-03,0,37,0.0,7.864864864864865,0.0
https://www.miaphotobooth.net/post/what-size-are-photo-booth-pictures-a-complete-breakdown,2025-10-04,0,42,0.0,8.785714285714285,0.0
https://www.miaphotobooth.net/post/what-size-are-photo-booth-pictures-a-complete-breakdown,2025-10-05,0,42,0.0,7.928571428571429,0.0
https://www.miaphotobooth.net/post/what-size-are-photo-booth-pictures-a-complete-breakdown,2025-10-06,0,53,0.0,8.452830188679245,0.0
https://www.miaphotobooth.net/post/what-size-are-photo-booth-pictures-a-complete-breakdown,2025-10-09,0,162,0.0,7.58641975308642,0.0
https://www.miaphotobooth.net/post/what-size-are-photo-booth-pictures-a-complete-breakdown,2025-10-11,0,162,0.0,7.790123456790123,0.0
https://www.miaphotobooth.net/post/what-size-are-photo-booth-pictures-a-complete-breakdown,2025-10-12,0,154,0.0,6.954545454545454,0.0
https://www.miaphotobooth.net/post/what-size-are-photo-booth-pictures-a-complete-breakdown,2025-10-14,0,188,0.0,7.01595744680851,0.0
https://www.miaphotobooth.net/post/what-size-are-photo-booth-pictures-a-complete-breakdown,2025-10-15,0,194,0.0,8.984536082474227,0.0
https://www.miaphotobooth.net/post/what-size-are-photo-booth-pictures-a-complete-breakdown,2025-10-18,0,157,0.0,7.025477707006369,0.0
https://www.miaphotobooth.net/post/what-size-are-photo-booth-pictures-a-complete-breakdown,2025-10-27,0,303,0.0,4.887788778877888,0.0
https://www.miaphotobooth.net/post/what-size-are-photo-booth-pictures-a-complete-breakdown,2025-10-30,0,262,0.0,4.549618320610687,0.0
https://www.miaphotobooth.net/post/why-hire-a-photo-booth-for-your-event,2025-11-14,0,2,0.0,3.5,0.0
https://www.miaphotobooth.net/premier-photobooth-rental-in-miami-springs-fl,2025-11-07,0,1,0.0,12.0,0.0
https://www.miaphotobooth.net/premier-photobooth-rental-in-miami-springs-fl,2025-11-08,0,2,0.0,63.0,0.0
https://www.miaphotobooth.net/premier-photobooth-rental-in-miami-springs-fl,2025-11-09,0,3,0.0,15.666666666666666,0.0
https://www.miaphotobooth.net/premier-photobooth-rental-in-miami-springs-fl,2025-11-10,0,2,0.0,28.0,0.0
https://www.miaphotobooth.net/premier-photobooth-rental-in-miami-springs-fl,2025-11-11,0,1,0.0,46.0,0.0
https://www.miaphotobooth.net/premier-photobooth-rental-in-miami-springs-fl,2025-11-12,0,7,0.0,25.142857142857142,0.0
https://www.miaphotobooth.net/premier-photobooth-rental-in-miami-springs-fl,2025-11-13,0,2,0.0,40.5,0.0
https://www.miaphotobooth.net/premier-photobooth-rental-in-miami-springs-fl,2025-11-17,0,1,0.0,3.0,0.0
https://www.miaphotobooth.net/premier-photobooth-rental-in-miami-springs-fl,2025-11-20,0,2,0.0,75.0,0.0
https://www.miaphotobooth.net/premier-photobooth-rental-in-miami-springs-fl,2025-11-21,0,4,0.0,60.25,0.0
https://www.miaphotobooth.net/premier-photobooth-rental-in-miami-springs-fl,2025-11-23,0,2,0.0,61.5,0.0
https://www.miaphotobooth.net/premier-photobooth-rental-in-miami-springs-fl,2025-11-24,0,3,0.0,20.0,0.0
https://www.miaphotobooth.net/premier-photobooth-rental-in-miami-springs-fl,2025-11-25,0,2,0.0,20.0,0.0
https://www.miaphotobooth.net/premier-photobooth-rental-in-miami-springs-fl,2025-11-26,0,7,0.0,48.714285714285715,0.0
https://www.miaphotobooth.net/premier-photobooth-rental-in-miami-springs-fl,2025-11-28,0,2,0.0,52.0,0.0
https://www.miaphotobooth.net/premier-photobooth-rental-in-miami-springs-fl,2025-12-01,0,1,0.0,96.0,0.0
https://www.miaphotobooth.net/premier-photobooth-rental-in-miami-springs-fl,2025-12-02,0,5,0.0,20.2,0.0
https://www.miaphotobooth.net/premier-photobooth-rental-in-miami-springs-fl,2025-12-03,0,1,0.0,54.0,0.0
https://www.miaphotobooth.net/premium-photo-booth-rental-in-olympia-heights-fl,2025-09-05,0,2,0.0,78.0,0.0
https://www.miaphotobooth.net/premium-photo-booth-rental-in-olympia-heights-fl,2025-09-06,0,2,0.0,77.5,0.0
https://www.miaphotobooth.net/premium-photo-booth-rental-in-olympia-heights-fl,2025-09-07,0,2,0.0,78.0,0.0
https://www.miaphotobooth.net/premium-photo-booth-rental-in-olympia-heights-fl,2025-09-08,0,2,0.0,74.5,0.0
https://www.miaphotobooth.net/premium-photo-booth-rental-in-olympia-heights-fl,2025-09-09,0,2,0.0,74.0,0.0
https://www.miaphotobooth.net/premium-photo-booth-rental-in-olympia-heights-fl,2025-09-17,0,1,0.0,11.0,0.0
https://www.miaphotobooth.net/premium-photo-booth-rental-in-olympia-heights-fl,2025-09-27,0,1,0.0,7.0,0.0
https://www.miaphotobooth.net/premium-photo-booth-rental-in-olympia-heights-fl,2025-09-28,0,4,0.0,2.25,0.0
https://www.miaphotobooth.net/premium-photo-booth-rental-in-olympia-heights-fl,2025-10-03,0,3,0.0,27.666666666666668,0.0
https://www.miaphotobooth.net/premium-photo-booth-rental-in-olympia-heights-fl,2025-10-09,0,1,0.0,47.0,0.0
https://www.miaphotobooth.net/premium-photo-booth-rental-in-olympia-heights-fl,2025-11-03,0,1,0.0,30.0,0.0
https://www.miaphotobooth.net/premium-photo-booth-rental-in-olympia-heights-fl,2025-11-06,0,1,0.0,96.0,0.0
https://www.miaphotobooth.net/premium-photo-booth-rental-in-olympia-heights-fl,2025-11-12,0,2,0.0,54.0,0.0
https://www.miaphotobooth.net/premium-photo-booth-rental-in-olympia-heights-fl,2025-11-19,0,1,0.0,11.0,0.0
https://www.miaphotobooth.net/premium-photo-booth-rental-in-olympia-heights-fl,2025-11-20,0,1,0.0,7.0,0.0
https://www.miaphotobooth.net/premium-photo-booth-rental-in-olympia-heights-fl,2025-11-23,0,2,0.0,5.5,0.0
https://www.miaphotobooth.net/premium-photo-booth-rental-in-olympia-heights-fl,2025-12-02,0,9,0.0,27.333333333333332,0.0
https://www.miaphotobooth.net/prime-photo-booth-rental-in-southeast-gables-fl,2025-12-02,0,3,0.0,37.666666666666664,0.0
https://www.miaphotobooth.net/prime-photo-booth-rental-in-southeast-gables-fl,2025-12-03,0,2,0.0,52.5,0.0
https://www.miaphotobooth.net/professional-photo-booth-rental-in-university-park-fl,2025-09-17,0,1,0.0,6.0,0.0
https://www.miaphotobooth.net/professional-photo-booth-rental-in-university-park-fl,2025-10-05,0,1,0.0,83.0,0.0
https://www.miaphotobooth.net/professional-photo-booth-rental-in-university-park-fl,2025-10-08,0,1,0.0,10.0,0.0
https://www.miaphotobooth.net/professional-photo-booth-rental-in-university-park-fl,2025-10-09,0,4,0.0,82.25,0.0
https://www.miaphotobooth.net/professional-photo-booth-rental-in-university-park-fl,2025-10-17,0,1,0.0,4.0,0.0
https://www.miaphotobooth.net/professional-photo-booth-rental-in-university-park-fl,2025-10-22,0,3,0.0,18.333333333333332,0.0
https://www.miaphotobooth.net/professional-photo-booth-rental-in-university-park-fl,2025-10-29,0,3,0.0,47.666666666666664,0.0
https://www.miaphotobooth.net/professional-photo-booth-rental-in-university-park-fl,2025-11-03,0,4,0.0,55.5,0.0
https://www.miaphotobooth.net/professional-photo-booth-rental-in-university-park-fl,2025-11-04,0,4,0.0,46.5,0.0
https://www.miaphotobooth.net/professional-photo-booth-rental-in-university-park-fl,2025-11-16,0,1,0.0,105.0,0.0
https://www.miaphotobooth.net/professional-photo-booth-rental-in-university-park-fl,2025-11-17,0,1,0.0,12.0,0.0
https://www.miaphotobooth.net/professional-photo-booth-rental-in-university-park-fl,2025-11-24,0,3,0.0,7.333333333333333,0.0
https://www.miaphotobooth.net/roamer-booth,2025-09-05,0,4,0.0,70.5,0.0
https://www.miaphotobooth.net/roamer-booth,2025-09-06,0,5,0.0,43.4,0.0
https://www.miaphotobooth.net/roamer-booth,2025-09-07,0,5,0.0,53.6,0.0
https://www.miaphotobooth.net/roamer-booth,2025-09-08,0,3,0.0,86.66666666666667,0.0
https://www.miaphotobooth.net/roamer-booth,2025-09-09,0,5,0.0,96.2,0.0
https://www.miaphotobooth.net/roamer-booth,2025-09-10,0,1,0.0,95.0,0.0
https://www.miaphotobooth.net/roamer-booth,2025-09-11,0,1,0.0,95.0,0.0
https://www.miaphotobooth.net/roamer-booth,2025-09-12,0,7,0.0,74.57142857142857,0.0
https://www.miaphotobooth.net/roamer-booth,2025-09-15,0,2,0.0,9.5,0.0
https://www.miaphotobooth.net/roamer-booth,2025-09-19,0,1,0.0,1.0,0.0
https://www.miaphotobooth.net/roamer-booth,2025-09-27,0,1,0.0,10.0,0.0
https://www.miaphotobooth.net/roamer-booth,2025-10-01,0,1,0.0,10.0,0.0
https://www.miaphotobooth.net/roamer-booth,2025-10-03,0,1,0.0,10.0,0.0
https://www.miaphotobooth.net/roamer-booth,2025-10-05,0,1,0.0,10.0,0.0
https://www.miaphotobooth.net/roamer-booth,2025-10-06,0,2,0.0,10.0,0.0
https://www.miaphotobooth.net/roamer-booth,2025-10-07,0,2,0.0,52.5,0.0
https://www.miaphotobooth.net/roamer-booth,2025-10-08,0,2,0.0,14.0,0.0
https://www.miaphotobooth.net/roamer-booth,2025-10-12,0,2,0.0,24.0,0.0
https://www.miaphotobooth.net/roamer-booth,2025-10-14,0,2,0.0,14.5,0.0
https://www.miaphotobooth.net/roamer-booth,2025-10-19,0,1,0.0,6.0,0.0
https://www.miaphotobooth.net/roamer-booth,2025-10-21,0,1,0.0,11.0,0.0
https://www.miaphotobooth.net/roamer-booth,2025-10-23,0,1,0.0,9.0,0.0
https://www.miaphotobooth.net/roamer-booth,2025-10-24,0,1,0.0,11.0,0.0
https://www.miaphotobooth.net/roamer-booth,2025-10-25,0,1,0.0,60.0,0.0
https://www.miaphotobooth.net/roamer-booth,2025-10-27,0,3,0.0,54.666666666666664,0.0
https://www.miaphotobooth.net/roamer-booth,2025-10-28,0,3,0.0,8.333333333333332,0.0
https://www.miaphotobooth.net/roamer-booth,2025-10-29,0,1,0.0,10.0,0.0
https://www.miaphotobooth.net/roamer-booth,2025-10-31,0,2,0.0,34.0,0.0
https://www.miaphotobooth.net/roamer-booth,2025-11-02,0,2,0.0,10.0,0.0
https://www.miaphotobooth.net/roamer-booth,2025-11-07,0,2,0.0,40.5,0.0
https://www.miaphotobooth.net/roamer-booth,2025-11-09,0,1,0.0,10.0,0.0
https://www.miaphotobooth.net/roamer-booth,2025-11-10,0,2,0.0,24.0,0.0
https://www.miaphotobooth.net/roamer-booth,2025-11-13,0,3,0.0,64.0,0.0
https://www.miaphotobooth.net/roamer-booth,2025-11-14,0,3,0.0,37.0,0.0
https://www.miaphotobooth.net/roamer-booth,2025-11-18,0,1,0.0,1.0,0.0
https://www.miaphotobooth.net/roamer-booth,2025-11-21,0,2,0.0,39.0,0.0
https://www.miaphotobooth.net/roamer-booth,2025-11-24,0,5,0.0,24.2,0.0
https://www.miaphotobooth.net/roamer-booth,2025-11-27,0,1,0.0,9.0,0.0
https://www.miaphotobooth.net/roamer-booth,2025-11-28,0,3,0.0,57.666666666666664,0.0
https://www.miaphotobooth.net/roamer-booth,2025-11-29,0,1,0.0,8.0,0.0
https://www.miaphotobooth.net/roamer-booth,2025-11-30,0,3,0.0,19.0,0.0
https://www.miaphotobooth.net/roamer-booth,2025-12-01,0,4,0.0,39.0,0.0
https://www.miaphotobooth.net/roamer-booth,2025-12-02,0,2,0.0,20.0,0.0
https://www.miaphotobooth.net/roamer-booth,2025-12-03,0,5,0.0,9.0,0.0
https://www.miaphotobooth.net/serving-all-of-miami-fl,2025-09-05,0,12,0.0,7.416666666666667,0.0
https://www.miaphotobooth.net/serving-all-of-miami-fl,2025-09-06,0,18,0.0,9.277777777777779,0.0
https://www.miaphotobooth.net/serving-all-of-miami-fl,2025-09-07,0,22,0.0,5.2727272727272725,0.0
https://www.miaphotobooth.net/serving-all-of-miami-fl,2025-09-08,0,21,0.0,5.857142857142857,0.0
https://www.miaphotobooth.net/serving-all-of-miami-fl,2025-09-09,0,23,0.0,6.739130434782608,0.0
https://www.miaphotobooth.net/serving-all-of-miami-fl,2025-09-10,0,15,0.0,6.4,0.0
https://www.miaphotobooth.net/serving-all-of-miami-fl,2025-09-11,0,13,0.0,6.615384615384615,0.0
https://www.miaphotobooth.net/serving-all-of-miami-fl,2025-09-12,0,8,0.0,6.875,0.0
https://www.miaphotobooth.net/serving-all-of-miami-fl,2025-09-13,0,10,0.0,6.4,0.0
https://www.miaphotobooth.net/serving-all-of-miami-fl,2025-09-14,0,21,0.0,5.761904761904762,0.0
https://www.miaphotobooth.net/serving-all-of-miami-fl,2025-09-15,0,20,0.0,7.3,0.0
https://www.miaphotobooth.net/serving-all-of-miami-fl,2025-09-16,0,10,0.0,7.6,0.0
https://www.miaphotobooth.net/serving-all-of-miami-fl,2025-09-17,0,16,0.0,4.8125,0.0
https://www.miaphotobooth.net/serving-all-of-miami-fl,2025-09-18,0,8,0.0,7.5,0.0
https://www.miaphotobooth.net/serving-all-of-miami-fl,2025-09-19,0,7,0.0,7.0,0.0
https://www.miaphotobooth.net/serving-all-of-miami-fl,2025-09-20,0,10,0.0,7.4,0.0
https://www.miaphotobooth.net/serving-all-of-miami-fl,2025-09-21,0,17,0.0,6.764705882352941,0.0
https://www.miaphotobooth.net/serving-all-of-miami-fl,2025-09-22,0,15,0.0,7.666666666666667,0.0
https://www.miaphotobooth.net/serving-all-of-miami-fl,2025-09-23,0,10,0.0,6.2,0.0
https://www.miaphotobooth.net/serving-all-of-miami-fl,2025-09-24,0,11,0.0,7.363636363636363,0.0
https://www.miaphotobooth.net/serving-all-of-miami-fl,2025-09-25,0,16,0.0,12.9375,0.0
https://www.miaphotobooth.net/serving-all-of-miami-fl,2025-09-26,0,11,0.0,7.363636363636363,0.0
https://www.miaphotobooth.net/serving-all-of-miami-fl,2025-09-27,0,9,0.0,6.0,0.0
https://www.miaphotobooth.net/serving-all-of-miami-fl,2025-09-28,0,10,0.0,5.2,0.0
https://www.miaphotobooth.net/serving-all-of-miami-fl,2025-09-29,0,9,0.0,6.888888888888889,0.0
https://www.miaphotobooth.net/serving-all-of-miami-fl,2025-09-30,0,21,0.0,7.095238095238095,0.0
https://www.miaphotobooth.net/serving-all-of-miami-fl,2025-10-01,0,11,0.0,6.636363636363637,0.0
https://www.miaphotobooth.net/serving-all-of-miami-fl,2025-10-02,0,11,0.0,21.363636363636363,0.0
https://www.miaphotobooth.net/serving-all-of-miami-fl,2025-10-03,0,11,0.0,15.545454545454545,0.0
https://www.miaphotobooth.net/serving-all-of-miami-fl,2025-10-04,0,11,0.0,12.272727272727273,0.0
https://www.miaphotobooth.net/serving-all-of-miami-fl,2025-10-05,0,12,0.0,13.166666666666666,0.0
https://www.miaphotobooth.net/serving-all-of-miami-fl,2025-10-06,0,15,0.0,12.866666666666667,0.0
https://www.miaphotobooth.net/serving-all-of-miami-fl,2025-10-07,0,19,0.0,20.157894736842106,0.0
https://www.miaphotobooth.net/serving-all-of-miami-fl,2025-10-08,0,12,0.0,14.25,0.0
https://www.miaphotobooth.net/serving-all-of-miami-fl,2025-10-09,0,15,0.0,23.266666666666666,0.0
https://www.miaphotobooth.net/serving-all-of-miami-fl,2025-10-10,0,16,0.0,16.9375,0.0
https://www.miaphotobooth.net/serving-all-of-miami-fl,2025-10-11,0,30,0.0,17.6,0.0
https://www.miaphotobooth.net/serving-all-of-miami-fl,2025-10-12,0,19,0.0,13.578947368421053,0.0
https://www.miaphotobooth.net/serving-all-of-miami-fl,2025-10-13,0,41,0.0,19.024390243902438,0.0
https://www.miaphotobooth.net/serving-all-of-miami-fl,2025-10-14,0,19,0.0,15.789473684210526,0.0
https://www.miaphotobooth.net/serving-all-of-miami-fl,2025-10-15,0,16,0.0,12.4375,0.0
https://www.miaphotobooth.net/serving-all-of-miami-fl,2025-10-16,0,14,0.0,7.714285714285714,0.0
https://www.miaphotobooth.net/serving-all-of-miami-fl,2025-10-17,0,12,0.0,21.0,0.0
https://www.miaphotobooth.net/serving-all-of-miami-fl,2025-10-18,0,19,0.0,18.210526315789473,0.0
https://www.miaphotobooth.net/serving-all-of-miami-fl,2025-10-19,0,16,0.0,16.9375,0.0
https://www.miaphotobooth.net/serving-all-of-miami-fl,2025-10-20,0,38,0.0,24.18421052631579,0.0
https://www.miaphotobooth.net/serving-all-of-miami-fl,2025-10-21,0,13,0.0,6.615384615384615,0.0
https://www.miaphotobooth.net/serving-all-of-miami-fl,2025-10-22,0,6,0.0,7.833333333333333,0.0
https://www.miaphotobooth.net/serving-all-of-miami-fl,2025-10-23,0,17,0.0,20.764705882352942,0.0
https://www.miaphotobooth.net/serving-all-of-miami-fl,2025-10-24,0,30,0.0,9.6,0.0
https://www.miaphotobooth.net/serving-all-of-miami-fl,2025-10-25,0,20,0.0,16.8,0.0
https://www.miaphotobooth.net/serving-all-of-miami-fl,2025-10-26,0,13,0.0,12.076923076923077,0.0
https://www.miaphotobooth.net/serving-all-of-miami-fl,2025-10-27,0,22,0.0,14.272727272727273,0.0
https://www.miaphotobooth.net/serving-all-of-miami-fl,2025-10-28,0,12,0.0,15.666666666666666,0.0
https://www.miaphotobooth.net/serving-all-of-miami-fl,2025-10-29,0,24,0.0,17.958333333333332,0.0
https://www.miaphotobooth.net/serving-all-of-miami-fl,2025-10-30,0,16,0.0,10.4375,0.0
https://www.miaphotobooth.net/serving-all-of-miami-fl,2025-10-31,0,14,0.0,11.0,0.0
https://www.miaphotobooth.net/serving-all-of-miami-fl,2025-11-01,0,13,0.0,6.230769230769231,0.0
https://www.miaphotobooth.net/serving-all-of-miami-fl,2025-11-02,0,13,0.0,8.923076923076923,0.0
https://www.miaphotobooth.net/serving-all-of-miami-fl,2025-11-03,0,15,0.0,6.266666666666667,0.0
https://www.miaphotobooth.net/serving-all-of-miami-fl,2025-11-04,0,18,0.0,21.72222222222222,0.0
https://www.miaphotobooth.net/serving-all-of-miami-fl,2025-11-05,0,11,0.0,14.818181818181818,0.0
https://www.miaphotobooth.net/serving-all-of-miami-fl,2025-11-06,0,22,0.0,10.5,0.0
https://www.miaphotobooth.net/serving-all-of-miami-fl,2025-11-07,0,24,0.0,21.333333333333332,0.0
https://www.miaphotobooth.net/serving-all-of-miami-fl,2025-11-08,0,15,0.0,17.066666666666666,0.0
https://www.miaphotobooth.net/serving-all-of-miami-fl,2025-11-09,0,25,0.0,14.24,0.0
https://www.miaphotobooth.net/serving-all-of-miami-fl,2025-11-10,0,22,0.0,15.090909090909092,0.0
https://www.miaphotobooth.net/serving-all-of-miami-fl,2025-11-11,0,23,0.0,10.391304347826088,0.0
https://www.miaphotobooth.net/serving-all-of-miami-fl,2025-11-12,0,29,0.0,19.724137931034484,0.0
https://www.miaphotobooth.net/serving-all-of-miami-fl,2025-11-13,0,26,0.0,13.0,0.0
https://www.miaphotobooth.net/serving-all-of-miami-fl,2025-11-14,0,21,0.0,9.761904761904763,0.0
https://www.miaphotobooth.net/serving-all-of-miami-fl,2025-11-15,0,15,0.0,10.133333333333333,0.0
https://www.miaphotobooth.net/serving-all-of-miami-fl,2025-11-16,0,26,0.0,8.115384615384615,0.0
https://www.miaphotobooth.net/serving-all-of-miami-fl,2025-11-17,0,16,0.0,11.8125,0.0
https://www.miaphotobooth.net/serving-all-of-miami-fl,2025-11-18,0,24,0.0,16.25,0.0
https://www.miaphotobooth.net/serving-all-of-miami-fl,2025-11-19,0,31,0.0,11.870967741935484,0.0
https://www.miaphotobooth.net/serving-all-of-miami-fl,2025-11-20,0,28,0.0,17.642857142857142,0.0
https://www.miaphotobooth.net/serving-all-of-miami-fl,2025-11-21,0,24,0.0,12.833333333333334,0.0
https://www.miaphotobooth.net/serving-all-of-miami-fl,2025-11-22,0,24,0.0,13.75,0.0
https://www.miaphotobooth.net/serving-all-of-miami-fl,2025-11-23,0,16,0.0,9.1875,0.0
https://www.miaphotobooth.net/serving-all-of-miami-fl,2025-11-24,0,32,0.0,13.34375,0.0
https://www.miaphotobooth.net/serving-all-of-miami-fl,2025-11-25,0,23,0.0,13.652173913043478,0.0
https://www.miaphotobooth.net/serving-all-of-miami-fl,2025-11-26,0,18,0.0,12.277777777777779,0.0
https://www.miaphotobooth.net/serving-all-of-miami-fl,2025-11-27,0,14,0.0,7.5,0.0
https://www.miaphotobooth.net/serving-all-of-miami-fl,2025-11-28,0,22,0.0,10.681818181818182,0.0
https://www.miaphotobooth.net/serving-all-of-miami-fl,2025-11-30,0,16,0.0,10.4375,0.0
https://www.miaphotobooth.net/serving-all-of-miami-fl,2025-12-01,0,22,0.0,7.590909090909091,0.0
https://www.miaphotobooth.net/serving-all-of-miami-fl,2025-12-02,0,27,0.0,15.851851851851851,0.0
https://www.miaphotobooth.net/serving-all-of-miami-fl,2025-12-03,0,21,0.0,11.571428571428571,0.0
https://www.miaphotobooth.net/social-booth,2025-09-05,0,1,0.0,72.0,0.0
https://www.miaphotobooth.net/social-booth,2025-09-07,0,1,0.0,8.0,0.0
https://www.miaphotobooth.net/social-booth,2025-09-09,0,1,0.0,64.0,0.0
https://www.miaphotobooth.net/social-booth,2025-09-12,0,1,0.0,12.0,0.0
https://www.miaphotobooth.net/social-booth,2025-09-13,0,1,0.0,1.0,0.0
https://www.miaphotobooth.net/social-booth,2025-09-15,0,2,0.0,8.0,0.0
https://www.miaphotobooth.net/social-booth,2025-09-27,0,1,0.0,8.0,0.0
https://www.miaphotobooth.net/social-booth,2025-10-01,0,1,0.0,8.0,0.0
https://www.miaphotobooth.net/social-booth,2025-10-03,0,1,0.0,8.0,0.0
https://www.miaphotobooth.net/social-booth,2025-10-05,0,1,0.0,8.0,0.0
https://www.miaphotobooth.net/social-booth,2025-10-06,0,2,0.0,8.0,0.0
https://www.miaphotobooth.net/social-booth,2025-10-27,0,3,0.0,7.666666666666667,0.0
https://www.miaphotobooth.net/social-booth,2025-10-28,0,1,0.0,8.0,0.0
https://www.miaphotobooth.net/social-booth,2025-10-29,0,1,0.0,8.0,0.0
https://www.miaphotobooth.net/social-booth,2025-10-31,0,1,0.0,8.0,0.0
https://www.miaphotobooth.net/social-booth,2025-11-03,0,1,0.0,6.0,0.0
https://www.miaphotobooth.net/social-booth,2025-11-05,0,1,0.0,12.0,0.0
https://www.miaphotobooth.net/social-booth,2025-11-08,0,1,0.0,11.0,0.0
https://www.miaphotobooth.net/social-booth,2025-11-09,0,1,0.0,8.0,0.0
https://www.miaphotobooth.net/social-booth,2025-11-14,0,1,0.0,5.0,0.0
https://www.miaphotobooth.net/social-booth,2025-11-15,0,1,0.0,2.0,0.0
https://www.miaphotobooth.net/social-booth,2025-11-16,0,1,0.0,10.0,0.0
https://www.miaphotobooth.net/social-booth,2025-11-27,0,1,0.0,8.0,0.0
https://www.miaphotobooth.net/social-booth,2025-11-29,0,1,0.0,7.0,0.0
https://www.miaphotobooth.net/social-booth,2025-12-01,0,1,0.0,8.0,0.0
https://www.miaphotobooth.net/studio-booth,2025-09-05,0,2,0.0,41.5,0.0
https://www.miaphotobooth.net/studio-booth,2025-09-07,0,1,0.0,10.0,0.0
https://www.miaphotobooth.net/studio-booth,2025-09-09,0,1,0.0,18.0,0.0
https://www.miaphotobooth.net/studio-booth,2025-09-11,0,1,0.0,9.0,0.0
https://www.miaphotobooth.net/studio-booth,2025-09-17,0,1,0.0,40.0,0.0
https://www.miaphotobooth.net/studio-booth,2025-09-21,0,1,0.0,7.0,0.0
https://www.miaphotobooth.net/studio-booth,2025-09-24,0,1,0.0,40.0,0.0
https://www.miaphotobooth.net/studio-booth,2025-09-27,0,1,0.0,7.0,0.0
https://www.miaphotobooth.net/studio-booth,2025-10-01,0,1,0.0,7.0,0.0
https://www.miaphotobooth.net/studio-booth,2025-10-03,0,1,0.0,7.0,0.0
https://www.miaphotobooth.net/studio-booth,2025-10-05,0,1,0.0,7.0,0.0
https://www.miaphotobooth.net/studio-booth,2025-10-06,0,5,0.0,9.6,0.0
https://www.miaphotobooth.net/studio-booth,2025-10-07,0,1,0.0,1.0,0.0
https://www.miaphotobooth.net/studio-booth,2025-10-08,0,1,0.0,3.0,0.0
https://www.miaphotobooth.net/studio-booth,2025-10-09,0,3,0.0,8.666666666666668,0.0
https://www.miaphotobooth.net/studio-booth,2025-10-10,0,1,0.0,1.0,0.0
https://www.miaphotobooth.net/studio-booth,2025-10-12,0,2,0.0,8.5,0.0
https://www.miaphotobooth.net/studio-booth,2025-10-13,0,4,0.0,5.25,0.0
https://www.miaphotobooth.net/studio-booth,2025-10-14,0,9,0.0,8.0,0.0
https://www.miaphotobooth.net/studio-booth,2025-10-15,0,2,0.0,8.0,0.0
https://www.miaphotobooth.net/studio-booth,2025-10-16,0,4,0.0,13.75,0.0
https://www.miaphotobooth.net/studio-booth,2025-10-18,0,1,0.0,38.0,0.0
https://www.miaphotobooth.net/studio-booth,2025-10-19,0,3,0.0,7.666666666666667,0.0
https://www.miaphotobooth.net/studio-booth,2025-10-20,0,1,0.0,2.0,0.0
https://www.miaphotobooth.net/studio-booth,2025-10-21,0,1,0.0,11.0,0.0
https://www.miaphotobooth.net/studio-booth,2025-10-22,0,2,0.0,10.0,0.0
https://www.miaphotobooth.net/studio-booth,2025-10-23,0,2,0.0,4.0,0.0
https://www.miaphotobooth.net/studio-booth,2025-10-25,0,1,0.0,8.0,0.0
https://www.miaphotobooth.net/studio-booth,2025-10-28,0,1,0.0,7.0,0.0
https://www.miaphotobooth.net/studio-booth,2025-10-29,0,2,0.0,4.5,0.0
https://www.miaphotobooth.net/studio-booth,2025-10-31,0,2,0.0,10.0,0.0
https://www.miaphotobooth.net/studio-booth,2025-11-02,0,1,0.0,1.0,0.0
https://www.miaphotobooth.net/studio-booth,2025-11-03,0,3,0.0,6.666666666666667,0.0
https://www.miaphotobooth.net/studio-booth,2025-11-04,0,1,0.0,7.0,0.0
https://www.miaphotobooth.net/studio-booth,2025-11-06,0,1,0.0,1.0,0.0
https://www.miaphotobooth.net/studio-booth,2025-11-07,0,1,0.0,1.0,0.0
https://www.miaphotobooth.net/studio-booth,2025-11-09,0,4,0.0,8.5,0.0
https://www.miaphotobooth.net/studio-booth,2025-11-10,0,2,0.0,4.0,0.0
https://www.miaphotobooth.net/studio-booth,2025-11-11,0,3,0.0,7.333333333333333,0.0
https://www.miaphotobooth.net/studio-booth,2025-11-12,0,2,0.0,8.0,0.0
https://www.miaphotobooth.net/studio-booth,2025-11-13,0,1,0.0,33.0,0.0
https://www.miaphotobooth.net/studio-booth,2025-11-15,0,1,0.0,2.0,0.0
https://www.miaphotobooth.net/studio-booth,2025-11-17,0,1,0.0,1.0,0.0
https://www.miaphotobooth.net/studio-booth,2025-11-19,0,3,0.0,10.0,0.0
https://www.miaphotobooth.net/studio-booth,2025-11-20,0,2,0.0,3.5,0.0
https://www.miaphotobooth.net/studio-booth,2025-11-27,0,1,0.0,7.0,0.0
https://www.miaphotobooth.net/studio-booth,2025-11-28,0,2,0.0,13.5,0.0
https://www.miaphotobooth.net/studio-booth,2025-11-29,0,1,0.0,6.0,0.0
https://www.miaphotobooth.net/studio-booth,2025-11-30,0,1,0.0,8.0,0.0
https://www.miaphotobooth.net/stylish-photobooth-rental-in-virginia-gardens-fl,2025-11-07,0,2,0.0,24.5,0.0
https://www.miaphotobooth.net/stylish-photobooth-rental-in-virginia-gardens-fl,2025-11-08,0,2,0.0,61.5,0.0
https://www.miaphotobooth.net/stylish-photobooth-rental-in-virginia-gardens-fl,2025-11-09,0,2,0.0,34.5,0.0
https://www.miaphotobooth.net/stylish-photobooth-rental-in-virginia-gardens-fl,2025-11-10,0,2,0.0,27.5,0.0
https://www.miaphotobooth.net/stylish-photobooth-rental-in-virginia-gardens-fl,2025-11-11,0,1,0.0,40.0,0.0
https://www.miaphotobooth.net/stylish-photobooth-rental-in-virginia-gardens-fl,2025-11-12,0,5,0.0,33.2,0.0
https://www.miaphotobooth.net/stylish-photobooth-rental-in-virginia-gardens-fl,2025-11-13,0,1,0.0,43.0,0.0
https://www.miaphotobooth.net/stylish-photobooth-rental-in-virginia-gardens-fl,2025-11-14,0,4,0.0,54.25,0.0
https://www.miaphotobooth.net/stylish-photobooth-rental-in-virginia-gardens-fl,2025-11-15,0,1,0.0,39.0,0.0
https://www.miaphotobooth.net/stylish-photobooth-rental-in-virginia-gardens-fl,2025-11-16,0,1,0.0,48.0,0.0
https://www.miaphotobooth.net/stylish-photobooth-rental-in-virginia-gardens-fl,2025-11-17,0,4,0.0,24.0,0.0
https://www.miaphotobooth.net/stylish-photobooth-rental-in-virginia-gardens-fl,2025-11-19,0,1,0.0,41.0,0.0
https://www.miaphotobooth.net/stylish-photobooth-rental-in-virginia-gardens-fl,2025-11-20,0,5,0.0,56.8,0.0
https://www.miaphotobooth.net/stylish-photobooth-rental-in-virginia-gardens-fl,2025-11-21,0,1,0.0,50.0,0.0
https://www.miaphotobooth.net/stylish-photobooth-rental-in-virginia-gardens-fl,2025-11-24,0,1,0.0,11.0,0.0
https://www.miaphotobooth.net/stylish-photobooth-rental-in-virginia-gardens-fl,2025-12-01,0,1,0.0,6.0,0.0
https://www.miaphotobooth.net/stylish-photobooth-rental-in-virginia-gardens-fl,2025-12-02,0,2,0.0,54.0,0.0
https://www.miaphotobooth.net/stylish-photobooth-rental-in-virginia-gardens-fl,2025-12-03,0,3,0.0,56.333333333333336,0.0
https://www.miaphotobooth.net/top-photo-booth-rental-in-westwood-lakes-fl,2025-09-11,0,1,0.0,89.0,0.0
https://www.miaphotobooth.net/top-photo-booth-rental-in-westwood-lakes-fl,2025-09-27,0,1,0.0,16.0,0.0
https://www.miaphotobooth.net/top-photo-booth-rental-in-westwood-lakes-fl,2025-10-10,0,1,0.0,4.0,0.0
https://www.miaphotobooth.net/top-photo-booth-rental-in-westwood-lakes-fl,2025-10-20,0,1,0.0,88.0,0.0
https://www.miaphotobooth.net/top-photo-booth-rental-in-westwood-lakes-fl,2025-10-21,0,1,0.0,10.0,0.0
https://www.miaphotobooth.net/top-photo-booth-rental-in-westwood-lakes-fl,2025-10-23,0,1,0.0,1.0,0.0
https://www.miaphotobooth.net/top-photo-booth-rental-in-westwood-lakes-fl,2025-10-25,0,1,0.0,6.0,0.0
https://www.miaphotobooth.net/top-photo-booth-rental-in-westwood-lakes-fl,2025-10-26,0,1,0.0,6.0,0.0
https://www.miaphotobooth.net/top-photo-booth-rental-in-westwood-lakes-fl,2025-10-27,0,3,0.0,57.0,0.0
https://www.miaphotobooth.net/top-photo-booth-rental-in-westwood-lakes-fl,2025-11-12,0,11,0.0,55.54545454545455,0.0
https://www.miaphotobooth.net/top-photo-booth-rental-in-westwood-lakes-fl,2025-11-14,0,1,0.0,100.0,0.0
https://www.miaphotobooth.net/top-photo-booth-rental-in-westwood-lakes-fl,2025-11-18,0,3,0.0,40.333333333333336,0.0
https://www.miaphotobooth.net/top-photo-booth-rental-in-westwood-lakes-fl,2025-11-19,0,1,0.0,7.0,0.0
https://www.miaphotobooth.net/top-photo-booth-rental-in-westwood-lakes-fl,2025-11-22,0,1,0.0,100.0,0.0
https://www.miaphotobooth.net/top-photo-booth-rental-in-westwood-lakes-fl,2025-11-23,0,1,0.0,97.0,0.0
https://www.miaphotobooth.net/top-photo-booth-rental-in-westwood-lakes-fl,2025-11-28,0,1,0.0,8.0,0.0
https://www.miaphotobooth.net/top-photo-booth-rental-in-westwood-lakes-fl,2025-12-02,0,2,0.0,52.0,0.0
https://www.miaphotobooth.net/,2025-09-01,5,497,0.01006036217303823,37.587525150905435,1.006
https://www.miaphotobooth.net/,2025-08-25,4,537,0.0074487895716946,37.91620111731844,0.745
https://www.miaphotobooth.net/,2025-08-24,3,459,0.006535947712418301,35.41394335511983,0.654
https://www.miaphotobooth.net/,2025-08-26,2,554,0.0036101083032490976,41.435018050541515,0.361
https://www.miaphotobooth.net/,2025-08-29,2,478,0.0041841004184100415,41.70083682008368,0.418
https://www.miaphotobooth.net/,2025-09-03,2,330,0.006060606060606061,28.354545454545455,0.606
https://www.miaphotobooth.net/,2025-08-13,1,269,0.0037174721189591076,26.509293680297397,0.372
https://www.miaphotobooth.net/,2025-08-14,1,280,0.0035714285714285713,25.135714285714286,0.357
https://www.miaphotobooth.net/,2025-08-18,1,519,0.0019267822736030828,40.445086705202314,0.193
https://www.miaphotobooth.net/,2025-08-21,1,506,0.001976284584980237,40.91699604743083,0.198
https://www.miaphotobooth.net/,2025-08-27,1,610,0.001639344262295082,42.334426229508196,0.164
https://www.miaphotobooth.net/,2025-08-28,1,470,0.002127659574468085,40.78936170212766,0.213
https://www.miaphotobooth.net/,2025-08-30,1,481,0.002079002079002079,44.61538461538461,0.208
https://www.miaphotobooth.net/?utm_source=gmb&utm_medium=click&utm_campaign=gmb_listing,2025-08-15,1,33,0.030303030303030304,13.242424242424242,3.03
https://www.miaphotobooth.net/?utm_source=gmb&utm_medium=click&utm_campaign=gmb_listing,2025-08-18,1,24,0.041666666666666664,5.708333333333333,4.167
https://www.miaphotobooth.net/?utm_source=gmb&utm_medium=click&utm_campaign=gmb_listing,2025-08-22,1,22,0.045454545454545456,14.772727272727273,4.545
https://www.miaphotobooth.net/?utm_source=gmb&utm_medium=click&utm_campaign=gmb_listing,2025-08-27,1,29,0.034482758620689655,12.379310344827585,3.448
https://www.miaphotobooth.net/?utm_source=gmb&utm_medium=click&utm_campaign=gmb_listing,2025-09-01,1,33,0.030303030303030304,9.636363636363637,3.03
https://www.miaphotobooth.net/?utm_source=gmb&utm_medium=click&utm_campaign=gmb_listing,2025-09-03,1,28,0.03571428571428571,9.0,3.571
https://www.miaphotobooth.net/?utm_source=gmb&utm_medium=organic&utm_campaign=gmb_listing,2025-08-14,1,4,0.25,10.0,25.0
https://www.miaphotobooth.net/post/how-do-you-make-a-photo-booth-frame-a-step-by-step-guide,2025-09-01,1,3,0.3333333333333333,7.333333333333333,33.333
https://www.miaphotobooth.net/post/what-size-are-photo-booth-pictures-a-complete-breakdown,2025-08-27,1,53,0.018867924528301886,8.075471698113208,1.887
https://www.miaphotobooth.net/post/what-size-are-photo-booth-pictures-a-complete-breakdown,2025-08-29,1,26,0.038461538461538464,7.3076923076923075,3.846
https://www.miaphotobooth.net/post/what-size-are-photo-booth-pictures-a-complete-breakdown,2025-08-31,1,37,0.02702702702702703,8.702702702702702,2.703
https://www.miaphotobooth.net/,2025-08-15,0,382,0.0,30.403141361256544,0.0
https://www.miaphotobooth.net/,2025-08-16,0,370,0.0,35.33513513513513,0.0
https://www.miaphotobooth.net/,2025-08-17,0,483,0.0,35.4824016563147,0.0
https://www.miaphotobooth.net/,2025-08-19,0,509,0.0,41.141453831041254,0.0
https://www.miaphotobooth.net/,2025-08-20,0,414,0.0,39.072463768115945,0.0
https://www.miaphotobooth.net/,2025-08-22,0,528,0.0,39.53409090909091,0.0
https://www.miaphotobooth.net/,2025-08-23,0,488,0.0,41.74180327868852,0.0
https://www.miaphotobooth.net/,2025-08-31,0,490,0.0,40.67755102040816,0.0
https://www.miaphotobooth.net/,2025-09-02,0,353,0.0,28.796033994334277,0.0
https://www.miaphotobooth.net/,2025-09-04,0,356,0.0,27.985955056179776,0.0
https://www.miaphotobooth.net/360-photo-booth,2025-08-13,0,25,0.0,19.44,0.0
https://www.miaphotobooth.net/360-photo-booth,2025-08-14,0,24,0.0,14.583333333333334,0.0
https://www.miaphotobooth.net/360-photo-booth,2025-08-15,0,49,0.0,13.979591836734693,0.0
https://www.miaphotobooth.net/360-photo-booth,2025-08-16,0,37,0.0,16.2972972972973,0.0
https://www.miaphotobooth.net/360-photo-booth,2025-08-17,0,45,0.0,11.0,0.0
https://www.miaphotobooth.net/360-photo-booth,2025-08-18,0,42,0.0,11.857142857142858,0.0
https://www.miaphotobooth.net/360-photo-booth,2025-08-19,0,24,0.0,10.208333333333334,0.0
https://www.miaphotobooth.net/360-photo-booth,2025-08-20,0,38,0.0,14.105263157894736,0.0
https://www.miaphotobooth.net/360-photo-booth,2025-08-21,0,31,0.0,10.806451612903226,0.0
https://www.miaphotobooth.net/360-photo-booth,2025-08-22,0,43,0.0,11.488372093023257,0.0
https://www.miaphotobooth.net/360-photo-booth,2025-08-23,0,28,0.0,16.464285714285715,0.0
https://www.miaphotobooth.net/360-photo-booth,2025-08-24,0,43,0.0,12.44186046511628,0.0
https://www.miaphotobooth.net/360-photo-booth,2025-08-25,0,58,0.0,16.39655172413793,0.0
https://www.miaphotobooth.net/360-photo-booth,2025-08-26,0,36,0.0,19.38888888888889,0.0
https://www.miaphotobooth.net/360-photo-booth,2025-08-27,0,34,0.0,34.64705882352941,0.0
https://www.miaphotobooth.net/360-photo-booth,2025-08-28,0,29,0.0,29.655172413793103,0.0
https://www.miaphotobooth.net/360-photo-booth,2025-08-29,0,30,0.0,28.166666666666668,0.0
https://www.miaphotobooth.net/360-photo-booth,2025-08-30,0,26,0.0,26.26923076923077,0.0
https://www.miaphotobooth.net/360-photo-booth,2025-08-31,0,32,0.0,25.8125,0.0
https://www.miaphotobooth.net/360-photo-booth,2025-09-01,0,43,0.0,21.906976744186046,0.0
https://www.miaphotobooth.net/360-photo-booth,2025-09-02,0,41,0.0,27.365853658536587,0.0
https://www.miaphotobooth.net/360-photo-booth,2025-09-03,0,30,0.0,24.833333333333332,0.0
https://www.miaphotobooth.net/360-photo-booth,2025-09-04,0,33,0.0,20.424242424242426,0.0
https://www.miaphotobooth.net/?utm_source=gmb&utm_medium=click&utm_campaign=gmb_listing,2025-08-14,0,13,0.0,6.0,0.0
https://www.miaphotobooth.net/?utm_source=gmb&utm_medium=click&utm_campaign=gmb_listing,2025-08-16,0,8,0.0,11.125,0.0
https://www.miaphotobooth.net/?utm_source=gmb&utm_medium=click&utm_campaign=gmb_listing,2025-08-17,0,9,0.0,11.11111111111111,0.0
https://www.miaphotobooth.net/?utm_source=gmb&utm_medium=click&utm_campaign=gmb_listing,2025-08-19,0,17,0.0,3.6470588235294117,0.0
https://www.miaphotobooth.net/?utm_source=gmb&utm_medium=click&utm_campaign=gmb_listing,2025-08-20,0,30,0.0,11.466666666666667,0.0
https://www.miaphotobooth.net/?utm_source=gmb&utm_medium=click&utm_campaign=gmb_listing,2025-08-21,0,25,0.0,5.92,0.0
https://www.miaphotobooth.net/?utm_source=gmb&utm_medium=click&utm_campaign=gmb_listing,2025-08-23,0,26,0.0,11.23076923076923,0.0
https://www.miaphotobooth.net/?utm_source=gmb&utm_medium=click&utm_campaign=gmb_listing,2025-08-24,0,30,0.0,4.066666666666666,0.0
https://www.miaphotobooth.net/?utm_source=gmb&utm_medium=click&utm_campaign=gmb_listing,2025-08-25,0,11,0.0,10.0,0.0
https://www.miaphotobooth.net/?utm_source=gmb&utm_medium=click&utm_campaign=gmb_listing,2025-08-26,0,19,0.0,13.421052631578947,0.0
https://www.miaphotobooth.net/?utm_source=gmb&utm_medium=click&utm_campaign=gmb_listing,2025-08-28,0,31,0.0,8.32258064516129,0.0
https://www.miaphotobooth.net/?utm_source=gmb&utm_medium=click&utm_campaign=gmb_listing,2025-08-29,0,25,0.0,7.84,0.0
https://www.miaphotobooth.net/?utm_source=gmb&utm_medium=click&utm_campaign=gmb_listing,2025-08-30,0,22,0.0,9.818181818181818,0.0
https://www.miaphotobooth.net/?utm_source=gmb&utm_medium=click&utm_campaign=gmb_listing,2025-08-31,0,37,0.0,11.27027027027027,0.0
https://www.miaphotobooth.net/?utm_source=gmb&utm_medium=click&utm_campaign=gmb_listing,2025-09-02,0,32,0.0,16.1875,0.0
https://www.miaphotobooth.net/?utm_source=gmb&utm_medium=click&utm_campaign=gmb_listing,2025-09-04,0,28,0.0,19.464285714285715,0.0
https://www.miaphotobooth.net/?utm_source=gmb&utm_medium=organic&utm_campaign=gmb_listing,2025-08-13,0,15,0.0,7.333333333333333,0.0
https://www.miaphotobooth.net/audio-guestbook,2025-08-16,0,1,0.0,73.0,0.0
https://www.miaphotobooth.net/audio-guestbook,2025-08-17,0,6,0.0,8.5,0.0
https://www.miaphotobooth.net/audio-guestbook,2025-08-18,0,2,0.0,46.5,0.0
https://www.miaphotobooth.net/audio-guestbook,2025-08-19,0,1,0.0,23.0,0.0
https://www.miaphotobooth.net/audio-guestbook,2025-08-20,0,1,0.0,19.0,0.0
https://www.miaphotobooth.net/audio-guestbook,2025-08-22,0,1,0.0,7.0,0.0
https://www.miaphotobooth.net/audio-guestbook,2025-08-23,0,1,0.0,20.0,0.0
https://www.miaphotobooth.net/audio-guestbook,2025-08-25,0,2,0.0,37.5,0.0
https://www.miaphotobooth.net/audio-guestbook,2025-08-26,0,3,0.0,37.333333333333336,0.0
https://www.miaphotobooth.net/audio-guestbook,2025-08-27,0,1,0.0,5.0,0.0
https://www.miaphotobooth.net/audio-guestbook,2025-08-28,0,3,0.0,21.0,0.0
https://www.miaphotobooth.net/audio-guestbook,2025-08-29,0,3,0.0,5.666666666666667,0.0
https://www.miaphotobooth.net/audio-guestbook,2025-08-31,0,1,0.0,54.0,0.0
https://www.miaphotobooth.net/audio-guestbook,2025-09-02,0,4,0.0,14.0,0.0
https://www.miaphotobooth.net/audio-guestbook,2025-09-03,0,2,0.0,53.5,0.0
https://www.miaphotobooth.net/audio-guestbook,2025-09-04,0,2,0.0,7.0,0.0
https://www.miaphotobooth.net/blogs,2025-08-17,0,2,0.0,8.0,0.0
https://www.miaphotobooth.net/blogs,2025-08-26,0,1,0.0,1.0,0.0
https://www.miaphotobooth.net/blogs,2025-08-27,0,1,0.0,3.0,0.0
https://www.miaphotobooth.net/blogs,2025-08-28,0,1,0.0,3.0,0.0
https://www.miaphotobooth.net/blogs,2025-08-29,0,2,0.0,37.5,0.0
https://www.miaphotobooth.net/contact,2025-08-13,0,19,0.0,8.368421052631579,0.0
https://www.miaphotobooth.net/contact,2025-08-14,0,16,0.0,18.5,0.0
https://www.miaphotobooth.net/contact,2025-08-15,0,21,0.0,6.857142857142857,0.0
https://www.miaphotobooth.net/contact,2025-08-16,0,17,0.0,7.0,0.0
https://www.miaphotobooth.net/contact,2025-08-17,0,19,0.0,7.105263157894737,0.0
https://www.miaphotobooth.net/contact,2025-08-18,0,17,0.0,7.352941176470588,0.0
https://www.miaphotobooth.net/contact,2025-08-19,0,7,0.0,7.857142857142857,0.0
https://www.miaphotobooth.net/contact,2025-08-20,0,21,0.0,5.809523809523809,0.0
https://www.miaphotobooth.net/contact,2025-08-21,0,8,0.0,5.75,0.0
https://www.miaphotobooth.net/contact,2025-08-22,0,17,0.0,19.529411764705884,0.0
https://www.miaphotobooth.net/contact,2025-08-23,0,13,0.0,6.230769230769231,0.0
https://www.miaphotobooth.net/contact,2025-08-24,0,18,0.0,6.111111111111111,0.0
https://www.miaphotobooth.net/contact,2025-08-25,0,16,0.0,7.0,0.0
https://www.miaphotobooth.net/contact,2025-08-26,0,13,0.0,7.6923076923076925,0.0
https://www.miaphotobooth.net/contact,2025-08-27,0,16,0.0,6.4375,0.0
https://www.miaphotobooth.net/contact,2025-08-28,0,9,0.0,6.888888888888889,0.0
https://www.miaphotobooth.net/contact,2025-08-29,0,10,0.0,6.9,0.0
https://www.miaphotobooth.net/contact,2025-08-30,0,12,0.0,24.583333333333332,0.0
https://www.miaphotobooth.net/contact,2025-08-31,0,13,0.0,6.3076923076923075,0.0
https://www.miaphotobooth.net/contact,2025-09-01,0,12,0.0,5.666666666666667,0.0
https://www.miaphotobooth.net/contact,2025-09-02,0,15,0.0,7.4,0.0
https://www.miaphotobooth.net/contact,2025-09-03,0,11,0.0,11.727272727272727,0.0
https://www.miaphotobooth.net/contact,2025-09-04,0,12,0.0,5.083333333333333,0.0
https://www.miaphotobooth.net/dependable-photo-booth-rental-in-sunset-fl,2025-09-04,0,2,0.0,60.5,0.0
https://www.miaphotobooth.net/events-gallery,2025-08-13,0,17,0.0,7.117647058823529,0.0
https://www.miaphotobooth.net/events-gallery,2025-08-14,0,20,0.0,7.4,0.0
https://www.miaphotobooth.net/events-gallery,2025-08-15,0,42,0.0,7.119047619047619,0.0
https://www.miaphotobooth.net/events-gallery,2025-08-16,0,31,0.0,8.064516129032258,0.0
https://www.miaphotobooth.net/events-gallery,2025-08-17,0,40,0.0,7.475,0.0
https://www.miaphotobooth.net/events-gallery,2025-08-18,0,35,0.0,8.057142857142857,0.0
https://www.miaphotobooth.net/events-gallery,2025-08-19,0,21,0.0,8.666666666666668,0.0
https://www.miaphotobooth.net/events-gallery,2025-08-20,0,34,0.0,7.147058823529412,0.0
https://www.miaphotobooth.net/events-gallery,2025-08-21,0,23,0.0,7.608695652173913,0.0
https://www.miaphotobooth.net/events-gallery,2025-08-22,0,33,0.0,9.727272727272727,0.0
https://www.miaphotobooth.net/events-gallery,2025-08-23,0,22,0.0,7.409090909090909,0.0
https://www.miaphotobooth.net/events-gallery,2025-08-24,0,38,0.0,6.894736842105263,0.0
https://www.miaphotobooth.net/events-gallery,2025-08-25,0,42,0.0,7.119047619047619,0.0
https://www.miaphotobooth.net/events-gallery,2025-08-26,0,26,0.0,8.038461538461538,0.0
https://www.miaphotobooth.net/events-gallery,2025-08-27,0,22,0.0,7.363636363636363,0.0
https://www.miaphotobooth.net/events-gallery,2025-08-28,0,18,0.0,8.11111111111111,0.0
https://www.miaphotobooth.net/events-gallery,2025-08-29,0,20,0.0,6.75,0.0
https://www.miaphotobooth.net/events-gallery,2025-08-30,0,16,0.0,7.25,0.0
https://www.miaphotobooth.net/events-gallery,2025-08-31,0,24,0.0,7.208333333333333,0.0
https://www.miaphotobooth.net/events-gallery,2025-09-01,0,29,0.0,9.275862068965518,0.0
https://www.miaphotobooth.net/events-gallery,2025-09-02,0,28,0.0,8.071428571428571,0.0
https://www.miaphotobooth.net/events-gallery,2025-09-03,0,21,0.0,9.476190476190476,0.0
https://www.miaphotobooth.net/events-gallery,2025-09-04,0,22,0.0,6.909090909090909,0.0
https://www.miaphotobooth.net/frequently-asked-questions,2025-08-13,0,12,0.0,9.333333333333334,0.0
https://www.miaphotobooth.net/frequently-asked-questions,2025-08-14,0,12,0.0,6.0,0.0
https://www.miaphotobooth.net/frequently-asked-questions,2025-08-15,0,22,0.0,8.5,0.0
https://www.miaphotobooth.net/frequently-asked-questions,2025-08-16,0,17,0.0,7.0,0.0
https://www.miaphotobooth.net/frequently-asked-questions,2025-08-17,0,23,0.0,13.08695652173913,0.0
https://www.miaphotobooth.net/frequently-asked-questions,2025-08-18,0,16,0.0,9.375,0.0
https://www.miaphotobooth.net/frequently-asked-questions,2025-08-19,0,8,0.0,7.625,0.0
https://www.miaphotobooth.net/frequently-asked-questions,2025-08-20,0,23,0.0,13.434782608695652,0.0
https://www.miaphotobooth.net/frequently-asked-questions,2025-08-21,0,14,0.0,16.5,0.0
https://www.miaphotobooth.net/frequently-asked-questions,2025-08-22,0,18,0.0,12.333333333333334,0.0
https://www.miaphotobooth.net/frequently-asked-questions,2025-08-23,0,14,0.0,12.357142857142858,0.0
https://www.miaphotobooth.net/frequently-asked-questions,2025-08-24,0,30,0.0,11.0,0.0
https://www.miaphotobooth.net/frequently-asked-questions,2025-08-25,0,42,0.0,7.119047619047619,0.0
https://www.miaphotobooth.net/frequently-asked-questions,2025-08-26,0,27,0.0,11.296296296296296,0.0
https://www.miaphotobooth.net/frequently-asked-questions,2025-08-27,0,25,0.0,7.2,0.0
https://www.miaphotobooth.net/frequently-asked-questions,2025-08-28,0,20,0.0,8.3,0.0
https://www.miaphotobooth.net/frequently-asked-questions,2025-08-29,0,22,0.0,10.681818181818182,0.0
https://www.miaphotobooth.net/frequently-asked-questions,2025-08-30,0,16,0.0,7.25,0.0
https://www.miaphotobooth.net/frequently-asked-questions,2025-08-31,0,28,0.0,14.535714285714286,0.0
https://www.miaphotobooth.net/frequently-asked-questions,2025-09-01,0,30,0.0,11.833333333333334,0.0
https://www.miaphotobooth.net/frequently-asked-questions,2025-09-02,0,30,0.0,10.866666666666667,0.0
https://www.miaphotobooth.net/frequently-asked-questions,2025-09-03,0,22,0.0,9.090909090909092,0.0
https://www.miaphotobooth.net/frequently-asked-questions,2025-09-04,0,23,0.0,7.3478260869565215,0.0
https://www.miaphotobooth.net/glam-booth,2025-08-21,0,1,0.0,36.0,0.0
https://www.miaphotobooth.net/glam-booth,2025-08-27,0,1,0.0,7.0,0.0
https://www.miaphotobooth.net/glam-booth,2025-08-28,0,1,0.0,7.0,0.0
https://www.miaphotobooth.net/glam-booth,2025-08-29,0,1,0.0,7.0,0.0
https://www.miaphotobooth.net/glam-booth,2025-08-31,0,1,0.0,2.0,0.0
https://www.miaphotobooth.net/glam-booth,2025-09-03,0,1,0.0,28.0,0.0
https://www.miaphotobooth.net/glam-booth,2025-09-04,0,1,0.0,3.0,0.0
https://www.miaphotobooth.net/high-quality-photo-booth-rental-in-westchester-fl,2025-08-17,0,4,0.0,4.25,0.0
https://www.miaphotobooth.net/high-quality-photo-booth-rental-in-westchester-fl,2025-08-24,0,14,0.0,6.5,0.0
https://www.miaphotobooth.net/high-quality-photo-booth-rental-in-westchester-fl,2025-08-25,0,16,0.0,7.0,0.0
https://www.miaphotobooth.net/high-quality-photo-booth-rental-in-westchester-fl,2025-08-26,0,13,0.0,7.6923076923076925,0.0
https://www.miaphotobooth.net/high-quality-photo-booth-rental-in-westchester-fl,2025-08-27,0,10,0.0,6.9,0.0
https://www.miaphotobooth.net/high-quality-photo-booth-rental-in-westchester-fl,2025-08-28,0,8,0.0,7.25,0.0
https://www.miaphotobooth.net/high-quality-photo-booth-rental-in-westchester-fl,2025-08-29,0,9,0.0,7.222222222222222,0.0
https://www.miaphotobooth.net/high-quality-photo-booth-rental-in-westchester-fl,2025-08-30,0,11,0.0,7.090909090909091,0.0
https://www.miaphotobooth.net/high-quality-photo-booth-rental-in-westchester-fl,2025-08-31,0,13,0.0,6.3076923076923075,0.0
https://www.miaphotobooth.net/high-quality-photo-booth-rental-in-westchester-fl,2025-09-01,0,13,0.0,8.307692307692307,0.0
https://www.miaphotobooth.net/high-quality-photo-booth-rental-in-westchester-fl,2025-09-02,0,15,0.0,7.4,0.0
https://www.miaphotobooth.net/high-quality-photo-booth-rental-in-westchester-fl,2025-09-03,0,9,0.0,8.444444444444445,0.0
https://www.miaphotobooth.net/high-quality-photo-booth-rental-in-westchester-fl,2025-09-04,0,12,0.0,5.083333333333333,0.0
https://www.miaphotobooth.net/local-photo-booth-rental-in-town-park-estates-fl,2025-08-13,0,11,0.0,6.090909090909091,0.0
https://www.miaphotobooth.net/local-photo-booth-rental-in-town-park-estates-fl,2025-08-14,0,11,0.0,6.090909090909091,0.0
https://www.miaphotobooth.net/local-photo-booth-rental-in-town-park-estates-fl,2025-08-15,0,21,0.0,6.857142857142857,0.0
https://www.miaphotobooth.net/local-photo-booth-rental-in-town-park-estates-fl,2025-08-16,0,17,0.0,7.0,0.0
https://www.miaphotobooth.net/local-photo-booth-rental-in-town-park-estates-fl,2025-08-17,0,16,0.0,7.1875,0.0
https://www.miaphotobooth.net/local-photo-booth-rental-in-town-park-estates-fl,2025-08-18,0,15,0.0,5.933333333333334,0.0
https://www.miaphotobooth.net/local-photo-booth-rental-in-town-park-estates-fl,2025-08-19,0,7,0.0,7.857142857142857,0.0
https://www.miaphotobooth.net/local-photo-booth-rental-in-town-park-estates-fl,2025-08-20,0,21,0.0,5.809523809523809,0.0
https://www.miaphotobooth.net/local-photo-booth-rental-in-town-park-estates-fl,2025-08-21,0,8,0.0,5.75,0.0
https://www.miaphotobooth.net/local-photo-booth-rental-in-town-park-estates-fl,2025-08-22,0,16,0.0,5.0625,0.0
https://www.miaphotobooth.net/local-photo-booth-rental-in-town-park-estates-fl,2025-08-23,0,13,0.0,6.230769230769231,0.0
https://www.miaphotobooth.net/local-photo-booth-rental-in-town-park-estates-fl,2025-08-24,0,18,0.0,6.111111111111111,0.0
https://www.miaphotobooth.net/local-photo-booth-rental-in-town-park-estates-fl,2025-08-25,0,16,0.0,7.0,0.0
https://www.miaphotobooth.net/local-photo-booth-rental-in-town-park-estates-fl,2025-08-26,0,13,0.0,7.6923076923076925,0.0
https://www.miaphotobooth.net/local-photo-booth-rental-in-town-park-estates-fl,2025-08-27,0,10,0.0,6.9,0.0
https://www.miaphotobooth.net/local-photo-booth-rental-in-town-park-estates-fl,2025-08-28,0,9,0.0,8.222222222222221,0.0
https://www.miaphotobooth.net/local-photo-booth-rental-in-town-park-estates-fl,2025-08-29,0,9,0.0,7.222222222222222,0.0
https://www.miaphotobooth.net/local-photo-booth-rental-in-town-park-estates-fl,2025-08-30,0,11,0.0,7.090909090909091,0.0
https://www.miaphotobooth.net/local-photo-booth-rental-in-town-park-estates-fl,2025-08-31,0,13,0.0,6.3076923076923075,0.0
https://www.miaphotobooth.net/local-photo-booth-rental-in-town-park-estates-fl,2025-09-01,0,12,0.0,5.666666666666667,0.0
https://www.miaphotobooth.net/local-photo-booth-rental-in-town-park-estates-fl,2025-09-02,0,15,0.0,7.4,0.0
https://www.miaphotobooth.net/local-photo-booth-rental-in-town-park-estates-fl,2025-09-03,0,9,0.0,8.444444444444445,0.0
https://www.miaphotobooth.net/local-photo-booth-rental-in-town-park-estates-fl,2025-09-04,0,12,0.0,5.083333333333333,0.0
https://www.miaphotobooth.net/packages,2025-08-13,0,17,0.0,7.117647058823529,0.0
https://www.miaphotobooth.net/packages,2025-08-14,0,21,0.0,10.19047619047619,0.0
https://www.miaphotobooth.net/packages,2025-08-15,0,45,0.0,7.711111111111111,0.0
https://www.miaphotobooth.net/packages,2025-08-16,0,31,0.0,8.064516129032258,0.0
https://www.miaphotobooth.net/packages,2025-08-17,0,40,0.0,7.425,0.0
https://www.miaphotobooth.net/packages,2025-08-18,0,36,0.0,8.416666666666668,0.0
https://www.miaphotobooth.net/packages,2025-08-19,0,23,0.0,8.608695652173914,0.0
https://www.miaphotobooth.net/packages,2025-08-20,0,34,0.0,7.147058823529412,0.0
https://www.miaphotobooth.net/packages,2025-08-21,0,25,0.0,13.32,0.0
https://www.miaphotobooth.net/packages,2025-08-22,0,33,0.0,8.757575757575758,0.0
https://www.miaphotobooth.net/packages,2025-08-23,0,22,0.0,7.409090909090909,0.0
https://www.miaphotobooth.net/packages,2025-08-24,0,39,0.0,8.923076923076923,0.0
https://www.miaphotobooth.net/packages,2025-08-25,0,43,0.0,8.813953488372093,0.0
https://www.miaphotobooth.net/packages,2025-08-26,0,27,0.0,10.703703703703704,0.0
https://www.miaphotobooth.net/packages,2025-08-27,0,27,0.0,25.59259259259259,0.0
https://www.miaphotobooth.net/packages,2025-08-28,0,19,0.0,11.68421052631579,0.0
https://www.miaphotobooth.net/packages,2025-08-29,0,22,0.0,11.590909090909092,0.0
https://www.miaphotobooth.net/packages,2025-08-30,0,18,0.0,15.11111111111111,0.0
https://www.miaphotobooth.net/packages,2025-08-31,0,25,0.0,10.84,0.0
https://www.miaphotobooth.net/packages,2025-09-01,0,29,0.0,10.0,0.0
https://www.miaphotobooth.net/packages,2025-09-02,0,29,0.0,10.655172413793103,0.0
https://www.miaphotobooth.net/packages,2025-09-03,0,22,0.0,9.181818181818182,0.0
https://www.miaphotobooth.net/packages,2025-09-04,0,23,0.0,6.782608695652174,0.0
https://www.miaphotobooth.net/post/360-event-photo-booth-miami,2025-08-13,0,2,0.0,59.0,0.0
https://www.miaphotobooth.net/post/360-event-photo-booth-miami,2025-08-14,0,5,0.0,62.2,0.0
https://www.miaphotobooth.net/post/360-event-photo-booth-miami,2025-08-15,0,3,0.0,52.666666666666664,0.0
https://www.miaphotobooth.net/post/360-event-photo-booth-miami,2025-08-30,0,1,0.0,26.0,0.0
https://www.miaphotobooth.net/post/360-photo-booth-miami,2025-08-13,0,4,0.0,43.5,0.0
https://www.miaphotobooth.net/post/360-photo-booth-miami,2025-08-14,0,2,0.0,46.0,0.0
https://www.miaphotobooth.net/post/360-photo-booth-miami,2025-08-15,0,7,0.0,47.142857142857146,0.0
https://www.miaphotobooth.net/post/360-photo-booth-miami,2025-08-16,0,3,0.0,60.0,0.0
https://www.miaphotobooth.net/post/360-photo-booth-miami,2025-08-17,0,18,0.0,38.111111111111114,0.0
https://www.miaphotobooth.net/post/360-photo-booth-miami,2025-08-18,0,10,0.0,44.9,0.0
https://www.miaphotobooth.net/post/360-photo-booth-miami,2025-08-19,0,13,0.0,53.07692307692308,0.0
https://www.miaphotobooth.net/post/360-photo-booth-miami,2025-08-20,0,11,0.0,53.09090909090909,0.0
https://www.miaphotobooth.net/post/360-photo-booth-miami,2025-08-21,0,21,0.0,51.38095238095238,0.0
https://www.miaphotobooth.net/post/360-photo-booth-miami,2025-08-22,0,12,0.0,53.5,0.0
https://www.miaphotobooth.net/post/360-photo-booth-miami,2025-08-23,0,10,0.0,51.2,0.0
https://www.miaphotobooth.net/post/360-photo-booth-miami,2025-08-24,0,12,0.0,48.0,0.0
https://www.miaphotobooth.net/post/360-photo-booth-miami,2025-08-25,0,11,0.0,46.54545454545455,0.0
https://www.miaphotobooth.net/post/360-photo-booth-miami,2025-08-26,0,11,0.0,48.36363636363637,0.0
https://www.miaphotobooth.net/post/360-photo-booth-miami,2025-08-27,0,16,0.0,56.375,0.0
https://www.miaphotobooth.net/post/360-photo-booth-miami,2025-08-28,0,12,0.0,45.5,0.0
https://www.miaphotobooth.net/post/360-photo-booth-miami,2025-08-29,0,10,0.0,58.9,0.0
https://www.miaphotobooth.net/post/360-photo-booth-miami,2025-08-30,0,10,0.0,54.5,0.0
https://www.miaphotobooth.net/post/360-photo-booth-miami,2025-08-31,0,12,0.0,54.75,0.0
https://www.miaphotobooth.net/post/360-photo-booth-miami,2025-09-01,0,18,0.0,57.77777777777778,0.0
https://www.miaphotobooth.net/post/360-photo-booth-miami,2025-09-02,0,10,0.0,57.8,0.0
https://www.miaphotobooth.net/post/360-photo-booth-miami,2025-09-03,0,13,0.0,54.92307692307692,0.0
https://www.miaphotobooth.net/post/360-photo-booth-miami,2025-09-04,0,11,0.0,57.81818181818182,0.0
https://www.miaphotobooth.net/post/360-photo-booth-rental-miami,2025-08-13,0,14,0.0,61.07142857142857,0.0
https://www.miaphotobooth.net/post/360-photo-booth-rental-miami,2025-08-14,0,17,0.0,77.17647058823529,0.0
https://www.miaphotobooth.net/post/360-photo-booth-rental-miami,2025-08-15,0,7,0.0,96.71428571428571,0.0
https://www.miaphotobooth.net/post/360-photo-booth-rental-miami,2025-08-17,0,4,0.0,5.0,0.0
https://www.miaphotobooth.net/post/audio-guestbook-experience-miami,2025-08-16,0,1,0.0,29.0,0.0
https://www.miaphotobooth.net/post/audio-guestbook-experience-miami,2025-08-17,0,12,0.0,5.666666666666667,0.0
https://www.miaphotobooth.net/post/audio-guestbook-experience-miami,2025-08-18,0,15,0.0,5.0,0.0
https://www.miaphotobooth.net/post/audio-guestbook-experience-miami,2025-08-19,0,1,0.0,44.0,0.0
https://www.miaphotobooth.net/post/audio-guestbook-experience-miami,2025-08-22,0,4,0.0,8.75,0.0
https://www.miaphotobooth.net/post/audio-guestbook-experience-miami,2025-08-23,0,2,0.0,32.5,0.0
https://www.miaphotobooth.net/post/audio-guestbook-experience-miami,2025-08-26,0,2,0.0,7.5,0.0
https://www.miaphotobooth.net/post/audio-guestbook-experience-miami,2025-08-27,0,1,0.0,11.0,0.0
https://www.miaphotobooth.net/post/audio-guestbook-experience-miami,2025-08-28,0,1,0.0,13.0,0.0
https://www.miaphotobooth.net/post/audio-guestbook-experience-miami,2025-08-31,0,2,0.0,2.0,0.0
https://www.miaphotobooth.net/post/audio-guestbook-experience-miami,2025-09-03,0,2,0.0,6.0,0.0
https://www.miaphotobooth.net/post/how-do-you-make-a-photo-booth-for-a-wedding-a-complete-diy-guide,2025-08-13,0,2,0.0,22.5,0.0
https://www.miaphotobooth.net/post/how-do-you-make-a-photo-booth-for-a-wedding-a-complete-diy-guide,2025-08-14,0,7,0.0,37.714285714285715,0.0
https://www.miaphotobooth.net/post/how-do-you-make-a-photo-booth-for-a-wedding-a-complete-diy-guide,2025-08-15,0,20,0.0,50.6,0.0
https://www.miaphotobooth.net/post/how-do-you-make-a-photo-booth-for-a-wedding-a-complete-diy-guide,2025-08-16,0,20,0.0,53.0,0.0
https://www.miaphotobooth.net/post/how-do-you-make-a-photo-booth-for-a-wedding-a-complete-diy-guide,2025-08-17,0,20,0.0,57.25,0.0
https://www.miaphotobooth.net/post/how-do-you-make-a-photo-booth-for-a-wedding-a-complete-diy-guide,2025-08-18,0,12,0.0,48.583333333333336,0.0
https://www.miaphotobooth.net/post/how-do-you-make-a-photo-booth-for-a-wedding-a-complete-diy-guide,2025-08-19,0,21,0.0,61.61904761904762,0.0
https://www.miaphotobooth.net/post/how-do-you-make-a-photo-booth-for-a-wedding-a-complete-diy-guide,2025-08-20,0,28,0.0,63.07142857142857,0.0
https://www.miaphotobooth.net/post/how-do-you-make-a-photo-booth-for-a-wedding-a-complete-diy-guide,2025-08-21,0,3,0.0,50.333333333333336,0.0
https://www.miaphotobooth.net/post/how-do-you-make-a-photo-booth-for-a-wedding-a-complete-diy-guide,2025-08-26,0,2,0.0,71.5,0.0
https://www.miaphotobooth.net/post/how-do-you-make-a-photo-booth-for-a-wedding-a-complete-diy-guide,2025-08-28,0,1,0.0,20.0,0.0
https://www.miaphotobooth.net/post/how-do-you-make-a-photo-booth-for-a-wedding-a-complete-diy-guide,2025-08-29,0,1,0.0,33.0,0.0
https://www.miaphotobooth.net/post/how-do-you-make-a-photo-booth-for-a-wedding-a-complete-diy-guide,2025-08-31,0,1,0.0,34.0,0.0
https://www.miaphotobooth.net/post/how-do-you-make-a-photo-booth-for-a-wedding-a-complete-diy-guide,2025-09-03,0,1,0.0,6.0,0.0
https://www.miaphotobooth.net/post/how-do-you-make-a-photo-booth-for-a-wedding-a-complete-diy-guide,2025-09-04,0,1,0.0,73.0,0.0
https://www.miaphotobooth.net/post/how-do-you-make-a-photo-booth-frame-a-step-by-step-guide,2025-08-13,0,1,0.0,9.0,0.0
https://www.miaphotobooth.net/post/how-do-you-make-a-photo-booth-frame-a-step-by-step-guide,2025-08-14,0,7,0.0,17.428571428571427,0.0
https://www.miaphotobooth.net/post/how-do-you-make-a-photo-booth-frame-a-step-by-step-guide,2025-08-15,0,14,0.0,21.357142857142858,0.0
https://www.miaphotobooth.net/post/how-do-you-make-a-photo-booth-frame-a-step-by-step-guide,2025-08-16,0,14,0.0,21.857142857142858,0.0
https://www.miaphotobooth.net/post/how-do-you-make-a-photo-booth-frame-a-step-by-step-guide,2025-08-17,0,9,0.0,28.22222222222222,0.0
https://www.miaphotobooth.net/post/how-do-you-make-a-photo-booth-frame-a-step-by-step-guide,2025-08-23,0,1,0.0,11.0,0.0
https://www.miaphotobooth.net/post/how-do-you-make-a-photo-booth-frame-a-step-by-step-guide,2025-08-28,0,2,0.0,13.5,0.0
https://www.miaphotobooth.net/post/how-do-you-make-a-photo-booth-frame-a-step-by-step-guide,2025-08-31,0,2,0.0,7.5,0.0
https://www.miaphotobooth.net/post/how-do-you-make-a-photo-booth-frame-a-step-by-step-guide,2025-09-03,0,1,0.0,4.0,0.0
https://www.miaphotobooth.net/post/how-do-you-make-a-photo-booth-frame-a-step-by-step-guide,2025-09-04,0,1,0.0,10.0,0.0
https://www.miaphotobooth.net/post/how-to-display-photo-booth-strips-tips-and-ideas,2025-08-13,0,6,0.0,9.166666666666666,0.0
https://www.miaphotobooth.net/post/how-to-display-photo-booth-strips-tips-and-ideas,2025-08-14,0,4,0.0,15.5,0.0
https://www.miaphotobooth.net/post/how-to-display-photo-booth-strips-tips-and-ideas,2025-08-15,0,9,0.0,21.555555555555557,0.0
https://www.miaphotobooth.net/post/how-to-display-photo-booth-strips-tips-and-ideas,2025-08-16,0,5,0.0,7.6,0.0
https://www.miaphotobooth.net/post/how-to-display-photo-booth-strips-tips-and-ideas,2025-08-23,0,1,0.0,10.0,0.0
https://www.miaphotobooth.net/post/how-to-display-photo-booth-strips-tips-and-ideas,2025-08-24,0,1,0.0,12.0,0.0
https://www.miaphotobooth.net/post/how-to-display-photo-booth-strips-tips-and-ideas,2025-08-25,0,1,0.0,10.0,0.0
https://www.miaphotobooth.net/post/how-to-display-photo-booth-strips-tips-and-ideas,2025-08-26,0,1,0.0,2.0,0.0
https://www.miaphotobooth.net/post/how-to-display-photo-booth-strips-tips-and-ideas,2025-08-27,0,3,0.0,11.0,0.0
https://www.miaphotobooth.net/post/how-to-display-photo-booth-strips-tips-and-ideas,2025-08-28,0,2,0.0,13.5,0.0
https://www.miaphotobooth.net/post/how-to-display-photo-booth-strips-tips-and-ideas,2025-09-01,0,1,0.0,20.0,0.0
https://www.miaphotobooth.net/post/how-to-display-photo-booth-strips-tips-and-ideas,2025-09-02,0,2,0.0,9.5,0.0
https://www.miaphotobooth.net/post/how-to-display-photo-booth-strips-tips-and-ideas,2025-09-04,0,1,0.0,2.0,0.0
https://www.miaphotobooth.net/post/roamer-photo-booth-rental-miami,2025-08-13,0,4,0.0,56.5,0.0
https://www.miaphotobooth.net/post/roamer-photo-booth-rental-miami,2025-08-14,0,4,0.0,52.25,0.0
https://www.miaphotobooth.net/post/roamer-photo-booth-rental-miami,2025-08-15,0,3,0.0,93.33333333333333,0.0
https://www.miaphotobooth.net/post/roamer-photo-booth-rental-miami,2025-08-16,0,9,0.0,76.0,0.0
https://www.miaphotobooth.net/post/roamer-photo-booth-rental-miami,2025-08-17,0,7,0.0,47.285714285714285,0.0
https://www.miaphotobooth.net/post/roamer-photo-booth-rental-miami,2025-08-18,0,10,0.0,48.5,0.0
https://www.miaphotobooth.net/post/roamer-photo-booth-rental-miami,2025-08-19,0,5,0.0,71.2,0.0
https://www.miaphotobooth.net/post/roamer-photo-booth-rental-miami,2025-08-20,0,4,0.0,85.25,0.0
https://www.miaphotobooth.net/post/roamer-photo-booth-rental-miami,2025-08-21,0,4,0.0,92.5,0.0
https://www.miaphotobooth.net/post/roamer-photo-booth-rental-miami,2025-08-22,0,2,0.0,76.5,0.0
https://www.miaphotobooth.net/post/roamer-photo-booth-rental-miami,2025-08-23,0,2,0.0,97.5,0.0
https://www.miaphotobooth.net/post/roamer-photo-booth-rental-miami,2025-08-24,0,5,0.0,68.6,0.0
https://www.miaphotobooth.net/post/roamer-photo-booth-rental-miami,2025-08-25,0,8,0.0,45.0,0.0
https://www.miaphotobooth.net/post/roamer-photo-booth-rental-miami,2025-08-26,0,9,0.0,71.0,0.0
https://www.miaphotobooth.net/post/roamer-photo-booth-rental-miami,2025-08-27,0,9,0.0,57.44444444444444,0.0
https://www.miaphotobooth.net/post/roamer-photo-booth-rental-miami,2025-08-28,0,7,0.0,70.42857142857143,0.0
https://www.miaphotobooth.net/post/roamer-photo-booth-rental-miami,2025-08-29,0,6,0.0,57.666666666666664,0.0
https://www.miaphotobooth.net/post/roamer-photo-booth-rental-miami,2025-08-30,0,3,0.0,58.333333333333336,0.0
https://www.miaphotobooth.net/post/roamer-photo-booth-rental-miami,2025-08-31,0,3,0.0,76.66666666666667,0.0
https://www.miaphotobooth.net/post/roamer-photo-booth-rental-miami,2025-09-01,0,7,0.0,33.285714285714285,0.0
https://www.miaphotobooth.net/post/roamer-photo-booth-rental-miami,2025-09-02,0,10,0.0,70.5,0.0
https://www.miaphotobooth.net/post/roamer-photo-booth-rental-miami,2025-09-03,0,4,0.0,75.0,0.0
https://www.miaphotobooth.net/post/roamer-photo-booth-rental-miami,2025-09-04,0,8,0.0,58.875,0.0
https://www.miaphotobooth.net/post/social-photo-booth-rental-miami,2025-08-13,0,25,0.0,73.6,0.0
https://www.miaphotobooth.net/post/social-photo-booth-rental-miami,2025-08-14,0,4,0.0,81.5,0.0
https://www.miaphotobooth.net/post/social-photo-booth-rental-miami,2025-08-18,0,1,0.0,59.0,0.0
https://www.miaphotobooth.net/post/social-photo-booth-rental-miami,2025-08-25,0,1,0.0,53.0,0.0
https://www.miaphotobooth.net/post/social-photo-booth-rental-miami,2025-08-27,0,5,0.0,20.4,0.0
https://www.miaphotobooth.net/post/social-photo-booth-rental-miami,2025-09-01,0,1,0.0,40.0,0.0
https://www.miaphotobooth.net/post/what-is-a-360-photo-booth-a-complete-guide-for-event-planners,2025-08-13,0,6,0.0,56.666666666666664,0.0
https://www.miaphotobooth.net/post/what-is-a-360-photo-booth-a-complete-guide-for-event-planners,2025-08-14,0,23,0.0,47.43478260869565,0.0
https://www.miaphotobooth.net/post/what-is-a-360-photo-booth-a-complete-guide-for-event-planners,2025-08-15,0,41,0.0,48.0,0.0
https://www.miaphotobooth.net/post/what-is-a-360-photo-booth-a-complete-guide-for-event-planners,2025-08-16,0,38,0.0,52.39473684210526,0.0
https://www.miaphotobooth.net/post/what-is-a-360-photo-booth-a-complete-guide-for-event-planners,2025-08-17,0,58,0.0,51.275862068965516,0.0
https://www.miaphotobooth.net/post/what-is-a-360-photo-booth-a-complete-guide-for-event-planners,2025-08-18,0,39,0.0,50.97435897435897,0.0
https://www.miaphotobooth.net/post/what-is-a-360-photo-booth-a-complete-guide-for-event-planners,2025-08-19,0,35,0.0,47.34285714285714,0.0
https://www.miaphotobooth.net/post/what-is-a-360-photo-booth-a-complete-guide-for-event-planners,2025-08-20,0,64,0.0,47.765625,0.0
https://www.miaphotobooth.net/post/what-is-a-360-photo-booth-a-complete-guide-for-event-planners,2025-08-21,0,46,0.0,51.30434782608695,0.0
https://www.miaphotobooth.net/post/what-is-a-360-photo-booth-a-complete-guide-for-event-planners,2025-08-22,0,50,0.0,47.12,0.0
https://www.miaphotobooth.net/post/what-is-a-360-photo-booth-a-complete-guide-for-event-planners,2025-08-23,0,59,0.0,52.779661016949156,0.0
https://www.miaphotobooth.net/post/what-is-a-360-photo-booth-a-complete-guide-for-event-planners,2025-08-24,0,69,0.0,52.08695652173913,0.0
https://www.miaphotobooth.net/post/what-is-a-360-photo-booth-a-complete-guide-for-event-planners,2025-08-25,0,49,0.0,53.53061224489796,0.0
https://www.miaphotobooth.net/post/what-is-a-360-photo-booth-a-complete-guide-for-event-planners,2025-08-26,0,81,0.0,51.91358024691358,0.0
https://www.miaphotobooth.net/post/what-is-a-360-photo-booth-a-complete-guide-for-event-planners,2025-08-27,0,53,0.0,55.301886792452834,0.0
https://www.miaphotobooth.net/post/what-is-a-360-photo-booth-a-complete-guide-for-event-planners,2025-08-28,0,46,0.0,54.19565217391305,0.0
https://www.miaphotobooth.net/post/what-is-a-360-photo-booth-a-complete-guide-for-event-planners,2025-08-29,0,54,0.0,52.48148148148148,0.0
https://www.miaphotobooth.net/post/what-is-a-360-photo-booth-a-complete-guide-for-event-planners,2025-08-30,0,47,0.0,51.38297872340426,0.0
https://www.miaphotobooth.net/post/what-is-a-360-photo-booth-a-complete-guide-for-event-planners,2025-08-31,0,68,0.0,51.8235294117647,0.0
https://www.miaphotobooth.net/post/what-is-a-360-photo-booth-a-complete-guide-for-event-planners,2025-09-01,0,54,0.0,56.48148148148148,0.0
https://www.miaphotobooth.net/post/what-is-a-360-photo-booth-a-complete-guide-for-event-planners,2025-09-02,0,47,0.0,51.851063829787236,0.0
https://www.miaphotobooth.net/post/what-is-a-360-photo-booth-a-complete-guide-for-event-planners,2025-09-03,0,59,0.0,54.71186440677966,0.0
https://www.miaphotobooth.net/post/what-is-a-360-photo-booth-a-complete-guide-for-event-planners,2025-09-04,0,44,0.0,58.70454545454545,0.0
https://www.miaphotobooth.net/post/what-size-are-photo-booth-pictures-a-complete-breakdown,2025-08-13,0,20,0.0,10.4,0.0
https://www.miaphotobooth.net/post/what-size-are-photo-booth-pictures-a-complete-breakdown,2025-08-14,0,60,0.0,22.3,0.0
https://www.miaphotobooth.net/post/what-size-are-photo-booth-pictures-a-complete-breakdown,2025-08-15,0,27,0.0,24.59259259259259,0.0
https://www.miaphotobooth.net/post/what-size-are-photo-booth-pictures-a-complete-breakdown,2025-08-18,0,3,0.0,7.0,0.0
https://www.miaphotobooth.net/post/what-size-are-photo-booth-pictures-a-complete-breakdown,2025-08-19,0,8,0.0,6.5,0.0
https://www.miaphotobooth.net/post/what-size-are-photo-booth-pictures-a-complete-breakdown,2025-08-20,0,11,0.0,7.454545454545454,0.0
https://www.miaphotobooth.net/post/what-size-are-photo-booth-pictures-a-complete-breakdown,2025-08-21,0,18,0.0,6.666666666666667,0.0
https://www.miaphotobooth.net/post/what-size-are-photo-booth-pictures-a-complete-breakdown,2025-08-22,0,15,0.0,8.533333333333333,0.0
https://www.miaphotobooth.net/post/what-size-are-photo-booth-pictures-a-complete-breakdown,2025-08-23,0,24,0.0,8.25,0.0
https://www.miaphotobooth.net/post/what-size-are-photo-booth-pictures-a-complete-breakdown,2025-08-24,0,30,0.0,7.7,0.0
https://www.miaphotobooth.net/post/what-size-are-photo-booth-pictures-a-complete-breakdown,2025-08-25,0,35,0.0,8.8,0.0
https://www.miaphotobooth.net/post/what-size-are-photo-booth-pictures-a-complete-breakdown,2025-08-26,0,55,0.0,8.6,0.0
https://www.miaphotobooth.net/post/what-size-are-photo-booth-pictures-a-complete-breakdown,2025-08-28,0,42,0.0,8.071428571428571,0.0
https://www.miaphotobooth.net/post/what-size-are-photo-booth-pictures-a-complete-breakdown,2025-08-30,0,35,0.0,8.342857142857142,0.0
https://www.miaphotobooth.net/post/what-size-are-photo-booth-pictures-a-complete-breakdown,2025-09-01,0,46,0.0,8.0,0.0
https://www.miaphotobooth.net/post/what-size-are-photo-booth-pictures-a-complete-breakdown,2025-09-02,0,31,0.0,8.32258064516129,0.0
https://www.miaphotobooth.net/post/what-size-are-photo-booth-pictures-a-complete-breakdown,2025-09-03,0,36,0.0,8.583333333333332,0.0
https://www.miaphotobooth.net/post/what-size-are-photo-booth-pictures-a-complete-breakdown,2025-09-04,0,37,0.0,8.702702702702702,0.0
https://www.miaphotobooth.net/professional-photo-booth-rental-in-university-park-fl,2025-08-17,0,2,0.0,3.0,0.0
https://www.miaphotobooth.net/roamer-booth,2025-08-13,0,4,0.0,67.75,0.0
https://www.miaphotobooth.net/roamer-booth,2025-08-14,0,4,0.0,70.0,0.0
https://www.miaphotobooth.net/roamer-booth,2025-08-15,0,5,0.0,45.8,0.0
https://www.miaphotobooth.net/roamer-booth,2025-08-16,0,4,0.0,62.75,0.0
https://www.miaphotobooth.net/roamer-booth,2025-08-17,0,5,0.0,41.0,0.0
https://www.miaphotobooth.net/roamer-booth,2025-08-18,0,7,0.0,46.857142857142854,0.0
https://www.miaphotobooth.net/roamer-booth,2025-08-19,0,4,0.0,65.0,0.0
https://www.miaphotobooth.net/roamer-booth,2025-08-20,0,5,0.0,57.4,0.0
https://www.miaphotobooth.net/roamer-booth,2025-08-21,0,4,0.0,54.25,0.0
https://www.miaphotobooth.net/roamer-booth,2025-08-22,0,2,0.0,71.0,0.0
https://www.miaphotobooth.net/roamer-booth,2025-08-23,0,5,0.0,54.4,0.0
https://www.miaphotobooth.net/roamer-booth,2025-08-24,0,2,0.0,52.5,0.0
https://www.miaphotobooth.net/roamer-booth,2025-08-25,0,4,0.0,54.5,0.0
https://www.miaphotobooth.net/roamer-booth,2025-08-27,0,2,0.0,51.5,0.0
https://www.miaphotobooth.net/roamer-booth,2025-08-28,0,4,0.0,57.75,0.0
https://www.miaphotobooth.net/roamer-booth,2025-08-29,0,3,0.0,66.0,0.0
https://www.miaphotobooth.net/roamer-booth,2025-08-30,0,3,0.0,86.0,0.0
https://www.miaphotobooth.net/roamer-booth,2025-08-31,0,4,0.0,85.25,0.0
https://www.miaphotobooth.net/roamer-booth,2025-09-01,0,3,0.0,77.66666666666667,0.0
https://www.miaphotobooth.net/roamer-booth,2025-09-02,0,3,0.0,76.0,0.0
https://www.miaphotobooth.net/roamer-booth,2025-09-03,0,2,0.0,90.5,0.0
https://www.miaphotobooth.net/roamer-booth,2025-09-04,0,1,0.0,83.0,0.0
https://www.miaphotobooth.net/serving-all-of-miami-fl,2025-08-13,0,17,0.0,7.117647058823529,0.0
https://www.miaphotobooth.net/serving-all-of-miami-fl,2025-08-14,0,21,0.0,7.857142857142857,0.0
https://www.miaphotobooth.net/serving-all-of-miami-fl,2025-08-15,0,42,0.0,7.119047619047619,0.0
https://www.miaphotobooth.net/serving-all-of-miami-fl,2025-08-16,0,31,0.0,8.064516129032258,0.0
https://www.miaphotobooth.net/serving-all-of-miami-fl,2025-08-17,0,41,0.0,7.2926829268292686,0.0
https://www.miaphotobooth.net/serving-all-of-miami-fl,2025-08-18,0,35,0.0,8.057142857142857,0.0
https://www.miaphotobooth.net/serving-all-of-miami-fl,2025-08-19,0,21,0.0,8.666666666666668,0.0
https://www.miaphotobooth.net/serving-all-of-miami-fl,2025-08-20,0,41,0.0,14.390243902439025,0.0
https://www.miaphotobooth.net/serving-all-of-miami-fl,2025-08-21,0,24,0.0,8.458333333333332,0.0
https://www.miaphotobooth.net/serving-all-of-miami-fl,2025-08-22,0,34,0.0,6.470588235294118,0.0
https://www.miaphotobooth.net/serving-all-of-miami-fl,2025-08-23,0,22,0.0,7.409090909090909,0.0
https://www.miaphotobooth.net/serving-all-of-miami-fl,2025-08-24,0,15,0.0,6.4,0.0
https://www.miaphotobooth.net/serving-all-of-miami-fl,2025-08-26,0,1,0.0,6.0,0.0
https://www.miaphotobooth.net/serving-all-of-miami-fl,2025-09-01,0,1,0.0,29.0,0.0
https://www.miaphotobooth.net/social-booth,2025-08-13,0,1,0.0,95.0,0.0
https://www.miaphotobooth.net/social-booth,2025-08-14,0,1,0.0,32.0,0.0
https://www.miaphotobooth.net/social-booth,2025-08-16,0,1,0.0,61.0,0.0
https://www.miaphotobooth.net/social-booth,2025-08-17,0,2,0.0,36.5,0.0
https://www.miaphotobooth.net/social-booth,2025-08-18,0,2,0.0,80.0,0.0
https://www.miaphotobooth.net/social-booth,2025-08-20,0,1,0.0,97.0,0.0
https://www.miaphotobooth.net/social-booth,2025-08-21,0,1,0.0,78.0,0.0
https://www.miaphotobooth.net/social-booth,2025-08-22,0,3,0.0,32.66666666666667,0.0
https://www.miaphotobooth.net/social-booth,2025-08-23,0,1,0.0,68.0,0.0
https://www.miaphotobooth.net/social-booth,2025-08-24,0,1,0.0,86.0,0.0
https://www.miaphotobooth.net/social-booth,2025-08-25,0,1,0.0,77.0,0.0
https://www.miaphotobooth.net/social-booth,2025-08-27,0,4,0.0,26.25,0.0
https://www.miaphotobooth.net/social-booth,2025-08-28,0,2,0.0,40.0,0.0
https://www.miaphotobooth.net/social-booth,2025-08-29,0,1,0.0,8.0,0.0
https://www.miaphotobooth.net/social-booth,2025-09-03,0,2,0.0,41.5,0.0
https://www.miaphotobooth.net/social-booth,2025-09-04,0,2,0.0,35.0,0.0
https://www.miaphotobooth.net/studio-booth,2025-08-13,0,2,0.0,89.5,0.0
https://www.miaphotobooth.net/studio-booth,2025-08-15,0,1,0.0,82.0,0.0
https://www.miaphotobooth.net/studio-booth,2025-08-16,0,2,0.0,87.0,0.0
https://www.miaphotobooth.net/studio-booth,2025-08-17,0,9,0.0,37.77777777777778,0.0
https://www.miaphotobooth.net/studio-booth,2025-08-18,0,1,0.0,6.0,0.0
https://www.miaphotobooth.net/studio-booth,2025-08-21,0,1,0.0,34.0,0.0
https://www.miaphotobooth.net/studio-booth,2025-08-22,0,1,0.0,37.0,0.0
https://www.miaphotobooth.net/studio-booth,2025-08-25,0,4,0.0,45.75,0.0
https://www.miaphotobooth.net/studio-booth,2025-08-26,0,2,0.0,97.5,0.0
https://www.miaphotobooth.net/studio-booth,2025-08-27,0,2,0.0,23.5,0.0
https://www.miaphotobooth.net/studio-booth,2025-08-28,0,1,0.0,10.0,0.0
https://www.miaphotobooth.net/studio-booth,2025-08-29,0,1,0.0,10.0,0.0
https://www.miaphotobooth.net/studio-booth,2025-09-04,0,1,0.0,41.0,0.0
