query,clicks,impressions,position_avg,ctr_pct
social photo booth rental miami,0,13777,5.0,0.0
glam photo booth miami,0,6529,15.46,0.0
photo booth rental miami,33,6172,11.07,0.535
photo strip size,161,5812,2.49,2.77
photobooth strip size,80,5378,2.69,1.488
photo booth,13,4921,19.22,0.264
photobooth size,63,4321,2.89,1.458
photo booth miami,35,2830,6.76,1.237
photobooth,7,2817,18.56,0.248
photo booth rental,41,2524,6.4,1.624
photo booth size,53,2050,3.75,2.585
size of photobooth strip,20,1936,2.11,1.033
photostrip size,16,1714,2.14,0.933
miami photo booth rental,12,1649,11.34,0.728
photo booth strip size,29,1572,2.59,1.845
360 photo booth rental miami,3,1519,13.3,0.197
photobooth picture size,61,1494,2.48,4.083
photostrip size photobooth,15,1381,2.98,1.086
photo strip dimensions,28,1172,2.94,2.389
photo booth picture size,37,1092,3.05,3.388
photo booth miami rental,4,1058,9.7,0.378
what are photo booth pictures called,1,997,2.29,0.1
miami photo booth,35,950,4.41,3.684
what size is a photo booth strip,6,940,1.97,0.638
size of photo booth strips,7,928,2.55,0.754
photobooth size in cm,4,918,2.83,0.436
photo strips size,31,898,2.64,3.452
size of photo booth strips in cm,10,887,2.45,1.127
what size are photo booth strips,8,872,2.35,0.917
photo booth strip dimensions,17,844,2.37,2.014
photo booth photo size,54,837,2.43,6.452
mini photo strip size,9,823,3.35,1.094
photo booth dimensions,8,799,2.79,1.001
360 photo booth miami,0,783,17.24,0.0
how big is a photo booth strip,6,779,2.27,0.77
photo booth rental miami fl,2,763,10.08,0.262
ukuran strip photobooth,4,763,2.63,0.524
size of a photo booth strip,8,754,2.11,1.061
photo booth pictures,1,747,4.91,0.134
photobooth dimensions,3,742,5.59,0.404
photostrip,0,723,3.54,0.0
photobooth miami,6,709,9.61,0.846
photo strip size cm,5,688,2.73,0.727
photobooth photos,1,672,4.09,0.149
what is the size of a photo booth strip,18,630,2.07,2.857
dimensions of photo booth strip,18,628,2.23,2.866
photo booth props diy,1,619,28.63,0.162
photobooth paper size,16,593,1.56,2.698
photobooth photo size,43,584,1.72,7.363
photo booth rental near me,1,582,5.1,0.172
dimensions of a photo booth strip,18,581,1.98,3.098
photo booth rentals in miami,0,580,9.62,0.0
photostrip photobooth size,3,553,2.65,0.542
what are the photo booth pictures called,2,553,2.64,0.362
what are the dimensions of a photo booth strip,21,549,2.1,3.825
photo booth print size,28,542,2.24,5.166
size photobooth,30,536,1.07,5.597
photobooth strip dimensions,13,529,2.25,2.457
what are photo booth photos called,0,510,2.55,0.0
ukuran photobooth strip,0,509,3.06,0.0
how big are photo booth strips,4,493,2.32,0.811
strip photo size,18,490,1.79,3.673
what is the size of photobooth strip,4,465,2.92,0.86
photobooth pics,0,464,4.39,0.0
photobooth sizes,26,447,1.07,5.817
photobooth size picture,31,446,1.49,6.951
standard photo booth strip size,11,442,1.81,2.489
photobooth frame size,17,440,1.82,3.864
photobooth rental miami,4,431,10.34,0.928
miami photobooth,13,430,6.65,3.023
how long is a photo booth strip,2,428,2.34,0.467
photo booth photos,0,415,6.19,0.0
standard photo booth size,6,414,2.4,1.449
standard photobooth strip size,9,413,1.7,2.179
photobooth rental,6,394,7.47,1.523
photobooth strips size,8,386,1.92,2.073
party photo booth rental,0,385,1.51,0.0
photobooth size in inches,7,383,2.58,1.828
photo booth images,0,368,29.63,0.0
how to display photo booth strips,1,365,5.94,0.274
what size are photobooth strips,5,359,2.16,1.393
wedding photo booth miami,0,358,17.03,0.0
photo booth miami fl,0,356,10.16,0.0
photo booth rentals miami,1,354,10.22,0.282
photobooth size print,3,354,1.99,0.847
2x2 picture size,0,352,50.0,0.0
what do you call photo booth pictures,0,351,2.5,0.0
photo strip,0,351,6.71,0.0
photo booth in miami,3,348,10.94,0.862
360 photo booth rental,0,345,11.87,0.0
roamer photo booth,0,344,34.1,0.0
photo booth sizes,11,342,1.78,3.216
photo booth rentals,1,340,7.26,0.294
photo booth frame size,12,339,4.23,3.54
photo booth rental in miami,2,338,10.36,0.592
what are those photo booth pictures called,1,336,1.8,0.298
photostrip dimensions,4,336,1.94,1.19
360 photo booth pictures,0,327,10.86,0.0
photobooth picture,1,324,4.5,0.309
rent a photo booth,1,317,8.61,0.315
size of photo strip,5,312,1.88,1.603
what is the size of photo booth strips,4,311,2.05,1.286
how does a 360 photo booth work,0,310,37.74,0.0
photo booth near me,0,310,9.62,0.0
roamer booth,0,307,13.12,0.0
diy photo booth props,8,307,11.72,2.606
photo booth size prints,12,305,1.41,3.934
polaroid strip size,12,304,1.42,3.947
standard photo strip size,7,302,1.76,2.318
how long are photo booth strips,7,298,2.06,2.349
photo booth strips size,10,295,2.42,3.39
rent photo booth,2,292,10.48,0.685
photo booth picture size in cm,7,292,2.76,2.397
what do you call the photo booth pictures,1,277,1.63,0.361
photo booth rental miami florida,1,276,10.39,0.362
miami event photo booth rental,0,275,8.91,0.0
mini photobooth strip size,3,273,2.41,1.099
photobooth pictures,0,272,3.78,0.0
what size is a photobooth strip,4,270,2.13,1.481
what size are photo booth pictures,11,267,2.08,4.12
photo booth rental in miami fl,0,267,10.54,0.0
what is a 360 photo booth,0,263,57.18,0.0
photobooth pic size,8,262,2.09,3.053
photobooth strip size in cm,4,259,2.0,1.544
roamer photo booth miami,0,259,9.18,0.0
wedding photo booth rental,0,258,7.61,0.0
roamer photo booth rental,1,257,9.08,0.389
size photostrip,5,256,1.86,1.953
photo booth rental south florida,0,255,42.03,0.0
photo booth paper size,8,253,2.48,3.162
photobooth print size,5,246,1.97,2.033
photo booth machine rental,0,242,9.16,0.0
2x6 photo strip,1,240,1.46,0.417
miami headshot photo booths,0,238,29.56,0.0
"business photography studio in coral gables, fl",0,238,48.29,0.0
photo booth size picture,8,235,2.35,3.404
what size is a photo booth picture,5,232,1.88,2.155
strip picture size,1,231,1.8,0.433
vintage photobooth strip size,8,230,2.53,3.478
photo booth photos called,5,228,2.61,2.193
photo booth services,1,228,8.72,0.439
mia photo booth,45,227,1.51,19.824
strip size photobooth,5,226,1.63,2.212
"""glam photo booth""",0,225,72.38,0.0
360 photo booth for rent,0,225,9.99,0.0
photobooth layout size,5,224,1.66,2.232
photo strip size in inches,8,222,2.94,3.604
photobooth photo sizes,13,220,1.86,5.909
mobile photo booth rental service,0,220,49.3,0.0
polaroid photo size,0,218,1.0,0.0
how big is a photo strip,1,214,2.17,0.467
photo me booth photo sizes,2,208,5.26,0.962
what size is a photo strip,4,207,1.61,1.932
average size of photo booth strip,2,207,2.09,0.966
photobooth photo strip size,7,207,2.18,3.382
miami photo booth rentals,3,204,8.29,1.471
photo booth meaning,0,202,24.24,0.0
ขนาด photo booth,5,199,1.08,2.513
"family photo sessions in coral gables, fl",0,199,73.2,0.0
photo booth picture dimensions,4,198,2.54,2.02
miami event photo booth,0,197,16.85,0.0
photo booth strips,0,193,3.98,0.0
what is the size of a photo strip,4,193,1.68,2.073
photobooth picture called,0,192,2.19,0.0
photo booth for rent,0,191,6.7,0.0
standard photobooth size,2,191,2.48,1.047
photo booth pictures called,1,191,1.7,0.524
social photo booth rental,0,191,7.09,0.0
rent photo booth miami,0,188,8.12,0.0
6x2 photo size,0,185,4.3,0.0
photobooth in spanish,0,184,2.08,0.0
ukuran photo strips,2,181,1.94,1.105
photobooth names,0,180,24.45,0.0
social booth rental,0,180,9.29,0.0
size of photobooth picture,6,178,2.56,3.371
what size are photo strips,7,178,1.98,3.933
photo booth synonyms,1,177,3.03,0.565
foto booth,0,175,36.56,0.0
size of photo strips,4,174,2.99,2.299
photo booth photo dimensions,5,173,2.7,2.89
premier photo booth rental,0,173,25.44,0.0
strip photo booth size,0,172,1.63,0.0
photo booth company,0,172,8.84,0.0
black and white photo booth miami,0,171,14.7,0.0
photo booth rental miami prices,0,171,24.66,0.0
photo booth rental lakeland fl,0,171,78.26,0.0
photo booth rental sizes,0,170,3.32,0.0
photo strips,0,170,6.39,0.0
photobooths in miami,0,169,19.61,0.0
photo strip sizes,13,169,1.04,7.692
photo booth strip measurements,9,168,2.31,5.357
wedding photo booth,0,167,19.72,0.0
360 photo booth rental miami fl,0,167,12.7,0.0
rent 360 photo booth,0,166,10.48,0.0
photo booth printer strips,0,165,1.69,0.0
photo strip size in pixels,0,165,2.06,0.0
rent a photo booth miami,0,163,7.83,0.0
size of a photo strip,2,163,1.8,1.227
photo booth names,1,163,23.51,0.613
"passport photo studio in coral gables, fl",0,162,60.0,0.0
photobooth strip,0,162,9.62,0.0
photostrips size,0,161,2.62,0.0
how big are photo booth pictures,4,159,2.96,2.516
studio photo booth rental,0,159,6.32,0.0
size photobooth frame,1,159,2.0,0.629
360 photo booth,0,157,13.76,0.0
photoboth,1,155,24.79,0.645
photobooth meaning,0,154,11.96,0.0
photo booth picture name,1,152,1.39,0.658
photo booths in miami,1,151,11.33,0.662
photo booth strip meaning,0,149,4.03,0.0
photostrips,0,148,2.98,0.0
photo booth hire,0,146,8.36,0.0
size of photo booth,1,145,3.52,0.69
photo strip size in cm,3,145,2.6,2.069
rent a 360 photo booth,0,144,12.73,0.0
photobooth strip size in px,1,144,2.42,0.694
what is the average size of a photo booth strip,2,144,1.84,1.389
photo booth measurements,1,140,2.92,0.714
photobooth photo,0,140,4.63,0.0
studio booth for rent miami,0,140,12.6,0.0
photobooth in chinese,0,137,2.31,0.0
size of photo booth pictures,4,137,2.79,2.92
photobooth standard size,2,137,3.41,1.46
photo booth description,0,136,65.09,0.0
photo booth in spanish,0,135,2.09,0.0
what do you call a photo booth picture,0,133,1.97,0.0
miami photo booth party,0,133,13.77,0.0
photo booth rental for parties,0,131,5.41,0.0
what size photos do photo booths take,7,130,2.62,5.385
event photo booth rental,0,130,14.26,0.0
photo booth picture,1,130,14.78,0.769
what size is photo booth paper,1,129,2.33,0.775
photo strip measurements,4,129,2.51,3.101
photo booth hire miami,0,129,6.72,0.0
size of photobooth,0,128,1.67,0.0
photo booth pics,1,128,5.14,0.781
photobooth picture dimensions,3,124,1.82,2.419
what is the size of a photobooth strip,3,124,1.97,2.419
size of photostrip,2,124,2.22,1.613
photo booths miami,0,123,10.43,0.0
how does 360 photo booth work,0,123,43.83,0.0
standard size of photobooth strip,2,123,1.76,1.626
photo booth photo,1,123,5.37,0.813
photo booth film strip size,4,122,2.04,3.279
photo booth image size,3,122,2.59,2.459
2x6 picture size,1,122,3.36,0.82
how to make photo booth props,1,121,16.68,0.826
how big are photo strips,1,120,2.26,0.833
how to make a photo booth frame,0,120,26.44,0.0
photo booth size in inches,4,120,3.14,3.333
selfie booth,0,119,54.64,0.0
photo booth brand activations in south florida,0,118,68.76,0.0
miami photo booths,0,118,6.66,0.0
premier photo booth,0,117,24.72,0.0
photoboot,0,117,30.3,0.0
blababooth magic strip,0,116,4.43,0.0
photo booth pictures size,8,116,2.85,6.897
photobooth measurements,3,116,2.46,2.586
picture booth,0,115,28.51,0.0
a.i photo booth miami,0,113,14.03,0.0
photo me picture sizes,0,113,2.4,0.0
photo strip meaning,0,113,2.52,0.0
words to describe photo booth,0,113,1.87,0.0
photo booth photo sizes,6,112,1.97,5.357
digital photo booth rental,1,111,12.77,0.901
photo booth photo strip size,5,111,2.48,4.505
corporate photo booth,0,111,12.97,0.0
commercial photography services in coral gables,0,110,75.58,0.0
photo booth size in cm,3,110,3.09,2.727
what is a 360 booth,0,109,48.97,0.0
average photo booth strip size,3,109,1.44,2.752
size of mini photo strip,1,109,4.42,0.917
photo booth for weddings,0,108,22.64,0.0
photobooth strips,1,106,4.27,0.943
photo booth wynwood,0,106,30.57,0.0
standard photo booth,0,105,5.34,0.0
custom photo booth,0,104,68.85,0.0
photo booth standard size,1,104,3.05,0.962
"photo id photographer in coral gables, fl",0,104,31.18,0.0
photobooth strip standard size 2x6 inches,0,104,8.25,0.0
360 photo booth sizes,0,103,27.13,0.0
2x6 vs 4x6 photo booth,0,103,7.78,0.0
ring roamer photo booth,1,103,51.94,0.971
what size are photo booth photos,4,102,2.11,3.922
how big are photobooth strips,0,102,3.0,0.0
film strip size,0,102,5.46,0.0
how to display photo strips,0,100,3.75,0.0
photobooth rental near me,0,99,16.36,0.0
mia photobooth,14,99,3.85,14.141
photobooth rentals,1,99,11.21,1.01
"portrait photography in coral gables, fl",0,98,75.37,0.0
wedding photobooth rental miami,0,98,11.62,0.0
photo booth for birthday parties,0,98,10.79,0.0
event photobooth rental miami,0,97,9.0,0.0
photobooth pose,0,97,7.35,0.0
photo both,0,97,25.09,0.0
diy photo props,0,96,14.37,0.0
mini photobooth size,1,93,1.71,1.075
location photobooth,0,92,54.51,0.0
selfie booth rental,0,92,29.83,0.0
diy custom photo booth props ideas,0,92,8.79,0.0
what is 360 photo booth,0,91,57.4,0.0
black and white photo booth rental,0,91,13.56,0.0
glam photo booth rental,1,90,19.5,1.111
photobooth rental packages miami,0,90,11.45,0.0
corporate photobooth rental miami,0,90,10.48,0.0
2x6 photo size,0,89,2.48,0.0
ukuran photo strip,0,88,2.04,0.0
photobooth picture name,0,88,1.88,0.0
event photo booth,0,88,15.13,0.0
size frame photobooth,5,88,1.1,5.682
photo booth strip,1,87,6.61,1.149
photo-me photobooth dimensions weight,0,87,5.43,0.0
luxury photobooth miami,0,86,36.73,0.0
photo booth paper strips,0,86,6.87,0.0
size of photo booth frame,0,85,6.43,0.0
ways to display photo booth strips,1,85,4.72,1.176
what size is photobooth strip,0,84,2.55,0.0
birthday party photo booth,0,83,11.9,0.0
photobooth near me,1,83,11.13,1.205
wynwood photo booth,0,82,16.3,0.0
photo booth for corporate events,0,82,14.9,0.0
photobooth dimension,1,82,5.56,1.22
photo booth rental miami lucky shots,0,81,10.49,0.0
what is a photo strip,0,81,3.5,0.0
what is photo booth,0,80,37.49,0.0
photo booth template size,0,79,2.0,0.0
dimensions of a photo strip,2,78,2.1,2.564
size photo strip,1,78,1.45,1.282
photobooth rentals miami,1,77,12.67,1.299
photo booth pic,0,77,6.82,0.0
photo booth picture called,2,77,1.25,2.597
size for photo booth,4,76,2.05,5.263
photo booth paper strips size,1,76,2.54,1.316
portsmouth photo booth rental,0,76,81.74,0.0
photo strips images,0,75,70.61,0.0
panoramic 360 photo booth setup,0,74,21.38,0.0
blababooth sample photo strip,0,74,7.48,0.0
photo-me model 17 photobooth dimensions weight,0,74,1.09,0.0
photobooth photo dimensions,6,73,1.69,8.219
local photo booth rental,0,73,18.27,0.0
what is the standard size of a photo booth strip,2,73,1.87,2.74
photo boot,0,72,31.22,0.0
standard size of photo booth strip,1,72,1.72,1.389
virginia gardens camera,0,71,9.12,0.0
360 photo booth rentals,0,71,10.48,0.0
what is the size of photo booth pictures,1,71,2.75,1.408
roaming photo booth,0,70,28.78,0.0
photo booth rental wedding,0,70,21.99,0.0
strip photobooth size,0,70,2.14,0.0
photo booth lakeland fl,0,69,87.14,0.0
create your own photo booth props,0,68,7.96,0.0
mobile photo booth,0,68,24.29,0.0
portrait booth,0,68,69.93,0.0
my photo booth,0,67,34.78,0.0
premier photobooth,0,66,66.38,0.0
photo strip frame,0,66,7.95,0.0
photo booth picture strip,0,66,13.49,0.0
photo booth prints,0,65,7.59,0.0
mini photostrip size,1,65,3.11,1.538
2 by 2 picture size,0,65,1.0,0.0
strips photobooth,0,65,1.11,0.0
photo booth rental cost,0,64,12.56,0.0
photobooth synonym,0,64,1.14,0.0
ai photo booth rental miami,0,64,15.55,0.0
photo booth rental anna maria island,0,64,67.91,0.0
ai photo booth miami,0,63,18.65,0.0
size of a photobooth strip,2,63,2.19,3.175
frame photobooth size,6,63,1.94,9.524
how 360 photo booth works,0,63,52.04,0.0
social media photo booth,0,63,52.69,0.0
360 photo booth hire,0,62,10.27,0.0
photo-me model 17 photo booth dimensions weight,0,62,1.44,0.0
what to do with photobooth strips,1,62,4.28,1.613
selfie booth size,0,61,9.44,0.0
photobooth in tagalog,0,61,1.43,0.0
photo bootg,0,61,56.53,0.0
wedding booth,0,60,1.0,0.0
photoshoot booth,0,60,55.27,0.0
photobooth date,0,60,1.65,0.0
photo booths,0,60,7.84,0.0
360 photo booth image,0,60,37.28,0.0
what is a photo booth,0,60,40.01,0.0
photobooth for parties,0,60,12.82,0.0
photo booth special effects,0,59,29.01,0.0
photo booth rental downtown miami,0,59,14.43,0.0
photo strips size in cm,1,59,2.29,1.695
miami photobooth rental,2,59,7.12,3.39
diy props for photo booth,0,59,7.31,0.0
how big is a standard photo booth strip,4,59,1.58,6.78
what to do with photo booth strips,0,59,3.97,0.0
photo booth rental prices,0,58,12.14,0.0
photo.boot,0,58,69.22,0.0
photobooth pic,1,58,6.26,1.724
photbooth,0,58,46.55,0.0
photo booth wedding rental,1,58,65.31,1.724
360 camera setup for events,0,58,72.32,0.0
corporate photo booth miami,0,57,12.89,0.0
selfie station rental miami,0,57,9.04,0.0
photo strips photo booth,1,56,17.47,1.786
photobooths,0,56,6.86,0.0
words for photo booth,0,55,4.21,0.0
dimensions of a photo booth,0,55,5.04,0.0
phito booth,0,55,71.39,0.0
ukuran photobooth,0,55,17.77,0.0
photo booth style prints,0,54,14.91,0.0
photobooth in miami,1,54,11.0,1.852
timezone photobooth size,0,54,1.61,0.0
photobooth template size,0,53,2.84,0.0
virginia gardens cameras,0,53,9.16,0.0
diy polaroid frame photo booth,1,53,7.06,1.887
average size of a photo booth strip,3,53,1.73,5.66
vintage photo booth strip size,1,52,1.95,1.923
photogray photobooth,0,52,1.18,0.0
foto boot,0,51,64.4,0.0
360 photo booth dimensions,0,51,45.75,0.0
ar photo booth rental miami,0,51,46.08,0.0
myphotobooth,0,50,11.33,0.0
photo strip size width and height,0,50,2.75,0.0
photoboogh,0,50,64.74,0.0
photobooth props diy,0,50,17.39,0.0
.photobooth,0,50,45.68,0.0
blababooth magic strips,0,49,7.5,0.0
party photo booth,0,49,34.3,0.0
photo booth rental company,0,49,45.75,0.0
"business portrait photography coral gables, fl",0,49,62.17,0.0
photobooth frame,0,49,9.17,0.0
photos booth,0,48,50.94,0.0
"blababooth ""magic strip""",0,48,5.42,0.0
photo booth rental service,0,48,52.49,0.0
how to display photo booth props,3,48,10.2,6.25
photo booth.,0,48,56.36,0.0
best way to display photo booth strips,1,48,3.2,2.083
photo booth in tagalog,0,47,1.11,0.0
2x6 photo strip size,0,47,1.71,0.0
size of photobooth strip in cm,1,47,3.08,2.128
#photoboothrental,0,47,39.19,0.0
how big is a photobooth strip,2,47,1.46,4.255
photo strip display ideas,0,47,8.21,0.0
360 photo booth ideas,0,46,52.33,0.0
booth photos,0,46,1.42,0.0
2×2 picture size,0,46,1.0,0.0
photobooth printer,0,46,3.09,0.0
make your own photo booth props,1,46,9.49,2.174
photobootg,0,46,51.6,0.0
vintage photobooth size,2,46,1.75,4.348
photot booth,0,46,57.67,0.0
photostrip sizes,1,46,2.31,2.174
how to make photobooth props,0,45,5.01,0.0
photo boorh,0,45,68.32,0.0
photobooth or photo booth,0,45,3.55,0.0
what is the size of a photo booth picture,1,44,1.79,2.273
"""photo booth"" ""wynwood"" bar",0,44,7.23,0.0
360 photo booth pics,0,44,64.22,0.0
beauty photo booth,0,44,63.16,0.0
hasil photobooth disebut,0,44,2.48,0.0
glam photo booth,0,44,21.89,0.0
phooto booth,0,44,67.76,0.0
ukuran photo booth,0,44,10.82,0.0
photo booth rental westchester,0,44,50.39,0.0
standard photobooth,0,44,5.13,0.0
average photo strip size,1,43,1.24,2.326
ai photo booth rental,0,43,34.28,0.0
how to make photo props,0,43,19.6,0.0
picture photo booth,0,43,39.53,0.0
how long is a photo strip,2,43,2.12,4.651
polaroid size,0,43,1.21,0.0
photobooth size cm,0,43,2.4,0.0
how does the 360 photo booth work,0,42,41.48,0.0
headshot booth,0,42,30.76,0.0
360 photo booth how it works,0,42,62.28,0.0
phootbooth,0,42,73.51,0.0
glam booth photo booth,0,42,26.07,0.0
360 photo booth description,0,42,65.74,0.0
how to get a photo booth,0,42,72.64,0.0
how to make props for photo booth,0,42,9.38,0.0
phootoboth,0,41,69.81,0.0
360 photo booth rental san diego,0,41,28.66,0.0
photobootj,0,41,45.81,0.0
how to use a 360 photo booth,0,41,41.86,0.0
photo-me photo booth dimensions weight,0,41,5.44,0.0
fotostrip,0,41,1.25,0.0
phtot booth,0,41,70.12,0.0
photo booth gallery,0,41,86.5,0.0
photo booth rental lido beach fl,0,41,75.06,0.0
photo booth type pictures,2,41,14.15,4.878
booth photo,0,40,26.06,0.0
photo biith,0,40,70.52,0.0
"business portrait photography coconut grove, fl",0,40,51.73,0.0
photo vooth,0,40,63.47,0.0
strip image meaning,0,40,1.12,0.0
photooboth,0,40,66.12,0.0
paparazzi photo booth,0,40,66.55,0.0
photo bboth,0,40,67.43,0.0
photo booth pictures name,0,39,2.31,0.0
snapshot timezone,0,39,1.04,0.0
photo booth rental florida,0,39,66.61,0.0
photobboth,0,39,62.41,0.0
strip photobooth adalah,0,39,1.72,0.0
how do 360 photo booths work,0,39,38.71,0.0
photo booth paper,0,39,8.73,0.0
photobolth,0,39,64.57,0.0
photo booth event planning,0,39,85.14,0.0
rental photo booth for wedding,0,38,47.55,0.0
photo booth rental services,0,38,80.53,0.0
complete guide to wedding photo booths,0,38,54.41,0.0
photo boooth,0,38,65.72,0.0
typical photo booth print size,2,38,1.42,5.263
strip photo,0,38,3.15,0.0
photo.booth,0,38,57.78,0.0
polaroid frame for photo booth,0,37,9.96,0.0
photo booth international,0,37,77.46,0.0
photo props,1,37,3.33,2.703
photo props diy,0,37,15.62,0.0
photo ooth,0,37,55.13,0.0
booth pictures,0,37,6.4,0.0
photebooth,0,37,69.85,0.0
corporate photo booth rental miami,0,37,10.84,0.0
what is a photo booth picture called,0,37,3.61,0.0
what are the pictures called from a photo booth,0,37,3.66,0.0
photobooth print sizes,2,37,2.71,5.405
photo booth strip ideas,0,37,13.55,0.0
strip photobooth,0,37,4.93,0.0
360 booth anaheim,0,37,95.68,0.0
photobooth studio,0,36,65.59,0.0
polaroid photo booth frame,0,36,13.54,0.0
booth rental in miami,0,36,13.1,0.0
photo booth in chinese,0,36,2.18,0.0
photobooth prints,0,36,8.1,0.0
phtobooth,0,36,53.85,0.0
photo booth rentals near me,0,35,15.84,0.0
what are photobooth pictures called,0,35,4.14,0.0
photo booth or photobooth,0,35,2.11,0.0
strip photo booth,0,34,9.81,0.0
ohotobooth,0,34,70.24,0.0
strip photos,0,34,2.03,0.0
photo booth polaroid frame,0,34,11.04,0.0
photo strip standard size,0,34,1.91,0.0
photobooth print,0,34,6.63,0.0
vintage photo booth miami,0,34,31.94,0.0
diy photobooth props,0,34,8.85,0.0
another word for photo booth,0,33,1.15,0.0
how to make a photo booth,0,33,53.38,0.0
photo booth print out,0,33,15.14,0.0
picture booth rental,1,33,24.81,3.03
pothobooth,0,33,67.25,0.0
photo booth size picture frames,3,33,1.83,9.091
photobooth trends 2026,0,33,5.89,0.0
photo booth frame dimensions,1,33,6.92,3.03
photo booth frame,0,33,9.25,0.0
photo booth for wedding rental,0,33,42.97,0.0
bedanya photobooth dan photobox,0,33,2.86,0.0
photo booth image,0,33,17.96,0.0
photo booth in miami fl,0,33,13.05,0.0
phobooth,0,33,68.16,0.0
miami custom booth,0,33,56.16,0.0
photobooth picture sizes,3,32,1.27,9.375
selfie photo booth rental,0,32,82.63,0.0
phot booth,0,32,56.72,0.0
photobooth paper,0,32,1.34,0.0
photo booth dimension,0,32,1.58,0.0
size photobooth strip,0,32,2.31,0.0
what are these pictures called,0,32,7.86,0.0
2x2 size,0,32,1.0,0.0
photobooth tits,0,32,2.47,0.0
photo booth synonym,0,32,13.5,0.0
how big is a photo booth picture,1,32,2.64,3.125
photo booth photo name,1,32,4.24,3.125
photo booht,0,31,67.9,0.0
what is photobooth,0,31,18.52,0.0
2x2 booth size,0,31,8.2,0.0
photoboothh,0,31,71.7,0.0
rental photo booth,0,31,34.54,0.0
strip photo booth near me,0,31,3.34,0.0
photo booth photo strip,0,31,14.1,0.0
phoyobooth,0,30,58.12,0.0
photobox,0,30,2.02,0.0
photo booth trends 2026,0,30,6.25,0.0
photo booth .,0,30,71.91,0.0
diy photo prop,0,30,14.72,0.0
display photo booth strips,0,30,10.61,0.0
photo booth strip frame,0,30,7.78,0.0
dimensions of a photobooth strip,1,30,1.99,3.333
photobooth words,0,29,1.16,0.0
miami 360 photo booth,0,29,13.03,0.0
how to display photobooth strips,0,29,6.35,0.0
hotobooth,0,29,61.77,0.0
black and white photo booth hire,0,29,11.36,0.0
"""viral photo booth"" white curtain or backdrop or strip",0,29,2.07,0.0
selfie rental,0,29,70.4,0.0
photo bith,0,29,69.43,0.0
fofobooth,0,29,45.3,0.0
how to pose for 360 photo booth,2,29,10.85,6.897
photoboooth,0,29,56.96,0.0
foto both,0,29,59.83,0.0
mirror booth miami,0,29,48.61,0.0
polaroid picture size,0,29,1.0,0.0
rent photobooth,1,28,24.78,3.571
size photo booth,0,28,4.57,0.0
2by2 picture size,0,28,1.0,0.0
photo booth adalah,0,28,2.44,0.0
mia mirror booth,0,28,12.29,0.0
photboth,0,28,67.95,0.0
photoobooth,0,28,62.27,0.0
photo booth rental in miami beach,0,28,10.55,0.0
360 photo booth near me,0,28,11.59,0.0
dimension photobooth,0,28,3.71,0.0
"""rent a 360 photo booth""",0,28,92.3,0.0
360 photo booth photos,0,28,14.45,0.0
photobooth wynwood,0,28,9.77,0.0
diy photo booth props ideas,0,27,8.23,0.0
photo strip display,0,27,18.85,0.0
360 photo booth what is it,0,27,53.7,0.0
360 photo booth for rent near me,0,27,14.15,0.0
photo booth film strip,0,27,10.34,0.0
apartments in southeast gables fl,0,27,86.63,0.0
photoboorh,0,27,62.96,0.0
photo booth international llc,0,27,59.83,0.0
mia booth,0,27,10.82,0.0
what is the size of polaroid picture,0,27,1.0,0.0
rent a photo booth near me,0,27,16.22,0.0
photo strips framed,0,26,9.16,0.0
photovooth,0,26,64.54,0.0
photo booth for wedding,0,26,17.65,0.0
phoyo booth,0,26,60.94,0.0
what are the dimensions of a photobooth strip,0,26,1.42,0.0
how to operate a 360 photo booth,0,26,33.97,0.0
how can i keep photo booth decorations looking fresh during a party?,0,26,28.76,0.0
what is a photobooth picture called,0,26,4.16,0.0
photo booth rental north miami,0,26,45.0,0.0
360 glam cam rental,0,26,68.91,0.0
my event photo booth,0,25,72.69,0.0
photi booth,0,25,67.16,0.0
phot both,0,25,66.56,0.0
phootobooth,0,25,63.33,0.0
photo boith,0,25,66.11,0.0
ring light photo booth rental,1,25,22.06,4.0
photo from photo booth,0,25,1.59,0.0
photog booth,0,25,9.99,0.0
mobile picture booth,0,25,66.64,0.0
360 booth rental,0,25,28.56,0.0
360 booth rental near me,0,25,15.97,0.0
what is a photo booth strip called,0,25,1.56,0.0
360 photo booth rental near me,0,25,15.34,0.0
2x6 photo strip paper,0,25,1.5,0.0
rent 360 photo booth near me,1,25,10.24,4.0
photoboith,0,25,60.83,0.0
poto booth,0,25,62.5,0.0
what are creative photo booth ideas for weddings?,0,25,43.06,0.0
photobooth landscape size,0,25,3.06,0.0
props for photo booth diy,0,24,7.87,0.0
booth pics photo booth,0,24,3.22,0.0
rent my photo booth,0,24,28.97,0.0
photo booth machine near me,0,24,17.63,0.0
phoobooth,0,24,68.39,0.0
photo booh,0,24,67.39,0.0
"""blababooth"" ""magic strip""",0,24,4.83,0.0
photo bioth,0,24,67.42,0.0
hoto booth,0,24,64.75,0.0
miami 360 photo booth rental,1,24,10.21,4.167
rent photo booth near me,0,24,14.87,0.0
photo booth prop ideas,0,24,20.06,0.0
photo booth print,0,24,7.05,0.0
photobooth strip sizes,0,24,2.02,0.0
complete photo booth,0,24,78.59,0.0
photo booth rental plant city fl,0,24,86.63,0.0
360 booth san diego,0,24,48.5,0.0
photobooth in french,0,24,2.26,0.0
photobooth word,0,23,1.27,0.0
photo booth setup,0,23,45.52,0.0
traditional photo booth,0,23,1.05,0.0
photo booyh,0,23,63.43,0.0
strip foto adalah,0,23,1.68,0.0
custom photobooth,0,23,50.24,0.0
photo booth materials,0,23,29.48,0.0
photobooth poses,0,23,5.92,0.0
fphotobooth,0,23,70.59,0.0
polaroid frame photo booth,1,23,11.79,4.348
pgoto booth,0,23,69.48,0.0
phitobooth,0,23,66.75,0.0
photo bootb,0,23,69.83,0.0
perbedaan photobooth dan photobox,0,23,2.33,0.0
what is a photo booth strip,0,23,3.49,0.0
photho booth,0,23,68.8,0.0
photo bhooth,0,23,74.04,0.0
2 strip photobooth,0,23,1.14,0.0
photo booth for birthday party,0,23,77.45,0.0
portable photo booth rental,0,23,53.84,0.0
photo booth means,0,23,33.45,0.0
foto bootj,0,23,70.7,0.0
ukuran kertas photobooth,0,23,5.55,0.0
photo booth name,0,23,28.65,0.0
360 camera booth rental near me,0,23,17.88,0.0
blababooth photo strip sample image,0,23,6.96,0.0
photp booth,0,23,69.02,0.0
photobooth photo strip,0,22,13.1,0.0
ohoto booth,0,22,67.95,0.0
phoo booth,0,22,70.45,0.0
2 mb ka photo size,0,22,3.32,0.0
photobooth name,0,22,18.28,0.0
photobooty,0,22,63.73,0.0
what's smaller than 4x6 photo,0,22,1.0,0.0
how to describe photo booth,0,22,8.93,0.0
the photo booth,0,22,27.12,0.0
"photo booth rental in miami, fl -site:indeed.com -site:instagram.com -site:wikipedia.org -site:linkedin.com -site:bark.com -site:facebook.com/groups",0,22,7.23,0.0
ophoto booth,0,22,70.42,0.0
360 photo booth images,0,22,14.47,0.0
photo strip ideas,0,22,11.04,0.0
standard photostrip size,1,22,1.85,4.545
blababooth photo strip example text,0,22,2.45,0.0
best photobooth rental miami,0,22,9.48,0.0
photo booth word,0,22,4.42,0.0
photo me photo sizes,0,22,18.8,0.0
fotostreifen,0,22,7.88,0.0
photo strip photo booth,0,22,20.68,0.0
sweet 16 photo booth rental,0,22,36.89,0.0
what is a photobooth,0,21,11.6,0.0
what is the size of 2x2 picture,0,21,1.0,0.0
photibooth,0,21,71.95,0.0
phote booth,0,21,73.15,0.0
ขนาดphoto booth,0,21,1.08,0.0
what does your photo booth,0,21,21.14,0.0
photobooth in korean,0,21,2.38,0.0
camera booth photos,0,21,2.5,0.0
ideas for photo booth props,0,21,17.42,0.0
photo booth for parties,1,21,8.32,4.762
photo bootth,0,21,71.76,0.0
photo buffet meaning,0,21,1.0,0.0
mosaic photo booth miami,0,21,82.9,0.0
pphotobooth,0,21,72.9,0.0
renting a photo booth,0,21,39.61,0.0
mía photobooth,0,21,9.52,0.0
digital photo booth,0,20,7.6,0.0
iphoto booth,0,20,70.3,0.0
photos from photo booth,0,20,2.0,0.0
frame photo booth strips,0,20,1.11,0.0
photo booth on rent,0,20,49.77,0.0
glam booth,0,20,14.53,0.0
dana park acme cloud headshot or profile photo or speaker,0,20,5.01,0.0
photo booth artinya,0,20,2.62,0.0
picture booth photos,0,20,62.55,0.0
photobooth for birthday,0,20,9.03,0.0
fotoboorh,0,20,74.15,0.0
poses for 360 photo booth,1,20,10.67,5.0
mia photography,0,20,2.63,0.0
selfie booth for rent,0,20,23.28,0.0
photo trip,0,20,1.33,0.0
photobooth film strip,0,19,6.57,0.0
strap photobooth,0,19,1.59,0.0
photobooth definition,0,19,42.59,0.0
what do you need for a 360 photo booth,0,19,28.11,0.0
normal photo booth strip size,0,19,1.35,0.0
photobooth strip ideas,0,19,7.37,0.0
photo booth rental keystone fl,0,19,73.22,0.0
blababooth photo strip image,0,19,8.52,0.0
photo rental booth,0,19,61.5,0.0
photostrip photobooth,0,19,10.86,0.0
2x6 photo strips,0,19,1.06,0.0
photostrip meaning,0,19,1.0,0.0
photo booth rental westchester county ny,0,19,72.55,0.0
studio photo booth,0,19,51.58,0.0
typical photo booth strip size,0,19,3.73,0.0
wynwood photobooth,0,19,10.26,0.0
picture of photo booth,0,19,22.86,0.0
strip image size,0,18,2.18,0.0
photo booth definition,0,18,50.26,0.0
mini photo strip size in cm,1,18,1.63,5.556
ukuran foto strip photobooth,1,18,1.86,5.556
2x6 print,0,18,1.0,0.0
photobooth timezone,0,18,1.0,0.0
"photo booth hire company in coral terrace, miami-dade county",0,18,22.93,0.0
photobooth rental in miami,0,18,9.65,0.0
rent a photobooth,0,18,30.45,0.0
photo booth square,0,18,7.53,0.0
photobooth gallery,0,18,83.48,0.0
strip of photos,0,18,4.28,0.0
car photobooth,0,18,90.05,0.0
framed photobooth strips,0,17,7.34,0.0
photo-me model 17 photobooth weight dimensions,0,17,1.0,0.0
apa itu photo booth,0,17,1.11,0.0
photobooth company,0,17,30.62,0.0
business portrait photography coral gables,0,17,70.4,0.0
#miamiphotobooth,0,17,3.62,0.0
photo booth backdrop size,0,17,49.0,0.0
photobooth series,0,17,1.0,0.0
kissing booth photo prop,0,17,9.23,0.0
photo booth rental sun city center fl,0,17,60.5,0.0
photostrip dimension,0,17,2.19,0.0
photo strip size in mm,0,17,1.71,0.0
dimension photo photobooth,1,17,2.03,5.882
"fotorama photobooth, photography and videography",0,17,9.05,0.0
photobooth strip standard size 2 x 6 inches,0,17,5.54,0.0
what is this called,0,17,9.38,0.0
booth pics,0,16,7.4,0.0
"passport photography coral gables, fl",0,16,86.54,0.0
photo booth black and white,0,16,41.04,0.0
size ảnh photo booth,0,16,1.27,0.0
tiras de fotos,0,16,2.44,0.0
photobooth wedding,0,16,2.16,0.0
2 by 6 photo size,0,16,3.86,0.0
chinchin photo booth,0,16,6.38,0.0
360 camera booth near me,0,16,12.55,0.0
photostrip size photobooth in cm,0,16,6.21,0.0
photo booths near me,0,16,7.59,0.0
mirror photo booth miami,0,16,40.75,0.0
photo booth rental indian shores fl,0,16,79.0,0.0
photo booth rental lakeland,0,16,72.38,0.0
diy photography props,0,15,13.17,0.0
diy photo booth prop,0,15,19.76,0.0
selfie strip,0,15,1.77,0.0
booth,0,15,7.51,0.0
photo strip template size,0,15,2.62,0.0
photo booth pic size,0,15,2.04,0.0
lighting for a photo booth,0,15,41.58,0.0
photo booth for holiday parties,0,15,7.64,0.0
photo booth format,0,15,4.54,0.0
apa itu photobooth,0,15,3.42,0.0
ring roamer,0,15,45.46,0.0
photo booth rental for birthday party,0,15,28.46,0.0
how to make your own photo booth props,0,15,10.33,0.0
taille photo photobooth,1,15,5.13,6.667
360 spinner booth san diego,0,15,68.13,0.0
360 photo booth rental north miami,0,15,39.27,0.0
mosaic photo booth north miami,0,15,76.93,0.0
how much are photo booth pictures,0,15,4.83,0.0
photobooth strip size in canva,0,15,1.0,0.0
strip polaroid size,0,15,1.31,0.0
photo paper size for photobooth,0,15,1.3,0.0
party camera,0,15,12.44,0.0
standard size of photobooth,0,15,3.21,0.0
is photo booth one word,0,15,74.75,0.0
photobooth size in feet,0,15,8.29,0.0
how to set up a photo booth,0,15,58.5,0.0
a.i photo booth,0,15,21.54,0.0
photobooth chinese,0,15,2.33,0.0
polaroid strip,0,15,6.58,0.0
my photobooth,0,14,40.58,0.0
"""photo booth"" ""wynwood"" ""miami"" bar",0,14,6.63,0.0
what size is 2x6 in inches,0,14,2.0,0.0
4 strip photobooth,0,14,1.17,0.0
photo booth props ideas,0,14,15.31,0.0
photo strip booth,0,14,11.09,0.0
photobox atau photo booth,0,14,2.8,0.0
hasil photobooth namanya apa,0,14,1.67,0.0
photo booth series,0,14,1.18,0.0
mobile photobooth,1,14,32.35,7.143
photo booth vendors,1,14,39.67,7.143
photomaton fotos,0,14,1.0,0.0
glam booth rental,0,14,10.62,0.0
rental for photo booth,0,14,44.6,0.0
photo booth photo size cm,0,14,3.03,0.0
photo booth photo frame,0,14,7.81,0.0
photo booth rent,1,14,18.53,7.143
photobooth en español,0,14,2.38,0.0
photobooth shots,0,14,1.23,0.0
photo booth photo strips,0,14,36.58,0.0
square photo booth,0,14,8.15,0.0
social media photobooth,0,14,73.64,0.0
photo booth for birthday,0,14,55.11,0.0
building a photo booth,0,14,52.0,0.0
standard photo booth backdrop size,0,14,23.38,0.0
diy polaroid photo booth frame,0,14,12.65,0.0
photo booth creative ideas,0,14,49.95,0.0
picture strip,0,14,2.09,0.0
photo booth atau photobox,0,14,2.25,0.0
diy polaroid frame for photo booth,0,14,15.05,0.0
camera photo booth,0,13,8.75,0.0
perbedaan photo box dan photo booth,0,13,2.5,0.0
palabras relacionadas con fotomaton,0,13,1.0,0.0
what to see in downtown miami,0,13,1.0,0.0
photo booth for events,0,13,8.68,0.0
photo booth westchester ny,0,13,76.0,0.0
360 photo booth backdrop ideas,0,13,2.14,0.0
360 camera stand rental,0,13,79.7,0.0
hasil photobox namanya apa,0,13,1.17,0.0
roamer photo booth md,0,13,85.92,0.0
backdrop size for photo booth,0,13,58.58,0.0
how long is a photobooth strip,0,13,1.97,0.0
"photo booth rental in allapattah, florida",0,13,13.46,0.0
how to choose the best photobooth for your event in sedona,0,13,71.76,0.0
photo booth prop display ideas,0,13,8.55,0.0
portable photo booth that fits minimalist or elegant event aesthetics,0,13,6.6,0.0
photo booth in malay,0,13,3.15,0.0
2x2 picture size in percentage,0,13,1.0,0.0
camera booth,0,13,7.85,0.0
photo booth frame measurements,0,13,8.55,0.0
photobooth slips,0,13,1.62,0.0
photobooth adalah,0,13,2.54,0.0
photobooth pfp,0,13,7.28,0.0
photo stips,0,13,2.94,0.0
strip photobooth ukuran,0,13,1.91,0.0
whats a 360 photo booth,0,13,56.04,0.0
فوتوبوث,0,13,3.0,0.0
photobooth for rent,0,13,23.05,0.0
blababooth photo strip size,0,13,7.96,0.0
guestbook service,0,13,40.85,0.0
message booth,0,12,45.82,0.0
perbedaan photobox dan photobooth,0,12,2.75,0.0
booth picture,0,12,14.0,0.0
mobile photo booth rental,0,12,16.18,0.0
photobooth printer strips,0,12,3.17,0.0
#photoboothmiami,0,12,3.25,0.0
photo booth for rental,0,12,40.8,0.0
roamer photo booth va,0,12,96.25,0.0
what do you call the pictures that come out of a camera,0,12,1.25,0.0
photo booth display,0,12,30.5,0.0
photo booth 360 rental,0,12,9.05,0.0
photo booth business,0,12,8.82,0.0
meaning of photo booth,0,12,2.9,0.0
polaroid photo booth frame diy,1,12,11.36,8.333
polaroid size in inches,0,12,1.0,0.0
ukuran kertas fotobooth,0,12,1.76,0.0
diy polaroid frame,0,12,22.31,0.0
photo booth print out size,1,12,1.28,8.333
car photo booth,0,12,88.83,0.0
beda photobooth dan photobox,0,12,2.25,0.0
post office photo booth,0,12,1.0,0.0
kissing booth prop,0,12,9.86,0.0
roamer photo booth fort washington,0,12,12.5,0.0
360 photo booth event image,0,12,77.0,0.0
360 photo booth picture,0,12,23.26,0.0
how big is 6x4 photo,0,12,1.0,0.0
ukuran cetak photobooth,0,12,19.72,0.0
"photo booth rental in miami springs, florida",0,12,13.0,0.0
photo booth rental companies,0,12,55.28,0.0
premiere photo booth,0,12,29.0,0.0
wedding shower photo booth,0,12,17.45,0.0
photo booth phone,0,12,54.59,0.0
photo booth picture frame,0,12,6.82,0.0
stripe photobooth,0,12,2.17,0.0
photo box,0,12,1.75,0.0
5r photo size,0,12,1.0,0.0
strip size,0,12,8.33,0.0
photo booth studio,0,12,67.2,0.0
photo strip prints,0,12,6.0,0.0
photo strip photobooth,0,12,9.41,0.0
strip picture,0,12,2.15,0.0
photo ring rental,0,12,55.7,0.0
prop ideas for photo booth,0,12,27.68,0.0
photobooth strip frame,0,12,6.75,0.0
strip foto,0,12,2.23,0.0
fotomaton sinonimos,0,12,1.78,0.0
custom backdrops for photo booth,0,12,88.56,0.0
photobooth shoot,0,12,3.69,0.0
birthday photo booth rental,0,12,41.7,0.0
film strip size in inches,0,12,2.44,0.0
apa bedanya photobox dan photobooth,0,12,2.67,0.0
photobooth images,0,12,24.68,0.0
nautical shipwrecked photoshoot prop ideas,0,12,7.78,0.0
rent portable photo booth,0,12,60.67,0.0
"""photo booth mini"" app photo strips",0,11,2.0,0.0
"""(786) 833-7645"" mia photo booth",0,11,1.92,0.0
(inurl:photo) maim,0,11,7.62,0.0
perbedaan photobooth dan photo studio,0,11,2.0,0.0
magazine photo booth,0,11,7.3,0.0
booth size,0,11,13.36,0.0
mia photo,0,11,4.18,0.0
blababooth sample photo strip image,0,11,8.0,0.0
mini photo strips,0,11,6.79,0.0
roamer photo booth baltimore md,0,11,80.22,0.0
photo booth props,0,11,30.3,0.0
ukuran photostrip,0,11,3.44,0.0
photo booth rental orient park fl,0,11,83.36,0.0
photoboothmiami,0,11,4.75,0.0
how to make a photo booth frame from foam board,0,11,6.93,0.0
photobooth picture frame,0,11,6.55,0.0
vendor photobooth,0,11,52.4,0.0
what are the dimensions of a photo strip,0,11,3.08,0.0
"photo booth in miami springs, florida",0,11,15.35,0.0
"photo booth in miami, florida -site:indeed.com -site:instagram.com -site:wikipedia.org -site:linkedin.com -site:bark.com -site:facebook.com/groups",0,11,12.81,0.0
what are the photos that come out of cameras called,0,11,1.0,0.0
photo booth for school dances,0,11,53.73,0.0
photo booth florida,0,11,52.0,0.0
camera rental packages miami,0,11,25.8,0.0
photo booth strip printer,0,11,3.91,0.0
corporate photo booth north miami,0,11,48.36,0.0
photobooth stand,0,11,5.9,0.0
photobooth party,0,11,76.3,0.0
photo strip printer,0,11,3.22,0.0
photobooth stickers,0,11,5.6,0.0
glam booth wedding,0,11,23.52,0.0
photo booths for rent,1,11,12.0,9.091
360 photo booth poses,0,11,38.62,0.0
photobooth vendor,0,11,36.83,0.0
photo booth tits,0,11,2.08,0.0
photobooth prop ideas,0,11,7.85,0.0
cinema quality 360 degree photo booth setup time,0,11,8.18,0.0
home photo booth,0,11,52.5,0.0
mobile photo booths,0,10,50.08,0.0
size photo booth strip,0,10,2.5,0.0
mirror booth north miami,0,10,48.1,0.0
renting photo booth,0,10,30.71,0.0
photo stripes,0,10,2.25,0.0
props for photo booth ideas,0,10,34.2,0.0
photobooth stripe,0,10,2.0,0.0
photo booth size in feet,0,10,1.3,0.0
tira de fotos,0,10,3.1,0.0
headshot booth miami fl,0,10,36.78,0.0
mii film photobooth,0,10,14.17,0.0
photo strip booth near me,0,10,4.72,0.0
booth photo wedding,0,10,6.1,0.0
2 strips photobooth,0,10,2.9,0.0
what size is 2x2 picture,0,10,1.0,0.0
picture booth pictures,0,10,14.7,0.0
booth strip,0,10,1.0,0.0
photobooth for events,0,10,11.1,0.0
using pillows for photo booth props at events,0,10,22.89,0.0
how to use 360 photo booth,0,10,41.08,0.0
cheap photo booth rental,0,10,13.28,0.0
photo.booth rental,0,10,7.0,0.0
360 poses,0,10,53.4,0.0
photobooth rent,0,10,7.0,0.0
framing photo booth strips,0,10,35.38,0.0
birthday party photo booth rental,0,10,27.33,0.0
virginia gardens park camera,0,10,9.19,0.0
"photo booth hire company in allapattah, miami-dade county",0,10,22.33,0.0
photo strip size in canva,0,10,2.0,0.0
photo strip photo booth size,0,10,1.75,0.0
frame sizes smaller than 4x6,0,10,3.0,0.0
photobooth wall,0,10,7.5,0.0
photo booth with us,0,10,63.75,0.0
photo booth corner,0,10,2.19,0.0
capture photo booth,0,10,6.56,0.0
what are photo booth props,0,10,65.0,0.0
film strip photo booth,0,10,44.61,0.0
photos in a booth,0,10,3.0,0.0
how to print photo booth strips at walgreens,0,10,1.0,0.0
photo booth rental tierra verde fl,0,10,91.5,0.0
how to set up a photobooth,0,10,66.06,0.0
photo booth prop holder ideas,0,10,6.14,0.0
photo booth date,0,10,1.0,0.0
kissing booth rental,1,10,4.12,10.0
what are the pictures that come out of cameras called,0,10,1.0,0.0
"photo booth in allapattah, florida",0,10,21.28,0.0
diy 360 photo booth,0,10,2.43,0.0
camera rental miami fl,0,10,64.1,0.0
"""exhibits studio"" founded or established year",0,9,3.75,0.0
booth pic,0,9,4.92,0.0
louer photobooth,0,9,68.94,0.0
photobooth logo,0,9,16.57,0.0
photobooth service,0,9,34.67,0.0
rentable photo booth,0,9,13.67,0.0
picture of a photo booth,0,9,8.69,0.0
make a photo booth strip,0,9,46.06,0.0
polaroid size in cm,0,9,1.33,0.0
معنى فوتوبوث,0,9,1.43,0.0
diy photo booth equipment rental,0,9,73.57,0.0
how to make photo booth frame,0,9,17.64,0.0
2x6 inches,0,9,2.78,0.0
photos from the event booth,0,9,7.89,0.0
celebrity photo booth,0,9,68.79,0.0
"photo booth rental in miami beach, miami-dade county",0,9,43.7,0.0
photo booth rental north redington beach fl,0,9,94.33,0.0
photo booth rental oldsmar fl,0,9,93.78,0.0
"photo booth hire company in allapattah, florida",0,9,22.29,0.0
photobooth height,0,9,7.0,0.0
"photo booth hire company in miami springs, florida",0,9,11.33,0.0
kích thước frame photobooth phổ biến,0,9,3.75,0.0
photo booth camera rental,0,9,13.44,0.0
photo booth chinese,0,9,2.5,0.0
what do you call the strip of photos from a photo booth,0,9,1.35,0.0
photo booth cerca de mi,0,9,9.0,0.0
photostrip frame,0,9,8.69,0.0
photo booth lighting setup,1,9,13.14,11.111
photostrip kpop size,0,9,1.94,0.0
photo booth kiralama,0,9,36.14,0.0
photobooth film,0,9,1.88,0.0
how to set up photo booth,0,9,53.04,0.0
photo booth printing,0,9,32.89,0.0
how to work a 360 photo booth,0,9,36.1,0.0
photo booth rental westchester ny,0,9,73.94,0.0
photobooth shot,0,9,2.0,0.0
types of photo booths,0,9,12.22,0.0
south florida photo booth,0,9,54.44,0.0
how to create photo booth props,0,9,22.22,0.0
photo booth strip size canva,0,9,1.88,0.0
photo booth wall,0,9,3.0,0.0
photo booth translate,0,9,2.38,0.0
photobooths for rent,0,9,47.21,0.0
photo booth shots,0,9,4.78,0.0
photobooths miami,0,9,1.25,0.0
photobooths near me,0,9,8.25,0.0
360 photo booth rental largo fl,0,9,93.33,0.0
photo booth that prints strips,0,9,7.38,0.0
standard polaroid size,0,9,1.0,0.0
telephone booth photo,0,9,5.75,0.0
photobooth store,0,9,60.11,0.0
blababooth photo strip how many photos,0,9,2.0,0.0
frame photo booth,0,9,7.67,0.0
rent a camera miami,0,9,61.33,0.0
photo pod,0,9,69.71,0.0
4x6 inches,1,9,3.75,11.111
photo box dimensions,0,9,28.88,0.0
photo frame booth,0,9,7.46,0.0
blababooth photo strip example text readable,0,9,2.65,0.0
aeon photobooth,0,9,1.0,0.0
average polaroid size,0,9,1.0,0.0
strip photo frame,0,9,6.81,0.0
four poses photobooth,0,9,6.86,0.0
do it yourself wedding photo booth,0,9,73.43,0.0
strip photography,0,9,6.79,0.0
فوتو بوث,0,9,4.44,0.0
photobooth experience,0,8,55.0,0.0
photobooth en français,0,8,2.12,0.0
photobooth drawing,0,8,7.94,0.0
photo booth one word or two,0,8,75.12,0.0
vintage photo booth strips,0,8,47.93,0.0
photo booth nearby,0,8,9.5,0.0
diy polaroid photo booth,0,8,18.17,0.0
diy wedding photo booth,0,8,52.9,0.0
phototbooth,0,8,16.0,0.0
dynamic photo booth san diego,0,8,26.75,0.0
photobooth nipslip,0,8,10.5,0.0
photobooth name ideas,0,8,3.14,0.0
photobooth one word or two,0,8,44.75,0.0
photomaton taille photo,0,8,7.14,0.0
miami event photos,0,8,83.57,0.0
pair prop polaroid,0,8,7.17,0.0
what is this photo called,0,8,11.75,0.0
wedding photobooth,0,8,7.5,0.0
"photo booth in west miami, florida",0,8,19.07,0.0
photo booth medidas,1,8,1.33,12.5
size of 2x2,0,8,1.0,0.0
photobooth photoshoot,0,8,2.0,0.0
photobooth photo frame,0,8,6.5,0.0
booth image,0,8,2.33,0.0
portable photo booth minimalist elegant event aesthetics,0,8,16.78,0.0
what are these called,0,8,10.5,0.0
photo photo booth,0,8,55.12,0.0
photo bootj,0,8,44.05,0.0
photo booth in french,0,8,2.25,0.0
2 2 frame size in cm,0,8,1.0,0.0
"photo booth in allapattah, miami-dade county",0,8,46.06,0.0
affordable photo booth,0,8,1.83,0.0
is it photobooth or photo booth?,0,8,31.38,0.0
photobooth picture strip,0,8,10.71,0.0
photobooth vendors,0,8,8.29,0.0
photo booth diy props,0,8,4.5,0.0
photo booth service,0,8,16.58,0.0
360 photo booth rental olympia,0,8,42.86,0.0
360 photo booth png,0,8,9.28,0.0
local guide program,0,8,1.0,0.0
360 pose,0,8,16.75,0.0
myboothpic,0,8,5.15,0.0
what to do with photo booth pictures,0,8,27.17,0.0
nama photobooth,0,8,3.12,0.0
foto box,0,8,5.93,0.0
framing photobooth strips,0,8,6.54,0.0
360 camera booth,0,8,8.92,0.0
blababooth sample photo strip text readable,0,8,6.63,0.0
meaning of photobooth,0,8,2.71,0.0
"photo booth rental in miami beach, florida",0,8,45.58,0.0
how to make a frame for a photo booth,0,8,21.83,0.0
photo strips ideas,0,8,13.56,0.0
"photo booth hire company in miami, florida",0,8,19.77,0.0
360 camera booth rental,0,8,10.83,0.0
corporate event photo booth rental,0,8,9.62,0.0
how to frame photo booth strips,0,8,16.88,0.0
types of photobooths,0,8,1.83,0.0
professional photo booth,0,8,61.43,0.0
print photo booth,0,8,3.14,0.0
photo booth rental portsmouth,0,8,93.43,0.0
polaroid pic size,0,8,1.0,0.0
photo booth to rent,0,8,17.0,0.0
photo booth usa,0,8,84.47,0.0
photo booth wedding,0,8,8.33,0.0
photobooth image,0,8,32.0,0.0
what does a 360 photo booth do,0,8,59.1,0.0
how big is a photo booth,0,8,6.25,0.0
camera rentals miami,0,8,59.88,0.0
arti photo booth,0,8,2.62,0.0
photobooth props,0,8,13.58,0.0
photoboo-thing,0,8,4.93,0.0
fotobooth,0,7,4.0,0.0
rental picture booth,0,7,38.07,0.0
2x6 photo paper,0,7,1.33,0.0
photostrip holder,0,7,6.4,0.0
photobooth event,0,7,2.83,0.0
photobooth or photobox,0,7,1.5,0.0
what is the standard size of a photobooth strip,0,7,2.58,0.0
mini photo strip,0,7,4.27,0.0
xl photobooth strip,0,7,3.08,0.0
photobooth strip standard size 2 x 6 inches source,0,7,6.61,0.0
photonooth,0,7,8.71,0.0
wedding photobooth strips,0,7,23.25,0.0
photo booth rental anna marie island,0,7,63.75,0.0
polaroid strips,0,7,7.14,0.0
kertas foto strip,0,7,1.0,0.0
photogenic photobooth,0,7,6.75,0.0
booth photography,0,7,5.29,0.0
polaroid picture frame photo booth,0,7,12.42,0.0
photobooth art,0,7,7.8,0.0
photo booth printer,0,7,4.0,0.0
3 strip photobooth,0,7,1.0,0.0
photo booth poses,0,7,6.0,0.0
2 by 2 size,0,7,1.0,0.0
polaroid print size,0,7,1.0,0.0
ipad rental miami,0,7,78.6,0.0
"photo booth in miami, fl",0,7,22.31,0.0
small photo booth rental,0,7,25.43,0.0
apa perbedaan photobooth dan photobox,0,7,2.92,0.0
photobooth in japanese,0,7,2.71,0.0
360 degree photo booth trends 2026,0,7,6.0,0.0
"photo booth rental in miami, miami-dade county",0,7,37.06,0.0
photo booth rental fort lauderdale fl,0,7,88.17,0.0
photo booth rental hollywood,0,7,71.58,0.0
photo booth rental in florida,0,7,46.71,0.0
coral springs photo booth,0,7,29.5,0.0
strip pictures,0,7,2.17,0.0
"photo booth rental in miami gardens, florida",0,7,28.75,0.0
booth de fotos,0,7,89.71,0.0
esteem photo booth rentals,0,7,35.67,0.0
photo booth rental for wedding,0,7,45.29,0.0
photoism size in cm,0,7,1.2,0.0
"photo booth rental in miami gardens, miami-dade county",0,7,28.17,0.0
phone booth wedding rental,0,7,26.83,0.0
360 booth rental for special occasion,0,7,79.0,0.0
measurements of photo booth strip,0,7,1.25,0.0
ukuran kertas foto booth,0,7,2.0,0.0
beda photobox dan photobooth,0,7,1.86,0.0
"photo booth hire company in miami springs, miami-dade county",0,7,34.71,0.0
strip magnet photobooth,0,7,4.33,0.0
strip club photo booth,0,7,5.29,0.0
photo cabin,0,7,11.17,0.0
photo paper for photo booth,0,7,1.4,0.0
photo booth icon,0,7,4.67,0.0
photobooth portrait,0,7,3.0,0.0
photo booth atau photobooth,0,7,2.0,0.0
diy kissing booth photo prop,0,7,9.7,0.0
photo booth for party rental,0,7,50.58,0.0
photobootb,0,7,32.14,0.0
tiras fotograficas,0,7,2.17,0.0
360 photo booth results,0,7,33.92,0.0
times square photo booth,0,7,1.0,0.0
taille photo photomaton,0,7,6.0,0.0
photobooth terdekat,0,7,8.71,0.0
copies,0,7,1.2,0.0
photo booth перевод,0,7,3.08,0.0
photobooth session,0,7,1.0,0.0
rotating camera rental,0,7,99.43,0.0
magic mirror miami,0,7,59.67,0.0
"photo booth hire company in coral terrace, florida",0,7,25.71,0.0
photo booth style photos,0,7,23.43,0.0
selfie station rental,0,7,19.5,0.0
selfiebooth,0,7,64.0,0.0
photo booth strip prints,0,7,8.25,0.0
strips size,1,7,1.0,14.286
photo booth strip hard launch,0,7,5.5,0.0
photobooth reference,0,7,4.86,0.0
photo booth strip display ideas,0,7,5.8,0.0
h2h style photobooth,0,7,3.71,0.0
what is photo booth strip,0,7,5.83,0.0
what is the meaning of photo booth,0,7,3.0,0.0
lost at sea photoshoot props,0,7,7.83,0.0
what is the name of this picture,0,7,6.43,0.0
bridal shower photo booth,0,7,13.3,0.0
size of standard photo print,0,7,1.5,0.0
"""photo booth"" arabic translation",0,7,2.0,0.0
old photo strips,0,7,2.0,0.0
fancy print photobooth,0,7,6.8,0.0
(inurl:post) friendship circle,0,7,13.67,0.0
what size is a polaroid picture,0,7,1.0,0.0
polaroid photo size in inch,0,7,1.25,0.0
photobooth strip template,0,6,8.67,0.0
fotobox,0,6,2.0,0.0
photo booth strip frames,0,6,9.0,0.0
photobhoot,0,6,5.2,0.0
pixect photo,0,6,9.0,0.0
studio photobooth,0,6,40.0,0.0
mini strips size,0,6,4.67,0.0
mini photo strips size,0,6,1.1,0.0
open air photobooth miami,0,6,52.0,0.0
photoshoot strip,0,6,3.5,0.0
image strip,0,6,2.0,0.0
fotomaton en ingles,0,6,2.17,0.0
photobooth strip print,0,6,1.0,0.0
ukuran print photobooth,0,6,1.8,0.0
ukuran photobox,0,6,1.0,0.0
photo booth picture strips,0,6,46.33,0.0
fort lauderdale photo booth rental,0,6,91.17,0.0
photobooth slip,0,6,2.0,0.0
photobooth size in canva,0,6,1.8,0.0
custom photo strips,0,6,35.1,0.0
custom photo booth strip,0,6,7.7,0.0
photo booth print strips,0,6,22.0,0.0
what are photobooth photos called,0,6,1.0,0.0
kertas photobooth strip,0,6,1.2,0.0
photo passport booth,0,6,91.9,0.0
gallery photo booth,0,6,1.0,0.0
pica pica photobooth,0,6,7.75,0.0
phto booth,0,6,16.67,0.0
photo booth companies,0,6,9.4,0.0
photo booth clip,0,6,1.0,0.0
photo. booth,0,6,46.8,0.0
photo booth store,0,6,57.8,0.0
high angle photobooth size,0,6,2.0,0.0
photo booth strip near me,0,6,4.33,0.0
photo booth strip holder,0,6,6.75,0.0
event photobooth,0,6,6.83,0.0
pictures from photo booth,0,6,2.0,0.0
pictures called,0,6,7.17,0.0
picture this photo booth,0,6,7.8,0.0
360 photo booth setup,0,6,20.5,0.0
the type of photos you see at bros house,0,6,6.6,0.0
the picture booth,0,6,2.88,0.0
tira de fotos cabina,0,6,2.0,0.0
photo box size,0,6,40.4,0.0
photo botth,0,6,22.0,0.0
booth images,0,6,6.0,0.0
"photo booth hire company in olympia heights, florida",0,6,20.67,0.0
diy photo booth props birthday,0,6,15.5,0.0
photobooth pics at home,0,6,6.0,0.0
photobooth boobs,0,6,2.4,0.0
photobooth background size,0,6,5.83,0.0
photobooth backdrop size,0,6,15.5,0.0
2mp photo size,0,6,3.75,0.0
2by2 size,0,6,1.0,0.0
photo booth event,0,6,5.3,0.0
photo booth room,0,6,2.42,0.0
photo booth roamer,0,6,47.1,0.0
tiras fotomaton,0,6,6.67,0.0
classic photo booth dimensions,0,6,1.67,0.0
what is the size of a polaroid picture,0,6,1.0,0.0
photobooth style photos,0,6,5.0,0.0
photobooth stripes,0,6,2.83,0.0
photo sizes smaller than 4x6,0,6,1.0,0.0
"photo booth hire company in miami, miami-dade county",0,6,20.5,0.0
"photo booth hire company in miami beach, miami-dade county",0,6,38.33,0.0
360 spin photo booth for rent,0,6,7.38,0.0
photobooth wedding events,0,6,11.2,0.0
photo booth with prints,0,6,6.17,0.0
photobooth shop,0,6,60.0,0.0
photomaton,2,6,5.17,33.333
photomatics (photomaticsid) latest,0,6,7.58,0.0
photography studio rental miami,0,6,90.6,0.0
"photo booth rental in miami beach, fl",0,6,55.75,0.0
polaroid photo dimensions,0,6,1.0,0.0
photo strips print,0,6,5.17,0.0
photo strips photo booth near me,0,6,4.33,0.0
blababooth operated by innovative foto,0,6,5.33,0.0
giant photo strips,0,6,9.33,0.0
photo booth rental images,0,6,50.67,0.0
photo booth rental in white plains ny,0,6,87.9,0.0
ukuran frame photobooth,0,6,6.2,0.0
360 photo booth anaheim,0,6,99.5,0.0
social 360 photo booth rental,0,6,65.38,0.0
smart photo booth,0,6,62.0,0.0
"family portraits in coral gables, fl",0,6,45.3,0.0
tulisan photo booth,0,6,2.6,0.0
print photobooth,0,6,4.5,0.0
social photo booth,0,6,27.33,0.0
social media photo booth rental,0,6,36.17,0.0
photo booth rental polk county fl,0,6,86.67,0.0
photo booth frames,0,6,8.2,0.0
photo booth timezone,0,6,1.0,0.0
photo booth thing,0,6,4.0,0.0
photo booth album,0,6,8.88,0.0
what is the size of polaroid photo,0,6,1.0,0.0
photobox terdekat,0,6,3.6,0.0
photobox or photobooth,0,6,1.0,0.0
photobox dan photobooth apa bedanya,0,6,2.5,0.0
printing photo strips,0,6,52.33,0.0
printed photo booth,0,6,1.0,0.0
photostrip booth,0,6,2.83,0.0
walgreens photo booth strip,0,6,4.83,0.0
photobooth options,0,6,19.33,0.0
fotoremsa,0,6,7.67,0.0
rental photo booths,0,6,68.67,0.0
fotomaton,0,6,3.17,0.0
photo strip print,0,6,6.58,0.0
miami camera rentals,0,6,60.5,0.0
mybooth,0,6,9.38,0.0
online photo booth rental,0,6,49.12,0.0
photo strip picture frame,0,6,7.67,0.0
fotos de fotomaton,0,6,2.0,0.0
miami camera rental,0,6,58.17,0.0
miami booth,0,6,3.33,0.0
what size is photo booth strips,1,6,2.75,16.667
booth pics rental,0,5,30.5,0.0
miami beach,0,5,1.33,0.0
photobooth mariage,0,5,72.75,0.0
photobooth materials,0,5,23.0,0.0
photobooth means,0,5,1.0,0.0
(inurl:post) capture,0,5,15.17,0.0
(inurl:post) knife,0,5,26.5,0.0
фото из фотобудки,0,5,2.0,0.0
polaroid photo strip,0,5,7.0,0.0
ảnh photobooth size bao nhiêu,1,5,3.67,20.0
photobooth posts,0,5,18.17,0.0
photobooth printout,0,5,3.0,0.0
vintage photobooth miami,0,5,38.6,0.0
2x6 photo,0,5,2.4,0.0
photo booth name ideas,0,5,2.4,0.0
photobooth craft,0,5,9.62,0.0
my photo booth experience,0,5,61.8,0.0
printing photo booth,0,5,46.88,0.0
printing photo booth strips,0,5,24.38,0.0
traffic photo booth,0,5,31.5,0.0
photo boo,0,5,5.6,0.0
makna lagu photobooth,0,5,1.0,0.0
what is a 360 video booth,0,5,83.67,0.0
photo booth types,0,5,73.8,0.0
pictple photobooth,0,5,1.0,0.0
picture frame for photo booth strips,0,5,6.6,0.0
photoboothrental,0,5,42.0,0.0
dipp photo booth,0,5,34.5,0.0
diy photo booth accessories,0,5,1.0,0.0
360 photo booth for parties,0,5,9.6,0.0
how many cm is 2x2 picture,0,5,1.0,0.0
photobook rental,0,5,7.78,0.0
florida photo booth,0,5,44.4,0.0
traditional photobooth,0,5,13.4,0.0
prime photo booth,0,5,40.25,0.0
photo booth vendor,0,5,5.0,0.0
photo booth with him,0,5,4.0,0.0
"photo booth hire company in hialeah, fl -site:indeed.com -site:instagram.com -site:wikipedia.org -site:linkedin.com -site:bark.com -site:facebook.com/groups",0,5,7.33,0.0
photobooth for rental,0,5,17.0,0.0
photobooth frames,0,5,10.2,0.0
exclusive 360 photos,0,5,38.0,0.0
ukuran foto photobooth,0,5,20.6,0.0
ukuran foto strip,0,5,10.8,0.0
ukuran fotobooth,0,5,1.6,0.0
"photo booth rental in palm springs north, miami-dade county",0,5,36.0,0.0
"photo booth rental in west miami, florida",0,5,1.0,0.0
to more photo booths with you,0,5,1.0,0.0
how to make a photobooth strip,0,5,1.4,0.0
"photo booth rental in hialeah gardens, miami-dade county",0,5,58.12,0.0
"photo booth rental in leisure city, miami-dade county",0,5,34.6,0.0
polaroid cut out frame,0,5,18.2,0.0
polaroid dimensions,0,5,1.0,0.0
polaroid photo booth film,0,5,1.0,0.0
photo booths meaning,0,5,24.6,0.0
props in photo booth,0,5,49.75,0.0
blababooth photo strip example,0,5,2.67,0.0
photo strips near me,0,5,2.62,0.0
"photo booth rental in miami springs, miami-dade county",0,5,51.8,0.0
"photo booth rental in miami, fl",0,5,15.0,0.0
photography booth,0,5,37.75,0.0
photoman vs photobooth,0,5,1.0,0.0
photomaton dimension photo,0,5,4.0,0.0
photo booth rental east lake fl,0,5,81.0,0.0
photo booth rental for party,0,5,17.2,0.0
portable photobooth rental,0,5,31.6,0.0
photstrip,0,5,1.75,0.0
photo booth rentals for parties,1,5,50.12,20.0
tira fotografica,0,5,1.75,0.0
tira photobooth,0,5,1.0,0.0
como se llama la tira de fotos,0,5,2.0,0.0
como se llaman las tiras de fotos,0,5,2.2,0.0
photoboothaholic,0,5,2.75,0.0
photo booth ขนาด,0,5,1.2,0.0
photo booths effects,0,5,86.2,0.0
photobooth swiss portrait makna,0,5,1.0,0.0
photobooth.,0,5,29.56,0.0
taille photobooth,0,5,1.67,0.0
photo booth tental,0,5,5.6,0.0
roamer photo booth pittsburgh pa,0,5,91.38,0.0
photo booth remtal,0,5,4.0,0.0
photo poth,0,5,9.5,0.0
photo sizes smaller than 6x4,0,5,1.0,0.0
photobooth style prints,0,5,5.0,0.0
stripphoto,0,5,3.0,0.0
strips photo,0,5,2.4,0.0
5×5 photo size,0,5,1.0,0.0
phone booth rental wedding,0,5,52.4,0.0
pixie photobooth,0,5,6.67,0.0
photo booth strip photos,0,5,7.5,0.0
happy prints photobooth,0,5,9.33,0.0
photo booth spanish,0,5,2.25,0.0
picapicabooth,0,5,8.0,0.0
photo booth en español,0,5,2.6,0.0
photo booth for charity galas,0,5,26.0,0.0
what do you call the photo that comes out of a camera,0,5,1.0,0.0
what do you call the picture that comes out of a camera,0,5,1.0,0.0
what does a 2x2 picture look like,0,5,2.8,0.0
how to make props at home,0,5,15.4,0.0
photogooth,0,5,8.5,0.0
balck and white photobooth rental,0,5,68.0,0.0
diy photobooth strip,0,5,4.0,0.0
diy photo booth for birthday party,0,5,51.5,0.0
"photo booth hire company in olympia heights, miami-dade county",0,5,51.8,0.0
polaroid standard size,0,5,3.0,0.0
photo booth social,0,5,50.62,0.0
telephone booth rental,0,5,4.6,0.0
360 photo booth set up,0,5,32.0,0.0
360 photo booth size,0,5,38.4,0.0
picture strip template,0,5,7.12,0.0
size of polaroid picture,0,5,1.75,0.0
rent a picture,0,5,80.0,0.0
rent my booth,0,5,44.2,0.0
high-tech photo booth san diego,0,5,51.0,0.0
hire a photo booth,0,5,74.38,0.0
hire photo booth,0,5,74.0,0.0
photo booth strip display,0,5,29.4,0.0
standard polaroid photo size,0,5,1.0,0.0
light booth calibration,0,5,87.6,0.0
camera rental miami,0,5,68.8,0.0
future photo booth,0,5,71.25,0.0
2x2 id picture,0,5,1.25,0.0
"photo booth in east perrine, miami-dade county",0,5,21.0,0.0
custom photo booth services,0,5,36.22,0.0
photobooth sleeve,0,5,3.88,0.0
photobooth album,0,5,8.0,0.0
vintage photo booth strip,0,5,42.44,0.0
"i am a 35-44, 45-54, or 55-64 year old female. my main motivations: they cherish a human connection above all. after years of living in the city, they’ve learned that the secret to happiness is building a community of like-minded individuals and spreading the love. they care about community building, sustainability, and giving back. family and friends are hugely important to them. they are motivated by bringing people together - in their homes and communities. they’re creative and caring, and are inspired by close connections with the people around them. my main pain points: - i have no need to buy anything - i’m happy with the websites i use at the moment - i don’t have a need for the items they sell - at the moment i have less money to spend on non-essentials - the products are expensive - unsure about the quality of products i'm looking for a set of custom photo booth props for a party. find me some options.",0,5,5.6,0.0
ukuran photobooth strip 6 foto,0,5,2.0,0.0
ukuran photobooth strip cm,0,5,3.0,0.0
ukuran standar photobooth,0,5,2.8,0.0
is photobooth one word,0,5,77.38,0.0
"photo booth in ives estates, miami-dade county",0,5,26.0,0.0
2 by 2 paper size,0,5,1.0,0.0
photo sizes south africa,0,5,1.5,0.0
fourposesphotobooth,0,5,6.75,0.0
fotomaton corte ingles,0,5,1.0,0.0
photo strip story,0,5,2.0,0.0
passport photo booth,0,5,25.56,0.0
polaroid size photo,0,5,1.75,0.0
photo booth in japanese,0,5,2.8,0.0
photo booth in korean,0,5,2.5,0.0
ipad photo booth rental,0,5,79.0,0.0
is it photobooth or photo booth,0,5,53.8,0.0
"photo booth in miami springs, miami-dade county",0,5,14.8,0.0
illuminate photo booth,0,5,39.62,0.0
images of 360 photo booth,0,5,18.0,0.0
images of photo booth,0,5,72.0,0.0
video camera rental miami,0,5,65.33,0.0
photos from the event,0,5,2.0,0.0
photo booth kano,0,5,2.78,0.0
miami photo,0,5,3.25,0.0
mia360,0,5,7.8,0.0
newspaper photobooth,0,5,6.2,0.0
mirror photo booth,0,5,1.8,0.0
2*6 photo size,0,5,5.6,0.0
photo booth birthday party,0,5,10.67,0.0
lucky shots 360 photo booth rental,0,5,39.6,0.0
photo booth by mail,0,5,77.8,0.0
social gathering photo booth trends 2025 2026,0,5,7.0,0.0
instagram photo booth rental,0,5,57.0,0.0
photo booth logo,0,5,53.78,0.0
photo booth mall,0,5,5.0,0.0
wedding photo booth photos,0,5,3.4,0.0
wedding photo booth setup,0,5,43.8,0.0
photo booth meaning in english,0,5,2.33,0.0
farewell photobooth,0,5,9.5,0.0
fiesta 360 photo booth services,0,5,64.4,0.0
photobooth font,0,5,5.67,0.0
photostripe,0,5,1.4,0.0
size of 2 by 2 picture,0,5,1.0,0.0
fotoremsor,0,5,8.6,0.0
photobooth stick,0,5,2.22,0.0
photo strip paper,0,5,2.6,0.0
what's the size of a photo booth strip,0,5,1.5,0.0
work photo booth props,0,5,48.12,0.0
#photobooth,0,4,51.83,0.0
fotos de cabina,0,4,7.25,0.0
photo strip template,0,4,9.75,0.0
photobooth strip yearbook spread,0,4,1.0,0.0
photo strip app,0,4,5.33,0.0
photo strip camera,0,4,4.5,0.0
photo strip drawing,0,4,5.33,0.0
photo strip frame ideas,0,4,11.75,0.0
four poses photo booth,0,4,6.67,0.0
strip photobooth wedding,0,4,8.0,0.0
strip pic,0,4,2.0,0.0
photo strip online,0,4,9.33,0.0
your city photo booth,0,4,91.5,0.0
paint booth rental miami,0,4,7.25,0.0
what is the standard size of a polaroid picture,0,4,1.0,0.0
what size are photos,0,4,32.0,0.0
party photo booth rentals,0,4,20.25,0.0
photomaton photo booth dimensions weight,0,4,10.0,0.0
photomaton photos fun portraits cabine,0,4,5.0,0.0
photoshoot 360,0,4,17.75,0.0
"photo booth in west miami, miami-dade county",0,4,1.83,0.0
photo booth international rent a photobooth,0,4,14.5,0.0
photo booth land o lakes fl,0,4,19.25,0.0
wedding photobooth corner,0,4,9.75,0.0
westwood photographer,0,4,92.5,0.0
camera strip,1,4,3.25,25.0
photo booth nesr me,0,4,10.25,0.0
photo booth p,0,4,1.0,0.0
photo booth people,0,4,5.33,0.0
photo booth names ideas,0,4,3.0,0.0
photostrip ukuran berapa,1,4,1.67,25.0
photobooth client gallery,0,4,42.0,0.0
flashbar photobooth photos,0,4,2.83,0.0
captured photobooth,0,4,36.5,0.0
2x6 photo strip printer,0,4,4.5,0.0
photo booth png,0,4,67.5,0.0
ukuran photobooth 2 strip,0,4,2.33,0.0
ukuran photobooth event,0,4,31.25,0.0
unique 360 photo service,0,4,90.25,0.0
"photo booth in hialeah gardens, miami-dade county",0,4,43.25,0.0
"photo booth in hialeah, fl",0,4,50.5,0.0
"photo booth in miami beach, miami-dade county",0,4,54.0,0.0
"photo booth in miami gardens, florida",0,4,39.75,0.0
is it photo booth or photobooth,0,4,23.25,0.0
"photo booth in miami, miami-dade county",0,4,51.25,0.0
wedding phone booth rental,0,4,44.75,0.0
photo booth photography,0,4,17.75,0.0
vendor photo booth,0,4,27.0,0.0
vintage photo booth,0,4,6.75,0.0
photobooth ass,0,4,2.0,0.0
photobooth cafe,0,4,1.0,0.0
photo booth profile pic,0,4,4.0,0.0
photo booth props setup,0,4,5.0,0.0
bande photomaton,0,4,2.75,0.0
diy photoshoot props,0,4,7.33,0.0
"photo booth hire company in west miami, miami-dade county",0,4,13.75,0.0
kamera photobooth,0,4,4.5,0.0
kept scene photo booth,0,4,4.83,0.0
photo booth ideas props,0,4,21.0,0.0
what are they called,0,4,2.0,0.0
university photo booth,0,4,10.0,0.0
urban outfitters photo booth,0,4,1.0,0.0
photo booth printer rental,0,4,26.5,0.0
custom photo booth frames,0,4,43.5,0.0
photobooth area,0,4,2.0,0.0
photomaton en anglais,0,4,2.25,0.0
photo booth rental experts,0,4,71.0,0.0
photo booth rental for events,0,4,44.33,0.0
"photo booth hire company in ives estates, florida",0,4,49.75,0.0
"photo booth hire company in ives estates, miami-dade county",0,4,52.0,0.0
pose 360 photo booth,0,4,34.25,0.0
poser girl photobooth,0,4,5.25,0.0
boot foto,0,4,2.67,0.0
potobooth,0,4,18.0,0.0
phptpbooth,0,4,7.25,0.0
"photo booth hire company in leisure city, miami-dade county",0,4,54.5,0.0
bedanya foto booth dan foto box,0,4,2.75,0.0
how to print photo booth strips,0,4,2.5,0.0
photo booth rental apollo beach fl,0,4,75.5,0.0
photo booth rental bloomingdale fl,0,4,92.5,0.0
how to make your own photo booth,0,4,51.5,0.0
photobooh,0,4,25.25,0.0
print photo booth style photos,0,4,41.75,0.0
print photobooth strip,0,4,3.75,0.0
"photo booth hire company in doral, miami-dade county",0,4,62.25,0.0
photobooth ghana,0,4,4.0,0.0
snapshot photobooth,0,4,6.5,0.0
photobooth in italian,0,4,2.5,0.0
"photo booth rental in miami, florida",0,4,8.17,0.0
"photo booth rental in west miami, miami-dade county",0,4,22.25,0.0
how to build your own photo booth,0,4,54.83,0.0
photo booth rental pembroke pines,0,4,62.5,0.0
photo booth rental fort lauderdale,0,4,60.25,0.0
ukuran cetak foto photobooth,0,4,1.75,0.0
photography by mia,0,4,28.5,0.0
photoism photo size,0,4,1.0,0.0
photomatica booth dimensions power requirements,0,4,2.5,0.0
photo booth rentals college park,0,4,9.25,0.0
360 photo booth lighting setup,0,4,4.5,0.0
tiras de fotos antiguas,0,4,2.0,0.0
roamer photo booth washington dc,0,4,62.0,0.0
roaming photobooth,1,4,23.5,25.0
save the date photo strip,0,4,5.0,0.0
displaying photo booth strips,0,4,7.0,0.0
diy photo booth,0,4,43.17,0.0
photobooth post,0,4,5.75,0.0
kích thước ảnh photobooth,0,4,1.75,0.0
"photo booth hire company in coconut grove, florida",0,4,77.25,0.0
360 photo booth bradenton fl,0,4,94.5,0.0
turn pictures into photo booth strip,0,4,65.75,0.0
spotlight photo booth,0,4,9.17,0.0
apa arti photo booth,0,4,3.0,0.0
apa bedanya foto booth dan foto box,0,4,3.0,0.0
photo booth stickers,0,4,3.0,0.0
cinema photo booth,0,4,1.75,0.0
classic photo booth,0,4,1.0,0.0
photobotth,0,4,6.0,0.0
photo booth roll,0,4,7.5,0.0
360 photo booth rental birthday parties,0,4,79.5,0.0
timezone photobooth,0,4,1.0,0.0
photo booth display ideas,0,4,38.67,0.0
photo booth film,0,4,1.0,0.0
lease a photo booth,0,4,23.83,0.0
bedanya foto box sama photo booth,0,4,3.0,0.0
bedanya foto studio dan photo booth,0,4,2.17,0.0
format photo photobooth,0,4,10.25,0.0
photobooth services,0,4,9.5,0.0
custom booth in miami,0,4,49.33,0.0
how do you say photo booth in spanish,0,4,2.0,0.0
fotoautomat streifen,0,4,3.25,0.0
photo-me photobooth dimensions power requirements,0,4,7.75,0.0
standard photo sizes for wallet storage -filetype:txt -filetype:pdf -filetype:epub -filetype:doc -filetype:docx -filetype:xls -filetype:xlsx -filetype:ppt -filetype:csv -site:youtube.com -site:tiktok.com -site:instagram.com -site:ebay.com -site:jd.com -site:amazon.com -site:iqiyi.com -site:bilibili.com -site:t.me -site:douyin.com -site:douban.com -site:apple.com -site:reddit.com -site:researchgate.net -site:academia.edu -site:dokumen.pub -site:en.wikipedia.org -site:quora.com -site:sciencedirect.com -site:cambridge.org -site:mdpi.com -site:link.springer.com -site:zhuanlan.zhihu.com -site:journals.sagepub.com -site:imdb.com -site:tandfonline.com -site:onlinelibrary.wiley.com -site:brill.com -site:getyourguide.com -site:academic.oup.com -site:www.emerald.com -site:eresources.nlb.gov.sg -site:www.govinfo.gov,0,4,13.0,0.0
standard size of polaroid,0,4,1.0,0.0
photo booth camera,0,4,6.67,0.0
photo booth custom,0,4,56.0,0.0
life four cuts size,0,4,1.5,0.0
camera booth rental,0,4,13.75,0.0
camera rental miami florida,0,4,93.83,0.0
pic booth,0,4,3.0,0.0
pica photobooth,0,4,9.0,0.0
picaphotobooth,0,4,8.0,0.0
photo booth south florida,0,4,53.75,0.0
"the photo booth parlour, photography and videography",0,4,5.5,0.0
360 photo rental,0,4,8.0,0.0
photo booth stand rental,0,4,35.33,0.0
hasil foto booth namanya apa,0,4,2.0,0.0
photo booth template,0,4,19.67,0.0
studio portrait booth,0,4,69.25,0.0
arti photobooth,0,4,1.67,0.0
borne photo,0,4,1.83,0.0
photo booth backdrop rental,0,4,29.67,0.0
photo booth banner size,0,4,8.5,0.0
foto booth artinya,0,4,3.0,0.0
average size of a polaroid picture,0,4,6.67,0.0
photobooth pronunciation,0,4,1.0,0.0
photobooth reel,0,4,3.5,0.0
design booth miami park,0,4,20.5,0.0
digital photobooth rental,0,4,5.33,0.0
photo strp,0,4,2.75,0.0
photo studio near me,0,4,20.75,0.0
foto photo booth,0,4,8.0,0.0
studiobooth,0,4,27.25,0.0
photobooth swiss portrait meaning,0,4,1.0,0.0
photobooth thing,0,4,2.83,0.0
take a boomerang photo,0,4,9.33,0.0
photo booth terdekat,0,4,2.0,0.0
photo booth that prints pictures,0,4,2.75,0.0
picture photobooth,1,4,33.5,25.0
photobooth lighting setup,0,4,2.17,0.0
rent selfie booth,0,4,47.17,0.0
renta de photo booth,0,4,5.5,0.0
photobooth sama photobox apa bedanya,0,4,2.83,0.0
cute size picture in cm,0,4,1.0,0.0
selfie booth size in feet,0,4,4.25,0.0
photo booth strip pictures,0,4,15.67,0.0
photo booth strips near me,0,4,8.17,0.0
h2hstyle.com photo booth,0,4,4.33,0.0
polaroid image size,0,4,1.0,0.0
strip polaroid,0,4,2.0,0.0
photobooth strip photos,0,4,3.67,0.0
props photo booth,0,4,1.0,0.0
photo strop,0,4,3.0,0.0
booth props,0,4,33.67,0.0
booth wedding,0,4,1.0,0.0
polaroid photo booth rental,0,4,7.0,0.0
photo booth apa,0,4,3.0,0.0
photo booth artinya dalam bahasa indonesia,0,4,2.5,0.0
what is a photo booth?,0,4,1.67,0.0
buy glam photo booth setup,0,4,58.0,0.0
glam photobooth rentals,0,4,20.25,0.0
photo booth معنى,0,4,3.25,0.0
gaya photobooth,0,4,5.0,0.0
getting started with a 360 photo both setup,0,4,11.67,0.0
photo props size,0,4,1.0,0.0
props for 360 photo booth,0,4,18.0,0.0
props for a photo booth,0,4,36.25,0.0
photobooth style,0,4,2.0,0.0
strip prints,0,4,2.25,0.0
strip style photobooth,0,4,2.0,0.0
4x6 photo strip,0,4,22.5,0.0
strips photos,0,4,2.0,0.0
photo booths pictures,0,4,1.75,0.0
photo booths rentals,0,4,7.0,0.0
memory photo booth,0,4,9.75,0.0
phone photo booth,0,4,62.0,0.0
marriage booth,0,4,1.0,0.0
what is the size of a standard polaroid picture,0,4,1.33,0.0
pocketbooth app photo booth strips,0,4,7.67,0.0
polaroid frame prop,0,4,28.75,0.0
party photobooth,0,4,59.0,0.0
frame for photo booth strip,0,4,4.0,0.0
red photo booth,0,4,10.0,0.0
cortis photobooth,0,4,1.0,0.0
fotomaton palabras relacionadas,0,4,1.0,0.0
strip booth,0,4,1.0,0.0
ai photo booth lucky shots,0,4,10.25,0.0
strip gallery,0,4,1.0,0.0
polaroid photo frame prop,0,4,19.33,0.0
booth photobooth,0,4,1.0,0.0
mia net,0,4,54.67,0.0
personal photo booth,0,4,57.25,0.0
perverted photobooth photos,0,4,2.17,0.0
phone booth rental,0,4,8.25,0.0
photo frame for photo booth strip,0,4,6.5,0.0
photo me booth,0,4,72.17,0.0
как называются фото из фотобудки,0,4,2.0,0.0
صور كشك صغير,0,4,3.67,0.0
what size is this,0,4,1.5,0.0
photobooth magnet,0,4,5.17,0.0
photobooth memes,0,4,5.67,0.0
www photobooth,0,4,87.75,0.0
fotos de cabina fotografica,0,4,2.0,0.0
photo strip printing,0,4,3.75,0.0
fotokabine,0,4,7.0,0.0
miss photo booth,0,4,52.5,0.0
old photo strip,0,4,2.0,0.0
photobooth print out,0,4,4.5,0.0
photobooth printing,0,4,6.0,0.0
fotomatón,0,4,5.25,0.0
photobooth mooning,0,4,3.0,0.0
photobooth opus,0,4,1.75,0.0
photobooth def,0,4,19.0,0.0
photobooth description,0,4,1.67,0.0
photobooth draw,0,4,10.17,0.0
polaroid photo size in inches,0,4,3.0,0.0
polaroid photobooth frame,0,4,10.0,0.0
monkey photobooth,0,4,4.0,0.0
mood shot photobooth,0,4,1.0,0.0
mirafilm photobooth,0,4,13.5,0.0
onderland lucky one mall photobooth,0,4,2.75,0.0
open air photo booth rental,0,4,20.0,0.0
bedanya photobox dan photobooth,0,4,2.0,0.0
mini photostrip,0,4,4.25,0.0
nashallery photobooth,0,4,8.0,0.0
mirror photo booth rental,0,4,1.25,0.0
whats a photo booth,0,4,1.0,0.0
your photo booth,0,4,21.0,0.0
kích thước photobooth,0,3,3.67,0.0
photo booth pronunciation,0,3,2.0,0.0
"""after placing all n sheets, a photograph is taken from above""",0,3,2.0,0.0
diy polaroid photo frame,0,3,34.67,0.0
photobooth atau photobox,0,3,2.67,0.0
"photo booth rental in lake park, florida",0,3,47.67,0.0
"""exhibits studio"" founded year",0,3,2.75,0.0
foto strip ukuran,0,3,1.33,0.0
photo booth in college,0,3,2.75,0.0
phone booth picture,0,3,4.0,0.0
fotos fotomaton,0,3,3.33,0.0
phone booth photo,0,3,3.75,0.0
photbooth rental,1,3,3.33,33.333
photbooth near me,0,3,5.75,0.0
photo booth stripe,0,3,1.67,0.0
photo prop,0,3,1.0,0.0
phot strip,0,3,6.25,0.0
how much is a photo booth rental,0,3,7.67,0.0
"photo booth in aventura, miami-dade county",0,3,36.5,0.0
ขนาดโฟโต้บูธ,0,3,3.0,0.0
"photo booth in aventura, florida",0,3,51.33,0.0
"photo booth rental in homestead, florida",0,3,50.33,0.0
ini namanya apa,0,3,11.33,0.0
ফটো বুথ,0,3,5.0,0.0
photo booth in arabic,0,3,2.0,0.0
photobooth image size,0,3,3.25,0.0
photo booth border,0,3,34.5,0.0
flash and print photobooth,0,3,4.33,0.0
"photo booth hire company in miami beach, fl",0,3,10.67,0.0
"photo booth rental in hialeah, fl",0,3,23.0,0.0
photo stall,0,3,7.5,0.0
photo strip collage,0,3,7.33,0.0
hearts2hearts photobooth,0,3,7.0,0.0
photo booth collage ideas,0,3,14.0,0.0
photo booth hire company in miami,0,3,7.75,0.0
phothobooth,0,3,11.67,0.0
photobooth monkey,0,3,7.33,0.0
photobooth dump,0,3,1.0,0.0
miu miu photobooth,0,3,38.0,0.0
kích cỡ photobooth,0,3,3.75,0.0
photo strip binder,0,3,9.5,0.0
how big is a standard polaroid picture,0,3,1.0,0.0
photo booth slip,0,3,1.0,0.0
"photo booth hire company in kendale lakes, florida",0,3,20.0,0.0
"photo booth in royal palm estates, florida",0,3,53.67,0.0
"photo booth rental in miami gardens, fl",0,3,50.33,0.0
"photo booth in hialeah gardens, florida",0,3,84.5,0.0
miso photo booth,0,3,7.33,0.0
"happy booth, photography videography, winnipeg",0,3,10.0,0.0
mamma mia photo booth,0,3,36.33,0.0
how to make a photo strip,0,3,3.5,0.0
"photo booth hire company in east perrine, miami-dade county",0,3,85.67,0.0
photo booth in mall,0,3,2.33,0.0
how to make a photo booth strip,0,3,42.75,0.0
photo-me model 21 photo booth dimensions weight,0,3,1.67,0.0
koi and co photobooth,0,3,4.5,0.0
photo bar,0,3,5.33,0.0
photo booth for party,0,3,12.33,0.0
photo boothj,0,3,27.0,0.0
film strip photobooth,0,3,7.5,0.0
more,0,3,4.33,0.0
photo booth rental pensacola fl,0,3,92.0,0.0
photo and video booth rental,0,3,51.67,0.0
photo booth photo booth,0,3,3.33,0.0
photo film strip,0,3,3.0,0.0
photo boothe,0,3,12.67,0.0
photo booth photo album,0,3,8.67,0.0
photo booth pfp,0,3,6.67,0.0
photobooth companies,0,3,10.0,0.0
photo coming out of camera,0,3,2.0,0.0
photo 360,0,3,79.33,0.0
photo booth in events,0,3,2.33,0.0
photo booth party rental,0,3,8.0,0.0
how do you make a photo booth,0,3,40.0,0.0
photo station rental,0,3,6.0,0.0
photo strip frames,0,3,7.67,0.0
in photo booth,0,3,1.0,0.0
framed photo strips,0,3,9.75,0.0
keptscene,0,3,6.67,0.0
photo,0,3,3.0,0.0
fototeta meaning,0,3,1.0,0.0
mini photo booth,0,3,8.25,0.0
in inches,0,3,4.33,0.0
photo booth in event,0,3,5.0,0.0
photo booth supplier,0,3,95.0,0.0
is it photo booth or photobooth?,0,3,32.75,0.0
photobooth printables,0,3,7.75,0.0
photo booth cutout,0,3,7.5,0.0
fotostrips,0,3,1.67,0.0
make a photo strip,0,3,37.75,0.0
make a photo booth,0,3,49.0,0.0
photo booth renta,0,3,9.75,0.0
photo size standard,0,3,32.0,0.0
new funny diy photo props,0,3,40.75,0.0
neo photo,0,3,5.33,0.0
photo booth reference,0,3,1.0,0.0
"photo booth in kendall west, miami-dade county",0,3,21.33,0.0
film strip photo prints,0,3,2.0,0.0
photo bokth,0,3,8.5,0.0
photobooth in cafe,0,3,1.0,0.0
ij photography photobooth,0,3,8.0,0.0
photobooth framed,0,3,9.25,0.0
guest picture,0,3,7.0,0.0
how to enlarge photo booth pictures,0,3,9.0,0.0
kata kata photo booth,0,3,4.0,0.0
photo booth en français,0,3,5.0,0.0
photo-me model 17 photo booth weight dimensions,0,3,1.0,0.0
ohoto booth rental,0,3,4.0,0.0
photo boots,0,3,4.0,0.0
kích thước strip photobooth việt nam,0,3,4.5,0.0
photo booths to rent for parties,0,3,8.33,0.0
photo objet,0,3,2.67,0.0
photobooth events,0,3,5.67,0.0
photobooth artinya,0,3,2.33,0.0
photo booth rental for birthday,0,3,74.67,0.0
photo booth 4 pictures,0,3,9.67,0.0
photo booth dimensions in feet,0,3,1.0,0.0
photobooth apa,0,3,2.33,0.0
jab we met photo booth,0,3,3.0,0.0
photo booth rental egypt fl,0,3,88.67,0.0
photobooth for wedding,0,3,18.0,0.0
photobooth selfies,0,3,6.33,0.0
photo booth pictures strip,0,3,27.0,0.0
photobooth clip,0,3,1.0,0.0
photo booth picture sizes,0,3,1.0,0.0
photo booth rental largo,0,3,91.67,0.0
gambar photobooth,0,3,13.0,0.0
party booth,0,3,1.0,0.0
photobooth posing,0,3,6.5,0.0
paper photo booth,0,3,2.0,0.0
photo nooth,0,3,26.67,0.0
photobooth aeon,0,3,1.0,0.0
ll photobooth,0,3,1.0,0.0
photobooth for party,0,3,10.67,0.0
"photo booth rental in the hammocks, miami-dade county",0,3,53.33,0.0
digital photo booth near me,0,3,10.5,0.0
photobooth decoration,0,3,7.33,0.0
photo-booth,0,3,47.0,0.0
photo booth alquiler,0,3,49.33,0.0
photobooth 360,0,3,34.0,0.0
miami green screen photo booths,0,3,70.25,0.0
miami downtown attractions,0,3,1.5,0.0
photo time photobooth vietnam,0,3,7.67,0.0
photobooth en francais,1,3,4.0,33.333
party print - fotomatón,0,3,6.0,0.0
party picture booth rental,0,3,8.0,0.0
photobooth object,0,3,6.33,0.0
photobooth photo strips,0,3,7.0,0.0
photobooth dan photobox apa bedanya,0,3,3.0,0.0
photobooth business,0,3,12.33,0.0
gallery booth,0,3,4.67,0.0
photobooth doodle,0,3,6.25,0.0
kích thước ảnh photobooth phổ biến việt nam,0,3,6.67,0.0
pod picture,0,3,2.0,0.0
english photo booth,0,3,1.0,0.0
photo booth art,0,3,9.75,0.0
photobooth photo album,0,3,5.5,0.0
photobooth custom,0,3,8.25,0.0
party booth rentals,0,3,6.5,0.0
customizable photo booth props,0,3,65.25,0.0
mia sunset,0,3,33.67,0.0
photo kiosk rental,0,3,15.0,0.0
photo booth experiences,0,3,11.67,0.0
mia photoshoot,0,3,18.75,0.0
mia photos,0,3,6.0,0.0
how to make a polaroid picture frame,0,3,38.0,0.0
mia fotografia,0,3,18.0,0.0
photo booth event rental,0,3,24.33,0.0
mia booth latest,0,3,15.25,0.0
"photo booth hire company in the hammocks, miami-dade county",0,3,56.33,0.0
family photo booth,0,3,70.67,0.0
how to take a boomerang photo,0,3,11.0,0.0
how to take a boomerang,0,3,13.5,0.0
how to make a picture frame for photo booth,0,3,23.33,0.0
how to setup your own photo booth,0,3,69.67,0.0
phone booth images,0,3,6.0,0.0
how to set up your own photo booth,0,3,66.5,0.0
photobooth banner,0,3,6.33,0.0
pgotobooth,0,3,8.33,0.0
photo booth print outs,0,3,3.0,0.0
photo booth price,0,3,9.0,0.0
perbedaan photobox dan photo studio,0,3,3.0,0.0
photo booth posts,0,3,20.0,0.0
"photo booth hire company in doral, florida",0,3,73.75,0.0
photobooth props ideas,0,3,20.5,0.0
"photo booth rental in doral, miami-dade county",0,3,68.5,0.0
photo booth for event,0,3,11.33,0.0
photo booth for bridal showers,0,3,14.33,0.0
photobooth magnetic strip,0,3,3.0,0.0
photo booth polama,0,3,8.67,0.0
photo booth kya hota hai,0,3,2.67,0.0
diy picture booth,0,3,69.25,0.0
"photo booth in east perrine, florida",0,3,21.0,0.0
memorifyphotobooth,0,3,2.75,0.0
how to make a large picture frame for photo booth,0,3,18.67,0.0
photo studio rental miami fl,0,3,68.67,0.0
meme photobooth,0,3,1.0,0.0
photo sections,0,3,1.0,0.0
"photo booth in miami gardens, miami-dade county",0,3,50.33,0.0
is photo booth one or two words,0,3,38.0,0.0
interactive event photography,0,3,56.0,0.0
photo booth spectrum,0,3,1.0,0.0
instagrammable photo booth,0,3,41.33,0.0
photo booth lights,0,3,58.75,0.0
havana nights photo booth props,0,3,29.67,0.0
fete booth,0,3,3.0,0.0
photo booth mieten,0,3,62.67,0.0
custom photo booths,0,3,70.5,0.0
photobooth strip measurements,0,3,1.25,0.0
photobooth sticker,0,3,4.5,0.0
couple photobooth,0,3,6.0,0.0
photobooth strips near me,0,3,4.33,0.0
photobooth types,0,3,4.0,0.0
photobooth train station,0,3,1.0,0.0
photobooth swiss portrait lyrics meaning,0,3,1.0,0.0
photobooth with props,0,3,1.0,0.0
photoboothing,0,3,2.67,0.0
photobootha,0,3,9.67,0.0
city photo booth,0,3,22.33,0.0
photobopth,0,3,9.0,0.0
photobooyh,0,3,31.33,0.0
photobox sama photobooth apa bedanya,0,3,3.0,0.0
photographer with photo booth,0,3,6.5,0.0
photograph booth,0,3,5.25,0.0
photograms booth,0,3,1.0,0.0
photocall définition,0,3,5.33,0.0
photobppth,0,3,68.0,0.0
chinchinbooth,0,3,6.5,0.0
celebrity photo booth rental,0,3,46.25,0.0
captured moments photobooth,0,3,10.33,0.0
photosbooth,0,3,11.0,0.0
photostrip prints,0,3,75.0,0.0
camera that prints photo booth strips,0,3,5.0,0.0
camera store near me,0,3,45.67,0.0
photostrip ukuran,0,3,1.33,0.0
bus booth,0,3,1.67,0.0
picture 2x2 size,0,3,1.0,0.0
picture strip frame,0,3,3.67,0.0
booths photos,0,3,11.67,0.0
pictures photo booth,0,3,8.33,0.0
polaroid frame diy,0,3,46.67,0.0
booth studio,0,3,1.67,0.0
polaroid photo booth diy,0,3,16.67,0.0
polaroid frame size,0,3,1.0,0.0
booth photoshoot,0,3,3.0,0.0
polaroid photo prop frame,0,3,10.0,0.0
polaroid photo prop,0,3,21.67,0.0
polaroid picture strip,0,3,1.67,0.0
pollard photo size,0,3,1.0,0.0
polaroid strip frame,0,3,5.67,0.0
polaroid sizes,0,3,1.0,0.0
popular diy photo booth props,0,3,17.75,0.0
pose office photo booth,0,3,1.0,0.0
poto both,0,3,7.67,0.0
print photobooth strips,0,3,7.33,0.0
printed strip,0,3,1.33,0.0
print photos photo booth style,0,3,27.0,0.0
blank photo booth strip,0,3,6.0,0.0
black and white photo booth strip,0,3,9.5,0.0
blababooth photo strip image example,0,3,7.67,0.0
blababooth photo strip example with text,0,3,2.0,0.0
props for photo booth,0,3,30.0,0.0
red lines photobooth,0,3,6.0,0.0
r photobooth photography,0,3,8.75,0.0
bisnis photobooth,0,3,5.5,0.0
rent picture booth,0,3,17.25,0.0
rent photo booth for party,0,3,25.67,0.0
rent halloween decorations,0,3,21.0,0.0
rent a selfie station,0,3,48.75,0.0
restorent photo booth looking glass,0,3,2.0,0.0
renting photo booth for event,0,3,10.25,0.0
rental booth,0,3,36.67,0.0
retro photo strip,0,3,7.75,0.0
retro photo booth,0,3,9.0,0.0
bay photo,0,3,3.33,0.0
roamer photo booth fort washington md,0,3,94.67,0.0
roamer photo booth for sale,1,3,43.67,33.333
roam photobooth,0,3,45.0,0.0
ring roamer photo booth near me,0,3,73.33,0.0
best photo booth props,0,3,38.67,0.0
san diego 360 video booth,0,3,77.67,0.0
screen saver photos from gallery,0,3,1.0,0.0
bande image,0,3,4.0,0.0
arti foto booth,0,3,3.0,0.0
size of polaroid photo,0,3,1.5,0.0
size of photo strip in cm,0,3,2.0,0.0
size ảnh photobooth là bao nhiêu,0,3,2.0,0.0
size of polaroid picture in cm,0,3,1.0,0.0
apa namanya,0,3,9.0,0.0
apa bedanya photobooth sama photobox,0,3,3.25,0.0
spotlight photobooth,0,3,9.33,0.0
apa bedanya photobooth dan photo studio,0,3,1.0,0.0
apa beda nya photobooth dan photobox,0,3,2.33,0.0
sticker photobooth,0,3,5.5,0.0
amelie photo booth,0,3,63.0,0.0
aeon mall photo booth,0,3,1.0,0.0
strip foto box,0,3,1.0,0.0
string photobooth,0,3,2.33,0.0
strip of pictures,0,3,2.0,0.0
strip images,0,3,3.33,0.0
strip frame,0,3,1.5,0.0
ai photo booth for events,0,3,12.5,0.0
ai photo booth,0,3,24.0,0.0
a group of pictures is called,0,3,8.0,0.0
strip type photobooth,0,3,2.0,0.0
strip shoot,0,3,1.0,0.0
strip print,0,3,2.0,0.0
strip pics,0,3,6.0,0.0
strips picture,0,3,1.67,0.0
4r size photobooth,0,3,6.67,0.0
4 poses photobooth,0,3,6.33,0.0
tack tack photobooth,0,3,4.0,0.0
the booth photo booth company,0,3,8.33,0.0
tempat foto namanya apa,0,3,1.0,0.0
telephone photo booth,0,3,6.33,0.0
tamaño fotos fotomaton,0,3,1.33,0.0
the set photos,0,3,7.0,0.0
the mines photobooth,0,3,1.0,0.0
360 photo booth winter haven fl,0,3,90.67,0.0
360 photo booth stock images,0,3,57.33,0.0
things to see in miami downtown,0,3,1.0,0.0
tira de rollo fotografico,0,3,3.0,0.0
traditional photo sizes,0,3,11.0,0.0
tiras de fotos de cabinas,0,3,2.0,0.0
tiras de fotomaton,0,3,4.33,0.0
tiras de foto,0,3,2.33,0.0
360 photo booth company,0,3,61.67,0.0
360 photo booth business names,0,3,2.0,0.0
uk polaroid 2r,0,3,1.0,0.0
ukuran fotobox,0,3,1.67,0.0
ukuran foto photobox,0,3,1.0,0.0
ukuran foto photo booth,0,3,34.67,0.0
360 booth,0,3,95.0,0.0
ukuran kertas photobooth strip,0,3,1.67,0.0
ukuran kertas foto photobooth,0,3,1.67,0.0
ukuran photostrip photomatics,0,3,1.33,0.0
ukuran photobox strip,0,3,1.0,0.0
ukuran photoboth,0,3,5.0,0.0
ukuran photobooth strip 4 foto,0,3,1.0,0.0
3 photo strip,0,3,7.25,0.0
2×2 picture size in cm,0,3,1.67,0.0
2x6 strip photo booth,0,3,2.67,0.0
3 stories photobooth,0,3,1.0,0.0
2x6 prints,0,3,2.75,0.0
video booth rental,0,3,9.33,0.0
vintage photo strips,0,3,1.0,0.0
vintage photo strip frame,0,3,6.0,0.0
vintage photo booth locations in miami for couples,0,3,13.67,0.0
2x6 in px,0,3,1.0,0.0
wedding picture booth,0,3,7.75,0.0
wedding photobooth rental,0,3,9.25,0.0
2x2 picture size in,0,3,1.0,0.0
2mb photo size,0,3,4.5,0.0
what does photo booth mean,0,3,2.0,0.0
what do you call this,0,3,17.67,0.0
what is a boomerang photo,0,3,10.0,0.0
what does photo booth mean?,0,3,2.0,0.0
2.5 x 2.5 photo size,0,3,1.0,0.0
2*2 picture size,0,3,1.0,0.0
2 x 2 id picture,0,3,1.0,0.0
2 mp image size,0,3,5.25,0.0
what paper is used for photobooths,0,3,3.67,0.0
what size are photobooth pictures,0,3,1.33,0.0
what size is this photo,0,3,3.0,0.0
whats a boomerang photo,0,3,9.25,0.0
what's the size of polaroid pictures,0,3,1.0,0.0
where to print photo booth strips,0,3,60.67,0.0
width and height,0,3,4.67,0.0
(inurl:post) graduation,0,3,25.0,0.0
(inurl:post) camera,0,3,7.5,0.0
yes,0,3,6.33,0.0
размер фото из фотобудки,0,3,1.0,0.0
бумеранг фото как сделать,0,3,3.0,0.0
كشك تصوير,0,3,6.33,0.0
كشك التصوير,0,3,4.0,0.0
photo booth rental event,0,2,7.0,0.0
photobooth butts,0,2,1.0,0.0
photo strip sleeves,0,2,3.0,0.0
photo strip sleeve,0,2,6.5,0.0
makna photobooth,0,2,1.0,0.0
makna lagu photo booth,0,2,1.0,0.0
photo booths for weddings,0,2,17.0,0.0
photo booths for wedding,0,2,62.0,0.0
photobooth business names,0,2,3.0,0.0
how to make props for pre wedding shoot,0,2,49.5,0.0
magazine photo booth dimensions,0,2,2.5,0.0
photobooth dan photobox,0,2,2.0,0.0
how to make photo booth props on canva,0,2,1.0,0.0
photo studio,0,2,6.0,0.0
photobooth rental for wedding,0,2,14.5,0.0
drawing photobooth,0,2,5.0,0.0
luxury photo booth rental,0,2,4.5,0.0
luxury photo booth,0,2,37.0,0.0
photo booth at events,0,2,2.0,0.0
photo booth around me,0,2,5.0,0.0
photo strips photobooth,0,2,30.5,0.0
how to make a selfie frame,0,2,41.5,0.0
photo strips frame,0,2,8.5,0.0
how to make a polaroid frame,0,2,39.0,0.0
photo strips adalah,0,2,3.0,0.0
photo booth banner,0,2,7.0,0.0
fun wedding props,0,2,1.0,0.0
"photo booth rental in coral terrace, florida",0,2,5.5,0.0
photo booth backdrop,0,2,6.0,0.0
photo stripping,0,2,2.5,0.0
how to make a frame for photo booth,0,2,21.0,0.0
photo striper,0,2,2.0,0.0
fun photobooth,0,2,4.0,0.0
"photo booth rental in kendale lakes, miami-dade county",0,2,33.5,0.0
"photo booth rental in ives estates, miami-dade county",0,2,51.5,0.0
logo photo booth,0,2,69.5,0.0
fun photo booth ideas,0,2,1.0,0.0
location photo booth,0,2,63.5,0.0
"photo booth rental in homestead, miami-dade county",0,2,36.0,0.0
photo stripe,0,2,3.0,0.0
photo booth booth,0,2,93.0,0.0
photobooth cortis,0,2,1.5,0.0
photo booth co to,0,2,1.0,0.0
photo booth rental in fort lauderdale,0,2,100.0,0.0
"photo booth rental in the hammocks, florida",0,2,91.0,0.0
photobooth poster,0,2,7.0,0.0
"photo booth rental in pompano beach, fl",0,2,67.0,0.0
downtown miami tourist attractions,0,2,1.0,0.0
photo frame series,0,2,18.0,0.0
fotobox drucker,0,2,2.0,0.0
photo booth business names,0,2,3.0,0.0
how to make a photo frame for photo booth,0,2,21.0,0.0
how to make a photo booth picture frame,0,2,33.5,0.0
how to make a photo booth frame for a party,0,2,20.5,0.0
list of international airports in usa,0,2,2.5,0.0
photobooth icon,0,2,3.5,0.0
photo zone rental,0,2,73.0,0.0
diy,0,2,5.0,0.0
life4cuts size,0,2,3.0,0.0
photo campers size,0,2,7.0,0.0
life 4 cuts size,0,2,1.0,0.0
photo buth,0,2,37.0,0.0
how to frame pokemon cards,0,2,2.0,0.0
photo booth crafts,0,2,10.0,0.0
photo booth cowboy,0,2,7.0,0.0
photo booth cortis,0,2,7.0,0.0
photobooth holic,0,2,1.0,0.0
photo booth en francais,0,2,2.0,0.0
how to draw a photo booth,0,2,7.0,0.0
photobooth clipart,0,2,7.0,0.0
how to do a photo booth,0,2,62.5,0.0
how to do a diy wedding photo booth,0,2,40.5,0.0
photo booth delta,0,2,1.0,0.0
layout photobooth,0,2,3.5,0.0
photobooth rental for event,0,2,7.0,0.0
how to display photobooth pictures,0,2,12.5,0.0
large polaroid frame for photo booth,0,2,11.0,0.0
large 360 photo booth,0,2,81.5,0.0
how to create your own photo booth,0,2,60.5,0.0
photobooth photo strip png,0,2,64.5,0.0
diy wedding photo booth props,0,2,21.0,0.0
how to construct a photo booth,0,2,40.5,0.0
photo booth for halloween party,0,2,14.0,0.0
photobooth posed,0,2,6.0,0.0
photo booth rental online,0,2,43.0,0.0
photo in a booth,0,2,2.0,0.0
photo booth for,0,2,9.5,0.0
photobooth rental companies on-demand last-minute bookings,0,2,5.5,0.0
how much is it to rent a photo booth,0,2,10.5,0.0
how much is a photo booth picture,0,2,3.5,0.0
foto strip adalah,0,2,1.0,0.0
how much does a photo booth cost at the mall,0,2,1.0,0.0
event 360 photo booth,0,2,57.0,0.0
kích thước hình photobooth,1,2,6.5,50.0
photo booth rental safety harbor fl,0,2,96.0,0.0
evaluate the immersive design capabilities of premium photo booth services in miami.,0,2,9.0,0.0
kpix photobooth imago,0,2,1.0,0.0
korean photobooth,0,2,3.5,0.0
korean photo booth,0,2,1.0,0.0
foto flashback,0,2,1.0,0.0
photo booth for sale nearby,0,2,5.5,0.0
frames for photo booth strips,0,2,5.0,0.0
esteem 360 studios,0,2,42.5,0.0
photo booth for pictures,0,2,2.0,0.0
photo booth rental palmetto fl,0,2,76.5,0.0
foto but,0,2,3.0,0.0
how do i convert my photos to polaroids?,0,2,1.0,0.0
photo booth friends,0,2,4.0,0.0
photo booth frane,0,2,7.0,0.0
framed photo booth pictures,0,2,9.0,0.0
photo booth fotos,0,2,18.0,0.0
photobooth profile pic,0,2,3.0,0.0
kích thước photo booth,0,2,1.5,0.0
photo mia,0,2,12.0,0.0
enhypen photobooth,0,2,1.0,0.0
photo print booth,0,2,2.0,0.0
photo party booth,1,2,5.5,50.0
photo booth screen,0,2,3.5,0.0
kertas photobooth ukuran berapa,0,2,3.0,0.0
photo part,0,2,2.5,0.0
photo booth sama photobox apa bedanya,0,2,2.5,0.0
foto boots,0,2,3.0,0.0
photo booth hire company,0,2,54.5,0.0
photo op booth,0,2,1.5,0.0
photo ooth near me,0,2,11.0,0.0
"photo booth hire company in miami, fl",0,2,12.5,0.0
"photo booth hire company in miami gardens, florida",0,2,38.5,0.0
"photo booth hire company in leisure city, florida",0,2,59.0,0.0
"photo booth hire company in lake belvedere estates, florida",0,2,52.5,0.0
photo booth rentsl,0,2,8.0,0.0
"photo booth hire company in hialeah, fl",0,2,19.5,0.0
"photo booth hire company in el portal, miami-dade county",0,2,79.5,0.0
"photo booth hire company in east perrine, florida",0,2,57.0,0.0
photo booth renting,0,2,29.0,0.0
photo booth rentals in my area,0,2,25.0,0.0
keopic photobooth,0,2,1.0,0.0
foto booth near me,0,2,2.0,0.0
keepsake photo strip,0,2,3.0,0.0
photobooth pictures aesthetic,0,2,2.0,0.0
katseye photobooth,0,2,2.5,0.0
full size photo booth,0,2,6.0,0.0
diy photo booth strip,0,2,4.5,0.0
photo booth hire corby,0,2,79.5,0.0
"photo booth hire company in west miami, florida",0,2,6.0,0.0
photo selfie booth,0,2,71.0,0.0
photobooth sign,0,2,4.0,0.0
how big is a polaroid picture,0,2,1.0,0.0
photo roamer,0,2,6.0,0.0
photobooth in malay,0,2,4.5,0.0
photo booth signs to hold,0,2,3.0,0.0
diy photo booth polaroid,0,2,30.5,0.0
photo booth setup diy,0,2,50.5,0.0
jepreto.com kak,0,2,6.5,0.0
jepreto,0,2,10.0,0.0
photo booth session,0,2,19.0,0.0
how big is 2x2 picture,0,2,1.0,0.0
photobooth nearby,0,2,8.5,0.0
photo printing photo booth style,0,2,2.0,0.0
photobooth shell,0,2,8.0,0.0
photobooth display,0,2,37.0,0.0
is 2x3 passport size,0,2,1.0,0.0
horizontal photo strip,0,2,3.5,0.0
photo printer for photobooth,0,2,3.5,0.0
photobooht,0,2,4.5,0.0
"photo booth in miami beach, florida",0,2,76.0,0.0
photo booth in mexican spanish,0,2,3.0,0.0
"photo booth in land o lakes, fl",0,2,85.0,0.0
photoboo thing,0,2,3.0,0.0
photobooth logos,0,2,8.0,0.0
jpg photobooth,0,2,1.0,0.0
photo booth slide,0,2,3.0,0.0
diy photo booth for wedding,0,2,37.0,0.0
photobooth near me open now,0,2,1.5,0.0
photobooth pictures frame,0,2,9.0,0.0
photobooth rebtal,0,2,5.5,0.0
hire photo booths,0,2,56.5,0.0
hire my selfie,0,2,80.5,0.0
photobooth pernikahan,0,2,1.0,0.0
dimensions photomaton,0,2,3.5,0.0
photo booth stock photos,0,2,52.0,0.0
is photobooth one or two words,0,2,79.0,0.0
is photo booth one word or two,0,2,61.5,0.0
frame for photo strip,0,2,10.0,0.0
photo booth sticks,0,2,3.0,0.0
photo shoot booth,0,2,30.0,0.0
"""book of life"" photo booth sign",0,2,2.0,0.0
interactive event experiences 360 photo booth,0,2,82.0,0.0
photo booth standee size,0,2,24.0,0.0
dimensions of a polaroid,0,2,1.0,0.0
photo set,0,2,1.0,0.0
photo sequences,0,2,1.0,0.0
"""capture-one""",0,2,13.5,0.0
instant photo booth,0,2,12.0,0.0
photobooth ratio,0,2,1.0,0.0
instagram photo booth prop frame,0,2,33.0,0.0
photo sequence,0,2,1.0,0.0
photobooth kiss,0,2,63.5,0.0
four poses photobooth toronto,0,2,10.0,0.0
holiday photo booth ideas,0,2,39.0,0.0
photobooth party rental,0,2,5.0,0.0
frame photobooth strip,0,2,9.0,0.0
hasil photo booth,0,2,2.0,0.0
photo booth strip frame template,0,2,9.0,0.0
photo booth strip drawing,0,2,4.5,0.0
frame photo strip,0,2,11.0,0.0
photobooth overlay,0,2,3.5,0.0
photo booth mkg,0,2,6.0,0.0
photo booth strips print,0,2,64.0,0.0
photo booth memories,0,2,18.5,0.0
photo booth mean,0,2,2.5,0.0
festival photo booth,0,2,1.0,0.0
photobooth itu apa,0,2,2.0,0.0
dave and busters photo booth,0,2,1.0,0.0
photobooth spot,0,2,9.0,0.0
photobooth sluts,0,2,9.5,0.0
photobooth slot,0,2,4.5,0.0
photobooth sleeves,0,2,2.0,0.0
custom photo props,0,2,53.5,0.0
photo booth strips online,0,2,32.0,0.0
curtain photobooth,0,2,2.5,0.0
cult classic photobooth,0,2,8.0,0.0
รูปโฟโต้บูธ ขนาด,0,2,2.0,0.0
photobooth strip maker,0,2,10.5,0.0
photobooth strip frame ideas,0,2,8.0,0.0
photobooth strip drawing,0,2,10.0,0.0
photobooth strip design,0,2,9.0,0.0
photobooth strip album book,0,2,7.5,0.0
photobooth strap,0,2,4.0,0.0
#photobuffet,0,2,10.0,0.0
creative photo booth,0,2,7.0,0.0
create photo booth strip,0,2,4.0,0.0
focus photo booth,0,2,93.0,0.0
photobooth strip photo,0,2,2.5,0.0
photobooth nashallery,0,2,9.0,0.0
photobooth strip printer,0,2,2.5,0.0
corporate photo booth hire,0,2,11.0,0.0
corporate event photo booth trends 2025 2026,0,2,7.5,0.0
photobooth stub,0,2,2.0,0.0
photo booth strip picture frame,0,2,2.5,0.0
ขนาดรูป photo booth,0,2,1.5,0.0
photobooth traduction,0,2,2.5,0.0
photobooth to rent,0,2,6.5,0.0
photobooth to hire,0,2,89.0,0.0
photobooth time,0,2,1.0,0.0
photobooth ti,0,2,1.0,0.0
photobooth take photos,0,2,9.0,0.0
photobooth table,0,2,6.0,0.0
সেলফি বুথ,0,2,8.0,0.0
photo stand rental,0,2,4.5,0.0
photobooth with cortis,0,2,1.5,0.0
photobooth vs photo booth,0,2,2.0,0.0
photobooth usa,0,2,90.5,0.0
photobooth ukuran berapa,0,2,2.0,0.0
photobooth ukuran,0,2,2.0,0.0
como se llama este tipo de fotos,0,2,11.0,0.0
como se llama eso,0,2,1.0,0.0
como se llama,0,2,11.0,0.0
photoboothy,0,2,77.5,0.0
photoboothto,0,2,4.0,0.0
photobooths for events,0,2,8.0,0.0
photoboothio,0,2,9.0,0.0
photo booth strip paper,0,2,2.5,0.0
photoboothholic,0,2,1.0,0.0
معنى بوث,0,2,3.0,0.0
photobooth.oi,0,2,2.0,0.0
classic strip,0,2,2.0,0.0
claim your strip,0,2,6.0,0.0
معنى photo booth,0,2,2.5,0.0
photo stand for events,0,2,3.0,0.0
hello photo booth,0,2,5.5,0.0
photobothh,0,2,7.0,0.0
photobox strip,0,2,1.5,0.0
photo booth party hire,0,2,7.5,0.0
photobox photo booth strips,0,2,2.0,0.0
photography photo booth,0,2,3.5,0.0
photography booths,0,2,1.0,0.0
photography booth display ideas,0,2,73.5,0.0
headshot photo booth near me,0,2,12.5,0.0
dimension photo photomaton,0,2,1.5,0.0
photo strip booth rental,1,2,2.0,50.0
photo strip book,0,2,6.5,0.0
photocall,0,2,2.0,0.0
photobytes,0,2,6.5,0.0
photobuth,0,2,10.5,0.0
photo booth packages,0,2,6.5,0.0
christmas photo booth rental,0,2,7.0,0.0
photo strip background,0,2,44.5,0.0
chin chin booth,0,2,9.0,0.0
photoism size,0,2,1.0,0.0
photomaton impression document,0,2,4.0,0.0
photomaton cabine accessibilit,0,2,2.0,0.0
photoma photo booth,0,2,12.0,0.0
celebrity photobooth,0,2,77.0,0.0
monkey poses photobooth,0,2,1.0,0.0
photopooth,0,2,34.5,0.0
card visit photo booth,0,2,1.0,0.0
captured photo booth,0,2,7.0,0.0
photo booth options,0,2,1.0,0.0
photoset or photo set,0,2,1.0,0.0
photo booth newspaper,0,2,4.0,0.0
photos that come out of the camera,0,2,1.5,0.0
monkey photobooth trend,0,2,1.0,0.0
photostrip latest,0,2,5.5,0.0
photostrip ebuzzpro com,0,2,5.5,0.0
photostrip adalah,0,2,2.5,0.0
can i reuse new year's photo booth props for other occasions?,0,2,2.5,0.0
mini retro print size,0,2,4.0,0.0
camera strips,0,2,2.0,0.0
my fun photo booth,0,2,52.0,0.0
photostripes,0,2,1.0,0.0
halloween photo booth,0,2,11.5,0.0
camera shop,0,2,37.5,0.0
phptp booth,1,2,4.5,50.0
phtoto booth,0,2,4.0,0.0
"business headshots in coral gables, fl",0,2,61.0,0.0
photo strip asheville,0,2,10.0,0.0
picture frame photo booth,0,2,5.5,0.0
picture boot,0,2,4.0,0.0
halloween decor rentals,0,2,41.0,0.0
pictant,0,2,7.5,0.0
cafe photobooth,0,2,1.0,0.0
picture this!,0,2,1.0,0.0
picture strip meaning,0,2,1.5,0.0
h2h style photo booth,0,2,1.0,0.0
picture of strips,0,2,2.0,0.0
bridal shower photobooth,0,2,9.0,0.0
branded photo booth,0,2,36.0,0.0
boothy call,0,2,3.0,0.0
boothtique,0,2,7.0,0.0
photo strip art,0,2,8.0,0.0
boothpics rental,0,2,62.0,0.0
photo booth photo prints,0,2,80.0,0.0
pictures of photo booths,0,2,40.0,0.0
polariod photo size,0,2,1.0,0.0
polariod dimensions,0,2,1.0,0.0
podium photobooth,0,2,5.0,0.0
photo strip album,0,2,8.0,0.0
polaroid diy frame,0,2,29.0,0.0
polaroid card size,0,2,3.0,0.0
polaroid booth,0,2,19.0,0.0
boothify free online photo booth strips,0,2,8.0,0.0
photo booth photo paper,0,2,6.5,0.0
booth services,0,2,2.5,0.0
flashbooth photos,0,2,4.5,0.0
photo stri[,0,2,9.5,0.0
polaroid frame photobooth,0,2,9.0,0.0
photo booth photo display,0,2,18.5,0.0
booth photo wedding party,0,2,4.0,0.0
polaroid photo size in cm,0,2,1.0,0.0
photobooth menu,0,2,3.0,0.0
nearest photo booth,0,2,8.0,0.0
polaroid photo dimension,0,2,1.0,0.0
polaroid photo booth setup,0,2,8.0,0.0
polaroid prop frame,0,2,17.0,0.0
polaroid prop,0,2,25.0,0.0
polaroid pictures size,0,2,1.0,0.0
photobooth memories,0,2,3.0,0.0
polaroid photo size inches,0,2,2.0,0.0
booth print,0,2,7.0,0.0
booth post,0,2,1.0,0.0
pop up photo booth rental,0,2,16.5,0.0
pop up photo booth,0,2,3.0,0.0
photo booth times square,0,2,1.0,0.0
photo booth ticket,0,2,4.5,0.0
photo stations,0,2,7.0,0.0
booth photo booth,0,2,8.0,0.0
booth ka photo,0,2,3.5,0.0
booth hire,0,2,10.5,0.0
booth fotos,0,2,5.0,0.0
booth for events,0,2,11.5,0.0
photo booth photo strip frame,0,2,10.0,0.0
pose photo booth,0,2,26.0,0.0
pose office photobooth,0,2,1.0,0.0
photo booth terdekat dari lokasi saya,0,2,3.0,0.0
pose in photobooth,0,2,4.0,0.0
pose fotobooth,0,2,4.0,0.0
pose booth,0,2,6.0,0.0
portrait photo booth,0,2,37.0,0.0
portable photo booth for rent,0,2,32.0,0.0
portable photo booth for parties,0,2,7.0,0.0
booth box,0,2,3.0,0.0
booth acara,0,2,1.0,0.0
bnw photobooth,0,2,1.0,0.0
poses photobooth,0,2,7.0,0.0
potoboth,0,2,1.0,0.0
my sketchbooth.com,0,2,6.0,0.0
potho booth,0,2,13.0,0.0
photobooth 2 strip,0,2,2.0,0.0
print photo strips,0,2,3.0,0.0
print photo booth strips,0,2,4.0,0.0
print photo booth pictures,0,2,16.0,0.0
print out photo booth,0,2,8.5,0.0
premium+event+photo+booth,0,2,98.0,0.0
in inch,0,2,2.5,0.0
printable photobooth,0,2,6.0,0.0
print photostrip,0,2,9.5,0.0
photobooth 18 ans,0,2,4.0,0.0
print photos 33033,0,2,85.0,0.0
blank photobooth strip,0,2,5.0,0.0
blank photo strip,0,2,3.0,0.0
miifilm photobooth,0,2,13.0,0.0
black and white photobooth near me,0,2,1.0,0.0
black and white photo strip,0,2,7.0,0.0
mihi photo booth,0,2,31.5,0.0
mias photography,0,2,10.5,0.0
photobooth fremont,0,2,1.0,0.0
blababooth photo strip example text orientation,0,2,2.5,0.0
prom photobooth,0,2,5.5,0.0
prom photo booth rental,0,2,23.0,0.0
prom photo booth,0,2,1.5,0.0
professional photobooth,0,2,9.5,0.0
ptb object,0,2,3.0,0.0
props para fotos,0,2,21.0,0.0
normal polaroid size,0,2,3.0,0.0
imprimir fotos estilo fotomaton,0,2,5.0,0.0
real image photobooth,0,2,8.0,0.0
impression photomaton,0,2,2.5,0.0
rent a photo booth for wedding,0,2,25.5,0.0
rent a booth,0,2,11.5,0.0
fotostrip afdrukken,0,2,5.0,0.0
photo booth style pictures,0,2,4.0,0.0
rent photobooth for wedding,0,2,12.5,0.0
image photobooth,0,2,47.5,0.0
photobooth meme,0,2,1.0,0.0
rent halloween decor,0,2,21.0,0.0
old school photo booth,0,2,1.5,0.0
rent a selfie booth,0,2,53.5,0.0
rentable photo booths,0,2,10.0,0.0
best photobooth rental packages for weddings under $1200,0,2,10.5,0.0
ideas for props,0,2,12.5,0.0
ideas for photo props,0,2,18.0,0.0
rented photo booth,0,2,75.5,0.0
rental photobooth,0,2,26.5,0.0
rental photo booth wedding,0,2,74.5,0.0
photobooth medidas,0,2,1.0,0.0
ideas for photo booth frames,0,2,91.0,0.0
retro photo size,0,2,1.0,0.0
dimension cadre photobooth,0,2,2.0,0.0
photo booth photos strip,0,2,16.5,0.0
photo booth photos frame,0,2,7.5,0.0
fotos photobooth,0,2,3.5,0.0
miamiphoto,0,2,18.0,0.0
photobooth aquarium,0,2,1.0,0.0
ring photo booth rental,0,2,5.5,0.0
best photobooth near miami,0,2,12.0,0.0
best photo booth rentals college park,0,2,12.0,0.0
best photo booth rentals,0,2,62.5,0.0
photo booth places near me,0,2,10.0,0.0
say photobooth,0,2,3.0,0.0
miami photo studio rental,0,2,70.5,0.0
salon booth rental near me,0,2,39.0,0.0
roaming photo booth rental,0,2,9.0,0.0
bedanya photobooth dan photo studio,0,2,3.0,0.0
beda nya photobooth dan photobox,0,2,2.0,0.0
beda foto booth dan photobox,0,2,3.0,0.0
selfie booth rental near me,0,2,3.5,0.0
self photo booth,0,2,1.0,0.0
photo booth pixel,0,2,2.0,0.0
sewa photo booth,0,2,66.5,0.0
setup photo booth,0,2,60.0,0.0
selfie props ideas,0,2,44.0,0.0
simple booth on rent a photobooth,0,2,17.5,0.0
sidewalk photobooth,0,2,1.0,0.0
si,0,2,17.5,0.0
show me realistic features of a polaroid frame,0,2,3.5,0.0
bande photo,0,2,2.5,0.0
photo booth pictures frame,0,2,8.5,0.0
bande de photo,0,2,6.0,0.0
backdrops near me,0,2,7.0,0.0
backdrops,0,2,32.5,0.0
backdrop,0,2,40.5,0.0
audio guestbook rental,0,2,5.0,0.0
size 2x2,0,2,1.0,0.0
attractions in downtown miami,0,2,1.5,0.0
vintage photobooth strip,0,2,6.5,0.0
graduation photo prop ideas,0,2,1.0,0.0
area photo booth,0,2,3.0,0.0
photo booth picture frames,0,2,5.0,0.0
fotos booth,0,2,7.0,0.0
sketch photo booth,0,2,9.5,0.0
photobooth aeon bsd,0,2,1.0,0.0
fotopot,0,2,7.0,0.0
audio guestbook phonebooth hire,0,2,37.5,0.0
digital photo booth rentals,0,2,46.5,0.0
apa itu photobooth dan photobox,0,2,3.0,0.0
apa itu foto booth,0,2,2.5,0.0
other words for photo booth,0,2,1.0,0.0
smile photobooth,0,2,7.0,0.0
smile photo booth,0,2,9.5,0.0
small photobooth,0,2,9.5,0.0
sold out photo,0,2,10.5,0.0
snippets of photos meaning,0,2,1.0,0.0
ar photo booth,0,2,6.5,0.0
square photo booth frame,0,2,1.0,0.0
photo booth with photographer,0,2,60.5,0.0
speech booth,0,2,5.5,0.0
photobooth for event,0,2,4.5,0.0
apa bedanya photo booth dengan photobox,0,2,2.0,0.0
apa beda photobox dan photobooth,0,2,3.0,0.0
party rental photo booth,0,2,7.0,0.0
party picture booth,0,2,44.5,0.0
sticker photo booth,0,2,6.0,0.0
sticker for photobooth,0,2,5.5,0.0
stick props for photo booth,0,2,2.0,0.0
statement photo booth,0,2,89.5,0.0
standard size of a polaroid picture,0,2,1.0,0.0
american photo booth,0,2,41.0,0.0
photobooth business name ideas,0,2,2.5,0.0
airport photo booth,0,2,1.0,0.0
ai photo booth trends 2026,0,2,6.5,0.0
ai photo booth rentals,0,2,11.5,0.0
sticks for photo booth props,0,2,3.5,0.0
photo strip holder,0,2,9.5,0.0
acubi photobooth,0,2,1.0,0.0
i photobooth cebu,0,2,10.5,0.0
strip camera,0,2,1.5,0.0
photo booth website,0,2,8.5,0.0
strip photo booth rental,0,2,10.0,0.0
party photo booth rental near me,0,2,7.5,0.0
photobooth booth,0,2,6.0,0.0
party photo booth ideas,0,2,1.5,0.0
photobooth bloemfontein,0,2,6.0,0.0
party camera booth,0,2,9.5,0.0
a photo booth,0,2,8.5,0.0
hình ảnh liên quan,0,2,14.0,0.0
strip photoshoot,0,2,1.0,0.0
strip photobooth template,0,2,6.0,0.0
strip-ornts,0,2,2.0,0.0
photo booth ukuran,0,2,1.0,0.0
customize photo booth props,0,2,37.0,0.0
strip printing,0,2,1.0,0.0
photobooth mangalore,0,2,2.5,0.0
strip pose,0,2,1.5,0.0
strip picture frame,0,2,3.0,0.0
h2h photo booth,0,2,1.0,0.0
mia cost,0,2,76.0,0.0
6x2 in inches,0,2,1.0,0.0
passport size and 2x2 is the same,0,2,1.0,0.0
photobooth bar,0,2,1.0,0.0
4 photo strip,0,2,1.5,0.0
studio quality photo booth rentals,0,2,57.0,0.0
photo booth post,0,2,10.5,0.0
sunrise sunset,0,2,1.0,0.0
perbedaan foto studio dan photobooth,0,2,2.0,0.0
template photo booth strip,0,2,4.5,0.0
photo booth pose,0,2,11.0,0.0
tempat foto booth,0,2,4.0,0.0
glitz and glam photo booth,0,2,90.5,0.0
telephone booth rental wedding,0,2,47.5,0.0
extra effects for photobooth,0,2,86.5,0.0
the standard photo booth,0,2,11.0,0.0
diy photobooth strip frame,0,2,8.0,0.0
the photobooth,0,2,1.5,0.0
the photo booth parlour,0,2,4.0,0.0
photo strip save the date,0,2,8.5,0.0
the event roamer,0,2,20.0,0.0
360 photography equipment,0,2,1.0,0.0
360 photo example,0,2,53.5,0.0
en ingles,0,2,1.5,0.0
360 photo booth westchester county,0,2,66.0,0.0
photo booth prop table,0,2,9.0,0.0
glam photobooth,0,2,30.5,0.0
the strip club photobooth studio,0,2,11.0,0.0
360 photo booth logos,0,2,67.0,0.0
360 photo booth how does it work,0,2,26.5,0.0
glam photo booth rentals,0,2,53.0,0.0
tira de fotos en ingles,0,2,1.5,0.0
time zone photo booth,0,2,1.0,0.0
360 photo booth san diego,0,2,10.0,0.0
360 picture booth rental,0,2,7.5,0.0
photo strip photo booth rental,0,2,6.5,0.0
tradisi photobooth,0,2,4.0,0.0
photo booth printed photos,0,2,4.0,0.0
exhibition photo booth,0,2,4.5,0.0
phot booth rental,0,2,4.0,0.0
tiras cabina de fotos,0,2,20.0,0.0
360 photo booth photo,0,2,18.5,0.0
360 photo booth palm harbor fl,0,2,84.5,0.0
how to take boomerang photo,0,2,1.0,0.0
photo booth words,0,2,1.0,0.0
phoro booth,0,2,3.5,0.0
types of photobooth,0,2,3.5,0.0
tulisan photobooth,0,2,3.0,0.0
360 degree photo booth trends 2025 2026,0,2,8.0,0.0
360 degree photo booth,0,2,55.0,0.0
360 camera rental for wedding,0,2,7.0,0.0
how to set up 360 photo booth,0,2,24.5,0.0
ukuran foto strip photobox,0,2,2.0,0.0
phooto both,0,2,10.5,0.0
phoot booth,0,2,8.0,0.0
360 booth set up,0,2,45.5,0.0
360 booth for photos,0,2,96.5,0.0
girls photo booth,0,2,1.0,0.0
ukuran photo booth event,0,2,1.5,0.0
ukuran kertas photobox,0,2,8.0,0.0
how to rent a photo booth,0,2,5.0,0.0
example of photo booth,0,2,3.5,0.0
ukuran polaroid strip,0,2,6.0,0.0
phone booth rental for wedding,0,2,41.0,0.0
ukuran photostrip photobox,0,2,2.5,0.0
evo hotel photo booth,0,2,1.0,0.0
md photography and photobooth,0,2,10.0,0.0
how to print photo booth strips at home,0,2,1.5,0.0
photobooth center point,0,2,1.0,0.0
materials for photo booth,0,2,54.5,0.0
diy photobooth for wedding,0,2,51.5,0.0
ukuran spanduk photo booth,0,2,5.5,0.0
unique photo booth names,0,2,2.5,0.0
unique photo booth name,0,2,20.5,0.0
marketing photo booth,0,2,10.0,0.0
elevator photobooth,0,2,4.5,0.0
2x6 picture,0,2,2.0,0.0
manchon photo,0,2,2.0,0.0
photo booth ramayana depok,0,2,3.5,0.0
photo booths for rental,0,2,28.5,0.0
vintage photo booth rental miami,0,2,32.5,0.0
vintage photo booth photos,0,2,21.0,0.0
vintage photo booth near me,0,2,10.5,0.0
mall photo booth,0,2,1.0,0.0
wallet size photo dimensions,0,2,80.0,0.0
walgreens photo strip size,0,2,1.0,0.0
walgreens photo strip,0,2,5.5,0.0
vipbox photobooth,0,2,4.0,0.0
diy photobooth,0,2,58.0,0.0
wat is photobooth,0,2,75.0,0.0
wedding photo booth prints,0,2,8.5,0.0
wedding photo booth pictures,1,2,3.0,50.0
wedding photo booth hire,0,2,66.5,0.0
2x6 inch photo strip,0,2,1.0,0.0
wedding strip,0,2,2.0,0.0
photbooths near me,0,2,10.0,0.0
photo booths at events,0,2,5.0,0.0
wedding photobooth diy,0,2,36.0,0.0
wedding photo booth strips,0,2,6.5,0.0
wedding photo booth strip ideas,0,2,29.0,0.0
wedding photo booth strip,0,2,2.5,0.0
2x2 picture size in cm,0,2,1.0,0.0
diy photo strips,0,2,76.5,0.0
2x2 picture maker,0,2,10.5,0.0
2x2 pic size,0,2,1.0,0.0
2x2 photo id,0,2,1.0,0.0
what,0,2,2.0,0.0
what are these pictures called?,0,2,8.5,0.0
what are the photos,0,2,1.0,0.0
what are photo props,0,2,72.5,0.0
2x2 in cm height and width,0,2,1.0,0.0
2x2 id photo,0,2,1.0,0.0
photo atrip,0,2,2.0,0.0
2by2,0,2,3.0,0.0
24 hour stores near me,0,2,30.0,0.0
photo booth props printable,1,2,5.5,50.0
what does fototeta mean,0,2,1.0,0.0
photobooth cards,0,2,2.0,0.0
how to make photo frame for photo booth,0,2,21.5,0.0
photobooth card,1,2,2.0,50.0
what is polaroid photo size,0,2,1.0,0.0
what is photo booth used for,0,2,60.0,0.0
what is it called,0,2,1.5,0.0
what is blablabooth photo booth,0,2,2.0,0.0
echirolles,0,2,6.0,0.0
photo booth rental broward,0,2,73.5,0.0
2 x2 size in cm,0,2,1.0,0.0
2 x 6 photo strip,0,2,7.0,0.0
what is the size of 2 by 2 picture,0,2,1.0,0.0
photo 2,0,2,1.0,0.0
2 strip foto artinya,0,2,1.0,0.0
photo 1,0,2,3.0,0.0
what is the size of this photo,0,2,3.0,0.0
make your own photo props,0,2,14.5,0.0
what paper do photo booths use,0,2,1.0,0.0
what is this?,0,2,11.0,0.0
2 by 4 photo size,0,2,4.0,0.0
make photo booth strip,0,2,6.0,0.0
photo booth rental birthday party,0,2,54.0,0.0
what size is retro on free prints,0,2,1.0,0.0
what size is a standard polaroid picture,0,2,1.0,0.0
what size is a photo,0,2,1.0,0.0
what size is 2000 x 2000 pixels,0,2,1.0,0.0
what size frame is this,0,2,11.0,0.0
what type of paper is used in photo booth,0,2,1.0,0.0
what to see in miami downtown,0,2,1.5,0.0
what this called,0,2,16.0,0.0
what themes are popular for kids' photo booth backdrops?,0,2,33.5,0.0
what the size of 2x2 picture,0,2,1.0,0.0
what style is this?,0,2,12.5,0.0
what size pictures,0,2,18.5,0.0
1.5 x 1.5 picture size in cm,0,2,1.0,0.0
1 strip photobooth,0,2,1.5,0.0
1 strip foto box,0,2,1.0,0.0
1 hour photo,0,2,1.0,0.0
1,0,2,4.5,0.0
whats the width,0,2,3.5,0.0
whats photo booth,0,2,22.0,0.0
photo both rental,0,2,5.5,0.0
what's the trendiest neighborhood in miami for boutique hotels?,0,2,24.0,0.0
photo booth reel,0,2,2.0,0.0
photo both photos,0,2,2.0,0.0
where can i print something near me,0,2,8.5,0.0
photo booty,0,2,6.5,0.0
"who offers warranties, support, and spare parts for commercial photo booths?",0,2,3.5,0.0
where to print photobooth strips,0,2,3.0,0.0
where to print photo strips,0,2,3.0,0.0
how to set up a 360 photo booth,0,2,19.0,0.0
photo bars,0,2,16.0,0.0
(inurl:photo) execution,0,2,11.5,0.0
(inurl:photo) dominate,0,2,11.0,0.0
(inurl:photo) ache,0,2,13.5,0.0
#upskirtphoto,0,2,10.5,0.0
wynwood,0,2,1.0,0.0
wooden photo booth props,0,2,34.0,0.0
yourcityphotobooth,0,2,27.5,0.0
yourbrand photo booth,0,2,8.5,0.0
yes please,0,2,11.5,0.0
"photo booth rental in cooper city, florida",0,2,58.0,0.0
yang benar photobox atau photo booth,0,2,3.0,0.0
y en ingles,0,2,2.0,0.0
(inurl:post) organize,0,2,29.0,0.0
photobooth in arabic,0,2,2.0,0.0
photo booths rental,0,2,5.5,0.0
yours photobooth,0,2,1.5,0.0
фотобудка,0,2,3.5,0.0
фото в фотобудке,0,2,2.5,0.0
фотки в фотобудке,0,2,5.0,0.0
الفوتو بوث,0,2,2.0,0.0
#memoryshop,0,2,10.0,0.0
"""فوتوبوث"" arabic",0,2,2.0,0.0
"""vivant vintage"" ""photo booth"" boston",0,2,7.0,0.0
"""the photo booth luxury""",0,2,2.0,0.0
oscar photo booth,0,2,7.0,0.0
كشك الصور,0,2,3.0,0.0
photo booth 360 rental near me,0,2,9.5,0.0
كابينة تصوير,0,2,2.0,0.0
how to make a small propeller,0,1,2.0,0.0
how to make a propeller hat,0,1,2.0,0.0
how to make a polaroid,0,1,11.0,0.0
"photo booth rental in doral, florida",0,1,77.0,0.0
how to make a mace,0,1,1.0,0.0
"photo booth rental in lutz, florida",0,1,98.0,0.0
"photo booth rental in leisure city, florida",0,1,80.0,0.0
"photo booth rental in ives estates, florida",0,1,28.0,0.0
"photo booth rental in homestead, fl",0,1,26.0,0.0
"photo booth rental in hollywood, florida",0,1,105.0,0.0
"photo booth rental in hollywood, fl",0,1,101.0,0.0
photo booth rental in sunset beach,0,1,55.0,0.0
"photo booth rental in opa locka, fl",0,1,63.0,0.0
"photo booth rental in north miami beach, fl",0,1,88.0,0.0
"photo booth rental in miami gardens, broward county",0,1,52.0,0.0
how to make a photo booth for party,0,1,67.0,0.0
how to make a photo booth backdrop,0,1,80.0,0.0
how to make a party photo booth,0,1,55.0,0.0
how to make a makeshift,0,1,1.0,0.0
how to make a face cut out photo board,0,1,1.0,0.0
how to make a diy photo booth,0,1,63.0,0.0
how to make,0,1,1.0,0.0
how to get this picture,0,1,27.0,0.0
how to edit 2x2 picture,0,1,1.0,0.0
how to do your own photo booth,0,1,55.0,0.0
how to do a diy photo booth,0,1,71.0,0.0
"photo booth rental in university park, dallas county",0,1,105.0,0.0
"photo booth rental in union park, florida",0,1,57.0,0.0
photo booth rental palm river fl,0,1,78.0,0.0
how to diy photo booth,0,1,63.0,0.0
how to display hair bows,0,1,1.0,0.0
how to create a photo booth,0,1,67.0,0.0
how to create a film strip with pictures,0,1,2.0,0.0
how to create a diy photo booth,0,1,40.0,0.0
photo booth rental packages,0,1,56.0,0.0
photo booth rental options,0,1,5.0,0.0
photo booth rental ocala fl,0,1,83.0,0.0
photo booth rental near me instant prints wedding,0,1,5.0,0.0
how to make a fake photo booth strip,0,1,1.0,0.0
how to make a face cutout board,0,1,2.0,0.0
how much to rent a photo booth,0,1,12.0,0.0
how much does it cost to rent a photo booth,0,1,1.0,0.0
how much are photo booth photos,0,1,8.0,0.0
how many pixels is a 4x6 photo,0,1,1.0,0.0
photo booth rental ruskin fl,0,1,95.0,0.0
photo booth rental riyadh,0,1,2.0,0.0
photo booth rental riverview fl,0,1,89.0,0.0
photo booth rental pricing,0,1,13.0,0.0
photo booth rental price,0,1,13.0,0.0
how do you call this,0,1,21.0,0.0
how do i make a photo booth,0,1,49.0,0.0
how can i make polaroid photo,0,1,1.0,0.0
how can i call this,0,1,3.0,0.0
photo booth rental.,0,1,6.0,0.0
photo booth rental with on-site attendant and instant social sharing,0,1,2.0,0.0
photo booth rental wimauma fl,0,1,83.0,0.0
photo booth rental weddings,0,1,7.0,0.0
photo booth rental usa,0,1,57.0,0.0
photo booth rental trends 2026,0,1,12.0,0.0
photo booth rental tarpon springs,0,1,87.0,0.0
photo booth rental shipped,0,1,84.0,0.0
how to build photo booth,0,1,65.0,0.0
how to build a photo booth,0,1,63.0,0.0
photo booth seperti apa,0,1,3.0,0.0
photo booth selfie time,0,1,3.0,0.0
photo booth scene,0,1,4.0,0.0
photo booth sales near me,0,1,9.0,0.0
photo booth round,0,1,2.0,0.0
photo booth replacement parts,0,1,8.0,0.0
photo booth rentals for weddings,0,1,21.0,0.0
how do you take a boomerang picture,0,1,6.0,0.0
how do you take a boomerang photo,0,1,1.0,0.0
how do you spell photo booth,0,1,12.0,0.0
how do you make a photo booth frame,0,1,49.0,0.0
photo booth size frame,0,1,1.0,0.0
how big should a photo booth backdrop be,0,1,88.0,0.0
how big is this picture,0,1,2.0,0.0
how big is this photo,0,1,3.0,0.0
how big is this frame,0,1,1.0,0.0
how big is it,0,1,1.0,0.0
how big is a polaroid,0,1,1.0,0.0
how big is a 5x5 photo,0,1,63.0,0.0
photo booth significato,0,1,84.0,0.0
photo booth shell,0,1,9.0,0.0
photo booth services near me,0,1,5.0,0.0
how big is 2x2 inches,0,1,77.0,0.0
how big is 2mb picture,0,1,1.0,0.0
how big are polaroids,0,1,1.0,0.0
how big are polaroid pictures,0,1,1.0,0.0
how,0,1,27.0,0.0
hotphotoai,0,1,5.0,0.0
homemade props,0,1,60.0,0.0
photo booth snapshot,0,1,1.0,0.0
photo booth smile,0,1,1.0,0.0
photo booth sluts,0,1,11.0,0.0
photo booth sleeves,0,1,5.0,0.0
photo booth sketch,0,1,3.0,0.0
holiday photo booth,0,1,13.0,0.0
hoi an photobooth,0,1,1.0,0.0
hm photobooth,0,1,1.0,0.0
history of photo booths,0,1,71.0,0.0
hire booth,0,1,8.0,0.0
hire a photo booth for a party,0,1,77.0,0.0
photo booth stick props,0,1,8.0,0.0
photo booth stand,0,1,10.0,0.0
photo booth spinner rental,0,1,97.0,0.0
photo booth spelling,0,1,95.0,0.0
photo booth solo paragon,0,1,2.0,0.0
hay alguna foto?,0,1,4.0,0.0
hats for photo booth,0,1,5.0,0.0
hat booth,0,1,1.0,0.0
photo booth strip couple,0,1,6.0,0.0
photo booth strip background,0,1,10.0,0.0
photo booth strip app,0,1,4.0,0.0
photo booth strip album,0,1,12.0,0.0
photo booth stock images,0,1,32.0,0.0
home photobooth,0,1,2.0,0.0
holiday photobooth,0,1,1.0,0.0
photo booth strips wedding,0,1,12.0,0.0
photo booth strip tattoo,0,1,5.0,0.0
photo booth strip png,0,1,11.0,0.0
photo booth strip photo album,0,1,7.0,0.0
photo booth strip online,0,1,11.0,0.0
hello kitty photo booth,0,1,11.0,0.0
height and width of polaroid picture,0,1,4.0,0.0
headshot photo booth,0,1,3.0,0.0
harga photobox di tangcity mall,0,1,4.0,0.0
harga photobox di carrefour medan,0,1,3.0,0.0
harga photobooth di mall,0,1,3.0,0.0
harga photo booth,0,1,3.0,0.0
happybooth,0,1,5.0,0.0
halloween decoration rental,0,1,41.0,0.0
photo booth style photo prints,0,1,4.0,0.0
photo booth style camera,0,1,5.0,0.0
photo booth style,0,1,65.0,0.0
photo booth studios,0,1,81.0,0.0
photo booth studio near me,0,1,9.0,0.0
photo booth structure,0,1,62.0,0.0
photo booth thrissur,0,1,1.0,0.0
photo booth thane,0,1,4.0,0.0
photo booth text,0,1,1.0,0.0
photo booth table top,0,1,100.0,0.0
photo booth supply co,0,1,2.0,0.0
photo booth supermarket,0,1,2.0,0.0
photo booth sun plaza,0,1,3.0,0.0
photo booth subang,0,1,4.0,0.0
photo booth style print,0,1,18.0,0.0
hasil foto photobooth,0,1,2.0,0.0
hasil foto booth,0,1,2.0,0.0
guest book wedding near me,0,1,14.0,0.0
group of pictures is called,0,1,13.0,0.0
group of photos is called,0,1,1.0,0.0
group of photos called,0,1,1.0,0.0
green screen photo booth diy,0,1,69.0,0.0
grapeland heights miami fl,0,1,66.0,0.0
graduation photos props,0,1,28.0,0.0
graduation photobooth,0,1,13.0,0.0
google photo booth,0,1,3.0,0.0
good photo booth poses,0,1,94.0,0.0
photo booth to rent for wedding,0,1,22.0,0.0
photo booth to make memories,0,1,70.0,0.0
photo booth to buy,0,1,5.0,0.0
photo booth to,0,1,9.0,0.0
photo booth wooden frame,0,1,33.0,0.0
photo booth with guest book,0,1,5.0,0.0
photo booth wholesale,0,1,59.0,0.0
photo booth westchester county,0,1,70.0,0.0
photo booth wedding simple,0,1,59.0,0.0
photo booth wedding diy,0,1,39.0,0.0
photo booth web,0,1,6.0,0.0
photo booth video,0,1,11.0,0.0
photo booth tunjungan plaza,0,1,2.0,0.0
photo booth trends 2025 2026,0,1,9.0,0.0
h2h #style photobooth,0,1,1.0,0.0
guestbook photos services,0,1,85.0,0.0
gokapture,0,1,1.0,0.0
glowbox studio and space,0,1,5.0,0.0
glamshot,0,1,1.0,0.0
glamour shots near me,0,1,1.0,0.0
glamorous photo booth,0,1,52.0,0.0
glambot rental near me,0,1,1.0,0.0
glam+photo+booth+rental,0,1,53.0,0.0
glam photoshoot,0,1,1.0,0.0
glam photo booths,0,1,93.0,0.0
glam photo booth for sale,0,1,52.0,0.0
photo booth это,0,1,1.0,0.0
photo booth что это,0,1,1.0,0.0
giant photostrip,0,1,4.0,0.0
giant photo strip,0,1,8.0,0.0
gemini photo booth prompt,0,1,1.0,0.0
gele.photobooth,0,1,4.0,0.0
gambar strip,0,1,2.0,0.0
photo booths for passport photos,0,1,97.0,0.0
photo booths around me,0,1,7.0,0.0
photo boothg,0,1,11.0,0.0
photo booth\,0,1,11.0,0.0
photo booth.nashallery.com,0,1,1.0,0.0
photo booth.com,0,1,10.0,0.0
photo booty near me,0,1,1.0,0.0
photo bootn,0,1,13.0,0.0
photo booths props,0,1,1.0,0.0
photo booths photo booth,0,1,1.0,0.0
photo booths newcastle,0,1,2.0,0.0
photo booths for sale,0,1,2.0,0.0
give me more,0,1,3.0,0.0
github photobooth,0,1,2.0,0.0
gambar,0,1,30.0,0.0
funny sayings for photo booth signs,0,1,1.0,0.0
funny props,0,1,1.0,0.0
funny photo booth props,0,1,75.0,0.0
funny photo booth poses for couples,0,1,8.0,0.0
funny,0,1,3.0,0.0
fun props,0,1,66.0,0.0
fun photobooth props,0,1,47.0,0.0
photo bpoth,0,1,1.0,0.0
photo box terdekat,0,1,3.0,0.0
photo box event,0,1,12.0,0.0
photo both rentals,0,1,6.0,0.0
photo frame strip,0,1,4.0,0.0
photo frame photobooth,0,1,7.0,0.0
photo frame for photo booth,0,1,1.0,0.0
photo film strips,0,1,3.0,0.0
photo dimension,0,1,3.0,0.0
photo capture photobooth,0,1,1.0,0.0
photo bus rental,0,1,5.0,0.0
photo bus photo,0,1,11.0,0.0
photo bus,0,1,11.0,0.0
gambar photo booth,0,1,6.0,0.0
photo me photo size,0,1,2.0,0.0
photo me,0,1,2.0,0.0
photo magnet sizes,0,1,3.0,0.0
photo machine near me,0,1,1.0,0.0
photo lounge,0,1,5.0,0.0
photo kiosks,0,1,1.0,0.0
photo in pub,0,1,2.0,0.0
photo id photographer coral gables,0,1,77.0,0.0
photo id photo booth,0,1,6.0,0.0
photo glam booth,0,1,20.0,0.0
photo fun booth,0,1,69.0,0.0
photo fun,0,1,20.0,0.0
photo from camera,0,1,2.0,0.0
photo from a camera,0,1,2.0,0.0
fremo.id photobooth,0,1,4.0,0.0
frames photobooth,0,1,12.0,0.0
frames for,1,1,1.0,100.0
framed photobooth photos,0,1,2.0,0.0
framed photo booth strips,0,1,8.0,0.0
photo objet photobooth,0,1,1.0,0.0
photo objet megamall,0,1,7.0,0.0
photo object megamall,0,1,1.0,0.0
photo mosaic,0,1,1.0,0.0
photo mirror booth,0,1,2.0,0.0
photo print sheet name,0,1,2.0,0.0
photo print near me,0,1,10.0,0.0
photo polaroid format,0,1,1.0,0.0
photo op props,0,1,14.0,0.0
photo of booth,0,1,1.0,0.0
photo objet photobooth vietnam,0,1,5.0,0.0
fun photo booth,0,1,11.0,0.0
full photo size in cm,0,1,2.0,0.0
fto booth,0,1,2.0,0.0
friends photobooth,0,1,5.0,0.0
photo section,0,1,2.0,0.0
photo secion,0,1,1.0,0.0
photo rental near me,0,1,16.0,0.0
photo props near me,0,1,1.0,0.0
photo props ideas,0,1,4.0,0.0
photo prop stand,0,1,8.0,0.0
photo prop ideas for birthday,0,1,1.0,0.0
photo prop ideas,0,1,4.0,0.0
photo printing,0,1,1.0,0.0
photo printer photo booth,0,1,1.0,0.0
photo spinner rental,0,1,12.0,0.0
photo small paper size,0,1,1.0,0.0
photo sizing,0,1,3.0,0.0
photo sizes walgreens,0,1,1.0,0.0
photo sizes chart,1,1,2.0,100.0
photo size print,0,1,6.0,0.0
photo size 6x4,0,1,1.0,0.0
photo size 5.2 inch,0,1,1.0,0.0
photo size 35 * 45 mm,0,1,5.0,0.0
photo size,0,1,9.0,0.0
photo setup,0,1,3.0,0.0
photo station for party,0,1,10.0,0.0
framebridge photo strip,0,1,9.0,0.0
frame photo booth diy,0,1,21.0,0.0
frame idol photoism,0,1,1.0,0.0
frame for photo strips,0,1,7.0,0.0
frame for photo booth,0,1,3.0,0.0
photo station,0,1,1.0,0.0
photo standee photo booth,0,1,4.0,0.0
photo stand up,0,1,30.0,0.0
photo strip card,0,1,2.0,0.0
photo strip border,0,1,1.0,0.0
photo strip 2x6,0,1,1.0,0.0
photo stri,0,1,2.0,0.0
photo stip,0,1,2.0,0.0
four poses,0,1,11.0,0.0
fotostrips afdrukken,0,1,5.0,0.0
fotostrip photobooth,0,1,9.0,0.0
fotostreifen selber drucken,0,1,3.0,0.0
fotostreifen rossmann,0,1,3.0,0.0
fotostreifen fotoautomat,0,1,8.0,0.0
fotostreife,0,1,5.0,0.0
fotos fotomatón,0,1,2.0,0.0
photo strip frame nearby,0,1,11.0,0.0
photo strip film,0,1,2.0,0.0
photo strip design,0,1,15.0,0.0
fotos cabina fotografica,0,1,2.0,0.0
fotos 360 para eventos,0,1,25.0,0.0
fotopoth,0,1,6.0,0.0
fotomatón cumpleaños,0,1,9.0,0.0
photo strip outline,0,1,9.0,0.0
photo strip ornament,0,1,5.0,0.0
photo strip magnet,0,1,6.0,0.0
photo strip keychain holder,0,1,4.0,0.0
photo strip inspo,0,1,11.0,0.0
photo strip gift,0,1,11.0,0.0
photo strip from photo booth,0,1,1.0,0.0
photo strip framw,0,1,11.0,0.0
photo strip framing,0,1,1.0,0.0
fotomaton ingles,0,1,3.0,0.0
fotohokkie ubertos,0,1,3.0,0.0
fotohokkie cianjur,0,1,3.0,0.0
fotografias instantaneas tamaño infantil,0,1,1.0,0.0
fotofunbox fotobudka rzesz,0,1,7.0,0.0
fotodopa hong kong photo booth,0,1,9.0,0.0
fotobås till fest,0,1,1.0,0.0
fotobuth,0,1,12.0,0.0
fotobudka włocławek,0,1,6.0,0.0
photo strip prints cvs,0,1,1.0,0.0
photo strip poses,0,1,5.0,0.0
fotos de photobooth,0,1,2.0,0.0
fotos de cabina de fotos,0,1,2.0,0.0
fotobox di solo,0,1,3.0,0.0
fotobox di bandung,0,1,4.0,0.0
fotobox accessoires,0,1,10.0,0.0
fotoboth,0,1,7.0,0.0
fotobooths,0,1,7.0,0.0
fotobooth. cc,0,1,10.0,0.0
fotobooth wedding,0,1,4.0,0.0
fotoboot,0,1,1.0,0.0
photo strip.frame,0,1,8.0,0.0
photo strip wall,0,1,2.0,0.0
photo strip ukuran,0,1,2.0,0.0
photo strip trend,0,1,2.0,0.0
photo strip sticker,0,1,6.0,0.0
fotomaton near me,0,1,11.0,0.0
photo studio booth,0,1,10.0,0.0
photo stub,0,1,2.0,0.0
photo strips template,0,1,4.0,0.0
photo strips printer,0,1,2.0,0.0
fotobudka po ang,0,1,1.0,0.0
fotobudka 360 łódź,0,1,3.0,0.0
fotobudka 360,0,1,2.0,0.0
fotobox trends 2026,0,1,9.0,0.0
photo+booth,0,1,98.0,0.0
photo with white border called,0,1,2.0,0.0
photo with shanghai photobooth,0,1,10.0,0.0
photo wall booth,0,1,2.0,0.0
photo wagon,0,1,2.0,0.0
photo vanity,0,1,2.0,0.0
photo type photomaton,0,1,1.0,0.0
photo truck,0,1,50.0,0.0
photo time photobooth frame mới nhất,0,1,2.0,0.0
photo that comes out of camera,0,1,2.0,0.0
photo taken in a flash,0,1,2.0,0.0
photo table display ideas,0,1,91.0,0.0
foto studio,0,1,3.0,0.0
foto strip photobooth,0,1,5.0,0.0
foto strip,0,1,2.0,0.0
foto requisiten,0,1,5.0,0.0
foto fun,0,1,48.0,0.0
foto de cabina de fotos,0,1,3.0,0.0
foto cabina,0,1,8.0,0.0
foto box yang bagus,0,1,12.0,0.0
photo-me booth,0,1,94.0,0.0
photo-booths,0,1,5.0,0.0
foto box dan photo booth,0,1,2.0,0.0
foto bout,0,1,2.0,0.0
foto bot,0,1,2.0,0.0
foto booth itu apa,0,1,3.0,0.0
foto booth adalah,0,1,3.0,0.0
photobbooth,0,1,6.0,0.0
photoautomat fotos,0,1,2.0,0.0
photoautomat booth dimensions weight,0,1,7.0,0.0
photo.booth near me,0,1,2.0,0.0
photo-me photobooth dimensions weight power requirements,0,1,2.0,0.0
photo-me photobooth,0,1,5.0,0.0
foto ukuran berapa,0,1,1.0,0.0
foto teta meaning,0,1,1.0,0.0
photobootb near me,0,1,4.0,0.0
photoboot near me,0,1,9.0,0.0
photoboorg,0,1,13.0,0.0
photobook,0,1,5.0,0.0
photobombed photobooths,0,1,4.0,0.0
"photobomb pictures - photo booth - photography, party entertainment service",0,1,9.0,0.0
photobomb pictures,0,1,2.0,0.0
photobomb photography,0,1,6.0,0.0
photobomb photobooth,0,1,10.0,0.0
photoboit,0,1,2.0,0.0
photobbot,0,1,14.0,0.0
foto box pekanbaru,0,1,4.0,0.0
foto box margo,0,1,4.0,0.0
foto box di aeon sentul,0,1,2.0,0.0
foto boath,0,1,7.0,0.0
foro booth,0,1,11.0,0.0
format strip,0,1,4.0,0.0
format photobooth,0,1,10.0,0.0
for photobooth,0,1,1.0,0.0
fofo booth,0,1,2.0,0.0
focal image photobooth,0,1,10.0,0.0
foam board photo booth frame,0,1,27.0,0.0
foam board diy photo booth frame,0,1,27.0,0.0
photobooth 2x6,0,1,2.0,0.0
photobooth 2x2,0,1,15.0,0.0
photobooth #kpop,0,1,11.0,0.0
photobooth atau photo booth,0,1,3.0,0.0
photobooth at wedding,0,1,1.0,0.0
photobooth at mall,0,1,1.0,0.0
photobooth at events,0,1,2.0,0.0
photobooth albums,0,1,1.0,0.0
photobooth aeon mall,0,1,1.0,0.0
photobooth accessories ideas,0,1,5.0,0.0
photobooth a louer,0,1,77.0,0.0
photobooth 4x6,0,1,2.0,0.0
foto bok,0,1,1.0,0.0
photobooth birthday,0,1,7.0,0.0
photobooth bear me,0,1,9.0,0.0
photobooth bcs,0,1,3.0,0.0
photobooth band,0,1,3.0,0.0
photobooth baddies,0,1,1.0,0.0
photobooth background,0,1,16.0,0.0
photobooth backdrop rental,0,1,9.0,0.0
photobooth backdrop,0,1,28.0,0.0
photobooth baby shower,0,1,2.0,0.0
photobooth check in,0,1,2.0,0.0
photobooth centre point,0,1,1.0,0.0
photobooth central world,0,1,1.0,0.0
photobooth cc,0,1,9.0,0.0
photobooth cast,0,1,4.0,0.0
photobooth carousel,0,1,2.0,0.0
photobooth caricature,0,1,2.0,0.0
photobooth captions for instagram,0,1,1.0,0.0
photobooth camera rental,0,1,3.0,0.0
photobooth camera,0,1,10.0,0.0
photobooth bạch mai,0,1,4.0,0.0
photobooth cutouts,0,1,7.0,0.0
photobooth cutout,0,1,4.0,0.0
photobooth curse meaning,0,1,1.0,0.0
photobooth concert,0,1,1.0,0.0
photobooth concept,0,1,2.0,0.0
photobooth companies near me,0,1,1.0,0.0
photobooth collage,0,1,12.0,0.0
photobooth collab,0,1,1.0,0.0
photobooth cirebon,0,1,3.0,0.0
photobooth cineplex,0,1,1.0,0.0
photobooth di kokas,0,1,2.0,0.0
flashback photobooth,0,1,1.0,0.0
flashback booth,0,1,8.0,0.0
flash photobooth,0,1,1.0,0.0
flash booth,0,1,6.0,0.0
flash bar photo booth,0,1,6.0,0.0
find photo booth,0,1,65.0,0.0
find me some,0,1,22.0,0.0
filtre photo,0,1,25.0,0.0
film strip image,0,1,6.0,0.0
photobooth date artinya,0,1,3.0,0.0
photobooth examples,0,1,3.0,0.0
photobooth example,0,1,3.0,0.0
photobooth emoji,0,1,3.0,0.0
photobooth ecm,0,1,10.0,0.0
photobooth définition,0,1,2.0,0.0
photobooth drawings,0,1,8.0,0.0
photobooth double date,0,1,1.0,0.0
photobooth diy wedding,0,1,51.0,0.0
photobooth diy props,0,1,1.0,0.0
photobooth diy,0,1,5.0,0.0
photobooth di ptc,0,1,11.0,0.0
photobooth florida,0,1,51.0,0.0
film strip cartoon,0,1,2.0,0.0
film photostrip,0,1,2.0,0.0
film photobooth,0,1,11.0,0.0
film photo strip,0,1,3.0,0.0
film photo booth near me,0,1,2.0,0.0
film photo booth,0,1,8.0,0.0
filipino photobooth,0,1,5.0,0.0
fhotobooth,0,1,73.0,0.0
fhoto booth,0,1,7.0,0.0
famous photo booth,0,1,87.0,0.0
famous filming locations near me,0,1,1.0,0.0
photobooth festival walk,0,1,1.0,0.0
photobooth family,0,1,1.0,0.0
photobooth glamour,0,1,8.0,0.0
photobooth girl,0,1,32.0,0.0
photobooth gi,0,1,1.0,0.0
photobooth gasket alley,0,1,5.0,0.0
photobooth francais,0,1,3.0,0.0
photobooth format photo,0,1,1.0,0.0
photobooth format,0,1,11.0,0.0
photobooth for sale,0,1,4.0,0.0
photobooth for hire,0,1,65.0,0.0
photobooth for farewell,0,1,5.0,0.0
photobooth for birthday party,0,1,87.0,0.0
family photobooth,0,1,45.0,0.0
fairy film photobooth,0,1,11.0,0.0
f1 photobooth,0,1,1.0,0.0
expo photo booth rental,0,1,34.0,0.0
explain,0,1,21.0,0.0
exhibits studio founded year,0,1,7.0,0.0
event roamer,0,1,11.0,0.0
photobooth hard launch,0,1,2.0,0.0
photobooth grid,0,1,6.0,0.0
photobooth grand indonesia,0,1,1.0,0.0
photobooth granada,0,1,8.0,0.0
photobooth in event,0,1,5.0,0.0
photobooth in afrikaans,0,1,2.0,0.0
photobooth in,0,1,1.0,0.0
photobooth idol,0,1,10.0,0.0
photobooth iconsiam,0,1,1.0,0.0
photobooth holic artinya,0,1,1.0,0.0
photobooth hiring,0,1,36.0,0.0
photobooth hire,0,1,5.0,0.0
photobooth hay photobook,0,1,1.0,0.0
photobooth hardiknas,0,1,2.0,0.0
"family photography studio in coral gables, fl",0,1,68.0,0.0
event photo booth rentals page,0,1,84.0,0.0
event cinemas photo booth,0,1,5.0,0.0
event booth photo booth,0,1,1.0,0.0
entertainment booth,0,1,1.0,0.0
engagement photobooth photos,0,1,7.0,0.0
photobooth in pakistan,0,1,6.0,0.0
photobooth in meerut,0,1,2.0,0.0
photobooth in mall,0,1,3.0,0.0
photobooth in gk,0,1,4.0,0.0
photobooth in festival,0,1,8.0,0.0
photobooth m,0,1,1.0,0.0
photobooth lotte,0,1,4.0,0.0
photobooth locator,0,1,10.0,0.0
photobooth location,0,1,6.0,0.0
photobooth layout template free,0,1,2.0,0.0
photobooth lany,0,1,1.0,0.0
photobooth landmark,0,1,1.0,0.0
photobooth kpop,0,1,11.0,0.0
photobooth korean,0,1,10.0,0.0
photobooth korea,0,1,3.0,0.0
photobooth kendal,0,1,1.0,0.0
photobooth in vijayawada,0,1,4.0,0.0
event photobooths,0,1,17.0,0.0
photobooth names ideas,0,1,3.0,0.0
photobooth media,0,1,3.0,0.0
photobooth meaning in hindi,0,1,3.0,0.0
photobooth mean,0,1,2.0,0.0
photobooth matrimonio,0,1,10.0,0.0
photobooth mariage location,0,1,99.0,0.0
photobooth mall,0,1,1.0,0.0
photobooth magazine style,0,1,4.0,0.0
enclosed photo booth,0,1,1.0,0.0
empty photo booth strip,0,1,48.0,0.0
elegant glam,0,1,48.0,0.0
effect name,0,1,1.0,0.0
easy photo booth,0,1,89.0,0.0
duo photobooth poses,0,1,11.0,0.0
downtown miami what to see,0,1,1.0,0.0
downtown miami places to visit,0,1,2.0,0.0
doodle photo booth,0,1,2.0,0.0
dola foto photobooth,0,1,10.0,0.0
photobooth near,0,1,10.0,0.0
diy wooden spool ideas,0,1,4.0,0.0
diy tutorial,1,1,3.0,100.0
diy polaroid frame ideas,0,1,19.0,0.0
photobooth one utama,0,1,4.0,0.0
photobooth one or two words,0,1,3.0,0.0
photobooth o,0,1,9.0,0.0
photobooth nusantara,0,1,1.0,0.0
photobooth net,0,1,4.0,0.0
photobooth neat me,0,1,12.0,0.0
photobooth near ne,0,1,1.0,0.0
photobooth near me within 5 mi,0,1,4.0,0.0
photobooth photo frames,0,1,10.0,0.0
photobooth photo booth,0,1,7.0,0.0
photobooth pengantin,0,1,1.0,0.0
photobooth pekanbaru,0,1,4.0,0.0
photobooth paper type,0,1,1.0,0.0
photobooth outline,0,1,7.0,0.0
photobooth ou,0,1,9.0,0.0
do you have pictures?,0,1,4.0,0.0
dnp ds620a,0,1,2.0,0.0
dm fotostreifen,0,1,2.0,0.0
"dj in olympia heights, florida",0,1,29.0,0.0
dj booth photo,0,1,9.0,0.0
diy photo strip frame,0,1,3.0,0.0
diy photo frame decoration,0,1,3.0,0.0
diy photo booth with props,0,1,2.0,0.0
photobooth photoframe,0,1,11.0,0.0
photobooth photobox bedanya,0,1,3.0,0.0
photobooth photobox,0,1,1.0,0.0
photobooth photo strip frame,0,1,3.0,0.0
photobooth photo printer,0,1,1.0,0.0
photobooth photo layout,0,1,29.0,0.0
diy photo booth props for kids,0,1,1.0,0.0
diy photo booth frame template,0,1,1.0,0.0
diy photo booth frame ideas,0,1,71.0,0.0
diy photo booth for products,0,1,44.0,0.0
diy photo booth backdrop ideas,0,1,67.0,0.0
diy photo booth at wedding,0,1,27.0,0.0
diy photo booth at home,0,1,30.0,0.0
photobooth pic frame,0,1,5.0,0.0
photobooth photostrip,0,1,1.0,0.0
photobooth photoism,0,1,7.0,0.0
photobooth photography,0,1,1.0,0.0
photobooth photographer,0,1,100.0,0.0
diy lottery ticket scratcher tool,0,1,1.0,0.0
diy foam board stand,0,1,3.0,0.0
diy custom children's photo props ideas,0,1,5.0,0.0
diy christmas photo props,0,1,3.0,0.0
diy castanets,0,1,1.0,0.0
diy birthday photo booth props,0,1,8.0,0.0
display strips,0,1,4.0,0.0
photobooth poses meme,0,1,5.0,0.0
photobooth polaroid style,0,1,5.0,0.0
photobooth po,0,1,10.0,0.0
photobooth png,0,1,11.0,0.0
photobooth pixie full,0,1,1.0,0.0
photobooth pixie,0,1,1.0,0.0
photobooth printouts,0,1,2.0,0.0
dimension photomaton,1,1,2.0,100.0
dimension,0,1,2.0,0.0
dillards photoshoot,0,1,1.0,0.0
digital+photo+booth+rental,0,1,11.0,0.0
digital selfie booth,0,1,11.0,0.0
photobooth printers,0,1,4.0,0.0
photobooth price,0,1,12.0,0.0
photobooth poses single,0,1,4.0,0.0
photobooth rental cheap,0,1,11.0,0.0
photobooth rental central park south,0,1,59.0,0.0
photobooth renta,0,1,10.0,0.0
photobooth receipt,0,1,10.0,0.0
photobooth quotes,0,1,1.0,0.0
photobooth que es,0,1,2.0,0.0
photobooth qu'est ce que c'est,0,1,2.0,0.0
photobooth props words,0,1,13.0,0.0
photobooth prompt gemini,0,1,1.0,0.0
photobooth profile picture,0,1,2.0,0.0
photobooth professionnel,0,1,86.0,0.0
photobooth rentals for weddings,0,1,16.0,0.0
digital photobooth,0,1,5.0,0.0
digital photo both,0,1,5.0,0.0
digital paper photo booth,0,1,1.0,0.0
digital camera near me,0,1,10.0,0.0
different types of photo booths,0,1,1.0,0.0
difference between passport size and 2x2,0,1,1.0,0.0
desk diy,0,1,15.0,0.0
describe the picture,0,1,2.0,0.0
dental photobooth,0,1,3.0,0.0
define photobooth,0,1,1.0,0.0
photobooth rental company,0,1,6.0,0.0
cute stuff to make,0,1,1.0,0.0
cute photobooths near me,0,1,8.0,0.0
customized photo booth props,0,1,87.0,0.0
customizable photo props,0,1,52.0,0.0
customizable photo booth,0,1,51.0,0.0
photobooth selfie time,0,1,4.0,0.0
photobooth selfie,0,1,4.0,0.0
photobooth screen,0,1,3.0,0.0
photobooth sayings,0,1,3.0,0.0
photobooth sama pacar,0,1,3.0,0.0
photobooth roamer,0,1,1.0,0.0
photobooth resolution,0,1,9.0,0.0
photobooth rentals near me,0,1,5.0,0.0
cricket photobooth,0,1,11.0,0.0
crew photo booth,0,1,1.0,0.0
photobooth single,0,1,2.0,0.0
photobooth signage,0,1,2.0,0.0
photobooth sidewalk,0,1,1.0,0.0
photobooth shopee,0,1,6.0,0.0
photo time lotte,0,1,10.0,0.0
photobooth services near me,0,1,7.0,0.0
define booth,0,1,1.0,0.0
실제 크기,0,1,23.0,0.0
cómo se llaman esos,0,1,1.0,0.0
cómo se llama donde se ponen las fotos,0,1,1.0,0.0
cómo se llama,0,1,1.0,0.0
cute ways to display photo booth photos,0,1,6.0,0.0
photobooth ss15,0,1,11.0,0.0
photobooth square,0,1,12.0,0.0
photobooth spring,0,1,2.0,0.0
"""blababooth"" ""innovative foto""",0,1,4.0,0.0
photobooth soft launch,0,1,1.0,0.0
photobooth smb,0,1,13.0,0.0
"""glare""",0,1,9.0,0.0
"""photo booth luxury"" trademark",0,1,2.0,0.0
"""photo booth mini"" app photo booth strips",0,1,2.0,0.0
custom photo strip,0,1,4.0,0.0
"""photo booth"" ""9:30 club""",0,1,2.0,0.0
ทำเองได้ไหม,0,1,4.0,0.0
custom branded photo booth,0,1,32.0,0.0
ทำไง,0,1,2.0,0.0
หมายถึงรูป,0,1,1.0,0.0
cuanto mide esto,0,1,2.0,0.0
누구임,0,1,1.0,0.0
ชื่ออะไร,0,1,3.0,0.0
photobooth strip holder,0,1,6.0,0.0
ขอเป็นภาษาอังกฤษ,0,1,2.0,0.0
ফটোবুথ,0,1,2.0,0.0
कहते हैंphotobooth.com,0,1,1.0,0.0
photobooth strip canva,0,1,6.0,0.0
photobooth strip blank stock photos,0,1,1.0,0.0
photobooth strip binder,0,1,9.0,0.0
photobooth strip app,0,1,3.0,0.0
وش يعني بوث,0,1,3.0,0.0
ماهو الفوتوبوث,0,1,3.0,0.0
photobooth stock images,0,1,58.0,0.0
photobooth sticks,0,1,2.0,0.0
كشك صور,0,1,3.0,0.0
photobooth stage,0,1,2.0,0.0
სელფი photos,0,1,53.0,0.0
creating your own photo booth,0,1,1.0,0.0
create photobooth strip,0,1,82.0,0.0
create photo strip,0,1,94.0,0.0
model photo booth,0,1,3.0,0.0
create a photo strip,0,1,7.0,0.0
create a photo booth,0,1,52.0,0.0
cp photobooth,0,1,10.0,0.0
couple poses photobooth,0,1,5.0,0.0
couple photostrip,0,1,1.0,0.0
modal usaha foto box,0,1,3.0,0.0
couple photo booth photos,0,1,4.0,0.0
couple photo booth,0,1,7.0,0.0
photobooth strip photo frame,0,1,8.0,0.0
mocha photobooth,0,1,1.0,0.0
photobooth strip paper,0,1,2.0,0.0
mobile check capture,0,1,1.0,0.0
photobooth strips frame,0,1,7.0,0.0
photobooth strip wedding,0,1,9.0,0.0
photobooth strip vintage,0,1,2.0,0.0
photobooth strip standee,0,1,4.0,0.0
mm,0,1,1.0,0.0
cost of renting photo booth,0,1,20.0,0.0
cosplay photobooth,0,1,1.0,0.0
cosmopolitan photo booth,0,1,1.0,0.0
corporate photo booth rental,0,1,9.0,0.0
mlp photo booth,0,1,6.0,0.0
mk photo booth,0,1,7.0,0.0
corporate event photo booth,0,1,5.0,0.0
copies near me within 1 mi,0,1,1.0,0.0
creative profile picture ideas,0,1,60.0,0.0
creative photo booth business name ideas,0,1,2.0,0.0
contoh photobooth,0,1,2.0,0.0
contoh photo box,0,1,2.0,0.0
contoh foto booth,0,1,2.0,0.0
connected moments photo booths,0,1,16.0,0.0
confessional booth rental,0,1,83.0,0.0
concert poster display ideas,0,1,3.0,0.0
concert photo booth,0,1,1.0,0.0
company photo gallery,0,1,3.0,0.0
como se llaman?,0,1,1.0,0.0
photobooth supplier,0,1,73.0,0.0
photobooth supermall karawaci,0,1,5.0,0.0
photobooth sun plaza,0,1,2.0,0.0
photobooth sukhakala,0,1,10.0,0.0
photobooth styles,0,1,1.0,0.0
miss 360,0,1,1.0,0.0
photobooth strips template,0,1,8.0,0.0
moonbox flushing,0,1,5.0,0.0
photobooth trip,0,1,2.0,0.0
moodshot korean photobooth photos,0,1,1.0,0.0
moodshot korean photobooth,0,1,2.0,0.0
monkey pose photobooth,0,1,5.0,0.0
monkey photostrip,0,1,3.0,0.0
minimalist photo booth rental companies,0,1,5.0,0.0
museum of us photo size,0,1,1.0,0.0
photobooth tent,0,1,9.0,0.0
mtv photobooth pictures,0,1,5.0,0.0
mtv photobooth,0,1,4.0,0.0
msphotobooth,0,1,5.0,0.0
copies near me,0,1,1.0,0.0
coole fotoideen zum nachmachen,0,1,24.0,0.0
cool photo booth ideas,0,1,1.0,0.0
cool photo backdrops,0,1,17.0,0.0
photobooth-io.cc canvas.html,0,1,8.0,0.0
photobooth-io.cc,0,1,1.0,0.0
photobooth-10.cc,0,1,3.0,0.0
photobooth ขนาด,0,1,2.0,0.0
photobooth übersetzung,0,1,2.0,0.0
ms photo booth,0,1,67.0,0.0
photobooth with prints,0,1,7.0,0.0
movie photobooth,0,1,1.0,0.0
photobooth westgate,0,1,1.0,0.0
photobooth wedding rental,0,1,10.0,0.0
movie film strip,0,1,4.0,0.0
photobooth vip box,0,1,4.0,0.0
mother's day photo booth props printable,0,1,9.0,0.0
more difficult,0,1,2.0,0.0
mora photo booth frames,0,1,2.0,0.0
photobooth ui,0,1,1.0,0.0
photobooth.net,0,1,42.0,0.0
moose booths,0,1,7.0,0.0
como se llama este diseño,0,1,5.0,0.0
negative photo strip,0,1,2.0,0.0
como se llama ese papel,0,1,2.0,0.0
como se llama el lugar donde toman fotos,0,1,2.0,0.0
como se llama donde se toman fotos en las fiestas,0,1,7.0,0.0
nearest photobooth,0,1,2.0,0.0
como funciona un fotomaton,0,1,3.0,0.0
commercial photo booth,0,1,3.0,0.0
colour picture,0,1,3.0,0.0
college photobooth,0,1,9.0,0.0
collective noun of photographs,0,1,1.0,0.0
code photobooth,0,1,7.0,0.0
photobooth.nashallery.con,0,1,1.0,0.0
photobooth.nashallery.com,0,1,1.0,0.0
name of this paper,0,1,1.0,0.0
name of pic,0,1,1.0,0.0
photoboothstrip,0,1,5.0,0.0
photobooths rental,0,1,6.0,0.0
name for photo booth business,0,1,98.0,0.0
photoboothj,0,1,11.0,0.0
photoboothiocc,0,1,7.0,0.0
name card size,0,1,3.0,0.0
nama tempatnya,0,1,3.0,0.0
nala studio cikutra,0,1,7.0,0.0
photoboothe,0,1,11.0,0.0
nagaland photo booth,0,1,6.0,0.0
photobooth],0,1,5.0,0.0
photobooth\,0,1,13.0,0.0
photobooth?,0,1,3.0,0.0
mặt,0,1,3.0,0.0
coconut grove photo booth,0,1,1.0,0.0
co op photo booth,0,1,3.0,0.0
clip pixie photobooth,0,1,1.0,0.0
clip photobooth pixie,0,1,1.0,0.0
clip photobooth,0,1,1.0,0.0
máy in photobooth,0,1,2.0,0.0
classic booth,0,1,1.0,0.0
mysketchbooth,0,1,3.0,0.0
myphotoboth,0,1,12.0,0.0
city booth,0,1,9.0,0.0
cineplex photobooth,0,1,1.0,0.0
cinemark photo booth,0,1,1.0,0.0
photobot,0,1,7.0,0.0
myphotobooth.com,0,1,5.0,0.0
mini photo booth strips,0,1,2.0,0.0
photobootjh,0,1,12.0,0.0
photobox bandung terdekat,0,1,2.0,0.0
photobox atrium,0,1,5.0,0.0
photobox atau photobox,0,1,3.0,0.0
photobox atau photobooth,0,1,15.0,0.0
photobototh,0,1,12.0,0.0
photobotj,0,1,13.0,0.0
photoboths,0,1,1.0,0.0
mini photo booth rental,0,1,20.0,0.0
photoboth strip,0,1,3.0,0.0
photoboth rental,0,1,5.0,0.0
photoboth picture,0,1,23.0,0.0
photoboth photos,0,1,2.0,0.0
photoboth frame,0,1,9.0,0.0
photoboth event,0,1,1.0,0.0
photoboth date,0,1,1.0,0.0
photoboth 360,0,1,1.0,0.0
photobpoth,0,1,12.0,0.0
photobox vs photobooth,0,1,2.0,0.0
photobox tsm bandung,0,1,5.0,0.0
photobox template,0,1,8.0,0.0
photobox tangcity,0,1,3.0,0.0
mini frame size,0,1,1.0,0.0
minecraft photobooth layout,0,1,4.0,0.0
photobox pvj,0,1,5.0,0.0
mimi photobooth,0,1,17.0,0.0
photobox panbil,0,1,4.0,0.0
photobox near me,0,1,11.0,0.0
photobox machine,0,1,1.0,0.0
photobox kamera depan atau belakang,0,1,3.0,0.0
photobox dan photobooth,0,1,3.0,0.0
photobox csb,0,1,5.0,0.0
photobox bestie,0,1,10.0,0.0
milestone photo booth rentals,0,1,8.0,0.0
mias photos,0,1,94.0,0.0
photography booth rental,0,1,92.0,0.0
mias 360,0,1,5.0,0.0
new photo booth,0,1,9.0,0.0
photographer photo booth,0,1,4.0,0.0
oobe photos,0,1,2.0,0.0
photograms photo booth,0,1,1.0,0.0
oobe photo,0,1,7.0,0.0
photogenic photobooth vietnam,0,1,9.0,0.0
photocard photobooth,0,1,2.0,0.0
oob photo,0,1,2.0,0.0
oob out of booth experience,0,1,2.0,0.0
online photo booth strip,0,1,32.0,0.0
on word,0,1,2.0,0.0
on a stick,0,1,3.0,0.0
photoism pose,0,1,3.0,0.0
photoism palembang,0,1,2.0,0.0
photoism bxc lantai berapa,0,1,2.0,0.0
photoism booth,0,1,6.0,0.0
photoism blok m,0,1,2.0,0.0
photoism background,0,1,2.0,0.0
photoism - grand batam mall foto,0,1,2.0,0.0
photoism - bintaro jaya xchange mall foto,0,1,3.0,0.0
photoism,0,1,4.0,0.0
photois queen city,0,1,7.0,0.0
photois,0,1,2.0,0.0
photohooth,0,1,4.0,0.0
photography strip,0,1,2.0,0.0
photography store near me,0,1,20.0,0.0
photography stall,0,1,2.0,0.0
photography shop,0,1,1.0,0.0
cigarettes after sex photobooth,0,1,1.0,0.0
chuck e cheese picture booth,0,1,1.0,0.0
chuck e cheese photobooth,0,1,1.0,0.0
christmas prop ideas,0,1,10.0,0.0
christmas photobooth diy,0,1,6.0,0.0
christmas photobooth,0,1,13.0,0.0
christmas photo studio near me,0,1,7.0,0.0
olympia heights fl rental homes,0,1,49.0,0.0
christmas photo booth prop,0,1,20.0,0.0
christmas photo booth idea,0,1,44.0,0.0
christmas photo booth backdrop,0,1,15.0,0.0
christmas photo booth,0,1,13.0,0.0
old photo booth pictures,0,1,2.0,0.0
chinchin photobooth,0,1,2.0,0.0
old moon photobooth,0,1,1.0,0.0
old fashioned photo booth,0,1,1.0,0.0
oh snap photobooth,0,1,12.0,0.0
photomaton echirolles,0,1,1.0,0.0
photomaton dimension,0,1,2.0,0.0
photomaton definition,0,1,2.0,0.0
objet photo booth moa,0,1,1.0,0.0
photomaton c'est quoi,0,1,12.0,0.0
photomaton anglais,0,1,2.0,0.0
photomaton ancien,0,1,6.0,0.0
photomatique,0,1,4.0,0.0
photomatics xxl,0,1,5.0,0.0
photomatics photobooth,0,1,1.0,0.0
photomatica photo booth dimensions power requirements,0,1,3.0,0.0
photomansion,0,1,4.0,0.0
not so early photobooth,0,1,1.0,0.0
photolookup braga,0,1,4.0,0.0
photoism store,0,1,3.0,0.0
cheap photo booth,0,1,30.0,0.0
ch,0,1,5.0,0.0
cewe mini prints,0,1,11.0,0.0
ceva de genul,0,1,2.0,0.0
cetak foto photobooth ukuran berapa,0,1,3.0,0.0
cetak cetak photobooth,0,1,10.0,0.0
centre point photobooth,0,1,8.0,0.0
centralworld photobooth,0,1,1.0,0.0
center point photobooth,0,1,1.0,0.0
mia's party rentals,0,1,17.0,0.0
miaphotography,0,1,1.0,0.0
photomoment,0,1,4.0,0.0
photomiami,0,1,7.0,0.0
photomebooth,0,1,8.0,0.0
photomaton savigny sur orge,0,1,4.0,0.0
photomaton near me,0,1,8.0,0.0
photos photobooth,0,1,4.0,0.0
photos near me,0,1,39.0,0.0
photos from the party,0,1,8.0,0.0
photos booths,0,1,7.0,0.0
photos,0,1,34.0,0.0
photopot,0,1,7.0,0.0
miaphoto,0,1,1.0,0.0
photopbooth,0,1,2.0,0.0
photoooth,0,1,10.0,0.0
photoo booth,0,1,65.0,0.0
photonooth rental,0,1,11.0,0.0
photomong,0,1,6.0,0.0
children's day photo booth ideas for school,0,1,4.0,0.0
cheekybooth,0,1,2.0,0.0
cheap photobooths,0,1,7.0,0.0
cheap photobooth near me,0,1,13.0,0.0
caricature photobooth,0,1,5.0,0.0
miami-fort lauderdale-west palm beach,0,1,1.0,0.0
card photo booth,0,1,8.0,0.0
cara membuat photo booth sederhana,0,1,2.0,0.0
car photo booths,0,1,99.0,0.0
miami wynwood,0,1,1.0,0.0
miami things to di,0,1,1.0,0.0
photoshop,0,1,14.0,0.0
photosheet,0,1,5.0,0.0
photosets,0,1,1.0,0.0
miami hoods,0,1,1.0,0.0
photoset meaning,0,1,1.0,0.0
order photo strips,0,1,10.0,0.0
photos with white border called,0,1,2.0,0.0
order photo booth strips,0,1,4.0,0.0
photos strips,0,1,2.0,0.0
orange booth,0,1,1.0,0.0
photostrip picture frame,0,1,7.0,0.0
photostrip or photo strip,0,1,3.0,0.0
open photo booth,0,1,1.0,0.0
open near me,0,1,45.0,0.0
photostrip camera,0,1,4.0,0.0
photostrip blok m,0,1,36.0,0.0
open air photobooth,0,1,10.0,0.0
photostrio,0,1,1.0,0.0
photostory photobooth,0,1,8.0,0.0
photoshop props,0,1,47.0,0.0
celebration of life picture board ideas,0,1,2.0,0.0
cc photo booth,0,1,11.0,0.0
cat photobooth,0,1,3.0,0.0
cartoon photo booth,0,1,3.0,0.0
carril de fotos,0,1,5.0,0.0
caption photobooth,0,1,6.0,0.0
caption for photobooth pics,0,1,2.0,0.0
caption for photo booth picture,0,1,2.0,0.0
canva photo booth strip template,0,1,10.0,0.0
canon selphy,0,1,2.0,0.0
can you turn pictures into polaroids,0,1,3.0,0.0
"can you recommend the best miami, florida schools with strong extracurricular and sports programs?",0,1,12.0,0.0
open air photo booth,0,1,1.0,0.0
paper photobooth,0,1,2.0,0.0
paper booth,0,1,1.0,0.0
paparazzi photobooth,0,1,3.0,0.0
paket usaha photobooth,0,1,4.0,0.0
photostrip.png,0,1,6.0,0.0
photostrip website,0,1,11.0,0.0
paket photobooth,0,1,57.0,0.0
photostrip sleeve,0,1,4.0,0.0
camera store,0,1,54.0,0.0
our first photobooth,0,1,3.0,0.0
camera rental south florida,0,1,30.0,0.0
camera rental in miami,0,1,32.0,0.0
camera frame size,0,1,1.0,0.0
camara booth,0,1,8.0,0.0
called,0,1,1.0,0.0
other words for pop up,0,1,2.0,0.0
phptobooth,0,1,5.0,0.0
phpto booth,0,1,12.0,0.0
photto booth,0,1,3.0,0.0
photot both,0,1,3.0,0.0
photostrup,0,1,1.0,0.0
capture booth,0,1,36.0,0.0
captions for photo booth pictures,0,1,2.0,0.0
caption untuk photobooth,0,1,6.0,0.0
picapica photo,0,1,8.0,0.0
pica pica photobook,0,1,11.0,0.0
pica pica photo booth,0,1,10.0,0.0
pica pica booth,0,1,4.0,0.0
pica pic booth,0,1,10.0,0.0
pic strip,0,1,2.0,0.0
pic photo booth,0,1,33.0,0.0
pic booth rental,0,1,10.0,0.0
pic a booth,0,1,10.0,0.0
pi ca pi ca booth,0,1,4.0,0.0
phtotobooth,0,1,12.0,0.0
other names,0,1,3.0,0.0
phtotbooth,0,1,10.0,0.0
phtostrip,0,1,1.0,0.0
phtoboth,0,1,7.0,0.0
phto strip,0,1,8.0,0.0
cabines photomaton,0,1,1.0,0.0
bố cục ghép ảnh,0,1,3.0,0.0
buy 360 photo booth,0,1,5.0,0.0
but photos,0,1,4.0,0.0
orion photobooth,0,1,1.0,0.0
bus photobooth,0,1,1.0,0.0
miami,0,1,1.0,0.0
burlesque photoshoot,0,1,1.0,0.0
pickypic photobooth,0,1,4.0,0.0
pickposes.pages.dev,0,1,1.0,0.0
picatier photo booth,0,1,4.0,0.0
picapica photobooth,0,1,8.0,0.0
picapica photobook,0,1,10.0,0.0
picapica photo boothhttps //picapicabooth.compicapica photo booth,0,1,9.0,0.0
picapica photo booth //picapicabooth.compicapica photo booth,0,1,10.0,0.0
picapica photo booth,0,1,9.0,0.0
picture frames for photo booth strips,0,1,3.0,0.0
picture frame strips,0,1,3.0,0.0
party pics photobooth,0,1,9.0,0.0
picture frame for photo booth,0,1,2.0,0.0
picture booth for rent,0,1,43.0,0.0
picture booth for party,0,1,11.0,0.0
picture booth for parties,0,1,13.0,0.0
party pics photo booth,0,1,2.0,0.0
picture boards for celebration of life,0,1,4.0,0.0
party photobooth rental,0,1,46.0,0.0
pictopia photo booth,0,1,3.0,0.0
party photo props photobooth,0,1,8.0,0.0
picstrip,0,1,6.0,0.0
pics 360,0,1,25.0,0.0
cafe yang ada photobox terdekat,0,1,4.0,0.0
party photo booths,0,1,12.0,0.0
pictures come out,0,1,2.0,0.0
pictures booth,0,1,6.0,0.0
pictures,0,1,23.0,0.0
party photo booth rental in sunset beach,0,1,46.0,0.0
picture this photobooth,0,1,9.0,0.0
picture this booth,0,1,95.0,0.0
picture strips,0,1,2.0,0.0
party camera rental,0,1,8.0,0.0
party booths,0,1,8.0,0.0
picture sticky strips,0,1,2.0,0.0
picture sizes smaller than 4x6,0,1,1.0,0.0
picture sizes at walgreens,0,1,1.0,0.0
picture please,0,1,2.0,0.0
passport size pic size in inches,0,1,1.0,0.0
picture marque,0,1,1.0,0.0
picture frames photo booth,0,1,14.0,0.0
bryan photo booth,0,1,1.0,0.0
mia rentals miami,0,1,77.0,0.0
mia picture,0,1,9.0,0.0
brand photo booth,0,1,75.0,0.0
brainrot photobooth,0,1,1.0,0.0
borne photos,0,1,5.0,0.0
booty pictures meaning,0,1,1.0,0.0
mia party rental,0,1,8.0,0.0
"passport photo studio in coconut grove, fl",0,1,90.0,0.0
passport photo strip,0,1,7.0,0.0
booths,0,1,3.0,0.0
party snaps photo booth,0,1,3.0,0.0
boothpics machine,0,1,4.0,0.0
pienji photobooth,0,1,3.0,0.0
party selfie booth,0,1,7.0,0.0
party rentals near me,0,1,1.0,0.0
phone booth image,0,1,3.0,0.0
phoboth,0,1,6.0,0.0
pohto booth,0,1,100.0,0.0
pohotobooth,0,1,60.0,0.0
personal photobooth,0,1,82.0,0.0
photobooth set up,0,1,10.0,0.0
pocket size photo in cm,0,1,3.0,0.0
plaza medan fair foto,0,1,2.0,0.0
playbooth,0,1,7.0,0.0
pjoto booth,0,1,12.0,0.0
pixie ptb,0,1,11.0,0.0
pixenze booth,0,1,8.0,0.0
pinterest photobooth,0,1,13.0,0.0
pikcher booth,0,1,10.0,0.0
pikapika booth,0,1,8.0,0.0
buatkan gambarnya,0,1,12.0,0.0
polaroid frame measurements,0,1,43.0,0.0
perbedaan self photo dan photobox,0,1,2.0,0.0
polaroid frame dimensions,0,1,1.0,0.0
polaroid frame craft,0,1,14.0,0.0
polaroid film square size,0,1,1.0,0.0
perbedaan photobox dan photo booth,0,1,3.0,0.0
perbedaan photobooth photobox dan photo studio,0,1,3.0,0.0
polaroid camera size photos,0,1,1.0,0.0
polaroid camera photo size,0,1,2.0,0.0
polaroid border,0,1,16.0,0.0
polaroid booth rental,0,1,8.0,0.0
perbedaan photo booth dan photobox,0,1,3.0,0.0
polaroid backdrop,0,1,49.0,0.0
polaroid 2r size,0,1,5.0,0.0
polarized size photo,0,1,1.0,0.0
polariod sizes,0,1,1.0,0.0
boothpics,0,1,2.0,0.0
boothpic,0,1,6.0,0.0
boothphoto,0,1,3.0,0.0
perbedaan foto box sama foto studio,0,1,3.0,0.0
people in a photo booth,0,1,1.0,0.0
booth show photography,0,1,2.0,0.0
pen toppers diy,0,1,3.0,0.0
booth rentals,0,1,11.0,0.0
booth reel,0,1,7.0,0.0
booth property,0,1,1.0,0.0
pavilion photobooth,0,1,1.0,0.0
polaroid ohoto size,0,1,1.0,0.0
polaroid instant camera photo booth,0,1,55.0,0.0
patan photobooth,0,1,12.0,0.0
memory booth,0,1,9.0,0.0
polaroid frame photo prop,0,1,18.0,0.0
booth pose,0,1,5.0,0.0
booth pics gallery,0,1,5.0,0.0
memory board for celebration of life,0,1,2.0,0.0
memories photo booth,0,1,7.0,0.0
memento,0,1,1.0,0.0
polaroid photo size dimensions,0,1,1.0,0.0
polaroid photo size cm,0,1,1.0,0.0
meme photo booth,0,1,1.0,0.0
meibooth,0,1,8.0,0.0
polaroid photo measurements,0,1,3.0,0.0
polaroid photo frame size,0,1,2.0,0.0
polaroid photo frame diy,0,1,41.0,0.0
mei photobooth,0,1,11.0,0.0
mei booth,0,1,5.0,0.0
polaroid photo booth ideas,0,1,34.0,0.0
boothpics com gallery,0,1,4.0,0.0
polaroid size dimensions,0,1,1.0,0.0
polaroid selfie frame,0,1,27.0,0.0
polaroid regular size,0,1,1.0,0.0
mega strip,0,1,4.0,0.0
medium size photo print,0,1,1.0,0.0
polaroid print dimensions,0,1,1.0,0.0
phone booth rental for events,0,1,10.0,0.0
phone booth photo booth,0,1,4.0,0.0
polaroid picture,0,1,2.0,0.0
polaroid pics size,0,1,1.0,0.0
polaroid photos size,0,1,1.0,0.0
polaroid photos dimensions,0,1,1.0,0.0
polaroid photobooth size,0,1,10.0,0.0
photboot,0,1,3.0,0.0
phot booth near me,0,1,11.0,0.0
phot boot,0,1,11.0,0.0
pop up photobooth,0,1,14.0,0.0
phoprint,0,1,7.0,0.0
phoobooh,0,1,11.0,0.0
pop photo booth,0,1,3.0,0.0
poloroid dimensions,0,1,1.0,0.0
poloride photo size,0,1,1.0,0.0
phone photobooth,0,1,6.0,0.0
polaroidsize,0,1,1.0,0.0
phone booth wedding,0,1,11.0,0.0
polaroid soze,0,1,1.0,0.0
mia 360,0,1,99.0,0.0
polaroid size width and height,0,1,3.0,0.0
polaroid size print,0,1,3.0,0.0
polaroid size inch,0,1,1.0,0.0
polaroid size in width and height,0,1,1.0,0.0
polaroid size in inch,0,1,1.0,0.0
portable photo booth for events,0,1,1.0,0.0
booth photo near me,0,1,1.0,0.0
mbk photobooth,0,1,1.0,0.0
booth miih,0,1,25.0,0.0
may photo booth,0,1,12.0,0.0
mate photo,0,1,2.0,0.0
booth frames,0,1,32.0,0.0
booth frame,0,1,10.0,0.0
marie,0,1,1.0,0.0
booth foto,0,1,1.0,0.0
booth for rent near me,0,1,13.0,0.0
mall photobooth,0,1,1.0,0.0
booth event,0,1,2.0,0.0
booth dimensions,0,1,16.0,0.0
porta booth,0,1,4.0,0.0
mall photo booth 2002,0,1,2.0,0.0
maksudnya apa?,0,1,3.0,0.0
photbooth strip,0,1,7.0,0.0
photo background,0,1,12.0,0.0
photo backdrop,0,1,28.0,0.0
photo atm,0,1,7.0,0.0
photo album for photo booth strips,0,1,5.0,0.0
portrait polaroid size,0,1,2.0,0.0
photo 360 booth rental,0,1,24.0,0.0
portrait booth wedding,0,1,1.0,0.0
portable picture booth,0,1,75.0,0.0
portable photo printer for photo booth,0,1,1.0,0.0
portable photo booths for rent,0,1,83.0,0.0
portable photo booth rentals,0,1,80.0,0.0
portable photo booth hire,0,1,25.0,0.0
photo 360 booth for special occasions,0,1,98.0,0.0
photo 360 booth,0,1,10.0,0.0
booth call,0,1,2.0,0.0
booth by mail,0,1,36.0,0.0
photo 2x2 inches,0,1,1.0,0.0
booth appliance,0,1,14.0,0.0
photo 2 by 2 inch,0,1,1.0,0.0
boomerang shots,0,1,1.0,0.0
boomerang shot,0,1,1.0,0.0
boomerang photos,1,1,2.0,100.0
boomerang photography,0,1,3.0,0.0
book photo booth,0,1,11.0,0.0
make a photobooth strip,0,1,1.0,0.0
make a photobooth,0,1,100.0,0.0
poses 360,0,1,53.0,0.0
poser girl vintage photobooth,0,1,1.0,0.0
pose strip,0,1,1.0,0.0
pose photobooth sendiri,0,1,2.0,0.0
pp size,0,1,1.0,0.0
potrait,1,1,2.0,100.0
potobut,0,1,11.0,0.0
make a face photo booths,0,1,1.0,0.0
potoboot,0,1,7.0,0.0
poto strip,0,1,5.0,0.0
poto box,0,1,2.0,0.0
make a 360 photo,0,1,79.0,0.0
poto boot,0,1,4.0,0.0
majestic photo booth,0,1,27.0,0.0
postcard photobooth,0,1,1.0,0.0
post strip,0,1,2.0,0.0
post photobooth,0,1,1.0,0.0
post office phuket photo booth,0,1,9.0,0.0
booth cut,0,1,4.0,0.0
booth couple,0,1,1.0,0.0
main event photo booth,0,1,40.0,0.0
magnetic photo booth frames,0,1,28.0,0.0
print photo strip,0,1,6.0,0.0
print photo booth strips at home,0,1,3.0,0.0
photo boards for celebration of life,0,1,2.0,0.0
photo bhoot,0,1,10.0,0.0
photo bexe,0,1,2.0,0.0
print near me 24 hours,0,1,1.0,0.0
print near me,0,1,6.0,0.0
print copies near me,0,1,16.0,0.0
print booth,0,1,10.0,0.0
prime photobooth,0,1,41.0,0.0
photo booth arcade,0,1,2.0,0.0
premium photo booth rental,0,1,1.0,0.0
pre wedding shoot,0,1,1.0,0.0
pphoto booth,0,1,100.0,0.0
printing photo booth rental,0,1,8.0,0.0
printing 2x2 photos,0,1,1.0,0.0
printer photobooth,0,1,1.0,0.0
printer photo booth,0,1,8.0,0.0
printer for photo booth,0,1,6.0,0.0
printed strips,0,1,2.0,0.0
photo booth aquarium,0,1,1.0,0.0
photo booth app,0,1,2.0,0.0
printable photo booth,0,1,2.0,0.0
print strip,0,1,2.0,0.0
print props,0,1,1.0,0.0
photo booth apa itu,0,1,2.0,0.0
photo booth and trade show backdrops,0,1,29.0,0.0
print photos near me,0,1,10.0,0.0
print photos in photo booth style,0,1,8.0,0.0
photo booth accessories,0,1,1.0,0.0
printing photobooth,0,1,1.0,0.0
blooper photo meaning,0,1,1.0,0.0
blok m photobooth,0,1,4.0,0.0
photo booth & props,0,1,64.0,0.0
photo boot rental,0,1,1.0,0.0
photo boot near me,0,1,7.0,0.0
blank photo booth props,0,1,5.0,0.0
black photobooth,0,1,1.0,0.0
black and white photobooths,0,1,1.0,0.0
photo boomerang,0,1,2.0,0.0
black and white photobooth,0,1,1.0,0.0
photo book rental,0,1,5.0,0.0
black and white photo booths near me,0,1,1.0,0.0
black and white photo booth strips,0,1,7.0,0.0
magic booth photo,0,1,6.0,0.0
black and white photo booth pictures,0,1,78.0,0.0
magazine photobooth,0,1,11.0,0.0
magazine photo booth size,0,1,2.0,0.0
magazine photo booth for sale,0,1,2.0,0.0
prop,0,1,1.0,0.0
prompt foto box,0,1,1.0,0.0
prompt for this photo,0,1,1.0,0.0
prompt for this,0,1,2.0,0.0
magazine cover photo booth,0,1,6.0,0.0
magazine box photo booth rental,0,1,3.0,0.0
magazine booth rental near me,0,1,2.0,0.0
professional+lighting+for+photo+booth,0,1,47.0,0.0
professional photos near me,0,1,9.0,0.0
magazine booth,0,1,8.0,0.0
professional photo booth rental,0,1,72.0,0.0
printstrip,0,1,1.0,0.0
printout near me,0,1,12.0,0.0
purple studio photobooth,0,1,8.0,0.0
public photo booths near me,0,1,1.0,0.0
made you look photo booth,0,1,92.0,0.0
props to you,0,1,1.0,0.0
props photography,0,1,1.0,0.0
luxury wedding photo booth,0,1,16.0,0.0
props making,0,1,3.0,0.0
props in photography,0,1,1.0,0.0
props for photoshoot,0,1,4.0,0.0
props for photography,0,1,1.0,0.0
photo booth black and white strip,0,1,4.0,0.0
prop table set up,0,1,43.0,0.0
prop photobooth,0,1,54.0,0.0
prop photo,0,1,4.0,0.0
black and white photo booth photos,0,1,5.0,0.0
blababooth sample photo strip images,0,1,9.0,0.0
birthday photo booth rental north west,0,1,61.0,0.0
birthday party photo booths,0,1,11.0,0.0
birthday creative photo booth,0,1,8.0,0.0
bildstreifen,0,1,4.0,0.0
photo booth birthday,1,1,4.0,100.0
red carpet photo booth,0,1,3.0,0.0
photo booth bip,0,1,1.0,0.0
ready set pose,0,1,6.0,0.0
ratio of passport size photo,0,1,2.0,0.0
ratio,0,1,2.0,0.0
photo booth bilder,0,1,7.0,0.0
quinceanera photo booth rental,0,1,16.0,0.0
quienes son esas personas,0,1,1.0,0.0
quienes son ellas?,0,1,2.0,0.0
que es fotomaton,0,1,3.0,0.0
quadtych,0,1,1.0,0.0
rent a photobooth for a party,0,1,40.0,0.0
rent a photo booth prices,0,1,12.0,0.0
photo booth berdua,0,1,10.0,0.0
rent a photo booth for a wedding,0,1,18.0,0.0
rent a photo booth for a party,0,1,88.0,0.0
rent a photo booth cheap,0,1,4.0,0.0
rent a photo,0,1,1.0,0.0
photo booth bear me,0,1,1.0,0.0
rent 360 video booth,0,1,11.0,0.0
rent 360 camera,0,1,12.0,0.0
rent 360 booth,0,1,7.0,0.0
redwood photo booth,0,1,35.0,0.0
blababooth photo booth chain,0,1,6.0,0.0
blababooth,0,1,6.0,0.0
photo booth bareng pacar,0,1,2.0,0.0
birthday photo strip,0,1,6.0,0.0
renta de cabina de fotos,0,1,7.0,0.0
photo booth bar,0,1,65.0,0.0
photo booth banjarmasin,0,1,13.0,0.0
rent photo booth printer,0,1,4.0,0.0
rent photo booth for wedding,0,1,12.0,0.0
photo booth bandung,0,1,2.0,0.0
rent photo booth equipment,0,1,87.0,0.0
rent modern open-air photobooth for wedding near me,0,1,16.0,0.0
photo booth backgrounds,0,1,15.0,0.0
photo booth back drop,0,1,6.0,0.0
rent digital photo booth,0,1,7.0,0.0
rent camera miami,0,1,79.0,0.0
rent a video booth,0,1,19.0,0.0
photo booth attendant,0,1,3.0,0.0
photo booth atau photo box,0,1,3.0,0.0
rent a photobooth for wedding,0,1,5.0,0.0
louer un photobooth,0,1,35.0,0.0
bilderstreifen,0,1,11.0,0.0
bilderrahmen fotostreifen,0,1,10.0,0.0
big polaroid camera booth,0,1,45.0,0.0
big photobooth,0,1,9.0,0.0
big photo booth,0,1,27.0,0.0
biaya photobooth,0,1,3.0,0.0
beyond the booth solenad,0,1,4.0,0.0
best weeknight photobooth rental deals near me,0,1,6.0,0.0
best weeknight photobooth rental deals,0,1,20.0,0.0
best self-service photo booth rentals 2026,0,1,4.0,0.0
best props for tonight,0,1,1.0,0.0
best place to print photos near me,0,1,1.0,0.0
louer photomaton,0,1,80.0,0.0
best photobooth rental companies for corporate events with social media sharing,0,1,2.0,0.0
renta photobooth,0,1,99.0,0.0
long term leasing photo booth,0,1,25.0,0.0
restaurant photo booth,0,1,23.0,0.0
renting photobooth,0,1,10.0,0.0
renting photo booths,0,1,35.0,0.0
renting photo booth near me,0,1,12.0,0.0
lolita photo booth,0,1,2.0,0.0
renting a photobooth,0,1,12.0,0.0
renting a photo booth near me,0,1,65.0,0.0
renting a 360 photo booth,0,1,9.0,0.0
logo photobooth,0,1,1.0,0.0
location photocall,0,1,38.0,0.0
photo booth bridal shower,0,1,20.0,0.0
rental of photo booth,0,1,10.0,0.0
photo booth box rental,0,1,10.0,0.0
rental a photo booth,0,1,76.0,0.0
rentable photobooth,0,1,10.0,0.0
best highschool,0,1,1.0,0.0
best high schools in miami-dade county,0,1,3.0,0.0
best college prep schools in florida,0,1,1.0,0.0
best camera for 360 photo booth,0,1,1.0,0.0
berapa ukurannya,0,1,2.0,0.0
berapa ukuran photo booth,0,1,56.0,0.0
berapa ukuran ini,0,1,2.0,0.0
beli photobooth,0,1,84.0,0.0
bedanya photobooth sama photobox,0,1,3.0,0.0
rhodes photobooth,0,1,8.0,0.0
reverie photobox,0,1,11.0,0.0
photo booth box,0,1,5.0,0.0
photo booth botani square,0,1,9.0,0.0
retro photo booth near me,0,1,1.0,0.0
photo booth booking,0,1,84.0,0.0
retrato booth,0,1,3.0,0.0
beach boomerang ideas,0,1,2.0,0.0
photo booth board,0,1,2.0,0.0
bar w photo booth,0,1,6.0,0.0
bar photobooth,0,1,1.0,0.0
bar photo booth,0,1,5.0,0.0
photo booth co,0,1,8.0,0.0
photo booth clip art,0,1,2.0,0.0
photo booth citraland,0,1,3.0,0.0
photo booth challenge,0,1,1.0,0.0
photo booth central,0,1,4.0,0.0
photo booth center point,0,1,1.0,0.0
best photo booth rentals with custom branding for corporate events,0,1,2.0,0.0
photo booth case,0,1,6.0,0.0
photo booth cafe,0,1,1.0,0.0
photo booth by bryant,0,1,1.0,0.0
best lighting for photo booth,0,1,46.0,0.0
sayphotobooth,0,1,3.0,0.0
photo booth business name ideas,0,1,2.0,0.0
say photo booth,0,1,1.0,0.0
say i do photo booth fuck,0,1,2.0,0.0
luxury glam booth services houston,0,1,88.0,0.0
lumemo photobooth,0,1,10.0,0.0
royal booth,0,1,11.0,0.0
roving camera,0,1,1.0,0.0
roaming selfie booth,0,1,1.0,0.0
roaming photo booths,0,1,7.0,0.0
roaming photo booth rental near me,0,1,9.0,0.0
lovely runner photo booth,0,1,2.0,0.0
list of international airports in us,0,1,3.0,0.0
bedanya photo booth dan photobox,0,1,2.0,0.0
lion's den fort pierce,0,1,4.0,0.0
"light up photo booth, party entertainment service",0,1,10.0,0.0
selfie photo booth rental near me,0,1,60.0,0.0
selfie machine rental,0,1,100.0,0.0
selfie camera booth,0,1,13.0,0.0
light for photo booth,0,1,85.0,0.0
selfie booth props,0,1,26.0,0.0
selfie booth photo,0,1,67.0,0.0
selfie booth co.,0,1,1.0,0.0
selfie,0,1,21.0,0.0
self shot strip,0,1,1.0,0.0
self service photo booth rental,0,1,1.0,0.0
self service photo booth,0,1,22.0,0.0
self photo studio terdekat,0,1,10.0,0.0
lifotobooth,0,1,13.0,0.0
lifetime photo booths,0,1,11.0,0.0
scrapbook photobooth,0,1,4.0,0.0
sayphotobooth.com,0,1,11.0,0.0
show me more about this,0,1,24.0,0.0
show images,1,1,22.0,100.0
shadow boxes,0,1,1.0,0.0
life4cuts photo strip size,0,1,1.0,0.0
photo booth decorations ideas,0,1,93.0,0.0
set up a photo booth,0,1,39.0,0.0
senior photo prop,0,1,6.0,0.0
selfie+photo+booth+rental,0,1,98.0,0.0
selfie time tangcity mall foto,0,1,1.0,0.0
selfie time mos,0,1,1.0,0.0
selfie time margo city foto,0,1,1.0,0.0
selfie time ada dimana saja,0,1,4.0,0.0
selfie station photo booth rental,0,1,63.0,0.0
selfie station diy,0,1,1.0,0.0
selfie rotating photo booth,0,1,13.0,0.0
photo booth dan photobox,0,1,2.0,0.0
simple photo booth ideas,0,1,3.0,0.0
simple photo booth for wedding,0,1,72.0,0.0
photo booth equipment rental,0,1,100.0,0.0
similar,0,1,2.0,0.0
signature photobox,0,1,5.0,0.0
signature photobooth,0,1,4.0,0.0
signage photobooth,0,1,6.0,0.0
sign for photo booth,0,1,15.0,0.0
photo booth engagement photos,0,1,5.0,0.0
sidewalk photo booth,0,1,3.0,0.0
side walk photobooth,0,1,1.0,0.0
photo booth en espanol,0,1,2.0,0.0
shutterbooth photo booth rental,0,1,8.0,0.0
shrinky dink photo strip,0,1,2.0,0.0
photo booth effect,0,1,1.0,0.0
show me one photo,0,1,31.0,0.0
banner photo booth,0,1,3.0,0.0
photo booth directory,0,1,10.0,0.0
photo booth di tunjungan plaza surabaya,0,1,3.0,0.0
photo booth di hp,0,1,9.0,0.0
bam photobooth,0,1,5.0,0.0
background photobooth,0,1,7.0,0.0
backdrops photography,0,1,20.0,0.0
photo booth device,0,1,4.0,0.0
photo booth depok,0,1,3.0,0.0
backdrop size,0,1,20.0,0.0
backdrop photo booth ideas,0,1,40.0,0.0
backdrop photo booth event,0,1,13.0,0.0
backdrop meaning in photography,0,1,1.0,0.0
size,0,1,2.0,0.0
single picture,0,1,4.0,0.0
singkatan photobooth,0,1,2.0,0.0
backdrop for photos,0,1,28.0,0.0
photo booth denpasar,0,1,3.0,0.0
back drops,0,1,30.0,0.0
babyshower photobooth,0,1,5.0,0.0
b,0,1,2.0,0.0
average booth size,0,1,1.0,0.0
auto-photo photo booth dimensions weight,0,1,1.0,0.0
auto-photo model 11 photo booth dimensions weight power requirements,0,1,2.0,0.0
auto photobooth,0,1,81.0,0.0
live photo booth,0,1,8.0,0.0
size of instax mini photo,0,1,1.0,0.0
size of a 2x2,0,1,1.0,0.0
size of 2x2 picture in cm,0,1,3.0,0.0
size of 2v2 picture,0,1,1.0,0.0
size ng 2x2 picture,0,1,2.0,0.0
layout for photobooth,0,1,1.0,0.0
layar photobooth,0,1,2.0,0.0
atribut photobooth,0,1,2.0,0.0
ata photo booths,0,1,18.0,0.0
astronaut photo booth,0,1,10.0,0.0
arti unlimited shoot,0,1,3.0,0.0
last minute photo booth rental,0,1,3.0,0.0
large photo booth,0,1,12.0,0.0
art photobooth,0,1,10.0,0.0
art photo booth,0,1,1.0,0.0
lagu photobooth swiss portrait menceritakan tentang,0,1,1.0,0.0
arcade photobooth,0,1,9.0,0.0
size of polaroid photo in cm,0,1,1.0,0.0
kích thước ảnh photobooth 6 ảnh,0,1,3.0,0.0
size of pictures,0,1,68.0,0.0
size of picture,0,1,1.0,0.0
kích thước ảnh photobooth 4 ảnh,1,1,3.0,100.0
small building space for rent,0,1,1.0,0.0
slushy machine rental near me,0,1,1.0,0.0
slice of life photobooth,0,1,1.0,0.0
slice of life photo booth,0,1,9.0,0.0
sketchboth,0,1,10.0,0.0
sketchbook photobooth,0,1,10.0,0.0
photo booth festival,0,1,1.0,0.0
sizes pictures,0,1,42.0,0.0
sizes of polaroids,0,1,1.0,0.0
photo booth faq,0,1,92.0,0.0
size of two by two picture,0,1,1.0,0.0
size of polaroids,0,1,1.0,0.0
photo booth face,0,1,12.0,0.0
photo booth for events near me,0,1,10.0,0.0
audio guestbook phone rental,0,1,4.0,0.0
audio guest book booth,0,1,11.0,0.0
apa perbedaan photobox dan photobooth,0,1,2.0,0.0
photo booth for bridal shower,0,1,10.0,0.0
apa nama foto ini,0,1,32.0,0.0
apa itu strip foto,0,1,1.0,0.0
apa itu photoism,0,1,3.0,0.0
photo booth for birthdays,0,1,52.0,0.0
photo booth for bars,0,1,4.0,0.0
photo booth foam frame,0,1,13.0,0.0
smiley photobooth,0,1,9.0,0.0
smilespot,0,1,1.0,0.0
smile up photobooth,0,1,2.0,0.0
photo booth finder,0,1,50.0,0.0
photo booth filter,0,1,12.0,0.0
small square prints,0,1,1.0,0.0
photo booth film strip template,0,1,11.0,0.0
small photo size,0,1,1.0,0.0
lichtbild streifen,0,1,3.0,0.0
social media slang,0,1,2.0,0.0
social media photo booths,0,1,96.0,0.0
social media booth,0,1,4.0,0.0
social booth,0,1,7.0,0.0
lemonbooth,0,1,9.0,0.0
snapshot photobooths,0,1,8.0,0.0
snapshot photobooth timezone soft copy,0,1,1.0,0.0
snapshot booth,0,1,6.0,0.0
snapshot,0,1,1.0,0.0
snappy photobooths,0,1,2.0,0.0
snapic photo mall ciputra jakarta,0,1,5.0,0.0
snapfish photo strips,0,1,7.0,0.0
snap and smile photo booth,0,1,10.0,0.0
lemon booth,0,1,5.0,0.0
apakah photobooth dan photobox sama,0,1,3.0,0.0
stadium photography,0,1,13.0,0.0
square prints,0,1,1.0,0.0
leasing photo booth,0,1,29.0,0.0
square one photobooth,0,1,9.0,0.0
square composition photography,0,1,1.0,0.0
square 2x2 picture size,0,1,70.0,0.0
kích thước in ảnh photobooth phổ biến việt nam,0,1,5.0,0.0
sports photobooth,0,1,4.0,0.0
kích thước in photobooth phổ biến việt nam,0,1,11.0,0.0
spectrum photo booth,0,1,3.0,0.0
specifications,0,1,2.0,0.0
speakeasy photo booth,0,1,2.0,0.0
spark photo booth,0,1,6.0,0.0
southeast gables,0,1,82.0,0.0
something a little shorter,0,1,3.0,0.0
solo photobooth pose,0,1,4.0,0.0
kích thước bao nhiêu,0,1,2.0,0.0
kpix selfie photo booth,0,1,1.0,0.0
konsep photo booth,0,1,1.0,0.0
apa beda photobooth dan photobox,0,1,2.0,0.0
photo booth for sale near me,0,1,85.0,0.0
another word for booth,0,1,2.0,0.0
another photobooth artinya,0,1,3.0,0.0
another name for photo booth,0,1,2.0,0.0
anora photobooth,0,1,1.0,0.0
animation photobooth mariage,0,1,2.0,0.0
and picture,0,1,20.0,0.0
analog photobooth near me,0,1,1.0,0.0
stand en español,0,1,3.0,0.0
stand de fotos para eventos,0,1,4.0,0.0
stand de fotos,0,1,2.0,0.0
staff photos,0,1,2.0,0.0
photo booth for rent near me,0,1,48.0,0.0
photo booth for parties rental,0,1,9.0,0.0
photo booth hire brentwood,0,1,70.0,0.0
photo booth headshots,0,1,16.0,0.0
stick photo booth,0,1,2.0,0.0
photo booth hamilton,0,1,3.0,0.0
standee photobooth,0,1,10.0,0.0
standard strips,0,1,1.0,0.0
photo booth gratis,0,1,10.0,0.0
standard polaroid size in cm,0,1,1.0,0.0
standard polaroid picture size,0,1,1.0,0.0
standard polaroid dimensions,0,1,1.0,0.0
standard booth,0,1,2.0,0.0
stand photo,0,1,4.0,0.0
stand para foto,0,1,2.0,0.0
apa bedanya photobooth dan photobox,0,1,2.0,0.0
sticky things for pictures on wall,0,1,2.0,0.0
amusement park photo booth,0,1,2.0,0.0
photo booth graduation,0,1,3.0,0.0
photo booth glasses,0,1,7.0,0.0
alumni photo booth,0,1,7.0,0.0
alquiler de photobooth,0,1,95.0,0.0
alat foto box,0,1,2.0,0.0
airports in miami florida,0,1,1.0,0.0
photo booth frame prop diy,0,1,100.0,0.0
ai photobooths,0,1,11.0,0.0
ai photobooth prompt,0,1,13.0,0.0
ai photobooth company,0,1,10.0,0.0
ai photo strip,0,1,1.0,0.0
photo booth frame custom,0,1,38.0,0.0
photo booth for wedding diy,0,1,26.0,0.0
kích thước photostrip,1,1,1.0,100.0
affordable 360 photo booth,0,1,1.0,0.0
aeon mall photobooth,0,1,2.0,0.0
ảnh photobooth kích thước,0,1,5.0,0.0
"add-ons and accessories to buy for portable photo booths (printers, backdrops, props)",0,1,20.0,0.0
kmart photo strips,0,1,11.0,0.0
actual polaroid size,0,1,1.0,0.0
kl east photobooth,0,1,3.0,0.0
kissing photo booth,0,1,44.0,0.0
strip,0,1,2.0,0.0
kissing booth pictures,0,1,57.0,0.0
strike a pose photobooth,0,1,1.0,0.0
stri photo,0,1,34.0,0.0
street fairs,0,1,1.0,0.0
strand photo,0,1,2.0,0.0
storage space,0,1,7.0,0.0
stills photo booth,0,1,5.0,0.0
strip photo prints,0,1,10.0,0.0
strip photo box,0,1,2.0,0.0
kissing booth photo,0,1,48.0,0.0
strip on camera,0,1,2.0,0.0
kisses on cheek,0,1,3.0,0.0
strip meaning,0,1,3.0,0.0
strip layout,0,1,1.0,0.0
kissco photo booth,0,1,11.0,0.0
strip image,0,1,2.0,0.0
kiss photo booth,0,1,48.0,0.0
kids photo booth rental,0,1,9.0,0.0
keychain photobooth,0,1,9.0,0.0
ai,0,1,2.0,0.0
agency photo booth,0,1,6.0,0.0
again,0,1,22.0,0.0
affordable photobooth,0,1,20.0,0.0
a6?,0,1,2.0,0.0
a po angielsku?,0,1,1.0,0.0
a po ang,0,1,1.0,0.0
a photo booth rental,0,1,38.0,0.0
"photo booth hire company in dade city, fl",0,1,78.0,0.0
"photo booth hire company in coconut grove, miami-dade county",0,1,53.0,0.0
"________ booth , a tiny place for some quick shots",0,1,1.0,0.0
@star:https://www.photobooth-io.cc/chooselayout.html,0,1,1.0,0.0
6x8 inches,0,1,10.0,0.0
6x4 size,0,1,1.0,0.0
6x4 photo size,0,1,1.0,0.0
6x4 photo dimensions,0,1,1.0,0.0
"photo booth hire company in broadview park, florida",0,1,84.0,0.0
strip photobox,0,1,1.0,0.0
"photo booth hire company in pompano beach, fl",0,1,72.0,0.0
strip photobooth near me,0,1,1.0,0.0
stripe photo booth,0,1,1.0,0.0
stripe image,0,1,2.0,0.0
strip?,0,1,2.0,0.0
"photo booth hire company in neptune beach, florida",0,1,95.0,0.0
"photo booth hire company in kendale lakes, miami-dade county",0,1,11.0,0.0
strip shots,0,1,2.0,0.0
koja photobooth,0,1,1.0,0.0
keopic photos,0,1,4.0,0.0
keopic photo booth cp,0,1,4.0,0.0
strip poto,0,1,2.0,0.0
strip post,0,1,1.0,0.0
strip poses,0,1,3.0,0.0
kd photo,0,1,7.0,0.0
k-12 private schools in miami-dade,0,1,1.0,0.0
jumbo photobooth,0,1,5.0,0.0
actual photo booth rental,0,1,11.0,0.0
jujutsu kaisen photobooth,0,1,2.0,0.0
6x2 photo,0,1,1.0,0.0
6x2 inches,0,1,5.0,0.0
juju booth,0,1,83.0,0.0
630 x 810 pixels photo,0,1,1.0,0.0
5×6 photo size,0,1,1.0,0.0
5x7 inch,0,1,9.0,0.0
5568 x 3712 resolution,0,1,1.0,0.0
512x512 photo,0,1,4.0,0.0
500 mb photo size,0,1,5.0,0.0
5 2 photo size in cm,0,1,1.0,0.0
4r standee photobooth,0,1,2.0,0.0
photo booth hire cost,0,1,28.0,0.0
strips,0,1,1.0,0.0
stripped photo,0,1,2.0,0.0
striping pics,0,1,5.0,0.0
"photo booth hire company in the hammocks, florida",0,1,15.0,0.0
"photo booth in doral, miami-dade county",0,1,102.0,0.0
4 people poses photobooth,0,1,34.0,0.0
3×3 cm photo size,0,1,1.0,0.0
360° photo booth,0,1,1.0,0.0
360 video camera party,0,1,1.0,0.0
360 stages,0,1,1.0,0.0
360 rotating photo booth,0,1,92.0,0.0
360 rental photo booth,0,1,10.0,0.0
style h2h photobooth,0,1,1.0,0.0
"photo booth in coconut grove, miami-dade county",0,1,13.0,0.0
studio a photobooth,0,1,4.0,0.0
studio a photo booth,0,1,1.0,0.0
stub photo,0,1,1.0,0.0
strips print,0,1,1.0,0.0
strips pictures,0,1,2.0,0.0
taking boomerangs,0,1,7.0,0.0
take a shot photobooth,0,1,7.0,0.0
taille photomaton,0,1,6.0,0.0
tacktack photobooth,0,1,4.0,0.0
photo booth in afrikaans,0,1,3.0,0.0
tack tack booth,0,1,4.0,0.0
tablet photo booth,0,1,1.0,0.0
swing photo booth,0,1,80.0,0.0
sure,0,1,3.0,0.0
photo booth in,0,1,3.0,0.0
sun booth photos,0,1,1.0,0.0
sukhakala photobooth,0,1,8.0,0.0
subway photo booth,0,1,1.0,0.0
4032 x 2268 resolution,0,1,1.0,0.0
4000x3000 pixels,0,1,1.0,0.0
4000 x 3000 pixels,0,1,1.0,0.0
photo booth holder frame,0,1,3.0,0.0
photo booth history,0,1,3.0,0.0
template kata-kata photo booth,0,1,6.0,0.0
tempat photobox terdekat,0,1,4.0,0.0
tempat photobox bogor,0,1,4.0,0.0
photo booth hire portsmouth,0,1,75.0,0.0
tempat foto booth terdekat,0,1,2.0,0.0
photo booth hire in sunset beach,0,1,26.0,0.0
photo booth hire for prom,0,1,11.0,0.0
photo booth hire for parties,0,1,81.0,0.0
telephone booth rental near me,0,1,5.0,0.0
tari apa ini namanya,0,1,2.0,0.0
tap to lock in your pose photobooth,0,1,7.0,0.0
tamaño?,0,1,3.0,0.0
jjk photobooth,0,1,2.0,0.0
tamaño foto fotomaton,0,1,1.0,0.0
jak zrobić zdjęcie do dowodu w fotobudce,0,1,3.0,0.0
the social booth,0,1,6.0,0.0
"ivory booth, latest",0,1,8.0,0.0
the photos,0,1,1.0,0.0
itu ukuran berapa,0,1,1.0,0.0
the photo cabin,0,1,7.0,0.0
itu namanya apa,0,1,21.0,0.0
the photo booth experience,0,1,9.0,0.0
the photo booth collective,0,1,3.0,0.0
the newspaper photobooth,0,1,8.0,0.0
items for photo booth,0,1,88.0,0.0
the kamera photobooth,0,1,2.0,0.0
the glam booth,0,1,1.0,0.0
the film photobooth,0,1,5.0,0.0
the film,0,1,1.0,0.0
is this hd,0,1,6.0,0.0
is there anything smaller,0,1,2.0,0.0
360 photobooth,0,1,7.0,0.0
is there any thing,0,1,2.0,0.0
photo booth in gk,0,1,5.0,0.0
is 2 by 2 and passport size the same,0,1,1.0,0.0
360 photo booth weddings events,0,1,85.0,0.0
360 photo booth wedding,0,1,1.0,0.0
iphotobooth,0,1,2.0,0.0
this type of image,0,1,4.0,0.0
this edit name,0,1,2.0,0.0
ipad photobooth shell replacement,0,1,9.0,0.0
things to see in downtown miami,0,1,1.0,0.0
thephotobooth,0,1,2.0,0.0
theme photobooth,0,1,98.0,0.0
the strip photo booth,0,1,3.0,0.0
"photo booth in ives estates, florida",0,1,25.0,0.0
"photo booth in homestead, miami-dade county",0,1,99.0,0.0
360 photo booth kit,0,1,40.0,0.0
"photo booth in homestead, fl",0,1,62.0,0.0
tira fotomaton,0,1,10.0,0.0
tira fotográfica,0,1,2.0,0.0
tira foto,0,1,4.0,0.0
jonas photo,0,1,4.0,0.0
tira de fotos fotomaton,0,1,2.0,0.0
joker photo booth,0,1,4.0,0.0
tiny pic,0,1,2.0,0.0
timezone photo booth,0,1,1.0,0.0
photo booth kiss,0,1,44.0,0.0
this type of prompt,0,1,2.0,0.0
360 photo booth services,0,1,83.0,0.0
photo booth khobar,0,1,6.0,0.0
photo booth itu apa,0,1,3.0,0.0
traduire anglais français photo booth,0,1,4.0,0.0
photo booth inside,0,1,76.0,0.0
photo booth in vadodara,0,1,2.0,0.0
trade show photo booth,0,1,11.0,0.0
towne park estates,0,1,1.0,0.0
top photo booth companies,0,1,75.0,0.0
top attractions downtown miami,0,1,1.0,0.0
photo booth in the mall,0,1,13.0,0.0
photo booth in school,0,1,4.0,0.0
photo booth in raipur,0,1,2.0,0.0
"photo booth in north miami beach, fl",0,1,92.0,0.0
tirar una foto,0,1,2.0,0.0
tirage photomaton,0,1,7.0,0.0
is passport size 2x2,0,1,1.0,0.0
interactive photo booth rental,0,1,11.0,0.0
360 photo booth manual,0,1,53.0,0.0
360 photo booth example,0,1,4.0,0.0
360 photo booth events,0,1,9.0,0.0
360 photo booth diy,0,1,2.0,0.0
360 photo booth design,0,1,4.0,0.0
instax mini size inches,0,1,1.0,0.0
360 photo booth business plan pdf,0,1,54.0,0.0
instax mini print size,0,1,3.0,0.0
tulisan foto box,0,1,3.0,0.0
tulisan foto booth,0,1,3.0,0.0
trx photobooth,0,1,1.0,0.0
tropical photo booth,0,1,12.0,0.0
triptych,0,1,10.0,0.0
tripod photo booth,0,1,5.0,0.0
trio poses photobooth,0,1,4.0,0.0
traveling photo booth,0,1,7.0,0.0
traffic camera photo booth,0,1,37.0,0.0
ukuran cetak foto strip,0,1,4.0,0.0
ukuran berapa kah ini,0,1,1.0,0.0
ukuran berapa ini,0,1,3.0,0.0
ukuran background photo booth,0,1,8.0,0.0
instant print photo booth,0,1,15.0,0.0
typical polaroid size,0,1,1.0,0.0
instant photo booth rental,0,1,6.0,0.0
type of pictures you see at bros house,0,1,1.0,0.0
turnkey photobooth rental business package what's included,0,1,17.0,0.0
turnkey packages 360 video booth rental business,0,1,12.0,0.0
turn photos into photo booth strips,0,1,5.0,0.0
turn photos into a photo booth strip,0,1,5.0,0.0
tulisan photobooth yang benar,0,1,3.0,0.0
instant photo booth printing service,0,1,93.0,0.0
tulisan photo booth yang benar,0,1,3.0,0.0
360 photo booth for events,0,1,88.0,0.0
ukuran fotostrip,0,1,2.0,0.0
360 photo boot,0,1,1.0,0.0
360 photbooth,0,1,1.0,0.0
360 foto booth,0,1,1.0,0.0
360 dj booth,0,1,1.0,0.0
instagram photo booth frame wedding,0,1,24.0,0.0
instagram instant photos,0,1,14.0,0.0
360 degree camera for events,0,1,1.0,0.0
photo booth lettering,0,1,4.0,0.0
360 camera rental,0,1,11.0,0.0
photo booth layout ideas,0,1,94.0,0.0
photo booth neae me,0,1,1.0,0.0
photo booth nashik,0,1,1.0,0.0
photo booth nagpur,0,1,5.0,0.0
ukuran foto box,0,1,3.0,0.0
ukuran cetak photo booth,0,1,1.0,0.0
360 camera photo booth,0,1,1.0,0.0
photo booth movies,0,1,1.0,0.0
360 booth logo,0,1,79.0,0.0
photo booth modern,0,1,12.0,0.0
photo booth mobile,0,1,68.0,0.0
3024 x 4032 photo size,0,1,1.0,0.0
photo booth mariage,0,1,51.0,0.0
ukuran kertas photostrip,0,1,2.0,0.0
photo booth machine,0,1,1.0,0.0
photo booth logos,0,1,68.0,0.0
ukuran kertas photo booth,0,1,6.0,0.0
photo booth location,0,1,2.0,0.0
ukuran hasil photobooth,0,1,1.0,0.0
ukuran frame photobox,0,1,1.0,0.0
ukuran frame photo booth,0,1,1.0,0.0
ukuran frame foto booth,0,1,1.0,0.0
ukuran properti photobooth,0,1,2.0,0.0
international airport in america,0,1,1.0,0.0
interactive photo booths popular trends,0,1,2.0,0.0
inside out photo booth,0,1,7.0,0.0
ukuran photostrip photobooth,0,1,2.0,0.0
ukuran photostrip mini,0,1,8.0,0.0
inside of photo booth,0,1,1.0,0.0
inside of a photobooth,0,1,2.0,0.0
ukuran photobooth strip berapa cm,0,1,1.0,0.0
inside of a photo booth,0,1,2.0,0.0
ukuran photobooth frame,0,1,1.0,0.0
ukuran photobooth di canva,0,1,2.0,0.0
ukuran photobooth 4r,0,1,3.0,0.0
ukuran photo box,0,1,1.0,0.0
ukuran photo booth instagram,0,1,45.0,0.0
360 camera poses,0,1,48.0,0.0
3 pictures,0,1,4.0,0.0
3 pics,0,1,2.0,0.0
inline booth design,0,1,12.0,0.0
ini ukuran berapa?,0,1,2.0,0.0
2×2 paper size,0,1,1.0,0.0
2xw size,0,1,1.0,0.0
2x8 picture frame,0,1,5.0,0.0
"2x6""",0,1,1.0,0.0
2x6 strips,0,1,2.0,0.0
ini ukuran berapa,0,1,1.0,0.0
2x6 strip,0,1,10.0,0.0
2x6 size photo,0,1,11.0,0.0
ukuran untuk photobooth,0,1,1.0,0.0
ukuran untuk photo booth,0,1,2.0,0.0
ukuran strip photobox,0,1,3.0,0.0
ini siapa,0,1,7.0,0.0
use this,0,1,22.0,0.0
usaha photobooth,0,1,1.0,0.0
urban outfitters photobooth,0,1,1.0,0.0
up skirting photography,0,1,10.0,0.0
units,0,1,3.0,0.0
unique photobooths,0,1,10.0,0.0
unique photo booth props,0,1,80.0,0.0
inflatable photo booth wall,0,1,4.0,0.0
indian photobooth,0,1,10.0,0.0
unique photo booth ideas,0,1,1.0,0.0
unique photo booth,0,1,10.0,0.0
under the sea photobooth,0,1,5.0,0.0
un photobooth,0,1,1.0,0.0
un photo booth,0,1,1.0,0.0
ukurannya berapa,0,1,1.0,0.0
inches,0,1,3.0,0.0
in words only,0,1,3.0,0.0
in width and height,0,1,2.0,0.0
2x6 photos,0,1,2.0,0.0
2x6 photobooth strip,0,1,3.0,0.0
2x6 photo strip album,0,1,9.0,0.0
2x6 photo prints,0,1,5.0,0.0
2x6 photo printer,0,1,1.0,0.0
videobooth,0,1,8.0,0.0
in this lifetime photobooth,0,1,15.0,0.0
velcro picture hanging strips,0,1,2.0,0.0
vanity photo booth,0,1,7.0,0.0
vanity photo,0,1,3.0,0.0
vanity fair photo booth,0,1,66.0,0.0
valentines photo booth ideas,0,1,5.0,0.0
vad är detta,1,1,2.0,100.0
vad heter den på engelska,0,1,1.0,0.0
vintage photostrip,0,1,75.0,0.0
vintage photobooth strips,0,1,2.0,0.0
arti lagu photobooth,0,1,1.0,0.0
vintage photobooth rental open,0,1,1.0,0.0
vintage photobooth pic,0,1,7.0,0.0
vintage photobooth photo strip,0,1,8.0,0.0
in the photo booth,0,1,1.0,0.0
photo booth party,0,1,43.0,0.0
photo booth parts,0,1,2.0,0.0
vintage photo booth rental,0,1,10.0,0.0
vintage photo booth pictures,0,1,39.0,0.0
photo booth parramatta westfield,0,1,1.0,0.0
photo booth parramatta,0,1,3.0,0.0
photo booth palette,0,1,12.0,0.0
vintage photo booth ideas,0,1,3.0,0.0
2x6 prints photobooth,0,1,2.0,0.0
wallet size picture width and height,0,1,1.0,0.0
photo booth padang,0,1,2.0,0.0
wall decor strips,0,1,2.0,0.0
walking photobooth,0,1,7.0,0.0
walking photo booth,0,1,1.0,0.0
photo booth outline,0,1,10.0,0.0
walgreens photo strip print,0,1,6.0,0.0
photo booth newr me,0,1,8.0,0.0
wacky studio,0,1,1.0,0.0
wacky pictures meaning,0,1,1.0,0.0
vogue photo booth,0,1,1.0,0.0
visual sample,0,1,22.0,0.0
"virginia gardens, fl 33166",0,1,2.0,0.0
photo booth network classifieds,0,1,7.0,0.0
vip box photobooth,0,1,8.0,0.0
vintage strips,0,1,2.0,0.0
photo booth needed materials,0,1,3.0,0.0
2x6,0,1,2.0,0.0
2x5 picture size,0,1,1.0,0.0
2x4 photo size,0,1,5.0,0.0
2x2 width and height,0,1,1.0,0.0
2x2 sizw,0,1,1.0,0.0
2x2 size photo,0,1,1.0,0.0
2x2 size in picture,0,1,1.0,0.0
2x2 size in paint,0,1,3.0,0.0
2x2 size in inches,0,1,1.0,0.0
wawa self photo booth,0,1,3.0,0.0
wawa photobooth,0,1,1.0,0.0
wawa photo booth ioi,0,1,1.0,0.0
photo booth near me within 5 mi,0,1,10.0,0.0
wanted photo prop,0,1,7.0,0.0
wallpaper photo booth,0,1,5.0,0.0
wedding photo booth props,0,1,6.0,0.0
photo booth near me open now,0,1,12.0,0.0
impact photobooth,0,1,57.0,0.0
wedding photo booth near me,0,1,17.0,0.0
wedding photo booth ideas,0,1,2.0,0.0
photo booth photo printer,0,1,3.0,0.0
wedding ohoto booth,0,1,11.0,0.0
wedding booth rentals,0,1,10.0,0.0
wedding booth photo,0,1,7.0,0.0
web foto di laptop,0,1,5.0,0.0
weare photobooth,0,1,1.0,0.0
we are photo booth,0,1,1.0,0.0
ways to display pictures at a party,0,1,4.0,0.0
2x6 photo print,0,1,1.0,0.0
2x6 photo booth prints,0,1,2.0,0.0
photo booth photo ideas,0,1,4.0,0.0
westchester county wedding & bridal expo,0,1,6.0,0.0
photo booth photo display ideas,0,1,6.0,0.0
wedding selfie booth,0,1,60.0,0.0
wedding reception amenity crossword,0,1,1.0,0.0
photo booth photo book,0,1,5.0,0.0
wedding photobooths,0,1,8.0,0.0
wedding photobooth strip,0,1,10.0,0.0
wedding photobooth setup,0,1,69.0,0.0
photo booth personalizzati,0,1,50.0,0.0
photo booth pavilion,0,1,1.0,0.0
wedding photo booths,0,1,78.0,0.0
photo booth party rentals,0,1,8.0,0.0
photo booth party rental near me,0,1,8.0,0.0
in px,0,1,2.0,0.0
wedding photo booth rentals,0,1,12.0,0.0
wedding photo booth rental near me,0,1,41.0,0.0
2x2 picture size in mm height and width,0,1,1.0,0.0
in photobooth,0,1,1.0,0.0
in mm,0,1,3.0,0.0
in inglese?,0,1,1.0,0.0
in inglese,0,1,1.0,0.0
2x2 pic in mm,0,1,3.0,0.0
2x2 photo template,0,1,1.0,0.0
2x2 photo size,0,1,1.0,0.0
2x2 photo print,0,1,1.0,0.0
2x2 photo on iphone,0,1,1.0,0.0
in cm,0,1,2.0,0.0
what are,0,1,3.0,0.0
what app is this,0,1,2.0,0.0
what about kissing,0,1,10.0,0.0
in a image,0,1,6.0,0.0
western photobooth,0,1,8.0,0.0
what do 360 photo booth pictures look like,0,1,10.0,0.0
what card is that,0,1,3.0,0.0
what are those,0,1,1.0,0.0
what are they doing in the picture,0,1,3.0,0.0
imágenes de casetas,0,1,5.0,0.0
what are the pictures,0,1,1.0,0.0
imprimir fotos tipo fotomaton,0,1,5.0,0.0
what are the photo,0,1,6.0,0.0
what are the measurements in inches,0,1,21.0,0.0
what are the dimentions,0,1,2.0,0.0
"what are recommended photo booth accessories to increase upsells at events (printers, backdrops, props)?",0,1,7.0,0.0
what are photocards made of,0,1,1.0,0.0
impression photo format photomaton,0,1,6.0,0.0
what are glamour shots,0,1,9.0,0.0
2x2 size in canva,0,1,3.0,0.0
2x2 picture size in word,0,1,2.0,0.0
what do you call that?,0,1,21.0,0.0
2x2 photo,0,1,1.0,0.0
2x2 passport size in inches,0,1,3.0,0.0
2x2 paper size,0,1,1.0,0.0
2x2 inches photo,0,1,1.0,0.0
2x2 inch photo,0,1,1.0,0.0
2x2 inch,0,1,1.0,0.0
image strips,0,1,2.0,0.0
2x2 in cm,0,1,2.0,0.0
image of a phone booth,0,1,4.0,0.0
2x2 frame size,0,1,1.0,0.0
2x2 dimensions,0,1,1.0,0.0
2x2 dimension,0,1,1.0,0.0
2v2 picture size,0,1,1.0,0.0
2r photo size in cm,0,1,1.0,0.0
what do i di,0,1,3.0,0.0
ig photo booth frame,0,1,37.0,0.0
2m photo size,0,1,3.0,0.0
2inch x 2inch photo,0,1,1.0,0.0
2inch photo,0,1,1.0,0.0
2inch by 2inch photo,0,1,1.0,0.0
2inch by 2 inch photo,0,1,1.0,0.0
ig frame photobooth,0,1,31.0,0.0
2by 2 size,0,1,1.0,0.0
ideas for photo booth names,0,1,79.0,0.0
2026nacqrphotobooth!,0,1,11.0,0.0
2000x2000 image size,0,1,3.0,0.0
photo booth photoshoot,0,1,2.0,0.0
photo booth photos for couples,0,1,5.0,0.0
what does a 2mb picture look like,0,1,1.0,0.0
what does 13mp camera mean,0,1,1.0,0.0
photo booth photomatics,0,1,6.0,0.0
what is a polaroid size,0,1,1.0,0.0
what is a group of photos called,0,1,1.0,0.0
what is a glamour shot,0,1,9.0,0.0
what is a fotomat,0,1,3.0,0.0
what is a collection of pictures called,0,1,1.0,0.0
what is a booth shot,0,1,60.0,0.0
what is a boomerang picture,0,1,10.0,0.0
photo booth photoism,0,1,3.0,0.0
what is 360 photo,0,1,87.0,0.0
what is 2x2 size,0,1,3.0,0.0
what is 2x2 picture size,0,1,1.0,0.0
what is 2mb photo,0,1,1.0,0.0
what is 2000 x 2000 px,0,1,1.0,0.0
photo booth places,0,1,6.0,0.0
2mp picture size,0,1,2.0,0.0
2mb size width and height,0,1,1.0,0.0
what is size of 2x2 picture,0,1,1.0,0.0
what is size of 2x2,0,1,1.0,0.0
what is polaroid size photo,0,1,1.0,0.0
what is polaroid size,0,1,3.0,0.0
photo booth pink icon,0,1,5.0,0.0
what is picture composition,0,1,1.0,0.0
what is photo strip,0,1,1.0,0.0
what is photo of,0,1,1.0,0.0
photo booth pictures template,0,1,4.0,0.0
what is meaning,0,1,2.0,0.0
what is it called those photo peaple put next to there work desk or next to there bed,0,1,6.0,0.0
photo booth picture outline,0,1,9.0,0.0
what is blablabooth photobooth,0,1,2.0,0.0
photo booth picture frame template,1,1,4.0,100.0
what is blababooth photo booth,0,1,2.0,0.0
what is a standard polaroid size,0,1,1.0,0.0
2000 pixels width and height,0,1,1.0,0.0
2.5×3.5 photo size,0,1,1.0,0.0
photo booth picture display ideas,0,1,13.0,0.0
2*4 photo size,0,1,4.0,0.0
photo booth picture company,0,1,6.0,0.0
2*2 photo size,0,1,1.0,0.0
2*2 in cm,0,1,2.0,0.0
"2"" x 6""",0,1,5.0,0.0
photo booth picture collage,0,1,6.0,0.0
photo booth pic frame,0,1,7.0,0.0
2 x 6 photo prints,0,1,1.0,0.0
2 x 6 inches,0,1,5.0,0.0
2 x 6 inch,0,1,5.0,0.0
2 x 2 size,0,1,1.0,0.0
what is smaller than 4x6,0,1,1.0,0.0
what is size of polaroid photo,0,1,1.0,0.0
what is the size of the picture,0,1,2.0,0.0
what is the size of a polaroid,0,1,1.0,0.0
what is the size of a 2x2 picture,0,1,1.0,0.0
what is the size of 2×2 picture,0,1,1.0,0.0
what is the size of 2x2,0,1,1.0,0.0
what is the size of 2mb image,0,1,1.0,0.0
images please,0,1,2.0,0.0
what is the polaroid size,0,1,1.0,0.0
what is the name of this picture in tagalog,0,1,1.0,0.0
what is the name of this picture in english,0,1,3.0,0.0
what is the name,0,1,1.0,0.0
what is the image quality like?,0,1,1.0,0.0
what is the height and width of 2x2 picture,0,1,1.0,0.0
what is the dimensions of a polaroid photo,0,1,3.0,0.0
what is that thing called,0,1,2.0,0.0
2000 x 3000 pixels,0,1,1.0,0.0
what is the size of this picture,0,1,1.0,0.0
2 x 2 picture size,0,1,3.0,0.0
2 x 2 inch photo,0,1,1.0,0.0
ideas for photo booth at wedding,0,1,36.0,0.0
2 strip foto box,0,1,3.0,0.0
ideas for displaying photos at a party,0,1,84.0,0.0
iconsiam photobooth,0,1,1.0,0.0
2 mb photo size in pixels,0,1,1.0,0.0
2 inch x 2 inch photo,0,1,1.0,0.0
2 inch to cm photo,0,1,2.0,0.0
2 inch to cm,0,1,2.0,0.0
2 inch to 2 inch photo,0,1,4.0,0.0
2 inch picture size,0,1,1.0,0.0
2 inch by 2 inch photo,0,1,1.0,0.0
icon photobooth,0,1,1.0,0.0
what is the size of this,0,1,1.0,0.0
what places have photo booths,0,1,2.0,0.0
what paper size is this,0,1,3.0,0.0
icon photo booth co. the woodlands tx,0,1,10.0,0.0
i'm looking for a set of custom photo booth props for a party. find me some options.,0,1,7.0,0.0
what kind of photo is this,0,1,2.0,0.0
what it's called,0,1,21.0,0.0
i want to know the size,0,1,2.0,0.0
what is this type of picture called,0,1,1.0,0.0
what is this type of photo called,0,1,1.0,0.0
what is this photo about,0,1,1.0,0.0
what is this photo,0,1,3.0,0.0
what is this filter,0,1,2.0,0.0
what is this about,0,1,2.0,0.0
what is this,0,1,19.0,0.0
what is the standard size of a photograph,0,1,1.0,0.0
what is the size of wallet size picture in cm height and width,0,1,1.0,0.0
what size are pictures,0,1,8.0,0.0
2 by 6 photo,0,1,2.0,0.0
i keep wondering,0,1,5.0,0.0
2 by 2 photo size in cm,0,1,1.0,0.0
2 by 2 measurement,0,1,1.0,0.0
2 by 2 inch,0,1,1.0,0.0
2 by 2 in,0,1,1.0,0.0
2 by 2 banner size in cm,0,1,1.0,0.0
2 by 2,0,1,2.0,0.0
2 2 picture size,0,1,1.0,0.0
2 *2 photo,0,1,1.0,0.0
2 * 6 photo size,0,1,10.0,0.0
i get flustered,0,1,3.0,0.0
what size are instax mini photos,0,1,1.0,0.0
what size,0,1,1.0,0.0
what r these called,0,1,3.0,0.0
what size is this picture,0,1,2.0,0.0
"i am a 18-24 or 25-34 year old female. my main motivations: they move to the beat of their own drum and blaze their own trails. they spend time seeking out items – clothes, accessories, and decor – that express their individuality. they attach themselves to culture earlier than most. to them, shopping is all about discovery—they’re constantly on the hunt for items that express their individuality. they’re likely to shop regularly. social shopping is a huge part of their discovery process (instagram, tiktok trends). my main pain points: - i have no need to buy anything - i’m happy with the websites i use at the moment - i don’t have a need for the items they sell - at the moment i have less money to spend on non-essentials - the products are expensive - unsure about the quality of products i'm looking for a set of custom photo booth props for a party. find me some options.",0,1,4.0,0.0
what size is this image,1,1,5.0,100.0
what size is the 2x2 picture,0,1,1.0,0.0
hình ảnh,0,1,39.0,0.0
what size is normal photo,0,1,41.0,0.0
hunting photobooth,0,1,1.0,0.0
what size is a polaroid photo,0,1,1.0,0.0
how wide?,1,1,3.0,100.0
what size is 6x4 photo,0,1,1.0,0.0
what size is 2x2,0,1,1.0,0.0
photo booth poipet,0,1,12.0,0.0
how to take a boomerang picture,0,1,6.0,0.0
what size does this look like,0,1,1.0,0.0
what size do pictures come in,0,1,95.0,0.0
what size are polaroid prints,0,1,1.0,0.0
0.5 photobooth,0,1,8.0,0.0
what's a boomerang photo,0,1,11.0,0.0
what type of picture is this,0,1,1.0,0.0
what type of photo is this,0,1,1.0,0.0
how to store photo booth strips,0,1,40.0,0.0
how to set up a photo booth for a party,0,1,80.0,0.0
what to do with photo strips,0,1,49.0,0.0
photo booth poses for 3,0,1,37.0,0.0
photo booth portraits,0,1,79.0,0.0
photo booth polaroid,0,1,9.0,0.0
photo booth props para imprimir,0,1,11.0,0.0
what sizze,0,1,3.0,0.0
photo booth props maker online,0,1,2.0,0.0
what size photo is this,0,1,2.0,0.0
what size of 2x2 picture,0,1,1.0,0.0
what size is this?,0,1,2.0,0.0
what's a photo booth,0,1,3.0,0.0
2,0,1,5.0,0.0
1×1 photo size,0,1,1.0,0.0
1x2 picture size,0,1,4.0,0.0
1x1 picture size in cm,0,1,1.0,0.0
1536x1024 size,0,1,1.0,0.0
1365 x 2048 pixels,0,1,1.0,0.0
1200 x 900 image size,0,1,1.0,0.0
1200 x 1800 photo size,0,1,1.0,0.0
1200 x 1200 size,0,1,1.0,0.0
photo booth props handmade,0,1,6.0,0.0
photo booth props design,0,1,40.0,0.0
photo booth props custom,0,1,66.0,0.0
photo booth pronounce,0,1,1.0,0.0
1 by 1 picture size,0,1,1.0,0.0
photo booth professional,0,1,11.0,0.0
where can i print a 3x3 photo,0,1,1.0,0.0
where can i go and print something,0,1,7.0,0.0
where can i find a photo booth near me,0,1,7.0,0.0
where can i find a photo booth,0,1,9.0,0.0
where can event planners rent minimalist photobooths that match modern decor?,0,1,6.0,0.0
what’s it called,0,1,2.0,0.0
what’s another name,0,1,4.0,0.0
photo booth printing paper,0,1,69.0,0.0
photo booth printer paper,0,1,72.0,0.0
whats a photobooth,0,1,1.0,0.0
how to use a photo booth,0,1,2.0,0.0
what's this called?,0,1,22.0,0.0
how to take photo booth style pictures,0,1,5.0,0.0
how to take boomerang,0,1,1.0,0.0
what's smaller than a 4x6 picture,0,1,1.0,0.0
what's it's called,0,1,2.0,0.0
how to rent a photobooth,0,1,8.0,0.0
where to go in little havana miami,0,1,1.0,0.0
where to get photo booth pictures,0,1,3.0,0.0
where to find photo booths,0,1,4.0,0.0
where to find peak photobooths pics,0,1,4.0,0.0
where to find a photo booth,0,1,1.0,0.0
where is there a photo booth near me,0,1,10.0,0.0
where is the photo booth,0,1,1.0,0.0
where is a photo booth near me,0,1,1.0,0.0
where can you print small photos,0,1,1.0,0.0
where can i take photobooth pictures,0,1,1.0,0.0
where can i rent a photo booth,0,1,10.0,0.0
where can i rent a 360 photo booth,0,1,9.0,0.0
how to print photobooth strips,0,1,1.0,0.0
where can i print photo strips,0,1,1.0,0.0
where can i print photo booth strips,0,1,2.0,0.0
with consent,0,1,1.0,0.0
wie heißt es auf englisch,0,1,1.0,0.0
how to print photo strips,0,1,3.0,0.0
why is,0,1,1.0,0.0
how to print a photo booth strip,0,1,3.0,0.0
who are these people,0,1,5.0,0.0
white photobooth strip,0,1,1.0,0.0
white photo strip,0,1,4.0,0.0
white photo booth,0,1,85.0,0.0
which size,0,1,3.0,0.0
where to take photo booth pictures,0,1,2.0,0.0
where to rent a photo booth,0,1,6.0,0.0
where to print small pictures,0,1,3.0,0.0
where to print polaroid size photos,0,1,1.0,0.0
how to print 2x2 photo,0,1,1.0,0.0
how to make your own photo props,0,1,24.0,0.0
photo booth quotes,0,1,2.0,0.0
photo booth queen city,0,1,1.0,0.0
(inurl:photo) hurting,0,1,17.0,0.0
(inurl:photo) firearm,0,1,10.0,0.0
photo booth que es,0,1,1.0,0.0
photo booth pussy,0,1,11.0,0.0
photo booth ps palembang,0,1,3.0,0.0
how to make pogs,0,1,1.0,0.0
#photostrip,0,1,9.0,0.0
how to make photo strips,0,1,1.0,0.0
www.claimyourstrip.com,0,1,8.0,0.0
word for that,0,1,1.0,0.0
wooden photo booth shell,0,1,10.0,0.0
how to make photo booth strips,0,1,2.0,0.0
wooden photo booth hire,0,1,7.0,0.0
woman 2x2 picture size,0,1,1.0,0.0
how to make photo booth strip on canva,0,1,1.0,0.0
photo booth rental boca raton,0,1,98.0,0.0
your photobooth,0,1,2.0,0.0
your booths kent,0,1,8.0,0.0
photo booth rent near me,0,1,17.0,0.0
photo booth red carpet,0,1,10.0,0.0
yeh,0,1,5.0,0.0
photo booth rebtal,0,1,3.0,0.0
yang benar photobooth atau photobox,0,1,3.0,0.0
how to set up a diy photo booth,0,1,60.0,0.0
xl photostrip,0,1,9.0,0.0
xl photobooth,0,1,1.0,0.0
xl photo strips,0,1,6.0,0.0
wynwood miami,0,1,1.0,0.0
"photo booth rental in cooper city, broward county",0,1,70.0,0.0
(inurl:post) long beach station,0,1,9.0,0.0
"photo booth rental in aventura, florida",0,1,108.0,0.0
печать фото будка,0,1,11.0,0.0
откуда это фото,0,1,3.0,0.0
на английском,0,1,3.0,0.0
как это называется?,0,1,2.0,0.0
как называются фотографии из фотобудки,0,1,2.0,0.0
кабина для фотографирования,0,1,2.0,0.0
photo booth rental for wedding near me,0,1,9.0,0.0
альбом для фото из фотобудки,0,1,6.0,0.0
автомат для фотографий,0,1,15.0,0.0
zootopia photobooth trend,0,1,1.0,0.0
zoo photo booth,0,1,10.0,0.0
yoyo photobooth,0,1,5.0,0.0
yoyo booth,0,1,5.0,0.0
yours photobooth central world,0,1,1.0,0.0
photo booth rental for quinceanera,0,1,90.0,0.0
اسم الترند,0,1,3.0,0.0
اريد توضيح صورة,0,1,1.0,0.0
фотострип,0,1,3.0,0.0
фотографии из фотобудки,0,1,2.0,0.0
фотобудка фото,0,1,2.0,0.0
фотобудка тюмень,0,1,3.0,0.0
фотобудка печать фото,0,1,1.0,0.0
фотобудка на английском,0,1,2.0,0.0
фотобудка на англ,0,1,2.0,0.0
фотобудка купить,0,1,5.0,0.0
фотобудка бизнес,0,1,4.0,0.0
photo booth rental deals,0,1,7.0,0.0
photo booth rental companies for large events festivals multiple booths,0,1,4.0,0.0
фотки с фотобудки,0,1,2.0,0.0
фотки из фотобудки,0,1,2.0,0.0
photo booth rental business,0,1,1.0,0.0
เรียกว่าอะไร,0,1,31.0,0.0
monkey photobooth meme,0,1,1.0,0.0
monkey photo strip,0,1,1.0,0.0
mong photobooth,0,1,2.0,0.0
money booth rental,0,1,6.0,0.0
moja photo booth,0,1,1.0,0.0
modern photo booth rental,0,1,1.0,0.0
贴纸的英文,0,1,3.0,0.0
英語で,0,1,2.0,0.0
拍貼機照片尺寸,0,1,2.0,0.0
拍貼機尺寸,0,1,2.0,0.0
大概長怎樣,0,1,2.0,0.0
プリクラを撮る 英語,0,1,7.0,0.0
• photobooth,0,1,10.0,0.0
ảnh polaroid là gì,0,1,3.0,0.0
monkey photobooth strip,0,1,1.0,0.0
how to make your own photo booth with prints,0,1,3.0,0.0
how to make wedding props,0,1,2.0,0.0
#boothrental,0,1,13.0,0.0
how to make pvc photo booth props,0,1,43.0,0.0
how to make props,0,1,2.0,0.0
how to make photo booth picture frame,0,1,23.0,0.0
"""photo time"" photobooth vietnam",0,1,7.0,0.0
"""photo booth"" gunge or slime couple",0,1,2.0,0.0
how to make photo booth,0,1,64.0,0.0
how to make frame for photo booth,0,1,21.0,0.0
how to make face cut out boards,0,1,1.0,0.0
how to make copies of photobooth strips,0,1,1.0,0.0
صور بوث,0,1,2.0,0.0
شريط الصور,0,1,2.0,0.0
ايش معنى بوث,0,1,3.0,0.0
#photoboothrentals,0,1,15.0,0.0
