query,week_start,clicks,impressions,position_avg,ctr_pct
"""(786) 833-7645"" mia photo booth",2026-04-27,0,6,2.0,0.0
"""(786) 833-7645"" mia photo booth",2026-05-04,0,2,2.0,0.0
"""(786) 833-7645"" mia photo booth",2026-05-18,0,3,1.67,0.0
"""after placing all n sheets, a photograph is taken from above""",2026-02-09,0,1,2.0,0.0
"""book of life"" photo booth sign",2026-04-27,0,2,2.0,0.0
"""exhibits studio"" founded or established year",2026-02-09,0,5,4.0,0.0
"""exhibits studio"" founded year",2026-02-09,0,2,2.5,0.0
"""glam photo booth""",2026-02-09,0,2,49.0,0.0
"""glam photo booth""",2026-03-02,0,53,67.33,0.0
"""glam photo booth""",2026-03-09,0,123,64.57,0.0
"""glam photo booth""",2026-03-16,0,7,71.5,0.0
"""glam photo booth""",2026-03-23,0,2,68.5,0.0
"""glam photo booth""",2026-03-30,0,1,100.0,0.0
"""glam photo booth""",2026-04-13,0,2,80.5,0.0
"""glam photo booth""",2026-04-20,0,9,81.73,0.0
"""glam photo booth""",2026-04-27,0,10,84.12,0.0
"""glam photo booth""",2026-05-04,0,2,74.5,0.0
"""glam photo booth""",2026-05-11,0,1,95.0,0.0
"""glam photo booth""",2026-05-18,0,5,57.25,0.0
"""glam photo booth""",2026-05-25,0,4,21.0,0.0
"""photo booth luxury"" trademark",2026-02-23,0,1,2.0,0.0
"""photo booth mini"" app photo booth strips",2026-03-16,0,1,2.0,0.0
"""photo booth mini"" app photo strips",2026-03-23,0,3,2.0,0.0
"""photo booth mini"" app photo strips",2026-04-06,0,5,2.0,0.0
"""photo booth mini"" app photo strips",2026-04-20,0,1,2.0,0.0
"""photo booth mini"" app photo strips",2026-04-27,0,2,2.0,0.0
"""photo booth"" ""9:30 club""",2026-02-09,0,1,2.0,0.0
"""photo booth"" ""wynwood"" ""miami"" bar",2026-02-09,0,2,6.0,0.0
"""photo booth"" ""wynwood"" bar",2026-02-09,0,12,8.14,0.0
"""photo booth"" arabic translation",2026-05-18,0,7,2.0,0.0
"""photo booth"" gunge or slime couple",2026-02-16,0,1,2.0,0.0
"""the photo booth luxury""",2026-02-09,0,1,2.0,0.0
"""viral photo booth"" white curtain or backdrop or strip",2026-03-30,0,29,2.07,0.0
"""فوتوبوث"" arabic",2026-05-25,0,2,2.0,0.0
#boothrental,2026-02-16,0,1,13.0,0.0
#miamiphotobooth,2026-02-23,0,1,1.0,0.0
#photoboothrental,2026-02-09,0,1,6.0,0.0
#photoboothrental,2026-02-23,0,1,19.0,0.0
#photoboothrental,2026-04-27,0,1,78.0,0.0
(inurl:photo) maim,2026-03-02,0,2,6.0,0.0
(inurl:post) long beach station,2026-03-02,0,1,9.0,0.0
0.5 photobooth,2026-02-16,0,1,8.0,0.0
1,2026-04-13,0,1,5.0,0.0
1,2026-05-04,0,1,4.0,0.0
1 by 1 picture size,2026-02-23,0,1,1.0,0.0
1 strip foto box,2026-02-09,0,2,1.0,0.0
1.5 x 1.5 picture size in cm,2026-02-09,0,2,1.0,0.0
1536x1024 size,2026-03-30,0,1,1.0,0.0
1x1 picture size in cm,2026-02-09,0,1,1.0,0.0
1x2 picture size,2026-03-16,0,1,4.0,0.0
2,2026-02-16,0,1,5.0,0.0
2 * 6 photo size,2026-05-25,0,1,10.0,0.0
2 *2 photo,2026-03-16,0,1,1.0,0.0
2 2 frame size in cm,2026-02-09,0,1,1.0,0.0
2 2 frame size in cm,2026-03-16,0,1,1.0,0.0
2 2 frame size in cm,2026-03-23,0,1,1.0,0.0
2 2 frame size in cm,2026-04-13,0,2,1.0,0.0
2 2 picture size,2026-03-09,0,1,1.0,0.0
2 by 2,2026-03-09,0,1,2.0,0.0
2 by 2 in,2026-04-13,0,1,1.0,0.0
2 by 2 inch,2026-04-13,0,1,1.0,0.0
2 by 2 measurement,2026-03-23,0,1,1.0,0.0
2 by 2 photo size in cm,2026-03-09,0,1,1.0,0.0
2 by 2 picture size,2026-03-09,0,65,1.0,0.0
2 by 2 size,2026-03-23,0,7,1.0,0.0
2 by 4 photo size,2026-03-16,0,2,4.0,0.0
2 by 6 photo size,2026-02-09,0,1,2.0,0.0
2 by 6 photo size,2026-02-16,0,2,12.0,0.0
2 by 6 photo size,2026-03-02,0,1,8.0,0.0
2 by 6 photo size,2026-03-23,0,1,4.0,0.0
2 by 6 photo size,2026-04-27,0,1,6.0,0.0
2 by 6 photo size,2026-05-04,0,2,4.5,0.0
2 by 6 photo size,2026-05-11,0,1,4.0,0.0
2 inch by 2 inch photo,2026-04-06,0,1,1.0,0.0
2 inch picture size,2026-04-06,0,1,1.0,0.0
2 inch to 2 inch photo,2026-04-06,0,1,4.0,0.0
2 inch to cm,2026-03-23,0,1,2.0,0.0
2 inch to cm photo,2026-04-06,0,1,2.0,0.0
2 inch x 2 inch photo,2026-03-23,0,1,1.0,0.0
2 mb ka photo size,2026-02-16,0,1,3.0,0.0
2 mb ka photo size,2026-04-06,0,21,3.48,0.0
2 mb photo size in pixels,2026-03-30,0,1,1.0,0.0
2 mp image size,2026-03-09,0,2,4.5,0.0
2 mp image size,2026-03-30,0,1,6.0,0.0
2 strip foto artinya,2026-02-09,0,1,1.0,0.0
2 strip photobooth,2026-02-09,0,3,1.0,0.0
2 strip photobooth,2026-02-23,0,4,1.0,0.0
2 strip photobooth,2026-03-02,0,2,1.0,0.0
2 strip photobooth,2026-03-09,0,2,1.0,0.0
2 strip photobooth,2026-03-16,0,1,3.0,0.0
2 strip photobooth,2026-04-13,0,2,1.0,0.0
2 strips photobooth,2026-02-16,0,1,2.0,0.0
2 strips photobooth,2026-02-23,0,1,2.0,0.0
2 strips photobooth,2026-03-02,0,1,1.0,0.0
2 strips photobooth,2026-04-06,0,1,12.0,0.0
2 x 2 id picture,2026-03-30,0,1,1.0,0.0
2 x 2 id picture,2026-04-06,0,2,1.0,0.0
2 x 2 inch photo,2026-04-06,0,1,1.0,0.0
2 x 2 picture size,2026-03-09,0,1,3.0,0.0
2 x 2 size,2026-03-23,0,1,1.0,0.0
2 x 6 inches,2026-03-30,0,1,5.0,0.0
2 x 6 photo strip,2026-02-16,0,1,1.0,0.0
2 x2 size in cm,2026-03-02,0,1,1.0,0.0
"2"" x 6""",2026-04-20,0,1,5.0,0.0
2*2 in cm,2026-03-23,0,1,2.0,0.0
2*2 photo size,2026-03-16,0,1,1.0,0.0
2*2 picture size,2026-03-09,0,3,1.0,0.0
2*4 photo size,2026-03-16,0,1,4.0,0.0
2*6 photo size,2026-02-23,0,1,3.0,0.0
2*6 photo size,2026-03-30,0,1,2.0,0.0
2*6 photo size,2026-04-27,0,1,9.0,0.0
2.5×3.5 photo size,2026-03-16,0,1,1.0,0.0
2000 pixels width and height,2026-03-16,0,1,1.0,0.0
2026nacqrphotobooth!,2026-03-23,0,1,11.0,0.0
2by 2 size,2026-03-23,0,1,1.0,0.0
2by2,2026-03-23,0,2,3.0,0.0
2by2 picture size,2026-03-09,0,28,1.0,0.0
2by2 size,2026-03-23,0,6,1.0,0.0
2inch by 2 inch photo,2026-04-06,0,1,1.0,0.0
2inch by 2inch photo,2026-03-30,0,1,1.0,0.0
2inch photo,2026-03-16,0,1,1.0,0.0
2inch x 2inch photo,2026-03-23,0,1,1.0,0.0
2mb size width and height,2026-03-23,0,1,1.0,0.0
2mp photo size,2026-03-02,0,2,4.5,0.0
2mp photo size,2026-03-09,0,4,3.5,0.0
2r photo size in cm,2026-04-13,0,1,1.0,0.0
2v2 picture size,2026-03-09,0,1,1.0,0.0
2x2 booth size,2026-04-06,0,1,2.0,0.0
2x2 booth size,2026-04-13,0,2,10.5,0.0
2x2 booth size,2026-04-20,0,8,4.38,0.0
2x2 booth size,2026-04-27,0,1,11.0,0.0
2x2 booth size,2026-05-04,0,4,6.5,0.0
2x2 booth size,2026-05-11,0,1,8.0,0.0
2x2 booth size,2026-05-18,0,5,8.0,0.0
2x2 booth size,2026-05-25,0,2,10.0,0.0
2x2 dimension,2026-03-23,0,1,1.0,0.0
2x2 dimensions,2026-03-23,0,1,1.0,0.0
2x2 id photo,2026-03-30,0,1,1.0,0.0
2x2 id photo,2026-04-06,0,1,1.0,0.0
2x2 id picture,2026-03-30,0,4,1.5,0.0
2x2 id picture,2026-04-06,0,1,1.0,0.0
2x2 in cm,2026-03-09,0,1,2.0,0.0
2x2 in cm height and width,2026-02-09,0,1,1.0,0.0
2x2 inch,2026-04-20,0,1,1.0,0.0
2x2 inch photo,2026-03-30,0,1,1.0,0.0
2x2 inches photo,2026-04-06,0,1,1.0,0.0
2x2 passport size in inches,2026-03-23,0,1,3.0,0.0
2x2 photo,2026-04-13,0,1,1.0,0.0
2x2 photo id,2026-04-06,0,2,1.0,0.0
2x2 photo on iphone,2026-04-13,0,1,1.0,0.0
2x2 photo print,2026-02-16,0,1,1.0,0.0
2x2 photo size,2026-03-09,0,1,1.0,0.0
2x2 pic in mm,2026-05-11,0,1,3.0,0.0
2x2 pic size,2026-03-09,0,2,1.0,0.0
2x2 picture size,2026-02-09,0,2,89.5,0.0
2x2 picture size,2026-02-16,0,1,1.0,0.0
2x2 picture size,2026-03-09,0,347,1.01,0.0
2x2 picture size in,2026-03-09,0,3,1.0,0.0
2x2 picture size in percentage,2026-02-16,0,2,1.0,0.0
2x2 picture size in percentage,2026-02-23,0,2,1.0,0.0
2x2 picture size in percentage,2026-03-02,0,7,1.0,0.0
2x2 picture size in percentage,2026-03-09,0,2,1.0,0.0
2x2 picture size in word,2026-04-13,0,1,2.0,0.0
2x2 size,2026-03-16,0,1,1.0,0.0
2x2 size,2026-03-23,0,30,1.0,0.0
2x2 size,2026-05-04,0,1,1.0,0.0
2x2 size in canva,2026-03-09,0,1,3.0,0.0
2x2 size in inches,2026-04-13,0,1,1.0,0.0
2x2 size in paint,2026-03-23,0,1,3.0,0.0
2x2 size in picture,2026-03-09,0,1,1.0,0.0
2x2 size photo,2026-03-09,0,1,1.0,0.0
2x2 sizw,2026-03-23,0,1,1.0,0.0
2x2 width and height,2026-04-20,0,1,1.0,0.0
2x4 photo size,2026-03-16,0,1,5.0,0.0
2x6 in px,2026-04-20,0,1,1.0,0.0
2x6 inch photo strip,2026-02-23,0,1,1.0,0.0
2x6 inch photo strip,2026-03-16,0,1,1.0,0.0
2x6 photo,2026-03-02,0,1,2.0,0.0
2x6 photo,2026-04-13,0,1,2.0,0.0
2x6 photo booth prints,2026-04-06,0,1,2.0,0.0
2x6 photo paper,2026-02-09,0,2,1.0,0.0
2x6 photo paper,2026-04-27,0,1,1.0,0.0
2x6 photo printer,2026-02-09,0,1,1.0,0.0
2x6 photo size,2026-02-09,0,8,2.08,0.0
2x6 photo size,2026-02-16,0,2,1.0,0.0
2x6 photo size,2026-03-02,0,3,4.33,0.0
2x6 photo size,2026-03-09,0,2,2.5,0.0
2x6 photo size,2026-03-16,0,2,6.0,0.0
2x6 photo size,2026-03-23,0,2,1.5,0.0
2x6 photo size,2026-03-30,0,1,2.0,0.0
2x6 photo size,2026-04-06,0,2,1.0,0.0
2x6 photo size,2026-04-27,0,2,2.0,0.0
2x6 photo size,2026-05-04,0,1,6.0,0.0
2x6 photo size,2026-05-11,0,4,4.25,0.0
2x6 photo size,2026-05-18,0,2,2.0,0.0
2x6 photo size,2026-05-25,0,2,1.5,0.0
2x6 photo strip,2026-02-09,1,34,1.03,2.941
2x6 photo strip,2026-03-09,0,1,1.0,0.0
2x6 photo strip,2026-03-16,0,7,1.89,0.0
2x6 photo strip,2026-03-23,0,3,1.5,0.0
2x6 photo strip,2026-03-30,0,2,6.0,0.0
2x6 photo strip,2026-04-13,0,13,1.0,0.0
2x6 photo strip,2026-04-20,0,3,1.0,0.0
2x6 photo strip,2026-05-04,0,8,1.33,0.0
2x6 photo strip,2026-05-18,0,2,2.5,0.0
2x6 photo strip paper,2026-02-09,0,6,1.0,0.0
2x6 photo strip paper,2026-02-16,0,3,1.0,0.0
2x6 photo strip paper,2026-03-16,0,4,2.25,0.0
2x6 photo strip paper,2026-03-23,0,1,1.0,0.0
2x6 photo strip paper,2026-04-06,0,1,1.0,0.0
2x6 photo strip paper,2026-04-13,0,1,1.0,0.0
2x6 photo strip printer,2026-02-09,0,1,3.0,0.0
2x6 photo strip printer,2026-03-09,0,1,1.0,0.0
2x6 photo strip printer,2026-03-16,0,1,13.0,0.0
2x6 photo strip size,2026-02-09,0,3,1.5,0.0
2x6 photo strip size,2026-02-16,0,1,2.0,0.0
2x6 photo strip size,2026-02-23,0,3,3.0,0.0
2x6 photo strip size,2026-03-02,0,3,1.33,0.0
2x6 photo strip size,2026-03-09,0,1,2.0,0.0
2x6 photo strip size,2026-03-16,0,5,1.12,0.0
2x6 photo strip size,2026-03-23,0,2,2.0,0.0
2x6 photo strip size,2026-03-30,0,6,2.2,0.0
2x6 photo strip size,2026-04-06,0,3,2.0,0.0
2x6 photo strip size,2026-04-13,0,1,1.0,0.0
2x6 photo strip size,2026-04-27,0,1,2.0,0.0
2x6 photo strip size,2026-05-04,0,1,2.0,0.0
2x6 photo strip size,2026-05-11,0,2,2.0,0.0
2x6 photo strip size,2026-05-25,0,1,2.0,0.0
2x6 photo strips,2026-02-09,0,2,1.5,0.0
2x6 photo strips,2026-03-23,0,2,1.0,0.0
2x6 photo strips,2026-05-04,0,1,1.0,0.0
2x6 photobooth strip,2026-05-11,0,1,3.0,0.0
2x6 picture,2026-04-06,0,1,2.0,0.0
2x6 picture size,2026-02-09,0,5,1.0,0.0
2x6 picture size,2026-02-16,0,7,4.2,0.0
2x6 picture size,2026-02-23,0,3,2.67,0.0
2x6 picture size,2026-03-02,0,1,12.0,0.0
2x6 picture size,2026-03-09,0,7,2.38,0.0
2x6 picture size,2026-03-23,0,3,1.0,0.0
2x6 picture size,2026-03-30,0,1,4.0,0.0
2x6 picture size,2026-04-06,0,13,1.0,0.0
2x6 picture size,2026-04-13,0,9,3.96,0.0
2x6 picture size,2026-04-20,0,4,4.67,0.0
2x6 picture size,2026-04-27,0,1,1.0,0.0
2x6 picture size,2026-05-04,0,3,5.5,0.0
2x6 picture size,2026-05-11,0,2,3.5,0.0
2x6 picture size,2026-05-18,0,6,1.0,0.0
2x6 picture size,2026-05-25,1,3,1.75,33.333
2x6 print,2026-02-09,0,8,1.0,0.0
2x6 print,2026-04-13,0,1,1.0,0.0
2x6 prints,2026-04-13,0,1,2.0,0.0
2x6 prints photobooth,2026-02-09,0,1,2.0,0.0
2x6 size photo,2026-05-25,0,1,11.0,0.0
2x6 strip,2026-02-09,0,1,10.0,0.0
2x6 strip photo booth,2026-02-16,0,1,1.0,0.0
2x6 strip photo booth,2026-03-23,0,1,3.0,0.0
2x6 strips,2026-02-09,0,1,2.0,0.0
2x6 vs 4x6 photo booth,2026-02-09,0,4,9.67,0.0
2x6 vs 4x6 photo booth,2026-02-16,0,4,6.0,0.0
2x6 vs 4x6 photo booth,2026-02-23,0,2,3.0,0.0
2x6 vs 4x6 photo booth,2026-03-02,0,3,7.67,0.0
2x6 vs 4x6 photo booth,2026-03-09,0,9,6.58,0.0
2x6 vs 4x6 photo booth,2026-03-16,0,8,2.5,0.0
2x6 vs 4x6 photo booth,2026-03-23,0,3,5.33,0.0
2x6 vs 4x6 photo booth,2026-03-30,0,4,5.5,0.0
2x6 vs 4x6 photo booth,2026-04-06,0,1,7.0,0.0
2x6 vs 4x6 photo booth,2026-04-13,0,3,1.0,0.0
2x6 vs 4x6 photo booth,2026-04-20,0,7,8.62,0.0
2x6 vs 4x6 photo booth,2026-04-27,0,9,9.1,0.0
2x6 vs 4x6 photo booth,2026-05-04,0,8,7.4,0.0
2x6 vs 4x6 photo booth,2026-05-11,0,1,3.0,0.0
2x6 vs 4x6 photo booth,2026-05-18,0,2,9.0,0.0
2x6 vs 4x6 photo booth,2026-05-25,0,4,8.33,0.0
2xw size,2026-03-23,0,1,1.0,0.0
2×2 paper size,2026-03-16,0,1,1.0,0.0
2×2 picture size,2026-03-09,0,46,1.0,0.0
2×2 picture size in cm,2026-02-23,0,1,1.0,0.0
2×2 picture size in cm,2026-03-02,0,1,1.0,0.0
2×2 picture size in cm,2026-03-09,0,1,3.0,0.0
3 photo strip,2026-02-23,0,1,8.0,0.0
3 pictures,2026-02-23,0,1,4.0,0.0
3 strip photobooth,2026-02-09,0,2,1.0,0.0
3 strip photobooth,2026-02-16,0,1,1.0,0.0
3 strip photobooth,2026-03-02,0,1,1.0,0.0
3 strip photobooth,2026-04-06,0,1,1.0,0.0
3024 x 4032 photo size,2026-02-09,0,1,1.0,0.0
360 booth rental,2026-03-02,0,2,7.0,0.0
360 booth rental,2026-03-09,0,1,21.0,0.0
360 booth rental,2026-03-16,0,1,76.0,0.0
360 booth rental,2026-03-23,0,1,59.0,0.0
360 booth rental,2026-03-30,0,2,21.0,0.0
360 booth rental,2026-05-11,0,1,21.0,0.0
360 booth rental near me,2026-02-23,0,1,12.0,0.0
360 camera booth,2026-02-16,0,4,1.0,0.0
360 camera booth rental,2026-02-16,0,1,2.0,0.0
360 camera photo booth,2026-02-16,0,1,1.0,0.0
360 camera rental for wedding,2026-03-23,0,2,7.0,0.0
360 degree photo booth,2026-04-13,0,1,109.0,0.0
360 degree photo booth trends 2025 2026,2026-03-09,0,2,8.0,0.0
360 degree photo booth trends 2026,2026-03-09,0,7,6.0,0.0
360 photo boot,2026-03-16,0,1,1.0,0.0
360 photo booth,2026-02-09,0,9,1.0,0.0
360 photo booth,2026-02-16,0,8,1.0,0.0
360 photo booth,2026-03-02,0,3,3.75,0.0
360 photo booth,2026-03-16,0,2,1.0,0.0
360 photo booth,2026-03-30,0,1,22.0,0.0
360 photo booth business names,2026-05-18,0,3,2.0,0.0
360 photo booth company,2026-02-16,0,1,94.0,0.0
360 photo booth company,2026-03-02,0,1,11.0,0.0
360 photo booth description,2026-03-30,0,1,20.0,0.0
360 photo booth description,2026-04-06,0,4,54.75,0.0
360 photo booth description,2026-04-13,0,1,51.0,0.0
360 photo booth description,2026-05-11,0,1,19.0,0.0
360 photo booth description,2026-05-25,0,2,31.5,0.0
360 photo booth dimensions,2026-03-30,0,1,9.0,0.0
360 photo booth events,2026-03-09,0,1,9.0,0.0
360 photo booth example,2026-05-11,0,1,4.0,0.0
360 photo booth for parties,2026-02-23,0,1,9.0,0.0
360 photo booth for parties,2026-03-09,0,1,11.0,0.0
360 photo booth for rent,2026-02-09,0,6,7.5,0.0
360 photo booth for rent,2026-02-16,0,8,9.36,0.0
360 photo booth for rent,2026-02-23,0,6,6.1,0.0
360 photo booth for rent,2026-03-02,0,5,6.56,0.0
360 photo booth for rent,2026-03-09,0,5,7.38,0.0
360 photo booth for rent,2026-03-16,0,5,15.0,0.0
360 photo booth for rent,2026-03-23,0,6,8.8,0.0
360 photo booth for rent,2026-03-30,0,5,8.8,0.0
360 photo booth for rent,2026-04-06,0,8,11.0,0.0
360 photo booth for rent,2026-04-13,0,7,10.5,0.0
360 photo booth for rent,2026-04-20,0,10,11.44,0.0
360 photo booth for rent,2026-04-27,0,9,11.3,0.0
360 photo booth for rent,2026-05-04,0,10,9.68,0.0
360 photo booth for rent,2026-05-11,0,7,9.4,0.0
360 photo booth for rent,2026-05-18,0,8,7.92,0.0
360 photo booth for rent,2026-05-25,0,7,17.12,0.0
360 photo booth for rent near me,2026-02-23,0,1,8.0,0.0
360 photo booth hire,2026-02-16,0,3,9.0,0.0
360 photo booth hire,2026-02-23,0,6,6.1,0.0
360 photo booth hire,2026-03-02,0,5,6.5,0.0
360 photo booth hire,2026-03-23,0,1,7.0,0.0
360 photo booth hire,2026-03-30,0,4,10.5,0.0
360 photo booth hire,2026-04-06,0,2,12.5,0.0
360 photo booth hire,2026-04-13,0,4,11.83,0.0
360 photo booth hire,2026-04-20,0,10,12.67,0.0
360 photo booth hire,2026-04-27,0,7,12.8,0.0
360 photo booth hire,2026-05-04,0,2,15.5,0.0
360 photo booth hire,2026-05-18,0,1,13.0,0.0
360 photo booth how does it work,2026-04-13,0,1,1.0,0.0
360 photo booth how it works,2026-04-13,0,2,10.5,0.0
360 photo booth image,2026-04-20,0,1,22.0,0.0
360 photo booth image,2026-05-04,0,1,10.0,0.0
360 photo booth image,2026-05-11,0,4,9.17,0.0
360 photo booth image,2026-05-18,0,2,11.0,0.0
360 photo booth image,2026-05-25,0,3,11.33,0.0
360 photo booth images,2026-05-11,0,2,9.5,0.0
360 photo booth images,2026-05-25,0,4,11.0,0.0
360 photo booth miami,2026-02-09,0,14,18.97,0.0
360 photo booth miami,2026-02-16,0,15,15.05,0.0
360 photo booth miami,2026-02-23,0,18,15.75,0.0
360 photo booth miami,2026-03-02,0,14,14.11,0.0
360 photo booth miami,2026-03-09,0,6,21.83,0.0
360 photo booth miami,2026-03-16,0,8,23.58,0.0
360 photo booth miami,2026-03-23,0,11,23.36,0.0
360 photo booth miami,2026-03-30,0,10,19.72,0.0
360 photo booth miami,2026-04-06,0,4,26.17,0.0
360 photo booth miami,2026-04-20,0,5,28.33,0.0
360 photo booth miami,2026-04-27,0,2,24.5,0.0
360 photo booth miami,2026-05-04,0,4,25.0,0.0
360 photo booth miami,2026-05-11,0,3,26.0,0.0
360 photo booth miami,2026-05-18,0,7,23.29,0.0
360 photo booth miami,2026-05-25,0,2,34.5,0.0
360 photo booth photo,2026-05-11,0,1,18.0,0.0
360 photo booth photo,2026-05-25,0,1,19.0,0.0
360 photo booth photos,2026-05-11,0,2,13.0,0.0
360 photo booth photos,2026-05-18,0,1,12.0,0.0
360 photo booth photos,2026-05-25,0,9,12.35,0.0
360 photo booth pics,2026-05-11,0,5,11.25,0.0
360 photo booth pics,2026-05-18,0,3,10.33,0.0
360 photo booth picture,2026-05-11,0,6,12.78,0.0
360 photo booth picture,2026-05-18,0,1,11.0,0.0
360 photo booth picture,2026-05-25,0,2,15.5,0.0
360 photo booth pictures,2026-04-27,0,1,33.0,0.0
360 photo booth pictures,2026-05-04,0,5,11.25,0.0
360 photo booth pictures,2026-05-11,0,32,10.62,0.0
360 photo booth pictures,2026-05-18,0,30,9.65,0.0
360 photo booth pictures,2026-05-25,0,26,10.87,0.0
360 photo booth rental,2026-02-09,0,15,11.89,0.0
360 photo booth rental,2026-02-16,0,24,9.99,0.0
360 photo booth rental,2026-02-23,0,16,8.61,0.0
360 photo booth rental,2026-03-02,0,28,8.16,0.0
360 photo booth rental,2026-03-23,0,13,9.19,0.0
360 photo booth rental,2026-03-30,0,23,10.19,0.0
360 photo booth rental,2026-04-06,0,18,11.61,0.0
360 photo booth rental,2026-04-13,0,19,12.2,0.0
360 photo booth rental,2026-04-20,0,21,12.0,0.0
360 photo booth rental,2026-04-27,0,28,11.34,0.0
360 photo booth rental,2026-05-04,0,12,12.04,0.0
360 photo booth rental,2026-05-11,0,1,12.0,0.0
360 photo booth rental,2026-05-18,0,9,4.0,0.0
360 photo booth rental birthday parties,2026-02-23,0,3,82.0,0.0
360 photo booth rental birthday parties,2026-03-02,0,1,72.0,0.0
360 photo booth rental miami,2026-02-09,1,37,15.35,2.703
360 photo booth rental miami,2026-02-16,0,29,12.15,0.0
360 photo booth rental miami,2026-02-23,1,31,9.21,3.226
360 photo booth rental miami,2026-03-02,0,37,10.97,0.0
360 photo booth rental miami,2026-03-09,0,48,11.97,0.0
360 photo booth rental miami,2026-03-16,0,35,13.33,0.0
360 photo booth rental miami,2026-03-23,0,29,12.42,0.0
360 photo booth rental miami,2026-03-30,0,27,12.54,0.0
360 photo booth rental miami,2026-04-06,0,24,14.1,0.0
360 photo booth rental miami,2026-04-13,0,28,16.36,0.0
360 photo booth rental miami,2026-04-20,0,31,16.16,0.0
360 photo booth rental miami,2026-04-27,0,30,17.42,0.0
360 photo booth rental miami,2026-05-04,0,23,18.63,0.0
360 photo booth rental miami,2026-05-11,0,28,18.42,0.0
360 photo booth rental miami,2026-05-18,0,23,13.91,0.0
360 photo booth rental miami,2026-05-25,0,14,19.78,0.0
360 photo booth rental miami fl,2026-02-09,0,2,13.0,0.0
360 photo booth rental miami fl,2026-02-16,0,6,7.8,0.0
360 photo booth rental miami fl,2026-02-23,0,2,15.5,0.0
360 photo booth rental miami fl,2026-03-09,0,2,14.5,0.0
360 photo booth rental miami fl,2026-04-06,0,1,16.0,0.0
360 photo booth rental miami fl,2026-04-13,0,2,14.0,0.0
360 photo booth rental miami fl,2026-04-27,0,4,18.83,0.0
360 photo booth rental miami fl,2026-05-11,0,1,14.0,0.0
360 photo booth rental miami fl,2026-05-25,0,1,20.0,0.0
360 photo booth rental olympia,2026-03-16,0,1,38.0,0.0
360 photo booth rental olympia,2026-03-23,0,1,31.0,0.0
360 photo booth rental olympia,2026-03-30,0,2,40.0,0.0
360 photo booth rental olympia,2026-04-06,0,1,46.0,0.0
360 photo booth rental olympia,2026-04-20,0,1,47.0,0.0
360 photo booth rental olympia,2026-04-27,0,1,49.0,0.0
360 photo booth rental olympia,2026-05-04,0,1,49.0,0.0
360 photo booth rental san diego,2026-02-23,0,5,29.62,0.0
360 photo booth rental san diego,2026-03-02,0,2,15.0,0.0
360 photo booth rental san diego,2026-03-09,0,13,8.19,0.0
360 photo booth rental san diego,2026-03-16,0,4,14.5,0.0
360 photo booth rental san diego,2026-04-27,0,1,56.0,0.0
360 photo booth rental san diego,2026-05-04,0,1,44.0,0.0
360 photo booth rentals,2026-02-16,0,5,8.0,0.0
360 photo booth rentals,2026-02-23,0,10,19.47,0.0
360 photo booth rentals,2026-03-02,0,5,5.56,0.0
360 photo booth rentals,2026-03-23,0,2,7.0,0.0
360 photo booth rentals,2026-03-30,0,6,8.75,0.0
360 photo booth rentals,2026-04-06,0,2,9.0,0.0
360 photo booth rentals,2026-04-13,0,2,10.5,0.0
360 photo booth rentals,2026-04-20,0,11,9.48,0.0
360 photo booth rentals,2026-04-27,0,10,8.67,0.0
360 photo booth rentals,2026-05-04,0,3,11.0,0.0
360 photo booth rentals,2026-05-11,0,4,10.0,0.0
360 photo booth results,2026-05-04,0,1,19.0,0.0
360 photo booth results,2026-05-11,0,2,13.5,0.0
360 photo booth results,2026-05-18,0,1,17.0,0.0
360 photo booth san diego,2026-03-02,0,1,9.0,0.0
360 photo booth san diego,2026-03-09,0,1,11.0,0.0
360 photo booth size,2026-03-02,0,1,14.0,0.0
360 photo booth size,2026-04-06,0,1,2.0,0.0
360 photo booth sizes,2026-02-09,0,1,13.0,0.0
360 photo booth sizes,2026-02-16,0,1,13.0,0.0
360 photo booth sizes,2026-03-02,0,2,11.5,0.0
360 photo booth sizes,2026-03-09,0,2,22.0,0.0
360 photo booth sizes,2026-03-16,0,1,10.0,0.0
360 photo booth sizes,2026-03-30,0,3,11.33,0.0
360 photo booth sizes,2026-04-06,0,4,10.5,0.0
360 photo booth sizes,2026-04-13,0,2,16.0,0.0
360 photo booth sizes,2026-04-20,0,1,17.0,0.0
360 photo booth sizes,2026-05-04,0,2,18.5,0.0
360 photo booth wedding,2026-02-09,0,1,1.0,0.0
360 photo booth westchester county,2026-02-23,0,1,66.0,0.0
360 photo example,2026-05-18,0,1,48.0,0.0
360 photo example,2026-05-25,0,1,59.0,0.0
360 photobooth,2026-03-02,0,1,7.0,0.0
360 picture booth rental,2026-02-23,0,1,8.0,0.0
360 rotating photo booth,2026-02-16,0,1,92.0,0.0
360 video camera party,2026-03-16,0,1,1.0,0.0
3×3 cm photo size,2026-03-02,0,1,1.0,0.0
4 people poses photobooth,2026-04-06,0,1,34.0,0.0
4 poses photobooth,2026-02-09,0,1,10.0,0.0
4 strip photobooth,2026-02-09,0,1,1.0,0.0
4 strip photobooth,2026-02-16,0,1,1.0,0.0
4 strip photobooth,2026-02-23,0,2,1.0,0.0
4 strip photobooth,2026-03-02,0,3,1.33,0.0
4 strip photobooth,2026-03-09,0,1,2.0,0.0
4000 x 3000 pixels,2026-02-16,0,1,1.0,0.0
4r size photobooth,2026-02-23,0,1,9.0,0.0
4r standee photobooth,2026-03-23,0,1,2.0,0.0
6x2 in inches,2026-02-23,0,2,1.0,0.0
6x2 photo,2026-03-16,0,1,1.0,0.0
6x2 photo size,2026-03-02,0,1,2.0,0.0
6x2 photo size,2026-03-09,0,4,5.75,0.0
6x2 photo size,2026-03-16,0,9,2.8,0.0
6x2 photo size,2026-03-23,0,3,2.0,0.0
6x2 photo size,2026-03-30,0,8,4.2,0.0
6x2 photo size,2026-04-06,0,10,2.19,0.0
6x2 photo size,2026-04-13,0,24,5.11,0.0
6x2 photo size,2026-04-20,0,19,4.4,0.0
6x2 photo size,2026-04-27,0,35,5.76,0.0
6x2 photo size,2026-05-04,0,14,4.44,0.0
6x2 photo size,2026-05-11,0,23,5.53,0.0
6x2 photo size,2026-05-18,0,16,4.2,0.0
6x2 photo size,2026-05-25,0,18,5.16,0.0
6x4 size,2026-02-16,0,1,1.0,0.0
a photo booth rental,2026-04-27,0,1,38.0,0.0
a po angielsku?,2026-02-16,0,1,1.0,0.0
a.i photo booth miami,2026-02-16,0,2,3.0,0.0
a6?,2026-04-20,0,1,2.0,0.0
acubi photobooth,2026-02-09,0,1,1.0,0.0
acubi photobooth,2026-03-16,0,1,1.0,0.0
"add-ons and accessories to buy for portable photo booths (printers, backdrops, props)",2026-04-13,0,1,20.0,0.0
aeon mall photo booth,2026-03-16,0,2,1.0,0.0
aeon mall photo booth,2026-03-23,0,1,1.0,0.0
aeon mall photobooth,2026-04-06,0,1,2.0,0.0
aeon photobooth,2026-03-23,0,1,1.0,0.0
aeon photobooth,2026-03-30,0,3,1.0,0.0
affordable photo booth,2026-03-09,0,1,1.0,0.0
affordable photo booth,2026-03-30,0,1,1.0,0.0
affordable photo booth,2026-05-11,0,2,6.0,0.0
ai photo booth for events,2026-03-09,0,2,13.0,0.0
ai photo booth miami,2026-02-09,0,2,3.5,0.0
ai photo booth miami,2026-02-16,0,2,53.0,0.0
ai photo booth miami,2026-02-23,0,4,12.0,0.0
ai photo booth miami,2026-03-02,0,3,6.0,0.0
ai photo booth miami,2026-03-16,0,1,3.0,0.0
ai photo booth rental,2026-03-30,0,1,2.0,0.0
ai photo booth rental miami,2026-02-23,0,3,12.0,0.0
ai photo booth rental miami,2026-03-02,0,1,11.0,0.0
ai photo booth trends 2026,2026-03-09,0,1,6.0,0.0
ai photo booth trends 2026,2026-03-16,0,1,7.0,0.0
ai photo strip,2026-04-20,0,1,1.0,0.0
ai photobooth prompt,2026-04-20,0,1,13.0,0.0
airports in miami florida,2026-02-23,0,1,1.0,0.0
alat foto box,2026-04-27,0,1,2.0,0.0
american photo booth,2026-04-13,0,2,41.0,0.0
analog photobooth near me,2026-02-09,0,1,1.0,0.0
and picture,2026-04-20,0,1,20.0,0.0
animation photobooth mariage,2026-02-23,0,1,2.0,0.0
another photobooth artinya,2026-04-13,0,1,3.0,0.0
another word for booth,2026-02-09,0,1,2.0,0.0
another word for photo booth,2026-02-09,0,3,1.0,0.0
another word for photo booth,2026-02-16,0,4,1.0,0.0
another word for photo booth,2026-02-23,0,2,1.0,0.0
another word for photo booth,2026-03-02,0,1,1.0,0.0
another word for photo booth,2026-03-16,0,1,1.0,0.0
another word for photo booth,2026-03-23,0,1,1.0,0.0
another word for photo booth,2026-03-30,0,1,3.0,0.0
another word for photo booth,2026-04-06,0,2,1.0,0.0
another word for photo booth,2026-04-13,0,2,1.0,0.0
another word for photo booth,2026-05-04,0,1,2.0,0.0
apa arti photo booth,2026-03-23,0,3,3.0,0.0
apa arti photo booth,2026-05-11,0,1,3.0,0.0
apa beda nya photobooth dan photobox,2026-03-16,0,1,3.0,0.0
apa beda nya photobooth dan photobox,2026-03-23,0,2,2.0,0.0
apa beda photobooth dan photobox,2026-03-23,0,1,2.0,0.0
apa beda photobox dan photobooth,2026-03-23,0,2,3.0,0.0
apa bedanya foto booth dan foto box,2026-03-02,0,2,3.0,0.0
apa bedanya foto booth dan foto box,2026-03-16,0,2,3.0,0.0
apa bedanya photo booth dengan photobox,2026-02-09,0,1,1.0,0.0
apa bedanya photo booth dengan photobox,2026-03-23,0,1,3.0,0.0
apa bedanya photobooth dan photo studio,2026-02-09,0,1,1.0,0.0
apa bedanya photobooth dan photo studio,2026-02-16,0,1,1.0,0.0
apa bedanya photobooth dan photobox,2026-03-09,0,1,2.0,0.0
apa bedanya photobooth sama photobox,2026-03-23,0,2,3.5,0.0
apa bedanya photobooth sama photobox,2026-03-30,0,1,3.0,0.0
apa bedanya photobox dan photobooth,2026-03-02,0,2,3.0,0.0
apa bedanya photobox dan photobooth,2026-03-09,0,1,2.0,0.0
apa bedanya photobox dan photobooth,2026-03-23,0,8,2.8,0.0
apa bedanya photobox dan photobooth,2026-03-30,0,1,2.0,0.0
apa itu photobooth,2026-03-02,0,1,3.0,0.0
apa itu photobooth,2026-03-16,0,1,3.0,0.0
apa itu photobooth dan photobox,2026-03-02,0,1,3.0,0.0
apa itu photobooth dan photobox,2026-03-30,0,1,3.0,0.0
apa itu photoism,2026-03-23,0,1,3.0,0.0
apa itu strip foto,2026-02-09,0,1,1.0,0.0
apa namanya,2026-03-02,0,1,2.0,0.0
apa perbedaan photobooth dan photobox,2026-03-02,0,1,3.0,0.0
apa perbedaan photobooth dan photobox,2026-03-09,0,3,2.75,0.0
apa perbedaan photobooth dan photobox,2026-03-16,0,1,3.0,0.0
apa perbedaan photobooth dan photobox,2026-03-23,0,2,3.0,0.0
apa perbedaan photobox dan photobooth,2026-03-09,0,1,2.0,0.0
apakah photobooth dan photobox sama,2026-03-02,0,1,3.0,0.0
apartments in southeast gables fl,2026-02-09,0,3,75.33,0.0
apartments in southeast gables fl,2026-02-16,0,2,85.0,0.0
apartments in southeast gables fl,2026-02-23,0,1,91.0,0.0
apartments in southeast gables fl,2026-03-02,0,1,91.0,0.0
apartments in southeast gables fl,2026-04-13,0,1,80.0,0.0
apartments in southeast gables fl,2026-04-20,0,1,87.0,0.0
apartments in southeast gables fl,2026-05-04,0,1,92.0,0.0
apartments in southeast gables fl,2026-05-11,0,1,92.0,0.0
ar photo booth,2026-03-16,0,1,11.0,0.0
arti foto booth,2026-04-13,0,1,3.0,0.0
arti foto booth,2026-04-20,0,1,3.0,0.0
arti foto booth,2026-04-27,0,1,3.0,0.0
arti photo booth,2026-02-09,0,1,1.0,0.0
arti photo booth,2026-04-20,0,1,3.0,0.0
arti photo booth,2026-05-04,0,1,2.0,0.0
arti photo booth,2026-05-11,0,1,3.0,0.0
astronaut photo booth,2026-03-02,0,1,10.0,0.0
atribut photobooth,2026-04-27,0,1,2.0,0.0
audio guest book booth,2026-05-18,0,1,11.0,0.0
audio guestbook phone rental,2026-05-25,0,1,4.0,0.0
audio guestbook phonebooth hire,2026-05-11,0,2,37.5,0.0
audio guestbook rental,2026-05-04,0,1,3.0,0.0
audio guestbook rental,2026-05-25,0,1,7.0,0.0
auto photobooth,2026-03-30,0,1,81.0,0.0
auto-photo photo booth dimensions weight,2026-02-09,0,1,1.0,0.0
average booth size,2026-03-23,0,1,1.0,0.0
average photo booth strip size,2026-02-09,0,8,1.0,0.0
average photo booth strip size,2026-02-16,0,5,2.75,0.0
average photo booth strip size,2026-02-23,0,4,1.0,0.0
average photo booth strip size,2026-03-02,0,4,1.0,0.0
average photo booth strip size,2026-03-09,0,7,1.17,0.0
average photo booth strip size,2026-03-16,0,2,1.0,0.0
average photo booth strip size,2026-03-23,1,6,1.0,16.667
average photo booth strip size,2026-03-30,0,7,1.0,0.0
average photo booth strip size,2026-04-06,0,3,1.0,0.0
average photo booth strip size,2026-04-13,0,1,2.0,0.0
average photo booth strip size,2026-04-20,0,7,1.7,0.0
average photo booth strip size,2026-04-27,0,12,1.75,0.0
average photo booth strip size,2026-05-04,0,3,1.67,0.0
average photo booth strip size,2026-05-11,0,1,4.0,0.0
average photo booth strip size,2026-05-18,0,5,3.0,0.0
average photo booth strip size,2026-05-25,0,1,4.0,0.0
average photo strip size,2026-02-09,0,4,1.0,0.0
average photo strip size,2026-02-16,0,1,1.0,0.0
average photo strip size,2026-02-23,0,4,1.0,0.0
average photo strip size,2026-03-02,1,3,1.0,33.333
average photo strip size,2026-03-09,0,8,1.2,0.0
average photo strip size,2026-03-16,0,5,1.0,0.0
average photo strip size,2026-03-30,0,3,1.0,0.0
average photo strip size,2026-04-06,0,4,1.67,0.0
average photo strip size,2026-04-13,0,5,1.0,0.0
average photo strip size,2026-04-20,0,2,2.0,0.0
average photo strip size,2026-05-18,0,1,2.0,0.0
average photo strip size,2026-05-25,0,3,2.0,0.0
average polaroid size,2026-02-09,0,4,1.0,0.0
average polaroid size,2026-02-16,0,1,1.0,0.0
average size of a photo booth strip,2026-02-09,0,3,1.33,0.0
average size of a photo booth strip,2026-02-16,0,4,4.67,0.0
average size of a photo booth strip,2026-02-23,1,4,1.75,25.0
average size of a photo booth strip,2026-03-02,0,5,1.38,0.0
average size of a photo booth strip,2026-03-09,2,7,1.33,28.571
average size of a photo booth strip,2026-03-16,0,3,1.33,0.0
average size of a photo booth strip,2026-03-23,0,5,1.44,0.0
average size of a photo booth strip,2026-04-06,0,5,1.0,0.0
average size of a photo booth strip,2026-04-13,0,2,1.5,0.0
average size of a photo booth strip,2026-04-27,0,1,1.0,0.0
average size of a photo booth strip,2026-05-18,0,3,2.0,0.0
average size of a photo booth strip,2026-05-25,0,3,4.0,0.0
average size of a polaroid picture,2026-02-16,0,1,2.0,0.0
average size of a polaroid picture,2026-03-30,0,1,17.0,0.0
average size of photo booth strip,2026-02-09,0,13,1.79,0.0
average size of photo booth strip,2026-02-16,0,14,1.32,0.0
average size of photo booth strip,2026-02-23,0,6,1.0,0.0
average size of photo booth strip,2026-03-02,0,10,1.27,0.0
average size of photo booth strip,2026-03-09,0,11,1.5,0.0
average size of photo booth strip,2026-03-16,0,1,2.0,0.0
average size of photo booth strip,2026-03-23,0,2,1.0,0.0
average size of photo booth strip,2026-03-30,0,5,1.38,0.0
average size of photo booth strip,2026-04-06,0,10,1.3,0.0
average size of photo booth strip,2026-04-13,0,7,1.5,0.0
average size of photo booth strip,2026-04-20,0,4,1.83,0.0
average size of photo booth strip,2026-04-27,1,12,3.07,8.333
average size of photo booth strip,2026-05-04,0,7,1.6,0.0
average size of photo booth strip,2026-05-11,0,3,2.33,0.0
average size of photo booth strip,2026-05-18,0,10,2.72,0.0
average size of photo booth strip,2026-05-25,0,5,3.12,0.0
babyshower photobooth,2026-02-16,0,1,5.0,0.0
back drops,2026-04-13,0,1,30.0,0.0
backdrop,2026-04-13,0,2,40.5,0.0
backdrop for photos,2026-03-23,0,1,28.0,0.0
backdrop meaning in photography,2026-04-06,0,1,1.0,0.0
backdrop size,2026-04-20,0,1,20.0,0.0
backdrop size for photo booth,2026-02-23,0,1,40.0,0.0
backdrop size for photo booth,2026-03-23,0,1,67.0,0.0
backdrop size for photo booth,2026-04-13,0,2,75.0,0.0
backdrop size for photo booth,2026-05-11,0,1,91.0,0.0
backdrop size for photo booth,2026-05-25,0,1,51.0,0.0
backdrops,2026-04-20,0,2,32.5,0.0
backdrops photography,2026-04-13,0,1,20.0,0.0
background photobooth,2026-05-04,0,1,7.0,0.0
balck and white photobooth rental,2026-03-30,0,3,61.0,0.0
bande image,2026-02-23,0,2,5.0,0.0
bande image,2026-03-30,0,1,2.0,0.0
bande photo,2026-03-16,0,1,3.0,0.0
bande photo,2026-03-30,0,1,2.0,0.0
bande photomaton,2026-02-23,0,1,2.0,0.0
bande photomaton,2026-03-02,0,1,3.0,0.0
banner photo booth,2026-02-16,0,1,3.0,0.0
bar photo booth,2026-03-02,0,1,5.0,0.0
bar w photo booth,2026-04-06,0,1,6.0,0.0
bay photo,2026-05-11,0,2,3.5,0.0
beach boomerang ideas,2026-03-30,0,1,2.0,0.0
beauty photo booth,2026-02-16,0,1,80.0,0.0
beda foto booth dan photobox,2026-03-23,0,1,3.0,0.0
beda foto booth dan photobox,2026-03-30,0,1,3.0,0.0
beda nya photobooth dan photobox,2026-03-02,0,1,2.0,0.0
beda nya photobooth dan photobox,2026-03-09,0,1,2.0,0.0
beda photobooth dan photobox,2026-02-23,0,2,1.0,0.0
beda photobooth dan photobox,2026-03-02,0,1,2.0,0.0
beda photobooth dan photobox,2026-03-09,0,1,2.0,0.0
beda photobooth dan photobox,2026-03-16,0,4,2.5,0.0
beda photobooth dan photobox,2026-03-23,0,1,3.0,0.0
beda photobooth dan photobox,2026-03-30,0,3,2.25,0.0
beda photobox dan photobooth,2026-03-09,0,2,2.0,0.0
beda photobox dan photobooth,2026-03-16,0,2,2.0,0.0
beda photobox dan photobooth,2026-03-23,0,2,2.0,0.0
bedanya foto booth dan foto box,2026-03-16,0,2,2.5,0.0
bedanya foto booth dan foto box,2026-03-23,0,1,3.0,0.0
bedanya foto booth dan foto box,2026-05-04,0,1,3.0,0.0
bedanya foto box sama photo booth,2026-03-02,0,1,3.0,0.0
bedanya foto box sama photo booth,2026-03-09,0,2,3.0,0.0
bedanya foto box sama photo booth,2026-03-30,0,1,3.0,0.0
bedanya foto studio dan photo booth,2026-02-09,0,1,1.0,0.0
bedanya photo booth dan photobox,2026-03-16,0,1,2.0,0.0
bedanya photobooth dan photo studio,2026-03-16,0,1,3.0,0.0
bedanya photobooth dan photobox,2026-03-02,0,3,3.0,0.0
bedanya photobooth dan photobox,2026-03-09,0,2,3.0,0.0
bedanya photobooth dan photobox,2026-03-16,0,4,2.75,0.0
bedanya photobooth dan photobox,2026-03-23,0,10,2.83,0.0
bedanya photobooth dan photobox,2026-03-30,0,4,3.0,0.0
bedanya photobooth dan photobox,2026-05-04,0,5,2.88,0.0
bedanya photobooth sama photobox,2026-03-30,0,1,3.0,0.0
bedanya photobox dan photobooth,2026-03-09,0,1,2.0,0.0
bedanya photobox dan photobooth,2026-03-16,0,1,2.0,0.0
bedanya photobox dan photobooth,2026-03-23,0,1,2.0,0.0
bedanya photobox dan photobooth,2026-03-30,0,1,2.0,0.0
berapa ukuran ini,2026-04-20,0,1,2.0,0.0
berapa ukuran photo booth,2026-05-11,0,1,56.0,0.0
berapa ukurannya,2026-04-20,0,1,2.0,0.0
best high schools in miami-dade county,2026-02-09,0,1,3.0,0.0
best photo booth props,2026-05-11,0,2,53.0,0.0
best photo booth rentals,2026-03-09,0,1,35.0,0.0
best photo booth rentals,2026-03-16,0,1,90.0,0.0
best photo booth rentals college park,2026-04-06,0,2,12.0,0.0
best photo booth rentals with custom branding for corporate events,2026-04-06,0,1,2.0,0.0
best photobooth near miami,2026-04-06,0,1,12.0,0.0
best photobooth near miami,2026-04-13,0,1,12.0,0.0
best photobooth rental companies for corporate events with social media sharing,2026-03-09,0,1,2.0,0.0
best photobooth rental miami,2026-02-09,0,1,7.0,0.0
best photobooth rental miami,2026-02-16,0,3,7.67,0.0
best photobooth rental miami,2026-03-02,0,1,9.0,0.0
best photobooth rental miami,2026-03-09,0,1,9.0,0.0
best photobooth rental miami,2026-03-16,0,1,9.0,0.0
best photobooth rental miami,2026-03-23,0,1,10.0,0.0
best photobooth rental miami,2026-04-06,0,1,9.0,0.0
best photobooth rental packages for weddings under $1200,2026-03-02,0,1,9.0,0.0
best photobooth rental packages for weddings under $1200,2026-03-23,0,1,12.0,0.0
best self-service photo booth rentals 2026,2026-03-16,0,1,4.0,0.0
best way to display photo booth strips,2026-02-09,0,3,1.5,0.0
best way to display photo booth strips,2026-02-16,0,1,1.0,0.0
best way to display photo booth strips,2026-02-23,0,5,3.5,0.0
best way to display photo booth strips,2026-03-02,0,2,2.0,0.0
best way to display photo booth strips,2026-03-09,0,2,1.0,0.0
best weeknight photobooth rental deals,2026-05-18,0,1,20.0,0.0
best weeknight photobooth rental deals near me,2026-03-23,0,1,6.0,0.0
biaya photobooth,2026-05-04,0,1,3.0,0.0
big photo booth,2026-03-02,0,1,27.0,0.0
big photobooth,2026-05-04,0,1,9.0,0.0
bilderstreifen,2026-05-25,0,1,11.0,0.0
birthday party photo booth,2026-03-30,0,1,1.0,0.0
birthday party photo booth,2026-05-11,0,2,6.0,0.0
birthday party photo booth rental,2026-02-09,0,1,5.0,0.0
birthday party photo booth rental,2026-03-02,0,1,4.0,0.0
birthday party photo booth rental,2026-04-13,0,5,45.67,0.0
birthday party photo booth rental,2026-04-20,0,1,68.0,0.0
birthday party photo booths,2026-03-09,0,1,11.0,0.0
birthday photo booth rental,2026-02-09,0,5,44.5,0.0
birthday photo booth rental,2026-04-06,0,1,26.0,0.0
birthday photo booth rental north west,2026-04-06,0,1,61.0,0.0
bisnis photobooth,2026-03-09,0,2,1.0,0.0
bisnis photobooth,2026-04-13,0,1,10.0,0.0
black and white photo booth hire,2026-02-09,0,1,11.0,0.0
black and white photo booth hire,2026-02-16,0,3,6.33,0.0
black and white photo booth hire,2026-02-23,0,8,7.2,0.0
black and white photo booth hire,2026-03-02,0,6,8.33,0.0
black and white photo booth hire,2026-04-27,0,1,7.0,0.0
black and white photo booth miami,2026-02-09,0,13,21.49,0.0
black and white photo booth miami,2026-02-16,0,6,6.67,0.0
black and white photo booth miami,2026-02-23,0,8,8.33,0.0
black and white photo booth miami,2026-03-02,0,9,12.24,0.0
black and white photo booth miami,2026-03-09,0,11,12.72,0.0
black and white photo booth miami,2026-03-16,0,9,10.5,0.0
black and white photo booth miami,2026-03-23,0,8,15.28,0.0
black and white photo booth miami,2026-03-30,0,8,12.4,0.0
black and white photo booth miami,2026-04-06,0,9,9.2,0.0
black and white photo booth miami,2026-04-13,0,10,17.21,0.0
black and white photo booth miami,2026-04-20,0,8,17.4,0.0
black and white photo booth miami,2026-04-27,0,11,16.12,0.0
black and white photo booth miami,2026-05-04,0,9,16.7,0.0
black and white photo booth miami,2026-05-11,0,7,17.06,0.0
black and white photo booth miami,2026-05-18,0,3,20.67,0.0
black and white photo booth miami,2026-05-25,0,7,17.1,0.0
black and white photo booth pictures,2026-02-23,0,1,78.0,0.0
black and white photo booth rental,2026-02-09,0,6,30.62,0.0
black and white photo booth rental,2026-02-16,0,6,10.2,0.0
black and white photo booth rental,2026-02-23,0,7,5.2,0.0
black and white photo booth rental,2026-03-02,0,4,4.5,0.0
black and white photo booth rental,2026-03-16,0,2,6.0,0.0
black and white photo booth rental,2026-03-23,0,9,15.71,0.0
black and white photo booth rental,2026-03-30,0,12,21.67,0.0
black and white photo booth rental,2026-04-06,0,3,5.0,0.0
black and white photo booth rental,2026-04-13,0,3,6.33,0.0
black and white photo booth rental,2026-04-20,0,9,6.2,0.0
black and white photo booth rental,2026-04-27,0,12,6.02,0.0
black and white photo booth rental,2026-05-11,0,2,13.5,0.0
black and white photo booth strip,2026-02-09,0,1,9.0,0.0
black and white photo booth strips,2026-04-06,0,1,7.0,0.0
black and white photobooth,2026-04-13,0,1,1.0,0.0
black and white photobooth near me,2026-03-23,0,1,1.0,0.0
black photobooth,2026-02-23,0,1,1.0,0.0
blank photo booth props,2026-04-20,0,1,5.0,0.0
blank photo strip,2026-02-09,0,1,4.0,0.0
blank photobooth strip,2026-02-09,0,1,7.0,0.0
blooper photo meaning,2026-02-09,0,1,1.0,0.0
boomerang photography,2026-04-06,0,1,3.0,0.0
boomerang shot,2026-03-30,0,1,1.0,0.0
boomerang shots,2026-04-06,0,1,1.0,0.0
boot foto,2026-02-09,0,1,1.0,0.0
boot foto,2026-04-13,0,3,3.5,0.0
booth,2026-03-16,0,1,2.0,0.0
booth,2026-03-23,0,1,3.0,0.0
booth,2026-04-20,0,1,1.0,0.0
booth box,2026-03-23,0,2,3.0,0.0
booth by mail,2026-03-30,0,1,36.0,0.0
booth call,2026-03-09,0,1,2.0,0.0
booth couple,2026-02-09,0,1,1.0,0.0
booth cut,2026-03-09,0,1,4.0,0.0
booth fotos,2026-04-27,0,2,5.0,0.0
booth frame,2026-02-16,0,1,10.0,0.0
booth frames,2026-03-09,0,1,32.0,0.0
booth hire,2026-02-09,0,2,10.5,0.0
booth image,2026-04-13,0,6,2.0,0.0
booth images,2026-03-30,0,2,7.0,0.0
booth images,2026-04-13,0,1,6.0,0.0
booth ka photo,2026-04-06,0,1,3.0,0.0
booth ka photo,2026-05-18,0,1,4.0,0.0
booth photo,2026-02-23,0,3,7.5,0.0
booth photo,2026-03-02,0,2,55.5,0.0
booth photo,2026-03-09,0,1,31.0,0.0
booth photo,2026-03-16,0,2,18.0,0.0
booth photo,2026-03-23,0,1,41.0,0.0
booth photo,2026-03-30,0,1,38.0,0.0
booth photo,2026-04-06,0,2,5.0,0.0
booth photo,2026-04-13,0,1,11.0,0.0
booth photo,2026-04-27,0,1,5.0,0.0
booth photo,2026-05-18,0,1,8.0,0.0
booth photo booth,2026-03-23,0,1,10.0,0.0
booth photo near me,2026-05-04,0,1,1.0,0.0
booth photo wedding,2026-02-09,0,1,9.0,0.0
booth photobooth,2026-02-09,0,2,1.0,0.0
booth photography,2026-02-09,0,1,8.0,0.0
booth photos,2026-02-09,0,3,2.0,0.0
booth photos,2026-02-16,0,1,2.0,0.0
booth photos,2026-03-09,0,1,1.0,0.0
booth photos,2026-03-23,0,1,1.0,0.0
booth photos,2026-03-30,0,1,1.0,0.0
booth photos,2026-05-18,0,1,3.0,0.0
booth pic,2026-05-04,0,1,9.0,0.0
booth pic,2026-05-18,0,1,2.0,0.0
booth pics,2026-02-16,0,1,4.0,0.0
booth pics,2026-03-02,0,1,32.0,0.0
booth pics,2026-03-23,0,1,5.0,0.0
booth pics,2026-03-30,0,1,5.0,0.0
booth pics,2026-04-06,0,2,19.0,0.0
booth pics,2026-04-27,0,1,2.0,0.0
booth pics,2026-05-04,0,2,3.5,0.0
booth pics photo booth,2026-02-16,0,2,1.5,0.0
booth pics photo booth,2026-02-23,0,3,1.0,0.0
booth pics photo booth,2026-03-02,0,2,1.0,0.0
booth pics photo booth,2026-03-09,0,2,1.0,0.0
booth pics photo booth,2026-03-16,0,1,1.0,0.0
booth pics photo booth,2026-03-23,0,3,6.0,0.0
booth pics rental,2026-03-02,0,1,39.0,0.0
booth picture,2026-02-16,0,1,31.0,0.0
booth picture,2026-03-09,0,2,8.5,0.0
booth picture,2026-03-16,0,2,19.5,0.0
booth picture,2026-03-30,0,1,10.0,0.0
booth picture,2026-04-20,0,1,2.0,0.0
booth picture,2026-05-04,0,2,11.5,0.0
booth pictures,2026-02-09,0,1,31.0,0.0
booth pictures,2026-02-16,0,1,2.0,0.0
booth pictures,2026-03-02,0,3,11.67,0.0
booth pictures,2026-03-16,0,2,2.0,0.0
booth pictures,2026-03-30,0,1,2.0,0.0
booth pictures,2026-04-06,0,2,21.5,0.0
booth pictures,2026-05-11,0,1,2.0,0.0
booth pictures,2026-05-25,0,2,2.0,0.0
booth pose,2026-03-09,0,1,5.0,0.0
booth post,2026-04-13,0,1,1.0,0.0
booth props,2026-02-23,0,3,49.5,0.0
booth rental in miami,2026-05-04,0,7,14.12,0.0
booth rental in miami,2026-05-11,0,15,12.56,0.0
booth rental in miami,2026-05-18,0,14,12.93,0.0
booth services,2026-03-02,0,1,4.0,0.0
booth services,2026-05-04,0,1,1.0,0.0
booth show photography,2026-02-16,0,1,2.0,0.0
booth size,2026-02-16,0,1,1.0,0.0
booth size,2026-02-23,0,1,1.0,0.0
booth size,2026-03-09,0,1,1.0,0.0
booth size,2026-03-30,0,1,1.0,0.0
booth size,2026-04-06,0,1,48.0,0.0
booth size,2026-04-13,0,2,25.5,0.0
booth size,2026-04-20,0,1,41.0,0.0
booth strip,2026-02-16,0,1,1.0,0.0
booth strip,2026-03-09,0,2,1.0,0.0
booth strip,2026-03-23,0,2,1.0,0.0
boothify free online photo booth strips,2026-05-04,0,2,8.0,0.0
boothpics,2026-03-30,0,1,2.0,0.0
boothpics com gallery,2026-05-11,0,1,4.0,0.0
boothpics machine,2026-05-11,0,1,4.0,0.0
booths photos,2026-03-16,0,1,1.0,0.0
booths photos,2026-03-23,0,1,1.0,0.0
booths photos,2026-04-06,0,1,33.0,0.0
boothtique,2026-05-18,0,2,7.0,0.0
boothy call,2026-02-16,0,1,2.0,0.0
boothy call,2026-03-02,0,1,4.0,0.0
borne photo,2026-02-16,0,1,1.0,0.0
borne photo,2026-03-16,0,1,2.0,0.0
borne photos,2026-04-06,0,1,5.0,0.0
branded photo booth,2026-03-16,0,1,5.0,0.0
bridal shower photo booth,2026-05-04,0,3,19.25,0.0
bridal shower photo booth,2026-05-11,0,2,10.5,0.0
bridal shower photo booth,2026-05-18,0,2,7.0,0.0
bridal shower photobooth,2026-05-18,0,2,9.0,0.0
bryan photo booth,2026-02-16,0,1,1.0,0.0
burlesque photoshoot,2026-02-16,0,1,1.0,0.0
bus booth,2026-03-16,0,1,1.0,0.0
"business headshots in coral gables, fl",2026-02-16,0,2,61.0,0.0
"business photography studio in coral gables, fl",2026-02-09,0,6,57.39,0.0
"business photography studio in coral gables, fl",2026-02-16,0,9,66.7,0.0
"business photography studio in coral gables, fl",2026-02-23,0,24,49.18,0.0
"business photography studio in coral gables, fl",2026-03-02,0,9,31.52,0.0
"business photography studio in coral gables, fl",2026-03-09,0,1,61.0,0.0
"business photography studio in coral gables, fl",2026-03-30,0,1,53.0,0.0
"business photography studio in coral gables, fl",2026-04-20,0,1,72.0,0.0
"business portrait photography coconut grove, fl",2026-02-09,0,10,50.36,0.0
"business portrait photography coconut grove, fl",2026-02-16,0,4,50.83,0.0
"business portrait photography coconut grove, fl",2026-02-23,0,4,50.5,0.0
business portrait photography coral gables,2026-02-16,0,1,76.0,0.0
"business portrait photography coral gables, fl",2026-02-16,0,2,58.0,0.0
"business portrait photography coral gables, fl",2026-02-23,0,4,58.5,0.0
"business portrait photography coral gables, fl",2026-03-02,0,1,63.0,0.0
"business portrait photography coral gables, fl",2026-05-11,0,2,83.5,0.0
but photos,2026-05-25,0,1,4.0,0.0
cafe photobooth,2026-03-16,0,2,1.0,0.0
cafe yang ada photobox terdekat,2026-03-30,0,1,4.0,0.0
camera booth,2026-02-09,0,1,10.0,0.0
camera booth,2026-03-16,0,1,4.0,0.0
camera booth,2026-03-30,0,1,9.0,0.0
camera booth,2026-05-04,0,1,4.0,0.0
camera booth photos,2026-02-09,0,2,9.0,0.0
camera booth photos,2026-02-16,0,1,7.0,0.0
camera booth photos,2026-05-04,0,1,6.0,0.0
camera booth rental,2026-03-09,0,1,6.0,0.0
camera booth rental,2026-03-23,0,1,3.0,0.0
camera booth rental,2026-04-27,0,1,41.0,0.0
camera photo booth,2026-02-16,0,2,10.0,0.0
camera photo booth,2026-03-02,0,1,10.0,0.0
camera photo booth,2026-03-30,0,1,7.0,0.0
camera photo booth,2026-04-06,0,1,11.0,0.0
camera rental miami florida,2026-02-09,0,3,91.67,0.0
camera store,2026-05-11,0,1,54.0,0.0
camera store near me,2026-05-25,0,1,25.0,0.0
camera strip,2026-04-20,0,1,1.0,0.0
camera strip,2026-04-27,0,1,2.0,0.0
camera strip,2026-05-11,0,1,2.0,0.0
camera strips,2026-03-16,0,1,2.0,0.0
can i reuse new year's photo booth props for other occasions?,2026-03-09,0,1,3.0,0.0
can you turn pictures into polaroids,2026-05-18,0,1,3.0,0.0
canon selphy,2026-02-23,0,1,2.0,0.0
canva photo booth strip template,2026-03-02,0,1,10.0,0.0
caption for photobooth pics,2026-05-18,0,1,2.0,0.0
caption photobooth,2026-03-30,0,1,6.0,0.0
caption untuk photobooth,2026-03-30,0,1,6.0,0.0
captions for photo booth pictures,2026-03-16,0,1,2.0,0.0
capture booth,2026-03-23,0,1,36.0,0.0
capture photo booth,2026-03-30,0,9,7.11,0.0
capture photo booth,2026-04-27,0,1,6.0,0.0
captured photobooth,2026-02-16,0,1,66.0,0.0
cara membuat photo booth sederhana,2026-03-09,0,1,2.0,0.0
cc photo booth,2026-02-09,0,1,11.0,0.0
celebration of life picture board ideas,2026-05-25,0,1,2.0,0.0
celebrity photobooth,2026-02-16,0,2,77.0,0.0
center point photobooth,2026-03-23,0,1,1.0,0.0
centralworld photobooth,2026-02-16,0,1,1.0,0.0
centre point photobooth,2026-03-23,0,1,8.0,0.0
ch,2026-03-09,0,1,5.0,0.0
cheap photo booth rental,2026-02-16,0,1,9.0,0.0
cheap photo booth rental,2026-05-11,0,1,10.0,0.0
cheap photo booth rental,2026-05-18,0,1,8.0,0.0
cheap photobooth near me,2026-02-23,0,1,13.0,0.0
cheap photobooths,2026-02-23,0,1,7.0,0.0
cheekybooth,2026-02-09,0,1,2.0,0.0
chin chin booth,2026-03-23,0,1,9.0,0.0
chinchin photo booth,2026-02-16,0,1,3.0,0.0
chinchin photo booth,2026-02-23,0,5,6.0,0.0
chinchin photobooth,2026-03-23,0,1,2.0,0.0
chinchinbooth,2026-02-23,0,2,6.0,0.0
chuck e cheese photobooth,2026-03-23,0,1,1.0,0.0
chuck e cheese picture booth,2026-02-23,0,1,1.0,0.0
cinema photo booth,2026-02-16,0,1,4.0,0.0
cinemark photo booth,2026-02-09,0,1,1.0,0.0
claim your strip,2026-03-30,0,1,7.0,0.0
claim your strip,2026-04-13,0,1,5.0,0.0
classic photo booth,2026-02-23,0,1,1.0,0.0
classic photo booth dimensions,2026-03-02,0,1,1.0,0.0
classic photo booth dimensions,2026-03-09,0,1,1.0,0.0
classic photo booth dimensions,2026-03-23,0,2,2.5,0.0
classic photo booth dimensions,2026-03-30,0,1,2.0,0.0
coconut grove photo booth,2026-05-04,0,1,1.0,0.0
code photobooth,2026-02-16,0,1,7.0,0.0
collective noun of photographs,2026-03-16,0,1,1.0,0.0
colour picture,2026-02-09,0,1,3.0,0.0
commercial photo booth,2026-03-16,0,1,3.0,0.0
commercial photography services in coral gables,2026-02-16,0,4,82.5,0.0
commercial photography services in coral gables,2026-02-23,0,4,87.0,0.0
commercial photography services in coral gables,2026-03-02,0,8,68.29,0.0
commercial photography services in coral gables,2026-03-09,0,8,57.07,0.0
commercial photography services in coral gables,2026-03-16,0,6,55.5,0.0
commercial photography services in coral gables,2026-03-23,0,7,55.29,0.0
commercial photography services in coral gables,2026-03-30,0,6,55.67,0.0
commercial photography services in coral gables,2026-04-06,0,5,73.4,0.0
commercial photography services in coral gables,2026-04-20,0,3,70.67,0.0
commercial photography services in coral gables,2026-04-27,0,5,72.0,0.0
commercial photography services in coral gables,2026-05-04,0,1,72.0,0.0
commercial photography services in coral gables,2026-05-18,0,2,86.5,0.0
como se llama donde se toman fotos en las fiestas,2026-03-02,0,1,7.0,0.0
como se llama el lugar donde toman fotos,2026-03-02,0,1,2.0,0.0
como se llama este diseño,2026-05-11,0,1,5.0,0.0
como se llama este tipo de fotos,2026-03-30,0,1,1.0,0.0
como se llama la tira de fotos,2026-04-13,0,2,2.0,0.0
como se llama la tira de fotos,2026-04-20,0,1,3.0,0.0
como se llama la tira de fotos,2026-05-25,0,2,1.0,0.0
como se llaman las tiras de fotos,2026-03-23,0,1,2.0,0.0
como se llaman las tiras de fotos,2026-04-20,0,1,3.0,0.0
como se llaman las tiras de fotos,2026-05-04,0,1,4.0,0.0
como se llaman las tiras de fotos,2026-05-25,0,2,1.0,0.0
como se llaman?,2026-05-18,0,1,1.0,0.0
confessional booth rental,2026-02-23,0,1,83.0,0.0
connected moments photo booths,2026-02-09,0,1,16.0,0.0
contoh foto booth,2026-05-04,0,1,2.0,0.0
contoh photobooth,2026-03-30,0,1,2.0,0.0
cool photo backdrops,2026-04-27,0,1,17.0,0.0
cool photo booth ideas,2026-02-09,0,1,1.0,0.0
coole fotoideen zum nachmachen,2026-05-04,0,1,24.0,0.0
copies near me,2026-05-25,0,1,1.0,0.0
coral springs photo booth,2026-03-30,0,1,30.0,0.0
coral springs photo booth,2026-04-06,0,3,29.0,0.0
coral springs photo booth,2026-04-13,0,2,29.5,0.0
coral springs photo booth,2026-05-04,0,1,30.0,0.0
corporate event photo booth,2026-03-30,0,1,5.0,0.0
corporate event photo booth rental,2026-02-09,0,1,11.0,0.0
corporate event photo booth rental,2026-02-23,0,1,5.0,0.0
corporate event photo booth rental,2026-03-09,0,1,10.0,0.0
corporate event photo booth rental,2026-03-16,0,1,11.0,0.0
corporate event photo booth rental,2026-03-23,0,1,10.0,0.0
corporate event photo booth rental,2026-04-13,0,1,5.0,0.0
corporate event photo booth trends 2025 2026,2026-03-09,0,2,7.5,0.0
corporate photo booth,2026-03-09,0,1,21.0,0.0
corporate photo booth,2026-03-30,0,1,21.0,0.0
corporate photo booth,2026-05-11,0,1,21.0,0.0
corporate photo booth rental,2026-03-30,0,1,9.0,0.0
cosplay photobooth,2026-04-06,0,1,1.0,0.0
couple photostrip,2026-02-16,0,1,1.0,0.0
couple poses photobooth,2026-03-16,0,1,5.0,0.0
cp photobooth,2026-03-16,0,1,10.0,0.0
create your own photo booth props,2026-02-09,0,1,1.0,0.0
create your own photo booth props,2026-02-23,0,1,7.0,0.0
create your own photo booth props,2026-03-02,0,1,9.0,0.0
create your own photo booth props,2026-03-09,0,1,11.0,0.0
create your own photo booth props,2026-03-16,0,9,7.62,0.0
create your own photo booth props,2026-03-23,0,4,1.83,0.0
create your own photo booth props,2026-03-30,0,4,1.25,0.0
create your own photo booth props,2026-04-06,0,6,3.5,0.0
create your own photo booth props,2026-04-13,0,2,6.5,0.0
create your own photo booth props,2026-04-20,0,3,10.67,0.0
create your own photo booth props,2026-04-27,0,7,9.5,0.0
create your own photo booth props,2026-05-04,0,4,9.0,0.0
create your own photo booth props,2026-05-11,0,8,4.3,0.0
create your own photo booth props,2026-05-18,0,4,17.83,0.0
create your own photo booth props,2026-05-25,0,6,8.0,0.0
creative photo booth,2026-02-23,0,1,7.0,0.0
creative photo booth,2026-03-02,0,1,7.0,0.0
creative photo booth business name ideas,2026-05-04,0,1,2.0,0.0
creative profile picture ideas,2026-05-11,0,1,60.0,0.0
crew photo booth,2026-03-09,0,1,1.0,0.0
cuanto mide esto,2026-05-04,0,1,2.0,0.0
curtain photobooth,2026-02-09,0,1,2.0,0.0
custom photo booth,2026-02-16,0,2,68.0,0.0
custom photo booth,2026-04-13,0,1,73.0,0.0
custom photo booth,2026-04-20,0,1,62.0,0.0
custom photo booth,2026-04-27,0,2,41.0,0.0
custom photo booth services,2026-03-16,0,3,46.67,0.0
custom photo booth services,2026-04-06,0,1,14.0,0.0
custom photo booth services,2026-04-13,0,1,48.0,0.0
custom photo booth strip,2026-03-02,0,1,7.0,0.0
custom photo booth strip,2026-03-23,0,1,8.0,0.0
custom photo booth strip,2026-04-06,0,1,10.0,0.0
custom photo booths,2026-04-13,0,1,70.0,0.0
custom photo booths,2026-04-20,0,2,71.0,0.0
custom photo props,2026-04-27,0,1,41.0,0.0
custom photo props,2026-05-04,0,1,66.0,0.0
custom photo strip,2026-04-13,0,1,4.0,0.0
custom photo strips,2026-02-09,0,1,1.0,0.0
custom photobooth,2026-02-09,0,1,57.0,0.0
custom photobooth,2026-02-23,0,1,2.0,0.0
custom photobooth,2026-04-13,0,1,59.0,0.0
custom photobooth,2026-04-27,0,1,90.0,0.0
custom photobooth,2026-05-18,0,2,10.0,0.0
customizable photo booth,2026-05-18,0,1,51.0,0.0
customizable photo props,2026-03-30,0,1,52.0,0.0
customize photo booth props,2026-04-27,0,1,49.0,0.0
customize photo booth props,2026-05-18,0,1,25.0,0.0
customized photo booth props,2026-05-11,0,1,87.0,0.0
cute size picture in cm,2026-03-09,0,4,1.0,0.0
cute stuff to make,2026-02-23,0,1,1.0,0.0
dana park acme cloud headshot or profile photo or speaker,2026-05-11,0,2,2.0,0.0
dana park acme cloud headshot or profile photo or speaker,2026-05-18,0,18,5.62,0.0
define booth,2026-03-23,0,1,1.0,0.0
dental photobooth,2026-02-23,0,1,3.0,0.0
desk diy,2026-03-23,0,1,15.0,0.0
different types of photo booths,2026-03-23,0,1,1.0,0.0
digital camera near me,2026-03-23,0,1,10.0,0.0
digital photo booth,2026-02-16,0,1,2.0,0.0
digital photo booth,2026-02-23,0,1,7.0,0.0
digital photo booth,2026-03-23,0,1,6.0,0.0
digital photo booth,2026-04-06,0,2,13.0,0.0
digital photo booth,2026-04-27,0,1,8.0,0.0
digital photo booth,2026-05-11,0,1,1.0,0.0
digital photo booth near me,2026-02-16,0,1,13.0,0.0
digital photo booth rental,2026-02-09,0,2,8.0,0.0
digital photo booth rental,2026-02-16,0,1,7.0,0.0
digital photo booth rental,2026-02-23,0,3,33.0,0.0
digital photo booth rental,2026-03-02,0,1,2.0,0.0
digital photo booth rental,2026-03-16,0,2,6.5,0.0
digital photo booth rental,2026-03-23,0,2,3.0,0.0
digital photo booth rental,2026-03-30,0,5,23.5,0.0
digital photo booth rental,2026-04-06,0,3,5.0,0.0
digital photo booth rental,2026-04-13,0,2,9.5,0.0
digital photo booth rental,2026-04-20,0,2,17.5,0.0
digital photo booth rental,2026-04-27,0,1,15.0,0.0
digital photo booth rental,2026-05-04,0,4,6.17,0.0
digital photo booth rental,2026-05-11,0,2,6.5,0.0
digital photo booth rental,2026-05-18,0,2,4.5,0.0
digital photo booth rental,2026-05-25,0,2,4.0,0.0
digital photo booth rentals,2026-02-16,0,1,89.0,0.0
digital photo booth rentals,2026-04-27,0,1,4.0,0.0
digital photobooth rental,2026-02-16,0,2,4.0,0.0
digital photobooth rental,2026-05-25,0,1,6.0,0.0
digital+photo+booth+rental,2026-02-16,0,1,11.0,0.0
dimension,2026-04-13,0,1,2.0,0.0
dimension cadre photobooth,2026-03-16,0,1,2.0,0.0
dimension photo photobooth,2026-03-30,0,1,3.0,0.0
dimension photo photobooth,2026-04-06,0,3,1.25,0.0
dimension photo photobooth,2026-04-20,1,3,1.67,33.333
dimension photo photobooth,2026-05-04,0,2,3.0,0.0
dimension photo photobooth,2026-05-11,0,1,2.0,0.0
dimension photo photobooth,2026-05-25,0,3,2.33,0.0
dimension photo photomaton,2026-04-13,0,1,1.0,0.0
dimension photo photomaton,2026-05-18,0,1,2.0,0.0
dimension photobooth,2026-02-09,0,2,2.5,0.0
dimension photobooth,2026-02-16,0,1,1.0,0.0
dimension photobooth,2026-03-02,0,1,11.0,0.0
dimension photobooth,2026-03-09,0,1,2.0,0.0
dimension photobooth,2026-04-06,0,1,4.0,0.0
dimension photobooth,2026-04-13,0,1,1.0,0.0
dimension photobooth,2026-04-27,0,1,1.0,0.0
dimension photobooth,2026-05-04,0,1,11.0,0.0
dimension photobooth,2026-05-11,0,1,9.0,0.0
dimension photobooth,2026-05-18,0,1,3.0,0.0
dimension photomaton,2026-03-09,1,1,2.0,100.0
dimensions of a photo booth,2026-02-09,0,1,21.0,0.0
dimensions of a photo booth,2026-03-02,0,4,4.33,0.0
dimensions of a photo booth,2026-03-16,0,4,6.5,0.0
dimensions of a photo booth,2026-03-23,0,6,4.06,0.0
dimensions of a photo booth,2026-03-30,0,3,4.0,0.0
dimensions of a photo booth,2026-04-06,0,3,3.0,0.0
dimensions of a photo booth,2026-04-13,0,2,3.5,0.0
dimensions of a photo booth,2026-04-20,0,6,7.12,0.0
dimensions of a photo booth,2026-04-27,0,4,4.0,0.0
dimensions of a photo booth,2026-05-04,0,1,4.0,0.0
dimensions of a photo booth,2026-05-18,0,5,4.33,0.0
dimensions of a photo booth,2026-05-25,0,2,2.0,0.0
dimensions of a photo booth strip,2026-02-09,0,30,1.07,0.0
dimensions of a photo booth strip,2026-02-16,0,20,1.0,0.0
dimensions of a photo booth strip,2026-02-23,0,19,1.1,0.0
dimensions of a photo booth strip,2026-03-02,0,14,1.0,0.0
dimensions of a photo booth strip,2026-03-09,2,13,1.4,15.385
dimensions of a photo booth strip,2026-03-16,2,10,1.14,20.0
dimensions of a photo booth strip,2026-03-23,0,10,1.7,0.0
dimensions of a photo booth strip,2026-03-30,1,13,1.33,7.692
dimensions of a photo booth strip,2026-04-06,0,16,1.36,0.0
dimensions of a photo booth strip,2026-04-13,1,17,1.65,5.882
dimensions of a photo booth strip,2026-04-20,1,17,1.52,5.882
dimensions of a photo booth strip,2026-04-27,0,20,1.42,0.0
dimensions of a photo booth strip,2026-05-04,0,21,1.24,0.0
dimensions of a photo booth strip,2026-05-11,1,11,1.4,9.091
dimensions of a photo booth strip,2026-05-18,0,18,2.39,0.0
dimensions of a photo booth strip,2026-05-25,0,12,1.53,0.0
dimensions of a photo strip,2026-02-09,0,4,1.0,0.0
dimensions of a photo strip,2026-02-16,0,3,1.0,0.0
dimensions of a photo strip,2026-02-23,0,2,1.0,0.0
dimensions of a photo strip,2026-03-02,0,2,1.0,0.0
dimensions of a photo strip,2026-03-09,0,1,1.0,0.0
dimensions of a photo strip,2026-03-16,1,5,1.0,20.0
dimensions of a photo strip,2026-03-23,0,8,1.12,0.0
dimensions of a photo strip,2026-03-30,0,1,1.0,0.0
dimensions of a photo strip,2026-04-20,0,3,1.0,0.0
dimensions of a photo strip,2026-05-04,0,2,1.5,0.0
dimensions of a photo strip,2026-05-25,0,1,2.0,0.0
dimensions of a photobooth strip,2026-02-09,0,3,1.67,0.0
dimensions of a photobooth strip,2026-02-16,0,1,2.0,0.0
dimensions of a photobooth strip,2026-02-23,0,4,1.0,0.0
dimensions of a photobooth strip,2026-03-02,1,3,2.67,33.333
dimensions of a photobooth strip,2026-03-23,0,3,4.33,0.0
dimensions of a photobooth strip,2026-03-30,0,1,1.0,0.0
dimensions of a photobooth strip,2026-04-06,0,6,1.17,0.0
dimensions of a photobooth strip,2026-04-13,0,2,1.0,0.0
dimensions of a polaroid,2026-02-09,0,2,1.0,0.0
dimensions of photo booth strip,2026-02-09,0,30,1.26,0.0
dimensions of photo booth strip,2026-02-16,0,19,1.12,0.0
dimensions of photo booth strip,2026-02-23,0,20,1.75,0.0
dimensions of photo booth strip,2026-03-02,0,27,1.14,0.0
dimensions of photo booth strip,2026-03-09,0,13,2.69,0.0
dimensions of photo booth strip,2026-03-16,0,28,1.47,0.0
dimensions of photo booth strip,2026-03-23,0,18,1.33,0.0
dimensions of photo booth strip,2026-03-30,0,4,1.33,0.0
dimensions of photo booth strip,2026-04-06,0,28,1.57,0.0
dimensions of photo booth strip,2026-04-13,2,16,1.15,12.5
dimensions of photo booth strip,2026-04-20,0,20,1.79,0.0
dimensions of photo booth strip,2026-04-27,0,23,1.73,0.0
dimensions of photo booth strip,2026-05-04,0,27,1.37,0.0
dimensions of photo booth strip,2026-05-11,0,16,1.67,0.0
dimensions of photo booth strip,2026-05-18,0,13,1.97,0.0
dimensions of photo booth strip,2026-05-25,1,17,1.96,5.882
dimensions photomaton,2026-03-02,0,1,2.0,0.0
dimensions photomaton,2026-04-20,0,1,5.0,0.0
dipp photo booth,2026-05-11,0,2,30.0,0.0
display photo booth strips,2026-02-16,0,1,1.0,0.0
display photo booth strips,2026-03-02,0,4,8.67,0.0
display photo booth strips,2026-03-30,0,1,10.0,0.0
display photo booth strips,2026-04-13,0,1,1.0,0.0
display photo booth strips,2026-05-18,0,1,22.0,0.0
display strips,2026-02-23,0,1,4.0,0.0
displaying photo booth strips,2026-02-09,0,1,7.0,0.0
displaying photo booth strips,2026-02-16,0,1,9.0,0.0
diy,2026-03-23,0,1,9.0,0.0
diy birthday photo booth props,2026-05-04,0,1,8.0,0.0
diy custom children's photo props ideas,2026-05-04,0,1,5.0,0.0
diy custom photo booth props ideas,2026-03-30,0,13,6.86,0.0
diy custom photo booth props ideas,2026-04-06,0,11,9.38,0.0
diy custom photo booth props ideas,2026-04-13,0,18,8.95,0.0
diy custom photo booth props ideas,2026-04-20,0,6,9.0,0.0
diy custom photo booth props ideas,2026-04-27,0,12,9.8,0.0
diy custom photo booth props ideas,2026-05-04,0,27,10.19,0.0
diy custom photo booth props ideas,2026-05-11,0,5,7.62,0.0
diy foam board stand,2026-04-27,0,1,3.0,0.0
diy photo booth accessories,2026-03-16,0,1,1.0,0.0
diy photo booth accessories,2026-04-06,0,3,1.0,0.0
diy photo booth accessories,2026-04-13,0,1,1.0,0.0
diy photo booth at home,2026-04-13,0,1,30.0,0.0
diy photo booth equipment rental,2026-03-02,0,6,81.5,0.0
diy photo booth equipment rental,2026-03-09,0,1,43.0,0.0
diy photo booth equipment rental,2026-03-16,0,2,73.0,0.0
diy photo booth for birthday party,2026-04-20,0,1,1.0,0.0
diy photo booth for products,2026-03-02,0,1,44.0,0.0
diy photo booth frame ideas,2026-02-23,0,1,71.0,0.0
diy photo booth frame template,2026-02-09,0,1,1.0,0.0
diy photo booth polaroid,2026-05-04,0,2,30.5,0.0
diy photo booth prop,2026-02-16,0,1,24.0,0.0
diy photo booth prop,2026-03-16,0,1,27.0,0.0
diy photo booth prop,2026-04-20,0,4,6.5,0.0
diy photo booth prop,2026-05-11,0,5,7.78,0.0
diy photo booth props,2026-02-09,0,3,15.33,0.0
diy photo booth props,2026-02-16,1,4,9.33,25.0
diy photo booth props,2026-02-23,0,6,10.89,0.0
diy photo booth props,2026-03-02,1,5,24.25,20.0
diy photo booth props,2026-03-09,1,7,6.75,14.286
diy photo booth props,2026-03-16,1,16,8.83,6.25
diy photo booth props,2026-03-23,0,25,2.52,0.0
diy photo booth props,2026-03-30,1,31,1.8,3.226
diy photo booth props,2026-04-06,1,31,3.62,3.226
diy photo booth props,2026-04-13,0,30,4.54,0.0
diy photo booth props,2026-04-20,0,27,6.46,0.0
diy photo booth props,2026-04-27,2,24,9.2,8.333
diy photo booth props,2026-05-04,0,13,8.29,0.0
diy photo booth props,2026-05-11,0,28,4.53,0.0
diy photo booth props,2026-05-18,0,15,9.22,0.0
diy photo booth props,2026-05-25,0,12,4.65,0.0
diy photo booth props birthday,2026-03-02,0,1,37.0,0.0
diy photo booth props birthday,2026-03-30,0,1,11.0,0.0
diy photo booth props birthday,2026-04-06,0,1,2.0,0.0
diy photo booth props birthday,2026-04-27,0,1,7.0,0.0
diy photo booth props birthday,2026-05-04,0,1,13.0,0.0
diy photo booth props for kids,2026-03-09,0,1,1.0,0.0
diy photo booth props ideas,2026-03-02,0,1,15.0,0.0
diy photo booth props ideas,2026-03-30,0,1,7.0,0.0
diy photo booth props ideas,2026-04-06,0,8,6.17,0.0
diy photo booth props ideas,2026-04-13,0,6,6.5,0.0
diy photo booth props ideas,2026-04-20,0,2,6.0,0.0
diy photo booth props ideas,2026-04-27,0,2,5.0,0.0
diy photo booth props ideas,2026-05-04,0,2,11.5,0.0
diy photo booth with props,2026-03-16,0,1,2.0,0.0
diy photo prop,2026-02-23,0,1,12.0,0.0
diy photo prop,2026-03-30,0,4,1.83,0.0
diy photo prop,2026-04-06,0,5,3.38,0.0
diy photo prop,2026-04-13,0,3,1.33,0.0
diy photo prop,2026-04-27,0,1,12.0,0.0
diy photo prop,2026-05-04,0,4,13.75,0.0
diy photo prop,2026-05-11,0,2,4.0,0.0
diy photo prop,2026-05-18,0,2,9.5,0.0
diy photo prop,2026-05-25,0,2,10.5,0.0
diy photo props,2026-02-16,0,5,39.75,0.0
diy photo props,2026-03-02,0,3,25.75,0.0
diy photo props,2026-03-23,0,2,10.5,0.0
diy photo props,2026-03-30,0,8,3.83,0.0
diy photo props,2026-04-06,0,13,6.03,0.0
diy photo props,2026-04-13,0,7,4.75,0.0
diy photo props,2026-04-20,0,8,8.12,0.0
diy photo props,2026-04-27,0,9,13.78,0.0
diy photo props,2026-05-04,0,7,14.92,0.0
diy photo props,2026-05-11,0,7,9.25,0.0
diy photo props,2026-05-18,0,9,13.3,0.0
diy photo props,2026-05-25,0,4,8.67,0.0
diy photo strips,2026-02-16,0,1,79.0,0.0
diy photobooth props,2026-03-02,0,1,33.0,0.0
diy photobooth props,2026-03-16,0,1,1.0,0.0
diy photobooth props,2026-03-23,0,3,1.0,0.0
diy photobooth props,2026-03-30,0,6,4.33,0.0
diy photobooth props,2026-04-06,0,6,1.25,0.0
diy photobooth props,2026-04-13,0,3,8.67,0.0
diy photobooth props,2026-04-27,0,2,13.5,0.0
diy photobooth props,2026-05-04,0,1,26.0,0.0
diy photobooth props,2026-05-11,0,3,1.0,0.0
diy photobooth props,2026-05-18,0,1,1.0,0.0
diy photobooth props,2026-05-25,0,2,1.0,0.0
diy photography props,2026-03-30,0,5,12.5,0.0
diy photography props,2026-04-06,0,1,6.0,0.0
diy photography props,2026-04-13,0,3,15.67,0.0
diy photography props,2026-04-27,0,1,21.0,0.0
diy photography props,2026-05-18,0,1,26.0,0.0
diy photography props,2026-05-25,0,3,9.25,0.0
diy photoshoot props,2026-04-06,0,3,4.67,0.0
diy photoshoot props,2026-05-04,0,1,10.0,0.0
diy polaroid frame,2026-04-27,0,2,20.0,0.0
diy polaroid frame,2026-05-04,0,5,15.83,0.0
diy polaroid frame,2026-05-11,0,2,35.0,0.0
diy polaroid frame,2026-05-18,0,2,11.0,0.0
diy polaroid frame,2026-05-25,0,1,30.0,0.0
diy polaroid frame for photo booth,2026-03-30,0,2,25.5,0.0
diy polaroid frame for photo booth,2026-04-06,0,2,25.5,0.0
diy polaroid frame for photo booth,2026-04-13,0,2,8.0,0.0
diy polaroid frame for photo booth,2026-04-27,0,1,5.0,0.0
diy polaroid frame for photo booth,2026-05-11,0,5,11.0,0.0
diy polaroid frame for photo booth,2026-05-18,0,1,15.0,0.0
diy polaroid frame for photo booth,2026-05-25,0,1,17.0,0.0
diy polaroid frame photo booth,2026-04-06,0,4,6.75,0.0
diy polaroid frame photo booth,2026-04-13,0,2,5.0,0.0
diy polaroid frame photo booth,2026-04-20,0,10,6.67,0.0
diy polaroid frame photo booth,2026-04-27,0,6,6.62,0.0
diy polaroid frame photo booth,2026-05-04,0,9,6.75,0.0
diy polaroid frame photo booth,2026-05-11,1,11,6.58,9.091
diy polaroid frame photo booth,2026-05-18,0,3,7.0,0.0
diy polaroid frame photo booth,2026-05-25,0,8,9.7,0.0
diy polaroid photo booth,2026-04-13,0,3,17.5,0.0
diy polaroid photo booth,2026-04-20,0,1,19.0,0.0
diy polaroid photo booth,2026-04-27,0,3,25.5,0.0
diy polaroid photo booth frame,2026-03-30,0,1,27.0,0.0
diy polaroid photo booth frame,2026-04-06,0,1,24.0,0.0
diy polaroid photo booth frame,2026-04-20,0,2,8.5,0.0
diy polaroid photo booth frame,2026-04-27,0,1,8.0,0.0
diy polaroid photo booth frame,2026-05-04,0,2,9.5,0.0
diy polaroid photo booth frame,2026-05-11,0,4,6.0,0.0
diy polaroid photo booth frame,2026-05-18,0,1,17.0,0.0
diy polaroid photo booth frame,2026-05-25,0,2,19.0,0.0
diy polaroid photo frame,2026-04-20,0,1,51.0,0.0
diy polaroid photo frame,2026-05-04,0,1,39.0,0.0
diy polaroid photo frame,2026-05-18,0,1,14.0,0.0
diy props for photo booth,2026-02-09,0,1,1.0,0.0
diy props for photo booth,2026-03-16,0,4,11.67,0.0
diy props for photo booth,2026-03-23,0,4,2.5,0.0
diy props for photo booth,2026-03-30,0,4,3.0,0.0
diy props for photo booth,2026-04-06,0,7,1.83,0.0
diy props for photo booth,2026-04-13,0,8,1.47,0.0
diy props for photo booth,2026-04-20,0,2,4.5,0.0
diy props for photo booth,2026-04-27,0,5,7.0,0.0
diy props for photo booth,2026-05-04,0,3,6.75,0.0
diy props for photo booth,2026-05-11,0,6,12.75,0.0
diy props for photo booth,2026-05-18,0,6,3.75,0.0
diy props for photo booth,2026-05-25,0,3,10.0,0.0
diy tutorial,2026-03-16,1,1,3.0,100.0
diy wedding photo booth props,2026-03-09,0,1,1.0,0.0
dm fotostreifen,2026-04-06,0,1,2.0,0.0
dnp ds620a,2026-02-23,0,1,2.0,0.0
do you have pictures?,2026-03-02,0,1,4.0,0.0
dola foto photobooth,2026-03-09,0,1,10.0,0.0
duo photobooth poses,2026-05-18,0,1,11.0,0.0
easy photo booth,2026-02-23,0,1,89.0,0.0
echirolles,2026-05-11,0,1,3.0,0.0
echirolles,2026-05-25,0,1,9.0,0.0
en ingles,2026-02-16,0,1,2.0,0.0
enhypen photobooth,2026-03-09,0,1,1.0,0.0
enhypen photobooth,2026-03-16,0,1,1.0,0.0
esteem 360 studios,2026-03-09,0,1,34.0,0.0
esteem photo booth rentals,2026-02-09,0,1,27.0,0.0
esteem photo booth rentals,2026-04-06,0,1,35.0,0.0
esteem photo booth rentals,2026-05-11,0,1,26.0,0.0
evaluate the immersive design capabilities of premium photo booth services in miami.,2026-05-25,0,2,9.0,0.0
event 360 photo booth,2026-04-13,0,1,40.0,0.0
event photo booth,2026-02-16,0,1,1.0,0.0
event photo booth,2026-02-23,0,2,6.0,0.0
event photo booth,2026-03-16,0,1,6.0,0.0
event photo booth,2026-03-23,0,2,8.0,0.0
event photo booth,2026-03-30,0,1,5.0,0.0
event photo booth,2026-04-06,0,1,8.0,0.0
event photo booth,2026-04-13,0,1,11.0,0.0
event photo booth,2026-04-20,0,1,13.0,0.0
event photo booth,2026-04-27,0,1,9.0,0.0
event photo booth,2026-05-04,0,1,11.0,0.0
event photo booth,2026-05-11,0,1,13.0,0.0
event photo booth,2026-05-18,0,1,9.0,0.0
event photo booth,2026-05-25,0,1,17.0,0.0
event photo booth rental,2026-02-09,0,2,7.0,0.0
event photo booth rental,2026-02-16,0,2,3.0,0.0
event photo booth rental,2026-02-23,0,2,8.0,0.0
event photo booth rental,2026-03-09,0,3,10.0,0.0
event photo booth rental,2026-03-16,0,2,7.0,0.0
event photo booth rental,2026-03-23,0,1,11.0,0.0
event photo booth rental,2026-03-30,0,4,7.25,0.0
event photo booth rental,2026-04-06,0,2,11.5,0.0
event photo booth rental,2026-04-13,0,2,7.5,0.0
event photo booth rental,2026-04-20,0,2,10.5,0.0
event photo booth rental,2026-04-27,0,4,12.75,0.0
event photo booth rental,2026-05-04,0,2,9.0,0.0
event photo booth rental,2026-05-11,0,4,5.83,0.0
event photo booth rental,2026-05-18,0,2,10.0,0.0
event photo booth rental,2026-05-25,0,3,10.75,0.0
event photo booth rentals page,2026-02-23,0,1,84.0,0.0
event photobooth,2026-03-16,0,1,1.0,0.0
event photobooth,2026-03-30,0,1,3.0,0.0
event roamer,2026-05-11,0,1,11.0,0.0
evo hotel photo booth,2026-03-09,0,2,1.0,0.0
exhibition photo booth,2026-02-16,0,1,8.0,0.0
extra effects for photobooth,2026-02-09,0,1,83.0,0.0
extra effects for photobooth,2026-02-16,0,1,90.0,0.0
fairy film photobooth,2026-04-06,0,1,11.0,0.0
family photo booth,2026-04-06,0,1,78.0,0.0
"family photo sessions in coral gables, fl",2026-02-09,0,8,79.92,0.0
"family photo sessions in coral gables, fl",2026-02-16,0,8,83.8,0.0
"family photo sessions in coral gables, fl",2026-02-23,0,4,86.0,0.0
"family photo sessions in coral gables, fl",2026-03-02,0,9,63.73,0.0
"family photo sessions in coral gables, fl",2026-03-09,0,15,55.83,0.0
"family photo sessions in coral gables, fl",2026-03-16,0,15,54.07,0.0
"family photo sessions in coral gables, fl",2026-03-23,0,13,59.03,0.0
"family photo sessions in coral gables, fl",2026-03-30,0,12,61.29,0.0
"family photo sessions in coral gables, fl",2026-04-06,0,13,67.76,0.0
"family photo sessions in coral gables, fl",2026-04-13,0,14,68.74,0.0
"family photo sessions in coral gables, fl",2026-04-20,0,15,68.02,0.0
"family photo sessions in coral gables, fl",2026-04-27,0,11,71.07,0.0
"family photo sessions in coral gables, fl",2026-05-04,0,5,80.25,0.0
"family photo sessions in coral gables, fl",2026-05-11,0,2,83.5,0.0
"family photo sessions in coral gables, fl",2026-05-18,0,12,83.0,0.0
"family photo sessions in coral gables, fl",2026-05-25,0,4,86.17,0.0
"family photography studio in coral gables, fl",2026-03-02,0,1,68.0,0.0
"family portraits in coral gables, fl",2026-05-11,0,5,44.62,0.0
"family portraits in coral gables, fl",2026-05-25,0,1,48.0,0.0
famous filming locations near me,2026-02-23,0,1,1.0,0.0
fancy print photobooth,2026-02-09,0,1,7.0,0.0
fete booth,2026-03-16,0,1,3.0,0.0
filipino photobooth,2026-02-16,0,1,5.0,0.0
film photo strip,2026-03-02,0,1,3.0,0.0
film photobooth,2026-03-30,0,1,11.0,0.0
film strip image,2026-03-16,0,1,6.0,0.0
film strip photo booth,2026-02-09,0,2,63.5,0.0
film strip photo booth,2026-02-16,0,1,1.0,0.0
film strip photo prints,2026-02-16,0,1,2.0,0.0
film strip photo prints,2026-05-11,0,1,1.0,0.0
film strip size,2026-02-09,0,2,2.0,0.0
film strip size,2026-03-09,0,1,1.0,0.0
film strip size,2026-03-16,0,2,2.5,0.0
film strip size,2026-04-13,0,2,1.5,0.0
film strip size,2026-04-20,0,1,2.0,0.0
film strip size,2026-04-27,0,8,12.75,0.0
film strip size,2026-05-04,0,2,6.5,0.0
film strip size,2026-05-11,0,5,11.62,0.0
film strip size,2026-05-18,0,6,6.6,0.0
film strip size,2026-05-25,0,11,8.38,0.0
filtre photo,2026-03-23,0,1,25.0,0.0
find me some,2026-04-13,0,1,22.0,0.0
flash bar photo booth,2026-03-30,0,1,6.0,0.0
flash photobooth,2026-02-16,0,1,1.0,0.0
flashback booth,2026-04-06,0,1,8.0,0.0
flashbar photobooth photos,2026-03-16,0,1,1.0,0.0
flashbar photobooth photos,2026-04-13,0,2,4.5,0.0
flashbar photobooth photos,2026-04-27,0,1,3.0,0.0
flashbooth photos,2026-03-23,0,1,4.0,0.0
foam board diy photo booth frame,2026-05-11,0,1,27.0,0.0
foam board photo booth frame,2026-04-27,0,1,27.0,0.0
fofo booth,2026-03-23,0,1,2.0,0.0
fofobooth,2026-02-23,0,1,7.0,0.0
fofobooth,2026-04-13,0,2,10.0,0.0
for photobooth,2026-04-06,0,1,1.0,0.0
format photo photobooth,2026-02-09,0,1,9.0,0.0
format photo photobooth,2026-03-16,0,1,7.0,0.0
format photobooth,2026-04-27,0,1,10.0,0.0
format strip,2026-04-20,0,1,4.0,0.0
fort lauderdale photo booth rental,2026-03-23,0,1,82.0,0.0
fort lauderdale photo booth rental,2026-05-11,0,2,93.5,0.0
fort lauderdale photo booth rental,2026-05-18,0,1,84.0,0.0
foto boath,2026-03-23,0,1,7.0,0.0
foto boot,2026-04-13,0,1,8.0,0.0
foto booth,2026-02-16,0,1,2.0,0.0
foto booth,2026-02-23,0,3,5.33,0.0
foto booth,2026-03-02,0,3,19.75,0.0
foto booth,2026-03-09,0,1,8.0,0.0
foto booth,2026-03-23,0,4,57.0,0.0
foto booth,2026-03-30,0,17,2.0,0.0
foto booth artinya,2026-04-27,0,1,3.0,0.0
foto booth artinya,2026-05-11,0,1,3.0,0.0
foto booth itu apa,2026-05-11,0,1,3.0,0.0
foto booth near me,2026-03-16,0,1,3.0,0.0
foto boots,2026-03-16,0,1,2.0,0.0
foto both,2026-02-16,0,1,4.0,0.0
foto both,2026-03-02,0,1,3.0,0.0
foto box,2026-02-23,0,1,2.0,0.0
foto box,2026-03-23,0,1,2.0,0.0
foto box,2026-03-30,0,3,2.25,0.0
foto box dan photo booth,2026-05-11,0,1,2.0,0.0
foto box di aeon sentul,2026-03-23,0,1,2.0,0.0
foto cabina,2026-02-09,0,1,8.0,0.0
foto fun,2026-03-09,0,1,48.0,0.0
foto photo booth,2026-02-23,0,1,5.0,0.0
foto photo booth,2026-03-23,0,2,8.0,0.0
foto requisiten,2026-03-30,0,1,5.0,0.0
foto strip,2026-04-13,0,1,2.0,0.0
foto strip adalah,2026-02-09,0,1,1.0,0.0
foto strip photobooth,2026-03-30,0,1,5.0,0.0
foto strip ukuran,2026-05-11,0,1,1.0,0.0
foto studio,2026-03-02,0,1,3.0,0.0
foto teta meaning,2026-03-16,0,1,1.0,0.0
fotoautomat streifen,2026-03-09,0,1,4.0,0.0
fotoautomat streifen,2026-04-27,0,1,4.0,0.0
fotoboot,2026-02-09,0,1,1.0,0.0
fotobooth,2026-05-18,0,1,3.0,0.0
fotobooth. cc,2026-03-30,0,1,10.0,0.0
fotobooths,2026-03-02,0,1,7.0,0.0
fotobox,2026-02-23,0,1,2.0,0.0
fotobox,2026-03-16,0,1,2.0,0.0
fotobox,2026-03-23,0,3,2.0,0.0
fotobox accessoires,2026-03-30,0,1,10.0,0.0
fotobox di bandung,2026-03-16,0,1,4.0,0.0
fotobox di solo,2026-04-27,0,1,3.0,0.0
fotobox drucker,2026-05-11,0,2,2.0,0.0
fotobox trends 2026,2026-03-09,0,1,9.0,0.0
fotobudka 360,2026-05-04,0,1,2.0,0.0
fotobudka 360 łódź,2026-05-11,0,1,3.0,0.0
fotobudka włocławek,2026-02-16,0,1,6.0,0.0
fotobuth,2026-02-09,0,1,12.0,0.0
fotobås till fest,2026-02-16,0,1,1.0,0.0
fotofunbox fotobudka rzesz,2026-03-30,0,1,7.0,0.0
fotografias instantaneas tamaño infantil,2026-02-16,0,1,1.0,0.0
fotohokkie cianjur,2026-03-30,0,1,3.0,0.0
fotohokkie ubertos,2026-03-02,0,1,3.0,0.0
fotokabine,2026-02-16,0,1,6.0,0.0
fotokabine,2026-03-09,0,1,7.0,0.0
fotokabine,2026-03-23,0,1,8.0,0.0
fotomaton,2026-04-06,0,1,4.0,0.0
fotomaton,2026-04-13,0,1,4.0,0.0
fotomaton en ingles,2026-02-23,0,1,2.0,0.0
fotomaton en ingles,2026-03-02,0,1,3.0,0.0
fotomaton sinonimos,2026-02-16,0,1,1.0,0.0
fotomaton sinonimos,2026-03-02,0,2,1.5,0.0
fotomatón,2026-02-16,0,1,1.0,0.0
fotomatón cumpleaños,2026-04-20,0,1,9.0,0.0
fotopoth,2026-03-09,0,1,6.0,0.0
fotoremsa,2026-03-23,0,1,5.0,0.0
fotoremsor,2026-03-23,0,1,9.0,0.0
fotos 360 para eventos,2026-03-30,0,1,25.0,0.0
fotos booth,2026-03-30,0,1,6.0,0.0
fotos cabina fotografica,2026-03-30,0,1,2.0,0.0
fotos de cabina,2026-03-30,0,1,2.0,0.0
fotos de cabina fotografica,2026-03-23,0,1,2.0,0.0
fotos de cabina fotografica,2026-04-27,0,1,2.0,0.0
fotos de cabina fotografica,2026-05-18,0,1,2.0,0.0
fotos de fotomaton,2026-02-23,0,3,2.0,0.0
fotos de fotomaton,2026-03-16,0,1,2.0,0.0
fotos de fotomaton,2026-03-30,0,1,2.0,0.0
fotos de photobooth,2026-02-23,0,1,2.0,0.0
fotos fotomaton,2026-03-30,0,2,3.5,0.0
fotostreifen,2026-02-09,0,3,7.33,0.0
fotostreifen,2026-02-23,0,1,6.0,0.0
fotostreifen,2026-03-16,0,2,10.0,0.0
fotostreifen,2026-03-23,0,1,10.0,0.0
fotostreifen,2026-04-06,0,1,5.0,0.0
fotostreifen,2026-04-13,0,2,7.5,0.0
fotostreifen fotoautomat,2026-02-23,0,1,8.0,0.0
fotostreifen rossmann,2026-04-06,0,1,3.0,0.0
fotostrip,2026-02-09,0,1,1.0,0.0
fotostrip,2026-02-16,0,14,1.0,0.0
fotostrip,2026-03-02,0,2,1.0,0.0
fotostrip,2026-03-16,0,3,1.0,0.0
fotostrip,2026-03-23,0,6,1.0,0.0
fotostrip,2026-03-30,0,14,1.0,0.0
fotostrip,2026-05-04,0,1,5.0,0.0
fotostrip afdrukken,2026-02-09,0,1,4.0,0.0
fotostrip afdrukken,2026-04-06,0,1,6.0,0.0
fotostrip photobooth,2026-03-16,0,1,9.0,0.0
fotostrips,2026-02-09,0,1,2.0,0.0
fotostrips,2026-03-09,0,1,1.0,0.0
fotostrips afdrukken,2026-04-13,0,1,5.0,0.0
fototeta meaning,2026-02-09,0,2,1.0,0.0
fototeta meaning,2026-02-23,0,1,1.0,0.0
four poses,2026-05-04,0,1,11.0,0.0
four poses photobooth,2026-03-23,0,1,10.0,0.0
four poses photobooth toronto,2026-03-02,0,2,10.0,0.0
frame for photo booth,2026-02-16,0,1,3.0,0.0
frame for photo booth strip,2026-04-06,0,1,4.0,0.0
frame for photo booth strip,2026-04-27,0,1,6.0,0.0
frame for photo strip,2026-04-06,0,1,9.0,0.0
frame for photo strips,2026-02-16,0,1,7.0,0.0
frame photo booth,2026-03-02,0,1,11.0,0.0
frame photo booth,2026-03-09,0,1,10.0,0.0
frame photo booth,2026-04-06,0,1,10.0,0.0
frame photo booth,2026-05-04,0,1,12.0,0.0
frame photo booth diy,2026-05-04,0,1,21.0,0.0
frame photo booth strips,2026-02-09,0,2,1.0,0.0
frame photo booth strips,2026-02-16,0,2,1.0,0.0
frame photo booth strips,2026-02-23,0,3,1.0,0.0
frame photo booth strips,2026-03-02,0,1,1.0,0.0
frame photo booth strips,2026-03-30,0,1,1.0,0.0
frame photo booth strips,2026-04-13,0,1,1.0,0.0
frame photobooth size,2026-02-09,0,1,1.0,0.0
frame photobooth size,2026-02-16,1,2,1.5,50.0
frame photobooth size,2026-02-23,0,2,1.0,0.0
frame photobooth size,2026-03-02,0,4,1.83,0.0
frame photobooth size,2026-03-16,1,5,1.67,20.0
frame photobooth size,2026-03-30,1,3,1.0,33.333
frame photobooth size,2026-04-06,0,7,1.27,0.0
frame photobooth size,2026-04-13,1,5,1.5,20.0
frame photobooth size,2026-04-20,0,2,1.5,0.0
frame photobooth size,2026-04-27,0,3,2.5,0.0
frame photobooth size,2026-05-11,0,4,1.5,0.0
frame photobooth size,2026-05-18,0,2,3.0,0.0
frame photobooth size,2026-05-25,0,8,1.58,0.0
framed photo booth strips,2026-02-16,0,1,8.0,0.0
framed photobooth strips,2026-02-09,0,3,6.0,0.0
framing photo booth strips,2026-02-09,0,1,2.0,0.0
framing photobooth strips,2026-02-09,0,3,3.67,0.0
fremo.id photobooth,2026-03-16,0,1,4.0,0.0
friends photobooth,2026-03-02,0,1,5.0,0.0
fto booth,2026-03-30,0,1,2.0,0.0
fun photo booth ideas,2026-02-09,0,2,1.0,0.0
fun photobooth,2026-02-23,0,1,7.0,0.0
fun photobooth,2026-04-06,0,1,1.0,0.0
fun photobooth props,2026-03-02,0,1,47.0,0.0
fun wedding props,2026-03-30,0,2,1.0,0.0
funny,2026-04-13,0,1,3.0,0.0
funny photo booth poses for couples,2026-04-06,0,1,8.0,0.0
funny photo booth props,2026-03-09,0,1,75.0,0.0
funny props,2026-02-16,0,1,1.0,0.0
gallery booth,2026-04-13,0,1,12.0,0.0
gambar,2026-04-20,0,1,30.0,0.0
gambar photo booth,2026-04-06,0,1,6.0,0.0
gambar photobooth,2026-02-09,0,1,33.0,0.0
gambar photobooth,2026-03-30,0,1,3.0,0.0
gambar strip,2026-04-13,0,1,2.0,0.0
gaya photobooth,2026-03-30,0,4,5.0,0.0
gele.photobooth,2026-04-13,0,1,4.0,0.0
giant photo strip,2026-02-16,0,1,8.0,0.0
github photobooth,2026-02-16,0,1,2.0,0.0
glam booth,2026-02-23,0,1,12.0,0.0
glam booth,2026-03-30,0,1,3.0,0.0
glam booth,2026-05-04,0,3,18.33,0.0
glam booth,2026-05-11,0,5,17.0,0.0
glam booth,2026-05-18,0,4,13.25,0.0
glam booth,2026-05-25,0,6,17.3,0.0
glam booth photo booth,2026-02-09,0,1,45.0,0.0
glam booth photo booth,2026-02-16,0,1,20.0,0.0
glam booth photo booth,2026-02-23,0,1,24.0,0.0
glam booth photo booth,2026-03-02,0,1,25.0,0.0
glam booth photo booth,2026-03-09,0,2,9.5,0.0
glam booth photo booth,2026-03-16,0,2,25.0,0.0
glam booth photo booth,2026-04-20,0,2,19.0,0.0
glam booth photo booth,2026-04-27,0,2,33.5,0.0
glam booth photo booth,2026-05-04,0,3,14.33,0.0
glam booth photo booth,2026-05-11,0,16,9.96,0.0
glam booth photo booth,2026-05-18,0,2,13.5,0.0
glam booth photo booth,2026-05-25,0,4,57.67,0.0
glam booth rental,2026-03-09,0,2,17.5,0.0
glam booth rental,2026-03-16,0,4,7.33,0.0
glam booth rental,2026-04-06,0,1,7.0,0.0
glam booth rental,2026-04-13,0,1,8.0,0.0
glam booth rental,2026-04-20,0,1,8.0,0.0
glam booth rental,2026-04-27,0,1,8.0,0.0
glam booth rental,2026-05-04,0,1,7.0,0.0
glam booth rental,2026-05-11,0,1,7.0,0.0
glam booth rental,2026-05-18,0,1,19.0,0.0
glam booth rental,2026-05-25,0,1,24.0,0.0
glam booth wedding,2026-03-02,0,1,17.0,0.0
glam booth wedding,2026-03-09,0,1,11.0,0.0
glam booth wedding,2026-03-16,0,1,11.0,0.0
glam booth wedding,2026-04-27,0,1,22.0,0.0
glam booth wedding,2026-05-04,0,1,24.0,0.0
glam booth wedding,2026-05-11,0,4,28.83,0.0
glam booth wedding,2026-05-18,0,2,45.5,0.0
glam photo booth,2026-02-23,0,3,27.75,0.0
glam photo booth,2026-03-02,0,1,20.0,0.0
glam photo booth,2026-03-09,0,7,13.17,0.0
glam photo booth,2026-03-16,0,1,43.0,0.0
glam photo booth,2026-03-23,0,1,32.0,0.0
glam photo booth,2026-04-06,0,1,27.0,0.0
glam photo booth,2026-05-11,0,10,17.44,0.0
glam photo booth,2026-05-18,0,6,17.3,0.0
glam photo booth,2026-05-25,0,7,19.67,0.0
glam photo booth for sale,2026-03-23,0,1,52.0,0.0
glam photo booth miami,2026-02-09,0,8,19.63,0.0
glam photo booth miami,2026-02-16,0,8,17.43,0.0
glam photo booth miami,2026-02-23,0,448,11.39,0.0
glam photo booth miami,2026-03-02,0,500,8.09,0.0
glam photo booth miami,2026-03-09,0,15,20.68,0.0
glam photo booth miami,2026-03-16,0,24,14.08,0.0
glam photo booth miami,2026-03-23,0,83,12.21,0.0
glam photo booth miami,2026-03-30,0,84,10.34,0.0
glam photo booth miami,2026-04-06,0,106,10.2,0.0
glam photo booth miami,2026-04-13,0,110,10.04,0.0
glam photo booth miami,2026-04-20,0,5,17.83,0.0
glam photo booth miami,2026-04-27,0,226,10.98,0.0
glam photo booth miami,2026-05-04,0,2669,7.22,0.0
glam photo booth miami,2026-05-11,0,2059,10.54,0.0
glam photo booth miami,2026-05-18,0,87,8.25,0.0
glam photo booth miami,2026-05-25,0,75,10.0,0.0
glam photo booth rental,2026-02-09,0,1,84.0,0.0
glam photo booth rental,2026-02-23,0,1,19.0,0.0
glam photo booth rental,2026-03-02,0,4,36.75,0.0
glam photo booth rental,2026-03-16,0,1,7.0,0.0
glam photo booth rental,2026-03-23,0,1,9.0,0.0
glam photo booth rental,2026-03-30,0,1,7.0,0.0
glam photo booth rental,2026-04-06,0,4,11.5,0.0
glam photo booth rental,2026-04-13,0,18,36.64,0.0
glam photo booth rental,2026-04-20,0,3,10.0,0.0
glam photo booth rental,2026-04-27,1,6,9.88,16.667
glam photo booth rental,2026-05-04,0,4,18.5,0.0
glam photo booth rental,2026-05-11,0,12,12.87,0.0
glam photo booth rental,2026-05-18,0,7,12.0,0.0
glam photo booth rental,2026-05-25,0,25,17.6,0.0
glam photo booth rentals,2026-05-25,0,2,53.0,0.0
glam photo booths,2026-02-09,0,1,93.0,0.0
glam photobooth,2026-02-23,0,1,33.0,0.0
glam photobooth,2026-03-30,0,1,28.0,0.0
glam photobooth rentals,2026-04-06,0,1,16.0,0.0
glam photobooth rentals,2026-04-27,0,1,28.0,0.0
glam photobooth rentals,2026-05-11,0,1,18.0,0.0
glam photobooth rentals,2026-05-25,0,1,19.0,0.0
glam photoshoot,2026-03-30,0,1,1.0,0.0
glamorous photo booth,2026-05-04,0,1,52.0,0.0
glamour shots near me,2026-03-23,0,1,1.0,0.0
glowbox studio and space,2026-03-30,0,1,5.0,0.0
google photo booth,2026-03-23,0,1,3.0,0.0
graduation photo prop ideas,2026-04-20,0,2,1.0,0.0
graduation photobooth,2026-05-18,0,1,13.0,0.0
graduation photos props,2026-05-18,0,1,28.0,0.0
group of photos called,2026-04-06,0,1,1.0,0.0
group of photos is called,2026-04-06,0,1,1.0,0.0
group of pictures is called,2026-02-09,0,1,13.0,0.0
h2h style photobooth,2026-02-09,0,1,1.0,0.0
h2hstyle.com photo booth,2026-04-13,0,2,11.0,0.0
halloween decoration rental,2026-03-30,0,1,41.0,0.0
halloween photo booth,2026-03-23,0,1,11.0,0.0
"happy booth, photography videography, winnipeg",2026-02-09,0,3,10.0,0.0
harga photo booth,2026-03-09,0,1,3.0,0.0
harga photobooth di mall,2026-03-09,0,1,3.0,0.0
harga photobox di tangcity mall,2026-03-09,0,1,4.0,0.0
hasil foto booth,2026-05-25,0,1,2.0,0.0
hasil foto booth namanya apa,2026-04-13,0,1,3.0,0.0
hasil foto photobooth,2026-05-25,0,1,2.0,0.0
hasil photo booth,2026-04-06,0,2,2.0,0.0
hasil photobooth disebut,2026-02-09,0,2,1.5,0.0
hasil photobooth disebut,2026-02-16,0,1,2.0,0.0
hasil photobooth disebut,2026-02-23,0,1,1.0,0.0
hasil photobooth disebut,2026-03-02,0,1,3.0,0.0
hasil photobooth disebut,2026-03-09,0,3,2.67,0.0
hasil photobooth disebut,2026-03-16,0,3,2.67,0.0
hasil photobooth disebut,2026-03-23,0,1,2.0,0.0
hasil photobooth disebut,2026-03-30,0,3,3.33,0.0
hasil photobooth disebut,2026-04-20,0,2,2.5,0.0
hasil photobooth disebut,2026-05-04,0,1,3.0,0.0
hasil photobooth disebut,2026-05-11,0,1,3.0,0.0
hasil photobooth namanya apa,2026-02-09,0,2,2.5,0.0
hasil photobooth namanya apa,2026-02-23,0,2,1.0,0.0
hasil photobooth namanya apa,2026-03-02,0,1,3.0,0.0
hasil photobooth namanya apa,2026-03-23,0,1,3.0,0.0
hasil photobox namanya apa,2026-02-09,0,2,1.0,0.0
hasil photobox namanya apa,2026-02-16,0,4,1.33,0.0
hasil photobox namanya apa,2026-02-23,0,1,1.0,0.0
hats for photo booth,2026-03-02,0,1,5.0,0.0
havana nights photo booth props,2026-02-09,0,1,29.0,0.0
havana nights photo booth props,2026-02-23,0,1,30.0,0.0
havana nights photo booth props,2026-03-23,0,1,30.0,0.0
hay alguna foto?,2026-05-25,0,1,4.0,0.0
headshot booth,2026-02-23,0,1,20.0,0.0
headshot booth,2026-03-23,0,2,18.5,0.0
headshot booth,2026-03-30,0,1,19.0,0.0
headshot booth,2026-04-06,0,1,19.0,0.0
headshot booth,2026-04-13,0,4,31.67,0.0
headshot booth,2026-04-20,0,6,32.67,0.0
headshot booth,2026-04-27,0,7,29.6,0.0
headshot booth,2026-05-04,0,10,29.5,0.0
headshot booth,2026-05-11,0,6,33.83,0.0
headshot booth,2026-05-18,0,2,55.5,0.0
headshot booth,2026-05-25,0,1,26.0,0.0
hearts2hearts photobooth,2026-04-06,0,1,11.0,0.0
height and width of polaroid picture,2026-02-09,0,1,4.0,0.0
hello kitty photo booth,2026-03-23,0,1,11.0,0.0
high angle photobooth size,2026-03-23,0,5,2.0,0.0
hire a photo booth,2026-03-02,0,1,68.0,0.0
hire a photo booth,2026-04-20,0,4,80.75,0.0
hire a photo booth for a party,2026-04-20,0,1,77.0,0.0
hire my selfie,2026-03-23,0,1,72.0,0.0
hire my selfie,2026-04-13,0,1,89.0,0.0
hire photo booth,2026-03-02,0,1,67.0,0.0
hire photo booth,2026-04-20,0,4,81.0,0.0
hire photo booths,2026-04-13,0,1,44.0,0.0
hire photo booths,2026-04-20,0,1,69.0,0.0
hoi an photobooth,2026-02-23,0,1,1.0,0.0
horizontal photo strip,2026-02-09,0,1,2.0,0.0
hoto booth,2026-02-23,0,1,1.0,0.0
hotobooth,2026-02-16,0,1,8.0,0.0
hotobooth,2026-02-23,0,1,2.0,0.0
how,2026-04-20,0,1,27.0,0.0
how big are photo booth pictures,2026-02-09,0,4,3.0,0.0
how big are photo booth pictures,2026-02-16,0,1,3.0,0.0
how big are photo booth pictures,2026-02-23,0,7,2.7,0.0
how big are photo booth pictures,2026-03-02,1,8,1.4,12.5
how big are photo booth pictures,2026-03-09,0,8,2.5,0.0
how big are photo booth pictures,2026-03-16,0,7,2.42,0.0
how big are photo booth pictures,2026-03-23,1,14,2.57,7.143
how big are photo booth pictures,2026-03-30,0,11,2.79,0.0
how big are photo booth pictures,2026-04-06,0,8,1.6,0.0
how big are photo booth pictures,2026-04-13,0,4,1.67,0.0
how big are photo booth pictures,2026-04-20,0,1,1.0,0.0
how big are photo booth pictures,2026-04-27,0,2,2.0,0.0
how big are photo booth pictures,2026-05-04,0,2,1.5,0.0
how big are photo booth pictures,2026-05-11,0,4,3.0,0.0
how big are photo booth pictures,2026-05-18,0,2,3.0,0.0
how big are photo booth pictures,2026-05-25,0,2,2.0,0.0
how big are photo booth strips,2026-02-09,0,47,1.05,0.0
how big are photo booth strips,2026-02-16,0,30,1.03,0.0
how big are photo booth strips,2026-02-23,0,12,1.0,0.0
how big are photo booth strips,2026-03-02,0,8,1.0,0.0
how big are photo booth strips,2026-03-09,0,12,1.25,0.0
how big are photo booth strips,2026-03-16,1,7,2.0,14.286
how big are photo booth strips,2026-03-23,0,9,1.3,0.0
how big are photo booth strips,2026-03-30,0,10,1.23,0.0
how big are photo booth strips,2026-04-06,0,6,1.0,0.0
how big are photo booth strips,2026-04-13,0,12,1.35,0.0
how big are photo booth strips,2026-04-20,1,19,2.52,5.263
how big are photo booth strips,2026-04-27,0,12,1.42,0.0
how big are photo booth strips,2026-05-04,0,18,1.23,0.0
how big are photo booth strips,2026-05-11,0,14,2.07,0.0
how big are photo booth strips,2026-05-18,0,15,2.92,0.0
how big are photo booth strips,2026-05-25,0,15,3.16,0.0
how big are photo strips,2026-02-09,0,10,1.5,0.0
how big are photo strips,2026-02-16,0,2,1.0,0.0
how big are photo strips,2026-02-23,0,6,1.12,0.0
how big are photo strips,2026-03-02,0,5,1.38,0.0
how big are photo strips,2026-03-09,0,5,1.44,0.0
how big are photo strips,2026-03-16,0,5,1.25,0.0
how big are photo strips,2026-03-23,0,6,1.0,0.0
how big are photo strips,2026-03-30,0,5,1.25,0.0
how big are photo strips,2026-04-06,0,4,1.25,0.0
how big are photo strips,2026-04-13,0,4,1.0,0.0
how big are photo strips,2026-04-20,0,5,1.5,0.0
how big are photo strips,2026-04-27,0,2,1.5,0.0
how big are photo strips,2026-05-04,0,4,2.0,0.0
how big are photo strips,2026-05-11,0,1,1.0,0.0
how big are photo strips,2026-05-18,0,3,1.33,0.0
how big are photo strips,2026-05-25,0,4,1.67,0.0
how big are photobooth strips,2026-02-09,0,3,1.67,0.0
how big are photobooth strips,2026-02-16,0,1,1.0,0.0
how big are photobooth strips,2026-05-11,0,1,1.0,0.0
how big are photobooth strips,2026-05-18,0,6,3.33,0.0
how big are photobooth strips,2026-05-25,0,1,2.0,0.0
how big are polaroid pictures,2026-03-02,0,1,1.0,0.0
how big are polaroids,2026-03-30,0,1,1.0,0.0
how big is 2x2 inches,2026-02-09,0,1,77.0,0.0
how big is 2x2 picture,2026-03-09,0,2,1.0,0.0
how big is a 5x5 photo,2026-03-16,0,1,63.0,0.0
how big is a photo booth picture,2026-02-09,0,3,3.0,0.0
how big is a photo booth picture,2026-02-16,0,5,2.75,0.0
how big is a photo booth picture,2026-02-23,0,5,2.88,0.0
how big is a photo booth picture,2026-03-02,0,1,3.0,0.0
how big is a photo booth picture,2026-03-09,0,1,2.0,0.0
how big is a photo booth picture,2026-03-16,0,1,1.0,0.0
how big is a photo booth strip,2026-02-09,1,51,1.08,1.961
how big is a photo booth strip,2026-02-16,0,16,1.46,0.0
how big is a photo booth strip,2026-02-23,0,16,1.36,0.0
how big is a photo booth strip,2026-03-02,0,21,1.34,0.0
how big is a photo booth strip,2026-03-09,1,17,1.4,5.882
how big is a photo booth strip,2026-03-16,0,17,1.33,0.0
how big is a photo booth strip,2026-03-23,0,34,1.47,0.0
how big is a photo booth strip,2026-03-30,0,16,1.43,0.0
how big is a photo booth strip,2026-04-06,0,15,1.39,0.0
how big is a photo booth strip,2026-04-13,0,12,1.28,0.0
how big is a photo booth strip,2026-04-20,0,27,1.74,0.0
how big is a photo booth strip,2026-04-27,0,23,1.5,0.0
how big is a photo booth strip,2026-05-04,0,32,1.35,0.0
how big is a photo booth strip,2026-05-11,0,18,1.75,0.0
how big is a photo booth strip,2026-05-18,0,27,1.66,0.0
how big is a photo booth strip,2026-05-25,0,20,1.84,0.0
how big is a photo strip,2026-02-09,0,6,1.22,0.0
how big is a photo strip,2026-02-16,0,9,1.25,0.0
how big is a photo strip,2026-02-23,0,9,1.33,0.0
how big is a photo strip,2026-03-02,0,7,1.0,0.0
how big is a photo strip,2026-03-09,1,6,1.25,16.667
how big is a photo strip,2026-03-16,0,8,1.0,0.0
how big is a photo strip,2026-03-23,0,9,1.05,0.0
how big is a photo strip,2026-03-30,0,6,1.4,0.0
how big is a photo strip,2026-04-06,0,4,1.0,0.0
how big is a photo strip,2026-04-13,0,8,1.42,0.0
how big is a photo strip,2026-04-20,0,12,1.38,0.0
how big is a photo strip,2026-04-27,0,6,1.6,0.0
how big is a photo strip,2026-05-04,0,4,1.0,0.0
how big is a photo strip,2026-05-11,0,5,1.4,0.0
how big is a photo strip,2026-05-18,0,5,1.5,0.0
how big is a photo strip,2026-05-25,0,9,2.8,0.0
how big is a photobooth strip,2026-02-09,0,4,1.0,0.0
how big is a photobooth strip,2026-02-16,0,1,1.0,0.0
how big is a photobooth strip,2026-03-02,0,1,1.0,0.0
how big is a photobooth strip,2026-04-13,0,4,1.5,0.0
how big is a photobooth strip,2026-04-20,0,9,1.75,0.0
how big is a photobooth strip,2026-04-27,0,8,1.4,0.0
how big is a photobooth strip,2026-05-04,2,8,1.12,25.0
how big is a photobooth strip,2026-05-11,0,4,1.5,0.0
how big is a photobooth strip,2026-05-18,0,4,1.67,0.0
how big is a photobooth strip,2026-05-25,0,3,2.0,0.0
how big is a polaroid,2026-03-30,0,1,1.0,0.0
how big is a polaroid picture,2026-02-23,0,1,1.0,0.0
how big is a polaroid picture,2026-03-30,0,1,1.0,0.0
how big is a standard photo booth strip,2026-02-09,0,4,1.0,0.0
how big is a standard photo booth strip,2026-02-16,0,3,5.0,0.0
how big is a standard photo booth strip,2026-02-23,1,4,1.0,25.0
how big is a standard photo booth strip,2026-03-02,0,7,1.08,0.0
how big is a standard photo booth strip,2026-03-09,0,1,1.0,0.0
how big is a standard photo booth strip,2026-03-23,0,4,1.0,0.0
how big is a standard photo booth strip,2026-03-30,0,3,1.0,0.0
how big is a standard photo booth strip,2026-04-06,1,1,1.0,100.0
how big is a standard photo booth strip,2026-05-11,0,3,2.5,0.0
how big is a standard photo booth strip,2026-05-18,0,2,3.5,0.0
how big is a standard photo booth strip,2026-05-25,0,1,4.0,0.0
how big is a standard polaroid picture,2026-02-16,0,3,1.0,0.0
how big is it,2026-03-23,0,1,1.0,0.0
how can i keep photo booth decorations looking fresh during a party?,2026-03-16,0,1,9.0,0.0
how can i keep photo booth decorations looking fresh during a party?,2026-03-23,0,9,6.08,0.0
how can i keep photo booth decorations looking fresh during a party?,2026-03-30,0,3,34.0,0.0
how can i keep photo booth decorations looking fresh during a party?,2026-05-18,0,1,77.0,0.0
how can i keep photo booth decorations looking fresh during a party?,2026-05-25,0,1,83.0,0.0
how can i make polaroid photo,2026-05-04,0,1,1.0,0.0
how do 360 photo booths work,2026-03-30,0,1,20.0,0.0
how do 360 photo booths work,2026-04-13,0,1,1.0,0.0
how do i convert my photos to polaroids?,2026-05-11,0,2,1.0,0.0
how do you say photo booth in spanish,2026-03-16,0,2,2.0,0.0
how do you say photo booth in spanish,2026-03-23,0,1,2.0,0.0
how do you say photo booth in spanish,2026-04-06,0,1,2.0,0.0
how does 360 photo booth work,2026-03-23,0,2,43.0,0.0
how does 360 photo booth work,2026-03-30,0,2,42.0,0.0
how does 360 photo booth work,2026-04-06,0,2,32.5,0.0
how does 360 photo booth work,2026-04-13,0,3,24.0,0.0
how does 360 photo booth work,2026-04-20,0,4,25.5,0.0
how does 360 photo booth work,2026-04-27,0,1,23.0,0.0
how does 360 photo booth work,2026-05-11,0,2,57.5,0.0
how does 360 photo booth work,2026-05-18,0,1,60.0,0.0
how does 360 photo booth work,2026-05-25,0,1,57.0,0.0
how does a 360 photo booth work,2026-03-23,0,1,44.0,0.0
how does a 360 photo booth work,2026-03-30,0,2,31.0,0.0
how does a 360 photo booth work,2026-04-06,0,8,28.79,0.0
how does a 360 photo booth work,2026-04-13,0,24,19.93,0.0
how does a 360 photo booth work,2026-04-20,0,19,20.29,0.0
how does a 360 photo booth work,2026-04-27,0,8,23.0,0.0
how does a 360 photo booth work,2026-05-11,0,2,55.5,0.0
how does a 360 photo booth work,2026-05-18,0,5,64.88,0.0
how does a 360 photo booth work,2026-05-25,0,1,67.0,0.0
how does the 360 photo booth work,2026-04-13,0,1,1.0,0.0
how long are photo booth strips,2026-02-09,1,12,1.53,8.333
how long are photo booth strips,2026-02-16,0,13,1.0,0.0
how long are photo booth strips,2026-02-23,0,9,1.65,0.0
how long are photo booth strips,2026-03-02,1,15,1.1,6.667
how long are photo booth strips,2026-03-09,2,8,1.0,25.0
how long are photo booth strips,2026-03-16,1,6,1.42,16.667
how long are photo booth strips,2026-03-23,0,7,2.0,0.0
how long are photo booth strips,2026-03-30,0,4,1.75,0.0
how long are photo booth strips,2026-04-06,0,17,1.35,0.0
how long are photo booth strips,2026-04-13,0,6,1.0,0.0
how long are photo booth strips,2026-04-20,0,9,2.33,0.0
how long are photo booth strips,2026-04-27,0,10,1.35,0.0
how long are photo booth strips,2026-05-04,0,13,1.67,0.0
how long are photo booth strips,2026-05-11,0,8,2.06,0.0
how long are photo booth strips,2026-05-18,0,7,1.88,0.0
how long are photo booth strips,2026-05-25,0,5,2.25,0.0
how long is a photo booth strip,2026-02-09,0,37,1.12,0.0
how long is a photo booth strip,2026-02-16,0,13,1.56,0.0
how long is a photo booth strip,2026-02-23,1,12,1.29,8.333
how long is a photo booth strip,2026-03-02,0,15,1.17,0.0
how long is a photo booth strip,2026-03-09,0,17,2.03,0.0
how long is a photo booth strip,2026-03-16,0,16,2.0,0.0
how long is a photo booth strip,2026-03-23,0,13,1.89,0.0
how long is a photo booth strip,2026-03-30,0,10,1.25,0.0
how long is a photo booth strip,2026-04-06,0,14,1.89,0.0
how long is a photo booth strip,2026-04-13,0,16,1.57,0.0
how long is a photo booth strip,2026-04-20,0,7,2.75,0.0
how long is a photo booth strip,2026-04-27,0,7,3.17,0.0
how long is a photo booth strip,2026-05-04,0,18,1.17,0.0
how long is a photo booth strip,2026-05-11,0,11,2.14,0.0
how long is a photo booth strip,2026-05-18,0,15,2.64,0.0
how long is a photo booth strip,2026-05-25,0,10,2.46,0.0
how long is a photo strip,2026-02-09,0,8,1.0,0.0
how long is a photo strip,2026-02-23,0,1,1.0,0.0
how long is a photo strip,2026-03-02,1,3,4.0,33.333
how long is a photo strip,2026-03-09,0,2,3.5,0.0
how long is a photo strip,2026-03-16,0,2,1.0,0.0
how long is a photo strip,2026-03-23,0,2,6.0,0.0
how long is a photo strip,2026-03-30,0,1,1.0,0.0
how long is a photo strip,2026-05-04,1,5,1.0,20.0
how long is a photo strip,2026-05-11,0,5,1.67,0.0
how long is a photo strip,2026-05-18,0,2,2.0,0.0
how long is a photo strip,2026-05-25,0,4,3.67,0.0
how long is a photobooth strip,2026-04-27,0,4,2.75,0.0
how long is a photobooth strip,2026-05-04,0,3,1.33,0.0
how long is a photobooth strip,2026-05-11,0,3,1.0,0.0
how long is a photobooth strip,2026-05-18,0,2,4.0,0.0
how long is a photobooth strip,2026-05-25,0,1,1.0,0.0
how many pixels is a 4x6 photo,2026-03-09,0,1,1.0,0.0
how much are photo booth photos,2026-05-04,0,1,8.0,0.0
how much are photo booth pictures,2026-03-16,0,1,7.0,0.0
how much are photo booth pictures,2026-04-20,0,2,11.0,0.0
how much are photo booth pictures,2026-04-27,0,2,3.0,0.0
how much are photo booth pictures,2026-05-04,0,3,2.0,0.0
how much are photo booth pictures,2026-05-11,0,3,5.5,0.0
how much are photo booth pictures,2026-05-18,0,1,6.0,0.0
how much are photo booth pictures,2026-05-25,0,3,5.5,0.0
how much does a photo booth cost at the mall,2026-04-06,0,1,1.0,0.0
how much does it cost to rent a photo booth,2026-04-06,0,1,1.0,0.0
how much is a photo booth picture,2026-04-27,0,1,5.0,0.0
how much is a photo booth picture,2026-05-18,0,1,2.0,0.0
how much is a photo booth rental,2026-04-06,0,1,9.0,0.0
how much is it to rent a photo booth,2026-05-18,0,1,11.0,0.0
how to create photo booth props,2026-03-23,0,1,26.0,0.0
how to create photo booth props,2026-03-30,0,1,1.0,0.0
how to create photo booth props,2026-04-06,0,3,22.5,0.0
how to create photo booth props,2026-05-18,0,3,42.33,0.0
how to describe photo booth,2026-02-09,0,2,9.0,0.0
how to describe photo booth,2026-02-16,0,1,9.0,0.0
how to describe photo booth,2026-02-23,0,3,8.5,0.0
how to describe photo booth,2026-03-30,0,1,13.0,0.0
how to describe photo booth,2026-04-06,0,1,11.0,0.0
how to display photo booth props,2026-02-09,0,3,7.5,0.0
how to display photo booth props,2026-02-16,0,2,34.5,0.0
how to display photo booth props,2026-03-23,0,2,3.0,0.0
how to display photo booth props,2026-03-30,0,3,6.0,0.0
how to display photo booth props,2026-04-06,0,2,19.5,0.0
how to display photo booth props,2026-05-11,1,4,5.33,25.0
how to display photo booth props,2026-05-18,1,4,2.75,25.0
how to display photo booth props,2026-05-25,0,2,5.0,0.0
how to display photo booth strips,2026-02-09,0,14,3.87,0.0
how to display photo booth strips,2026-02-16,0,27,2.8,0.0
how to display photo booth strips,2026-02-23,0,17,3.25,0.0
how to display photo booth strips,2026-03-02,0,12,4.02,0.0
how to display photo booth strips,2026-03-09,0,10,2.07,0.0
how to display photo booth strips,2026-03-16,0,7,1.58,0.0
how to display photo booth strips,2026-03-23,0,6,5.89,0.0
how to display photo booth strips,2026-03-30,1,11,6.12,9.091
how to display photo booth strips,2026-04-06,0,8,8.33,0.0
how to display photo booth strips,2026-04-13,0,10,6.03,0.0
how to display photo booth strips,2026-04-20,0,2,18.5,0.0
how to display photo booth strips,2026-04-27,0,4,16.25,0.0
how to display photo booth strips,2026-05-04,0,4,15.33,0.0
how to display photo booth strips,2026-05-11,0,3,16.0,0.0
how to display photo booth strips,2026-05-18,0,2,16.5,0.0
how to display photo booth strips,2026-05-25,0,5,12.33,0.0
how to display photo strips,2026-02-09,0,3,6.0,0.0
how to display photo strips,2026-02-16,0,4,2.5,0.0
how to display photo strips,2026-02-23,0,1,5.0,0.0
how to display photo strips,2026-03-02,0,6,3.25,0.0
how to display photo strips,2026-03-09,0,9,2.6,0.0
how to display photo strips,2026-03-16,0,3,1.0,0.0
how to display photo strips,2026-03-23,0,3,1.0,0.0
how to display photo strips,2026-04-20,0,1,6.0,0.0
how to display photo strips,2026-05-25,0,1,20.0,0.0
how to display photobooth strips,2026-02-16,0,1,3.0,0.0
how to display photobooth strips,2026-02-23,0,5,4.8,0.0
how to display photobooth strips,2026-03-09,0,4,6.5,0.0
how to display photobooth strips,2026-03-16,0,3,5.0,0.0
how to draw a photo booth,2026-05-11,0,1,12.0,0.0
how to frame photo booth strips,2026-02-09,0,1,1.0,0.0
how to frame photo booth strips,2026-03-02,0,1,25.0,0.0
how to frame photo booth strips,2026-03-16,0,1,2.0,0.0
how to get a photo booth,2026-02-16,0,3,86.0,0.0
how to get a photo booth,2026-03-02,0,1,23.0,0.0
how to get a photo booth,2026-03-30,0,11,72.91,0.0
how to get a photo booth,2026-04-20,0,25,87.28,0.0
how to get a photo booth,2026-04-27,0,2,94.0,0.0
how to make,2026-02-09,0,1,1.0,0.0
how to make a face cut out photo board,2026-04-06,0,1,1.0,0.0
how to make a face cutout board,2026-04-06,0,1,2.0,0.0
how to make a fake photo booth strip,2026-02-09,0,1,1.0,0.0
how to make a frame for a photo booth,2026-04-13,0,2,23.5,0.0
how to make a frame for a photo booth,2026-04-20,0,1,25.0,0.0
how to make a frame for a photo booth,2026-04-27,0,1,26.0,0.0
how to make a frame for a photo booth,2026-05-18,0,3,20.25,0.0
how to make a frame for a photo booth,2026-05-25,0,1,16.0,0.0
how to make a frame for photo booth,2026-05-18,0,1,29.0,0.0
how to make a frame for photo booth,2026-05-25,0,1,13.0,0.0
how to make a large picture frame for photo booth,2026-05-11,0,1,36.0,0.0
how to make a large picture frame for photo booth,2026-05-18,0,1,19.0,0.0
how to make a makeshift,2026-03-16,0,1,1.0,0.0
how to make a photo booth backdrop,2026-03-16,0,1,80.0,0.0
how to make a photo booth frame,2026-04-13,0,11,28.9,0.0
how to make a photo booth frame,2026-04-20,0,13,31.78,0.0
how to make a photo booth frame,2026-04-27,0,15,32.57,0.0
how to make a photo booth frame,2026-05-04,0,17,32.87,0.0
how to make a photo booth frame,2026-05-11,0,19,24.2,0.0
how to make a photo booth frame,2026-05-18,0,16,18.6,0.0
how to make a photo booth frame,2026-05-25,0,17,17.69,0.0
how to make a photo booth frame for a party,2026-05-25,0,1,1.0,0.0
how to make a photo booth frame from foam board,2026-04-06,0,1,1.0,0.0
how to make a photo booth frame from foam board,2026-04-27,0,1,1.0,0.0
how to make a photo booth frame from foam board,2026-05-11,0,5,10.0,0.0
how to make a photo booth frame from foam board,2026-05-18,0,3,8.25,0.0
how to make a photo booth frame from foam board,2026-05-25,0,1,10.0,0.0
how to make a photo booth picture frame,2026-04-27,0,1,48.0,0.0
how to make a photo booth picture frame,2026-05-25,0,1,19.0,0.0
how to make a photo booth strip,2026-02-16,0,1,84.0,0.0
how to make a photo frame for photo booth,2026-04-20,0,1,21.0,0.0
how to make a photo frame for photo booth,2026-05-04,0,1,21.0,0.0
how to make a photo strip,2026-02-16,0,1,6.0,0.0
how to make a picture frame for photo booth,2026-04-27,0,1,31.0,0.0
how to make a picture frame for photo booth,2026-05-04,0,1,20.0,0.0
how to make a picture frame for photo booth,2026-05-25,0,1,19.0,0.0
how to make a polaroid,2026-05-04,0,1,11.0,0.0
how to make a polaroid frame,2026-05-18,0,1,30.0,0.0
how to make a polaroid frame,2026-05-25,0,1,48.0,0.0
how to make a polaroid picture frame,2026-05-11,0,1,49.0,0.0
how to make a polaroid picture frame,2026-05-18,0,1,21.0,0.0
how to make a polaroid picture frame,2026-05-25,0,1,44.0,0.0
how to make a propeller hat,2026-05-11,0,1,2.0,0.0
how to make a small propeller,2026-03-30,0,1,2.0,0.0
how to make face cut out boards,2026-04-06,0,1,1.0,0.0
how to make frame for photo booth,2026-04-27,0,1,21.0,0.0
how to make photo booth frame,2026-04-06,0,1,22.0,0.0
how to make photo booth frame,2026-04-13,0,1,33.0,0.0
how to make photo booth frame,2026-05-11,0,1,1.0,0.0
how to make photo booth frame,2026-05-18,0,3,16.75,0.0
how to make photo booth picture frame,2026-05-11,0,1,23.0,0.0
how to make photo booth props,2026-02-09,0,2,17.5,0.0
how to make photo booth props,2026-02-16,0,2,1.0,0.0
how to make photo booth props,2026-02-23,0,1,1.0,0.0
how to make photo booth props,2026-03-02,0,3,35.0,0.0
how to make photo booth props,2026-03-09,0,4,19.33,0.0
how to make photo booth props,2026-03-16,0,3,17.0,0.0
how to make photo booth props,2026-03-23,0,10,1.46,0.0
how to make photo booth props,2026-03-30,0,7,1.0,0.0
how to make photo booth props,2026-04-06,0,22,4.5,0.0
how to make photo booth props,2026-04-13,0,8,7.5,0.0
how to make photo booth props,2026-04-20,0,6,10.08,0.0
how to make photo booth props,2026-04-27,0,6,12.92,0.0
how to make photo booth props,2026-05-04,0,7,15.44,0.0
how to make photo booth props,2026-05-11,0,10,8.87,0.0
how to make photo booth props,2026-05-18,1,4,3.67,25.0
how to make photo booth props,2026-05-25,0,5,11.67,0.0
how to make photo booth props on canva,2026-05-04,0,2,1.0,0.0
how to make photo booth strip on canva,2026-03-16,0,1,1.0,0.0
how to make photo frame for photo booth,2026-05-11,0,1,27.0,0.0
how to make photo frame for photo booth,2026-05-25,0,1,16.0,0.0
how to make photo props,2026-02-16,0,1,2.0,0.0
how to make photo props,2026-02-23,0,1,34.0,0.0
how to make photo props,2026-03-02,0,2,15.5,0.0
how to make photo props,2026-03-16,0,6,11.0,0.0
how to make photo props,2026-03-23,0,1,12.0,0.0
how to make photo props,2026-03-30,0,4,1.0,0.0
how to make photo props,2026-04-06,0,7,9.5,0.0
how to make photo props,2026-04-13,0,2,26.5,0.0
how to make photo props,2026-04-20,0,3,8.67,0.0
how to make photo props,2026-05-04,0,1,23.0,0.0
how to make photo props,2026-05-11,0,1,28.0,0.0
how to make photo props,2026-05-25,0,2,10.5,0.0
how to make photobooth props,2026-02-16,0,1,1.0,0.0
how to make photobooth props,2026-02-23,0,1,7.0,0.0
how to make photobooth props,2026-03-02,0,1,12.0,0.0
how to make photobooth props,2026-03-09,0,1,1.0,0.0
how to make photobooth props,2026-03-16,0,5,4.75,0.0
how to make photobooth props,2026-03-23,0,3,1.0,0.0
how to make photobooth props,2026-03-30,0,5,1.0,0.0
how to make photobooth props,2026-04-06,0,7,1.7,0.0
how to make photobooth props,2026-04-13,0,5,4.5,0.0
how to make photobooth props,2026-04-20,0,2,6.0,0.0
how to make photobooth props,2026-04-27,0,2,8.0,0.0
how to make photobooth props,2026-05-04,0,2,10.0,0.0
how to make photobooth props,2026-05-11,0,3,1.0,0.0
how to make photobooth props,2026-05-25,0,3,1.0,0.0
how to make pogs,2026-03-30,0,1,1.0,0.0
how to make props,2026-05-04,0,1,2.0,0.0
how to make props at home,2026-03-09,0,1,23.0,0.0
how to make props at home,2026-03-30,0,1,20.0,0.0
how to make props at home,2026-04-13,0,1,3.0,0.0
how to make props at home,2026-05-04,0,1,2.0,0.0
how to make props for photo booth,2026-02-09,0,4,1.0,0.0
how to make props for photo booth,2026-02-23,0,2,3.5,0.0
how to make props for photo booth,2026-03-09,0,1,1.0,0.0
how to make props for photo booth,2026-03-16,0,7,10.87,0.0
how to make props for photo booth,2026-03-23,0,2,1.0,0.0
how to make props for photo booth,2026-03-30,0,3,1.0,0.0
how to make props for photo booth,2026-04-06,0,6,9.67,0.0
how to make props for photo booth,2026-04-13,0,3,3.0,0.0
how to make props for photo booth,2026-04-20,0,2,6.0,0.0
how to make props for photo booth,2026-04-27,0,1,12.0,0.0
how to make props for photo booth,2026-05-11,0,3,1.0,0.0
how to make props for photo booth,2026-05-18,0,1,25.0,0.0
how to make props for photo booth,2026-05-25,0,1,1.0,0.0
how to make props for pre wedding shoot,2026-05-04,0,1,49.0,0.0
how to make props for pre wedding shoot,2026-05-25,0,1,50.0,0.0
how to make wedding props,2026-03-09,0,1,2.0,0.0
how to make your own photo booth props,2026-02-09,0,1,1.0,0.0
how to make your own photo booth props,2026-03-16,0,1,17.0,0.0
how to make your own photo booth props,2026-03-23,0,2,1.0,0.0
how to make your own photo booth props,2026-04-13,0,1,20.0,0.0
how to make your own photo booth props,2026-04-27,0,1,9.0,0.0
how to make your own photo booth props,2026-05-04,0,2,5.5,0.0
how to make your own photo booth props,2026-05-11,0,2,4.5,0.0
how to make your own photo booth props,2026-05-18,0,2,13.5,0.0
how to make your own photo booth props,2026-05-25,0,1,4.0,0.0
how to make your own photo props,2026-04-13,0,1,24.0,0.0
how to print 2x2 photo,2026-03-16,0,1,1.0,0.0
how to print photo booth strips,2026-02-23,0,1,1.0,0.0
how to print photo booth strips,2026-04-13,0,1,3.0,0.0
how to print photo booth strips at home,2026-03-09,0,1,2.0,0.0
how to print photo booth strips at walgreens,2026-02-23,0,7,1.0,0.0
how to print photo booth strips at walgreens,2026-03-02,0,1,1.0,0.0
how to print photo booth strips at walgreens,2026-03-09,0,2,1.0,0.0
how to rent a photo booth,2026-05-18,0,1,9.0,0.0
how to rent a photobooth,2026-03-02,0,1,8.0,0.0
how to take a boomerang,2026-03-30,0,1,1.0,0.0
how to take a boomerang photo,2026-04-06,0,1,1.0,0.0
how to take a boomerang picture,2026-03-30,0,1,6.0,0.0
how to take boomerang,2026-03-30,0,1,1.0,0.0
how to take boomerang photo,2026-04-06,0,2,1.0,0.0
how to use a 360 photo booth,2026-04-06,0,1,55.0,0.0
how wide?,2026-03-09,1,1,3.0,100.0
hunting photobooth,2026-03-23,0,1,1.0,0.0
hình ảnh,2026-03-16,0,1,39.0,0.0
"i am a 18-24 or 25-34 year old female. my main motivations: they move to the beat of their own drum and blaze their own trails. they spend time seeking out items – clothes, accessories, and decor – that express their individuality. they attach themselves to culture earlier than most. to them, shopping is all about discovery—they’re constantly on the hunt for items that express their individuality. they’re likely to shop regularly. social shopping is a huge part of their discovery process (instagram, tiktok trends). my main pain points: - i have no need to buy anything - i’m happy with the websites i use at the moment - i don’t have a need for the items they sell - at the moment i have less money to spend on non-essentials - the products are expensive - unsure about the quality of products i'm looking for a set of custom photo booth props for a party. find me some options.",2026-05-04,0,1,4.0,0.0
"i am a 35-44, 45-54, or 55-64 year old female. my main motivations: they cherish a human connection above all. after years of living in the city, they’ve learned that the secret to happiness is building a community of like-minded individuals and spreading the love. they care about community building, sustainability, and giving back. family and friends are hugely important to them. they are motivated by bringing people together - in their homes and communities. they’re creative and caring, and are inspired by close connections with the people around them. my main pain points: - i have no need to buy anything - i’m happy with the websites i use at the moment - i don’t have a need for the items they sell - at the moment i have less money to spend on non-essentials - the products are expensive - unsure about the quality of products i'm looking for a set of custom photo booth props for a party. find me some options.",2026-03-09,0,1,4.0,0.0
"i am a 35-44, 45-54, or 55-64 year old female. my main motivations: they cherish a human connection above all. after years of living in the city, they’ve learned that the secret to happiness is building a community of like-minded individuals and spreading the love. they care about community building, sustainability, and giving back. family and friends are hugely important to them. they are motivated by bringing people together - in their homes and communities. they’re creative and caring, and are inspired by close connections with the people around them. my main pain points: - i have no need to buy anything - i’m happy with the websites i use at the moment - i don’t have a need for the items they sell - at the moment i have less money to spend on non-essentials - the products are expensive - unsure about the quality of products i'm looking for a set of custom photo booth props for a party. find me some options.",2026-03-30,0,1,6.0,0.0
"i am a 35-44, 45-54, or 55-64 year old female. my main motivations: they cherish a human connection above all. after years of living in the city, they’ve learned that the secret to happiness is building a community of like-minded individuals and spreading the love. they care about community building, sustainability, and giving back. family and friends are hugely important to them. they are motivated by bringing people together - in their homes and communities. they’re creative and caring, and are inspired by close connections with the people around them. my main pain points: - i have no need to buy anything - i’m happy with the websites i use at the moment - i don’t have a need for the items they sell - at the moment i have less money to spend on non-essentials - the products are expensive - unsure about the quality of products i'm looking for a set of custom photo booth props for a party. find me some options.",2026-04-27,0,1,9.0,0.0
i get flustered,2026-03-16,0,1,3.0,0.0
i keep wondering,2026-03-16,0,1,5.0,0.0
i photobooth cebu,2026-02-09,0,2,10.5,0.0
i want to know the size,2026-03-30,0,1,2.0,0.0
icon photo booth co. the woodlands tx,2026-03-30,0,1,10.0,0.0
ideas for photo booth frames,2026-02-09,0,2,91.0,0.0
ideas for photo booth props,2026-02-23,0,2,8.5,0.0
ideas for photo booth props,2026-03-23,0,3,9.5,0.0
ideas for photo booth props,2026-03-30,0,2,15.5,0.0
ideas for photo booth props,2026-04-06,0,2,15.0,0.0
ideas for photo booth props,2026-04-13,0,3,20.0,0.0
ideas for photo booth props,2026-04-27,0,1,14.0,0.0
ideas for photo booth props,2026-05-04,0,1,15.0,0.0
ideas for photo booth props,2026-05-25,0,4,21.33,0.0
ideas for photo props,2026-05-11,0,2,18.0,0.0
ideas for props,2026-04-06,0,1,12.0,0.0
ideas for props,2026-04-13,0,1,13.0,0.0
ij photography photobooth,2026-02-09,0,2,6.0,0.0
illuminate photo booth,2026-03-02,0,2,39.5,0.0
illuminate photo booth,2026-03-30,0,1,34.0,0.0
illuminate photo booth,2026-05-04,0,1,46.0,0.0
image of a phone booth,2026-05-11,0,1,4.0,0.0
image strip,2026-03-23,0,1,2.0,0.0
image strip,2026-04-06,0,1,2.0,0.0
image strip,2026-05-18,0,1,2.0,0.0
images of 360 photo booth,2026-05-04,0,1,20.0,0.0
images of 360 photo booth,2026-05-11,0,1,17.0,0.0
images of 360 photo booth,2026-05-25,0,2,16.0,0.0
images of photo booth,2026-02-16,0,2,96.5,0.0
images please,2026-04-20,0,1,2.0,0.0
imprimir fotos tipo fotomaton,2026-04-27,0,1,5.0,0.0
imágenes de casetas,2026-03-23,0,1,5.0,0.0
in cm,2026-05-04,0,1,2.0,0.0
in inch,2026-03-16,0,1,2.0,0.0
in inches,2026-03-23,0,1,3.0,0.0
in inches,2026-04-20,0,2,5.0,0.0
in inglese?,2026-03-23,0,1,1.0,0.0
in mm,2026-02-09,0,1,3.0,0.0
in px,2026-05-04,0,1,2.0,0.0
in this lifetime photobooth,2026-02-09,0,1,15.0,0.0
in width and height,2026-03-16,0,1,2.0,0.0
in words only,2026-03-16,0,1,3.0,0.0
inches,2026-02-09,0,1,3.0,0.0
ini siapa,2026-03-30,0,1,7.0,0.0
ini ukuran berapa?,2026-03-23,0,1,2.0,0.0
inside of a photo booth,2026-02-23,0,1,2.0,0.0
inside of a photobooth,2026-05-11,0,1,2.0,0.0
inside of photo booth,2026-03-09,0,1,1.0,0.0
inside out photo booth,2026-03-02,0,1,7.0,0.0
instagram instant photos,2026-05-11,0,1,14.0,0.0
instagrammable photo booth,2026-04-27,0,1,46.0,0.0
instant photo booth printing service,2026-02-16,0,1,93.0,0.0
instant print photo booth,2026-03-16,0,1,15.0,0.0
instax mini print size,2026-04-06,0,1,3.0,0.0
interactive photo booths popular trends,2026-03-09,0,1,2.0,0.0
ipad photo booth rental,2026-03-30,0,1,95.0,0.0
ipad photo booth rental,2026-04-20,0,1,99.0,0.0
ipad photobooth shell replacement,2026-05-11,0,1,9.0,0.0
iphotobooth,2026-05-25,0,1,2.0,0.0
is 2 by 2 and passport size the same,2026-03-16,0,1,1.0,0.0
is 2x3 passport size,2026-04-06,0,2,1.0,0.0
is it photo booth or photobooth,2026-03-09,0,1,50.0,0.0
is it photo booth or photobooth,2026-03-23,0,1,18.0,0.0
is it photo booth or photobooth,2026-04-20,0,1,23.0,0.0
is it photo booth or photobooth?,2026-05-11,0,2,16.5,0.0
is it photo booth or photobooth?,2026-05-18,0,1,49.0,0.0
is it photobooth or photo booth,2026-03-09,0,1,49.0,0.0
is it photobooth or photo booth,2026-04-13,0,1,16.0,0.0
is it photobooth or photo booth?,2026-05-18,0,8,31.38,0.0
is passport size 2x2,2026-03-02,0,1,1.0,0.0
is photo booth one word,2026-02-09,0,1,93.0,0.0
is photo booth one word,2026-03-30,0,1,52.0,0.0
is photo booth one word,2026-04-13,0,1,93.0,0.0
is photo booth one word,2026-04-20,0,1,86.0,0.0
is photo booth one word,2026-05-11,0,2,76.0,0.0
is photo booth one word,2026-05-18,0,2,51.0,0.0
is photo booth one word,2026-05-25,0,2,47.5,0.0
is photo booth one word or two,2026-04-06,0,1,58.0,0.0
is photo booth one word or two,2026-05-25,0,1,65.0,0.0
is photobooth one word,2026-03-16,0,1,49.0,0.0
is photobooth one word,2026-04-20,0,2,89.5,0.0
is there any thing,2026-04-20,0,1,2.0,0.0
is there anything smaller,2026-02-16,0,1,2.0,0.0
is this hd,2026-05-04,0,1,6.0,0.0
items for photo booth,2026-02-16,0,1,88.0,0.0
"ivory booth, latest",2026-02-09,0,1,8.0,0.0
jab we met photo booth,2026-02-09,0,1,3.0,0.0
jepreto.com kak,2026-02-16,0,1,6.0,0.0
jjk photobooth,2026-03-23,0,1,2.0,0.0
joker photo booth,2026-03-02,0,1,4.0,0.0
jonas photo,2026-03-09,0,1,4.0,0.0
jpg photobooth,2026-02-23,0,2,1.0,0.0
jujutsu kaisen photobooth,2026-04-13,0,1,2.0,0.0
jumbo photobooth,2026-03-30,0,1,5.0,0.0
kamera photobooth,2026-02-09,0,1,2.0,0.0
kamera photobooth,2026-03-30,0,1,4.0,0.0
kamera photobooth,2026-04-13,0,1,5.0,0.0
kata kata photo booth,2026-05-04,0,2,4.0,0.0
kd photo,2026-05-25,0,1,7.0,0.0
keepsake photo strip,2026-02-09,0,1,2.0,0.0
keopic photo booth cp,2026-04-06,0,1,4.0,0.0
keopic photos,2026-03-09,0,1,4.0,0.0
kept scene photo booth,2026-02-09,0,1,7.0,0.0
keptscene,2026-02-09,0,2,5.5,0.0
keptscene,2026-02-16,0,1,9.0,0.0
kertas photobooth strip,2026-02-23,0,1,2.0,0.0
kertas photobooth ukuran berapa,2026-02-09,0,1,3.0,0.0
keychain photobooth,2026-03-30,0,1,9.0,0.0
kissco photo booth,2026-04-13,0,1,11.0,0.0
kisses on cheek,2026-03-16,0,1,3.0,0.0
kl east photobooth,2026-05-11,0,1,3.0,0.0
kmart photo strips,2026-04-27,0,1,11.0,0.0
konsep photo booth,2026-03-09,0,1,1.0,0.0
korean photo booth,2026-04-13,0,2,1.0,0.0
kpix selfie photo booth,2026-02-09,0,1,1.0,0.0
kích cỡ photobooth,2026-02-09,0,1,1.0,0.0
kích thước bao nhiêu,2026-02-23,0,1,2.0,0.0
kích thước frame photobooth phổ biến,2026-02-23,0,3,4.0,0.0
kích thước frame photobooth phổ biến,2026-03-02,0,6,3.5,0.0
kích thước in photobooth phổ biến việt nam,2026-02-16,0,1,11.0,0.0
kích thước in ảnh photobooth phổ biến việt nam,2026-03-02,0,1,5.0,0.0
kích thước photo booth,2026-03-30,0,1,1.0,0.0
kích thước photo booth,2026-05-18,0,1,2.0,0.0
kích thước photobooth,2026-03-02,0,1,1.0,0.0
kích thước photobooth,2026-03-09,0,1,1.0,0.0
kích thước photobooth,2026-05-25,0,1,9.0,0.0
kích thước photostrip,2026-05-04,1,1,1.0,100.0
kích thước strip photobooth việt nam,2026-02-23,0,1,4.0,0.0
kích thước ảnh photobooth,2026-04-13,0,1,1.0,0.0
kích thước ảnh photobooth phổ biến việt nam,2026-02-23,0,1,8.0,0.0
large photo booth,2026-05-04,0,1,12.0,0.0
large polaroid frame for photo booth,2026-05-11,0,2,11.0,0.0
last minute photo booth rental,2026-03-30,0,1,3.0,0.0
lease a photo booth,2026-03-23,0,2,20.5,0.0
lease a photo booth,2026-03-30,0,2,25.5,0.0
leasing photo booth,2026-04-20,0,1,29.0,0.0
lemon booth,2026-04-27,0,1,5.0,0.0
lemonbooth,2026-04-20,0,1,9.0,0.0
lichtbild streifen,2026-02-23,0,1,3.0,0.0
life 4 cuts size,2026-03-09,0,1,1.0,0.0
life four cuts size,2026-03-02,0,1,3.0,0.0
life four cuts size,2026-03-16,0,1,1.0,0.0
life four cuts size,2026-03-23,0,1,1.0,0.0
life4cuts photo strip size,2026-02-09,0,1,1.0,0.0
life4cuts size,2026-03-16,0,1,3.0,0.0
life4cuts size,2026-03-23,0,1,3.0,0.0
lion's den fort pierce,2026-04-20,0,1,4.0,0.0
local photo booth rental,2026-02-09,0,3,11.67,0.0
local photo booth rental,2026-02-16,0,2,15.0,0.0
local photo booth rental,2026-02-23,0,4,7.83,0.0
local photo booth rental,2026-03-02,0,2,8.5,0.0
local photo booth rental,2026-03-09,0,4,28.0,0.0
local photo booth rental,2026-03-16,0,3,10.67,0.0
local photo booth rental,2026-03-23,0,3,10.33,0.0
local photo booth rental,2026-03-30,0,3,10.33,0.0
local photo booth rental,2026-04-06,0,3,15.33,0.0
local photo booth rental,2026-04-13,0,2,12.0,0.0
local photo booth rental,2026-04-20,0,2,15.0,0.0
local photo booth rental,2026-05-04,0,6,15.88,0.0
local photo booth rental,2026-05-11,0,3,13.67,0.0
local photo booth rental,2026-05-18,0,2,19.5,0.0
local photo booth rental,2026-05-25,0,2,16.0,0.0
location photobooth,2026-02-09,0,2,64.0,0.0
location photobooth,2026-02-16,0,3,41.33,0.0
location photobooth,2026-03-02,0,1,41.0,0.0
lolita photo booth,2026-03-16,0,1,2.0,0.0
long term leasing photo booth,2026-04-06,0,1,25.0,0.0
lost at sea photoshoot props,2026-05-04,0,7,7.83,0.0
louer photobooth,2026-03-23,0,1,77.0,0.0
louer photomaton,2026-03-23,0,1,80.0,0.0
luxury photo booth,2026-02-16,0,1,69.0,0.0
luxury photo booth,2026-03-02,0,1,5.0,0.0
luxury photo booth rental,2026-02-09,0,1,4.0,0.0
luxury photo booth rental,2026-03-23,0,1,5.0,0.0
magazine booth,2026-02-16,0,1,8.0,0.0
magazine booth rental near me,2026-02-16,0,1,2.0,0.0
magazine box photo booth rental,2026-02-16,0,1,3.0,0.0
magazine cover photo booth,2026-03-30,0,1,6.0,0.0
magazine photo booth,2026-02-23,0,1,9.0,0.0
magazine photo booth dimensions,2026-03-23,0,1,3.0,0.0
magazine photo booth for sale,2026-03-23,0,1,2.0,0.0
magazine photo booth size,2026-04-06,0,1,2.0,0.0
magazine photobooth,2026-02-23,0,1,11.0,0.0
magic mirror miami,2026-02-23,0,1,41.0,0.0
magnetic photo booth frames,2026-05-04,0,1,28.0,0.0
majestic photo booth,2026-04-06,0,1,27.0,0.0
make a photo booth strip,2026-03-09,0,1,12.0,0.0
make a photo booth strip,2026-03-30,0,2,52.5,0.0
make a photo booth strip,2026-04-13,0,1,59.0,0.0
make a photo booth strip,2026-05-11,0,2,64.0,0.0
make a photo booth strip,2026-05-25,0,1,60.0,0.0
make a photobooth strip,2026-03-02,0,1,1.0,0.0
make your own photo booth props,2026-02-16,0,1,16.0,0.0
make your own photo booth props,2026-03-02,0,1,2.0,0.0
make your own photo booth props,2026-03-16,0,3,9.67,0.0
make your own photo booth props,2026-03-23,0,1,11.0,0.0
make your own photo booth props,2026-03-30,0,2,1.0,0.0
make your own photo booth props,2026-04-06,0,4,1.0,0.0
make your own photo booth props,2026-04-13,0,4,4.33,0.0
make your own photo booth props,2026-04-20,0,2,1.5,0.0
make your own photo booth props,2026-04-27,1,5,8.88,20.0
make your own photo booth props,2026-05-04,0,2,5.0,0.0
make your own photo booth props,2026-05-11,0,6,5.0,0.0
make your own photo booth props,2026-05-18,0,5,14.5,0.0
make your own photo booth props,2026-05-25,0,3,1.0,0.0
make your own photo props,2026-03-09,0,2,14.5,0.0
makna lagu photo booth,2026-02-09,0,1,1.0,0.0
makna photobooth,2026-02-09,0,1,1.0,0.0
mall photo booth,2026-04-13,0,1,1.0,0.0
manchon photo,2026-05-04,0,2,2.0,0.0
marie,2026-02-16,0,1,1.0,0.0
materials for photo booth,2026-03-23,0,1,16.0,0.0
meaning of photo booth,2026-02-16,0,1,1.0,0.0
meaning of photo booth,2026-03-16,0,1,11.0,0.0
meaning of photo booth,2026-03-30,0,1,1.0,0.0
meaning of photo booth,2026-04-06,0,1,2.0,0.0
meaning of photo booth,2026-05-04,0,1,5.0,0.0
meaning of photobooth,2026-03-09,0,1,1.0,0.0
meaning of photobooth,2026-03-23,0,1,1.0,0.0
meaning of photobooth,2026-04-06,0,1,1.0,0.0
meaning of photobooth,2026-04-13,0,1,2.0,0.0
meaning of photobooth,2026-05-18,0,2,10.0,0.0
measurements of photo booth strip,2026-05-04,0,5,1.0,0.0
measurements of photo booth strip,2026-05-11,0,2,1.5,0.0
mei booth,2026-02-09,0,1,5.0,0.0
mei photobooth,2026-03-30,0,1,11.0,0.0
meibooth,2026-02-23,0,1,8.0,0.0
meme photo booth,2026-03-30,0,1,1.0,0.0
meme photobooth,2026-02-16,0,1,1.0,0.0
meme photobooth,2026-02-23,0,1,1.0,0.0
meme photobooth,2026-03-02,0,1,1.0,0.0
memory board for celebration of life,2026-05-25,0,1,2.0,0.0
message booth,2026-03-09,0,1,50.0,0.0
message booth,2026-03-16,0,1,60.0,0.0
message booth,2026-03-23,0,1,52.0,0.0
message booth,2026-04-06,0,1,36.0,0.0
message booth,2026-04-13,0,1,35.0,0.0
message booth,2026-04-20,0,3,22.5,0.0
message booth,2026-04-27,0,1,31.0,0.0
message booth,2026-05-04,0,1,48.0,0.0
message booth,2026-05-25,0,1,57.0,0.0
mia booth,2026-02-09,0,2,9.5,0.0
mia booth,2026-02-16,0,2,5.0,0.0
mia booth,2026-02-23,0,1,5.0,0.0
mia booth,2026-03-02,0,1,7.0,0.0
mia booth,2026-03-30,0,1,5.0,0.0
mia booth,2026-04-27,0,1,19.0,0.0
mia booth,2026-05-04,0,1,1.0,0.0
mia booth,2026-05-11,0,2,9.5,0.0
mia booth,2026-05-18,0,1,7.0,0.0
mia booth latest,2026-02-09,0,2,16.5,0.0
mia fotografia,2026-04-13,0,2,13.0,0.0
mia mirror booth,2026-02-09,0,1,9.0,0.0
mia mirror booth,2026-02-16,0,2,8.0,0.0
mia mirror booth,2026-02-23,0,1,19.0,0.0
mia mirror booth,2026-04-06,0,1,23.0,0.0
mia mirror booth,2026-05-04,0,2,35.0,0.0
mia party rental,2026-02-09,0,1,8.0,0.0
mia photo,2026-04-13,0,1,7.0,0.0
mia photo,2026-04-27,0,2,5.0,0.0
mia photo,2026-05-11,0,1,5.0,0.0
mia photo,2026-05-18,0,1,3.0,0.0
mia photo,2026-05-25,0,1,2.0,0.0
mia photo booth,2026-02-09,1,7,1.25,14.286
mia photo booth,2026-02-16,1,10,1.73,10.0
mia photo booth,2026-02-23,2,5,1.12,40.0
mia photo booth,2026-03-02,0,5,1.0,0.0
mia photo booth,2026-03-09,0,3,1.33,0.0
mia photo booth,2026-03-16,0,5,1.5,0.0
mia photo booth,2026-03-23,1,5,1.67,20.0
mia photo booth,2026-03-30,0,2,1.0,0.0
mia photo booth,2026-04-06,0,4,1.33,0.0
mia photo booth,2026-04-13,0,2,1.0,0.0
mia photo booth,2026-04-20,1,1,1.0,100.0
mia photo booth,2026-04-27,0,1,1.0,0.0
mia photo booth,2026-05-04,0,3,6.0,0.0
mia photo booth,2026-05-11,1,3,1.0,33.333
mia photobooth,2026-02-09,1,7,1.27,14.286
mia photobooth,2026-02-16,1,2,1.0,50.0
mia photobooth,2026-02-23,1,3,1.0,33.333
mia photobooth,2026-03-02,0,2,2.5,0.0
mia photobooth,2026-03-09,0,3,1.0,0.0
mia photobooth,2026-03-16,0,1,1.0,0.0
mia photobooth,2026-03-23,0,2,3.0,0.0
mia photobooth,2026-03-30,0,4,1.0,0.0
mia photobooth,2026-04-06,0,1,5.0,0.0
mia photobooth,2026-04-13,0,2,9.5,0.0
mia photobooth,2026-04-20,0,1,1.0,0.0
mia photobooth,2026-04-27,0,4,5.25,0.0
mia photobooth,2026-05-04,2,5,1.62,40.0
mia photobooth,2026-05-11,0,1,1.0,0.0
mia photobooth,2026-05-18,0,3,2.67,0.0
mia photobooth,2026-05-25,0,2,2.0,0.0
mia photography,2026-03-02,0,1,1.0,0.0
mia photography,2026-03-09,0,2,5.0,0.0
mia photography,2026-03-23,0,1,4.0,0.0
mia photography,2026-03-30,0,1,3.0,0.0
mia photography,2026-04-06,0,1,2.0,0.0
mia photography,2026-05-11,0,2,3.5,0.0
mia photography,2026-05-25,0,1,6.0,0.0
mia photos,2026-03-09,0,1,2.0,0.0
mia photos,2026-04-20,0,1,4.0,0.0
mia picture,2026-02-23,0,1,9.0,0.0
mia's party rentals,2026-02-16,0,1,17.0,0.0
mia360,2026-03-16,0,1,10.0,0.0
mia360,2026-04-13,0,1,2.0,0.0
mia360,2026-05-04,0,1,11.0,0.0
mia360,2026-05-11,0,2,8.0,0.0
miami,2026-03-02,0,1,1.0,0.0
miami beach,2026-02-23,0,1,2.0,0.0
miami beach,2026-03-16,0,4,1.0,0.0
miami booth,2026-02-23,0,3,8.33,0.0
miami booth,2026-03-02,0,1,2.0,0.0
miami booth,2026-03-30,0,2,1.5,0.0
miami camera rentals,2026-04-13,0,1,43.0,0.0
miami event photo booth,2026-02-09,0,1,11.0,0.0
miami event photo booth,2026-02-16,0,4,13.75,0.0
miami event photo booth,2026-02-23,0,3,9.67,0.0
miami event photo booth,2026-03-02,0,4,7.25,0.0
miami event photo booth,2026-03-09,0,4,10.0,0.0
miami event photo booth,2026-03-16,0,4,28.17,0.0
miami event photo booth,2026-03-23,0,1,9.0,0.0
miami event photo booth,2026-03-30,0,12,6.12,0.0
miami event photo booth,2026-04-06,0,6,7.12,0.0
miami event photo booth,2026-04-13,0,5,9.2,0.0
miami event photo booth,2026-04-20,0,5,14.62,0.0
miami event photo booth,2026-04-27,0,1,69.0,0.0
miami event photo booth,2026-05-04,0,8,7.92,0.0
miami event photo booth,2026-05-11,0,2,7.0,0.0
miami event photo booth,2026-05-18,0,3,9.0,0.0
miami event photo booth,2026-05-25,0,1,12.0,0.0
miami event photo booth rental,2026-02-09,0,3,8.0,0.0
miami event photo booth rental,2026-02-16,0,6,7.0,0.0
miami event photo booth rental,2026-02-23,0,4,6.33,0.0
miami event photo booth rental,2026-03-02,0,5,7.11,0.0
miami event photo booth rental,2026-03-09,0,5,6.62,0.0
miami event photo booth rental,2026-03-16,0,5,5.0,0.0
miami event photo booth rental,2026-03-23,0,3,7.33,0.0
miami event photo booth rental,2026-03-30,0,5,12.0,0.0
miami event photo booth rental,2026-04-06,0,6,10.2,0.0
miami event photo booth rental,2026-04-13,0,5,14.2,0.0
miami event photo booth rental,2026-04-20,0,4,15.83,0.0
miami event photo booth rental,2026-04-27,0,5,14.0,0.0
miami event photo booth rental,2026-05-04,0,6,18.12,0.0
miami event photo booth rental,2026-05-11,0,5,17.88,0.0
miami event photo booth rental,2026-05-18,0,4,13.5,0.0
miami event photo booth rental,2026-05-25,0,4,17.5,0.0
miami event photos,2026-02-09,0,1,86.0,0.0
miami event photos,2026-02-16,0,2,97.0,0.0
miami headshot photo booths,2026-02-09,0,11,23.36,0.0
miami headshot photo booths,2026-02-16,0,13,19.71,0.0
miami headshot photo booths,2026-02-23,0,15,14.0,0.0
miami headshot photo booths,2026-03-02,0,9,14.92,0.0
miami headshot photo booths,2026-03-23,0,5,27.5,0.0
miami headshot photo booths,2026-03-30,0,6,26.1,0.0
miami headshot photo booths,2026-04-06,0,3,22.33,0.0
miami headshot photo booths,2026-04-20,0,3,10.67,0.0
miami headshot photo booths,2026-04-27,0,2,27.5,0.0
miami headshot photo booths,2026-05-04,0,10,20.29,0.0
miami headshot photo booths,2026-05-11,0,4,31.83,0.0
miami headshot photo booths,2026-05-25,0,3,23.33,0.0
miami photo,2026-03-09,0,3,4.0,0.0
miami photo,2026-03-16,0,2,2.5,0.0
miami photo booth,2026-02-09,1,16,2.72,6.25
miami photo booth,2026-02-16,1,23,3.09,4.348
miami photo booth,2026-02-23,2,34,2.25,5.882
miami photo booth,2026-03-02,1,22,3.98,4.545
miami photo booth,2026-03-09,1,26,3.49,3.846
miami photo booth,2026-03-16,1,31,3.58,3.226
miami photo booth,2026-03-23,0,12,4.31,0.0
miami photo booth,2026-03-30,0,22,4.45,0.0
miami photo booth,2026-04-06,0,20,8.78,0.0
miami photo booth,2026-04-13,2,16,5.22,12.5
miami photo booth,2026-04-20,0,13,5.52,0.0
miami photo booth,2026-04-27,0,7,4.88,0.0
miami photo booth,2026-05-04,1,31,9.63,3.226
miami photo booth,2026-05-11,2,16,6.95,12.5
miami photo booth,2026-05-18,0,14,5.38,0.0
miami photo booth,2026-05-25,0,10,9.56,0.0
miami photo booth party,2026-02-09,0,5,11.33,0.0
miami photo booth party,2026-02-16,0,5,8.83,0.0
miami photo booth party,2026-02-23,0,3,9.0,0.0
miami photo booth party,2026-03-02,0,2,5.0,0.0
miami photo booth party,2026-03-09,0,4,7.25,0.0
miami photo booth party,2026-03-16,0,6,8.75,0.0
miami photo booth party,2026-03-23,0,6,9.88,0.0
miami photo booth party,2026-03-30,0,4,10.5,0.0
miami photo booth party,2026-04-06,0,3,7.67,0.0
miami photo booth party,2026-04-13,0,5,18.62,0.0
miami photo booth party,2026-04-20,0,5,14.4,0.0
miami photo booth party,2026-04-27,0,5,19.88,0.0
miami photo booth party,2026-05-04,0,4,15.5,0.0
miami photo booth party,2026-05-11,0,6,20.58,0.0
miami photo booth party,2026-05-18,0,4,17.5,0.0
miami photo booth party,2026-05-25,0,3,32.0,0.0
miami photo booth rental,2026-02-09,0,34,9.52,0.0
miami photo booth rental,2026-02-16,1,59,5.31,1.695
miami photo booth rental,2026-02-23,2,48,4.75,4.167
miami photo booth rental,2026-03-02,0,53,6.17,0.0
miami photo booth rental,2026-03-09,0,49,6.48,0.0
miami photo booth rental,2026-03-16,0,40,5.94,0.0
miami photo booth rental,2026-03-23,0,39,8.64,0.0
miami photo booth rental,2026-03-30,0,32,8.33,0.0
miami photo booth rental,2026-04-06,0,37,17.08,0.0
miami photo booth rental,2026-04-13,0,33,13.57,0.0
miami photo booth rental,2026-04-20,0,30,16.85,0.0
miami photo booth rental,2026-04-27,0,31,16.18,0.0
miami photo booth rental,2026-05-04,1,35,17.73,2.857
miami photo booth rental,2026-05-11,0,28,19.25,0.0
miami photo booth rental,2026-05-18,0,72,20.18,0.0
miami photo booth rental,2026-05-25,0,17,20.74,0.0
miami photo booth rentals,2026-02-09,0,10,4.61,0.0
miami photo booth rentals,2026-02-16,0,2,7.5,0.0
miami photo booth rentals,2026-02-23,0,4,3.17,0.0
miami photo booth rentals,2026-03-02,0,2,2.0,0.0
miami photo booth rentals,2026-03-09,0,4,8.17,0.0
miami photo booth rentals,2026-03-16,0,2,4.0,0.0
miami photo booth rentals,2026-03-23,0,4,17.83,0.0
miami photo booth rentals,2026-03-30,0,4,8.67,0.0
miami photo booth rentals,2026-04-06,0,1,7.0,0.0
miami photo booth rentals,2026-04-13,0,4,11.5,0.0
miami photo booth rentals,2026-04-20,0,2,9.0,0.0
miami photo booth rentals,2026-04-27,1,4,13.0,25.0
miami photo booth rentals,2026-05-04,0,1,1.0,0.0
miami photo booth rentals,2026-05-11,0,1,15.0,0.0
miami photo booth rentals,2026-05-18,0,2,35.5,0.0
miami photo booth rentals,2026-05-25,0,2,15.5,0.0
miami photo booths,2026-03-09,0,5,3.38,0.0
miami photo booths,2026-03-16,0,4,7.5,0.0
miami photo booths,2026-03-23,0,8,4.53,0.0
miami photo booths,2026-03-30,0,3,2.0,0.0
miami photo booths,2026-04-06,0,5,7.12,0.0
miami photo booths,2026-04-13,0,2,15.0,0.0
miami photo booths,2026-04-20,0,2,16.5,0.0
miami photo booths,2026-04-27,0,1,13.0,0.0
miami photo booths,2026-05-04,0,2,12.0,0.0
miami photo booths,2026-05-11,0,2,13.0,0.0
miami photo booths,2026-05-18,0,3,13.25,0.0
miami photo booths,2026-05-25,0,2,22.0,0.0
miami photo studio rental,2026-02-16,0,1,67.0,0.0
miami photobooth,2026-02-09,0,7,4.71,0.0
miami photobooth,2026-02-16,0,13,3.07,0.0
miami photobooth,2026-02-23,2,19,3.21,10.526
miami photobooth,2026-03-02,4,21,5.07,19.048
miami photobooth,2026-03-09,0,15,6.27,0.0
miami photobooth,2026-03-16,1,18,9.5,5.556
miami photobooth,2026-03-23,0,6,6.0,0.0
miami photobooth,2026-03-30,0,9,5.53,0.0
miami photobooth,2026-04-06,0,6,6.5,0.0
miami photobooth,2026-04-13,0,7,9.29,0.0
miami photobooth,2026-04-20,0,3,19.0,0.0
miami photobooth,2026-04-27,0,3,12.75,0.0
miami photobooth,2026-05-04,0,4,13.0,0.0
miami photobooth,2026-05-11,0,5,7.0,0.0
miami photobooth,2026-05-18,0,5,6.5,0.0
miami photobooth rental,2026-02-09,0,3,6.0,0.0
miami photobooth rental,2026-02-16,0,3,4.33,0.0
miami photobooth rental,2026-02-23,0,1,1.0,0.0
miami photobooth rental,2026-03-02,0,4,3.17,0.0
miami photobooth rental,2026-03-09,0,7,7.0,0.0
miami photobooth rental,2026-03-16,1,10,7.35,10.0
miami photobooth rental,2026-03-23,1,5,8.89,20.0
miami photobooth rental,2026-03-30,0,2,9.0,0.0
miami wynwood,2026-02-16,0,1,1.0,0.0
miamiphoto,2026-02-16,0,1,16.0,0.0
miamiphoto,2026-02-23,0,1,20.0,0.0
miaphoto,2026-04-27,0,1,1.0,0.0
mias 360,2026-04-20,0,1,5.0,0.0
mihi photo booth,2026-04-13,0,1,32.0,0.0
minecraft photobooth layout,2026-03-23,0,1,4.0,0.0
mini photo booth,2026-03-16,0,1,6.0,0.0
mini photo booth,2026-05-04,0,2,10.5,0.0
mini photo booth strips,2026-02-09,0,1,2.0,0.0
mini photo strip,2026-03-30,0,2,2.0,0.0
mini photo strip size,2026-02-09,0,45,3.35,0.0
mini photo strip size,2026-02-16,0,29,2.61,0.0
mini photo strip size,2026-02-23,0,36,3.09,0.0
mini photo strip size,2026-03-02,0,24,4.77,0.0
mini photo strip size,2026-03-09,0,24,4.51,0.0
mini photo strip size,2026-03-16,0,32,3.1,0.0
mini photo strip size,2026-03-23,0,24,2.0,0.0
mini photo strip size,2026-03-30,0,19,1.94,0.0
mini photo strip size,2026-04-06,0,14,2.11,0.0
mini photo strip size,2026-04-13,0,22,1.68,0.0
mini photo strip size,2026-04-20,0,24,1.76,0.0
mini photo strip size,2026-04-27,0,19,1.92,0.0
mini photo strip size,2026-05-04,2,31,1.93,6.452
mini photo strip size,2026-05-11,0,11,1.94,0.0
mini photo strip size,2026-05-18,0,16,3.83,0.0
mini photo strip size,2026-05-25,0,18,4.41,0.0
mini photo strip size in cm,2026-02-09,0,3,1.67,0.0
mini photo strip size in cm,2026-02-16,0,2,1.5,0.0
mini photo strip size in cm,2026-03-02,0,3,2.0,0.0
mini photo strip size in cm,2026-03-16,0,1,2.0,0.0
mini photo strips,2026-02-09,0,1,4.0,0.0
mini photo strips,2026-04-06,0,1,5.0,0.0
mini photo strips,2026-04-20,0,1,6.0,0.0
mini photo strips size,2026-02-16,0,1,1.0,0.0
mini photo strips size,2026-02-23,0,4,1.17,0.0
mini photo strips size,2026-03-09,0,1,1.0,0.0
mini photobooth size,2026-02-09,0,7,1.0,0.0
mini photobooth size,2026-02-16,0,10,1.67,0.0
mini photobooth size,2026-02-23,0,5,1.5,0.0
mini photobooth size,2026-03-02,0,2,1.5,0.0
mini photobooth size,2026-03-09,0,6,3.0,0.0
mini photobooth size,2026-03-23,0,4,1.0,0.0
mini photobooth size,2026-03-30,0,3,1.0,0.0
mini photobooth size,2026-04-06,0,2,1.0,0.0
mini photobooth size,2026-04-13,0,3,1.0,0.0
mini photobooth size,2026-04-27,0,1,1.0,0.0
mini photobooth size,2026-05-04,0,2,1.0,0.0
mini photobooth size,2026-05-11,0,3,1.0,0.0
mini photobooth size,2026-05-18,0,2,1.5,0.0
mini photobooth strip size,2026-02-09,1,9,1.2,11.111
mini photobooth strip size,2026-02-16,0,7,1.83,0.0
mini photobooth strip size,2026-02-23,0,18,1.0,0.0
mini photobooth strip size,2026-03-02,0,10,1.07,0.0
mini photobooth strip size,2026-03-09,1,9,1.8,11.111
mini photobooth strip size,2026-03-16,0,10,1.1,0.0
mini photobooth strip size,2026-03-23,0,5,1.25,0.0
mini photobooth strip size,2026-03-30,0,6,1.92,0.0
mini photobooth strip size,2026-04-06,0,10,1.39,0.0
mini photobooth strip size,2026-04-13,0,5,1.38,0.0
mini photobooth strip size,2026-04-20,0,10,2.0,0.0
mini photobooth strip size,2026-04-27,0,5,1.67,0.0
mini photobooth strip size,2026-05-04,0,8,2.0,0.0
mini photobooth strip size,2026-05-11,0,1,2.0,0.0
mini photobooth strip size,2026-05-25,0,7,3.17,0.0
mini photostrip size,2026-02-09,0,3,3.67,0.0
mini photostrip size,2026-02-16,0,3,2.0,0.0
mini photostrip size,2026-02-23,0,3,1.0,0.0
mini photostrip size,2026-03-02,0,4,5.0,0.0
mini photostrip size,2026-03-09,0,1,1.0,0.0
mini photostrip size,2026-03-23,0,1,1.0,0.0
mini retro print size,2026-03-09,0,1,4.0,0.0
mini retro print size,2026-03-16,0,1,4.0,0.0
mini strips size,2026-02-09,0,3,6.67,0.0
mini strips size,2026-04-20,0,1,1.0,0.0
mini strips size,2026-05-04,0,2,5.5,0.0
minimalist photo booth rental companies,2026-05-11,0,1,5.0,0.0
mirror photo booth,2026-05-11,0,1,4.0,0.0
mirror photo booth,2026-05-18,0,1,1.0,0.0
mirror photo booth miami,2026-02-23,0,1,29.0,0.0
mirror photo booth miami,2026-03-16,0,1,36.0,0.0
mirror photo booth miami,2026-03-30,0,1,50.0,0.0
mirror photo booth miami,2026-05-11,0,1,67.0,0.0
mirror photo booth miami,2026-05-18,0,1,52.0,0.0
miso photo booth,2026-02-09,0,2,6.0,0.0
miss 360,2026-03-02,0,1,1.0,0.0
miss photo booth,2026-03-23,0,1,41.0,0.0
miss photo booth,2026-05-18,0,2,51.5,0.0
miss photo booth,2026-05-25,0,1,65.0,0.0
miu miu photobooth,2026-03-23,0,1,48.0,0.0
miu miu photobooth,2026-05-18,0,1,33.0,0.0
mk photo booth,2026-02-23,0,1,7.0,0.0
mlp photo booth,2026-03-09,0,1,6.0,0.0
mm,2026-02-09,0,1,1.0,0.0
mobile photo booth,2026-02-16,0,3,23.0,0.0
mobile photo booth,2026-03-02,0,2,35.5,0.0
mobile photo booth,2026-03-23,0,3,39.75,0.0
mobile photo booth,2026-03-30,0,3,14.67,0.0
mobile photo booth,2026-04-13,0,1,6.0,0.0
mobile photo booth,2026-04-20,0,2,4.0,0.0
mobile photo booth,2026-05-25,0,2,13.0,0.0
mobile photo booth rental,2026-02-09,0,1,44.0,0.0
mobile photo booth rental,2026-02-16,0,2,40.0,0.0
mobile photo booth rental,2026-02-23,0,1,61.0,0.0
mobile photo booth rental,2026-05-04,0,1,8.0,0.0
mobile photo booth rental,2026-05-11,0,1,4.0,0.0
mobile photo booth rental,2026-05-25,0,1,2.0,0.0
mobile photo booth rental service,2026-02-09,0,18,41.9,0.0
mobile photo booth rental service,2026-02-16,0,12,49.23,0.0
mobile photo booth rental service,2026-02-23,0,23,59.24,0.0
mobile photo booth rental service,2026-03-02,0,4,45.17,0.0
mobile photo booth rental service,2026-03-16,0,2,55.0,0.0
mobile photo booth rental service,2026-03-23,0,6,53.5,0.0
mobile photo booth rental service,2026-03-30,0,6,32.9,0.0
mobile photo booth rental service,2026-04-06,0,5,48.38,0.0
mobile photo booth rental service,2026-04-13,0,4,34.25,0.0
mobile photo booth rental service,2026-04-20,0,5,22.5,0.0
mobile photo booth rental service,2026-04-27,0,8,33.5,0.0
mobile photo booth rental service,2026-05-04,0,7,37.92,0.0
mobile photo booth rental service,2026-05-11,0,3,42.33,0.0
mobile photobooth,2026-03-23,1,1,4.0,100.0
mobile photobooth,2026-04-06,0,2,69.5,0.0
mobile photobooth,2026-04-27,0,1,41.0,0.0
mobile picture booth,2026-02-09,0,1,53.0,0.0
mocha photobooth,2026-03-23,0,1,1.0,0.0
modal usaha foto box,2026-05-18,0,1,3.0,0.0
model photo booth,2026-03-30,0,1,3.0,0.0
mong photobooth,2026-03-30,0,1,2.0,0.0
monkey photo strip,2026-02-09,0,1,1.0,0.0
monkey photobooth,2026-02-23,0,1,11.0,0.0
monkey pose photobooth,2026-03-16,0,1,5.0,0.0
monkey poses photobooth,2026-03-09,0,2,1.0,0.0
moodshot korean photobooth,2026-04-06,0,1,2.0,0.0
moonbox flushing,2026-03-16,0,1,5.0,0.0
moose booths,2026-03-16,0,1,7.0,0.0
more,2026-02-16,0,1,2.0,0.0
more,2026-05-04,0,1,2.0,0.0
more,2026-05-11,0,1,9.0,0.0
mother's day photo booth props printable,2026-04-27,0,1,9.0,0.0
ms photo booth,2026-04-13,0,1,67.0,0.0
msphotobooth,2026-04-06,0,1,5.0,0.0
mtv photobooth,2026-03-16,0,1,4.0,0.0
museum of us photo size,2026-05-25,0,1,1.0,0.0
my event photo booth,2026-03-09,0,1,28.0,0.0
my event photo booth,2026-03-16,0,1,44.0,0.0
my event photo booth,2026-03-23,0,1,50.0,0.0
my event photo booth,2026-04-13,0,3,11.75,0.0
my event photo booth,2026-05-18,0,1,92.0,0.0
my fun photo booth,2026-03-09,0,1,48.0,0.0
my photo booth,2026-02-16,0,1,86.0,0.0
my photo booth,2026-03-16,0,1,73.0,0.0
my photo booth,2026-03-23,0,2,43.5,0.0
my photo booth,2026-03-30,0,4,25.83,0.0
my photo booth,2026-04-06,0,1,3.0,0.0
my photo booth,2026-04-13,0,1,71.0,0.0
my photo booth,2026-05-11,0,1,5.0,0.0
my photo booth,2026-05-18,0,5,22.0,0.0
my photo booth,2026-05-25,0,2,78.0,0.0
my photo booth experience,2026-03-23,0,1,44.0,0.0
my photo booth experience,2026-04-13,0,1,33.0,0.0
my photo booth experience,2026-05-18,0,1,66.0,0.0
my photobooth,2026-02-09,0,1,7.0,0.0
my photobooth,2026-02-23,0,1,3.0,0.0
my photobooth,2026-03-02,0,1,63.0,0.0
my photobooth,2026-03-30,0,3,30.0,0.0
my photobooth,2026-04-13,0,1,79.0,0.0
my photobooth,2026-05-18,0,2,67.0,0.0
my photobooth,2026-05-25,0,2,43.5,0.0
myboothpic,2026-05-11,0,1,2.0,0.0
myphotobooth,2026-03-23,0,1,6.0,0.0
myphotobooth,2026-03-30,0,1,8.0,0.0
myphotobooth,2026-05-04,0,1,5.0,0.0
myphotobooth,2026-05-18,0,2,8.5,0.0
myphotobooth.com,2026-03-09,0,1,5.0,0.0
mysketchbooth,2026-02-16,0,1,3.0,0.0
máy in photobooth,2026-03-09,0,1,2.0,0.0
mía photobooth,2026-02-09,0,3,9.25,0.0
mía photobooth,2026-02-16,0,9,9.46,0.0
mía photobooth,2026-03-09,0,1,8.0,0.0
mía photobooth,2026-04-13,0,1,11.0,0.0
mía photobooth,2026-04-20,0,1,10.0,0.0
mía photobooth,2026-04-27,0,1,9.0,0.0
mặt,2026-03-02,0,1,3.0,0.0
nala studio cikutra,2026-03-16,0,1,7.0,0.0
nama photobooth,2026-02-16,0,1,3.0,0.0
nashallery photobooth,2026-02-23,0,1,9.0,0.0
nashallery photobooth,2026-03-02,0,1,12.0,0.0
nashallery photobooth,2026-03-30,0,1,10.0,0.0
nautical shipwrecked photoshoot prop ideas,2026-05-04,0,12,7.78,0.0
nearest photobooth,2026-03-30,0,1,2.0,0.0
negative photo strip,2026-02-16,0,1,2.0,0.0
neo photo,2026-02-16,0,1,7.0,0.0
neo photo,2026-03-16,0,1,4.0,0.0
new funny diy photo props,2026-03-16,0,2,43.5,0.0
new funny diy photo props,2026-03-23,0,1,38.0,0.0
newspaper photobooth,2026-02-09,0,1,9.0,0.0
newspaper photobooth,2026-04-13,0,1,10.0,0.0
normal polaroid size,2026-02-16,0,2,3.0,0.0
not so early photobooth,2026-02-23,0,1,1.0,0.0
objet photo booth moa,2026-02-09,0,1,1.0,0.0
oh snap photobooth,2026-02-16,0,1,12.0,0.0
ohoto booth rental,2026-02-16,0,1,3.0,0.0
ohoto booth rental,2026-05-18,0,1,5.0,0.0
old photo booth pictures,2026-04-13,0,1,2.0,0.0
old photo strip,2026-04-20,0,1,2.0,0.0
old photo strips,2026-02-09,0,1,2.0,0.0
old photo strips,2026-02-16,0,2,2.0,0.0
old photo strips,2026-02-23,0,1,2.0,0.0
old photo strips,2026-05-11,0,1,2.0,0.0
old school photo booth,2026-02-16,0,1,2.0,0.0
on a stick,2026-02-09,0,1,3.0,0.0
on word,2026-04-20,0,1,2.0,0.0
onderland lucky one mall photobooth,2026-02-09,0,4,2.75,0.0
online photo booth rental,2026-03-30,0,2,30.5,0.0
online photo booth rental,2026-05-25,0,3,37.5,0.0
oob out of booth experience,2026-03-02,0,1,2.0,0.0
oob photo,2026-02-16,0,1,2.0,0.0
oobe photos,2026-03-09,0,1,2.0,0.0
open air photo booth rental,2026-02-23,0,2,20.5,0.0
open air photo booth rental,2026-03-16,0,2,19.5,0.0
order photo booth strips,2026-03-02,0,1,4.0,0.0
other names,2026-04-27,0,1,3.0,0.0
our first photobooth,2026-03-30,0,1,3.0,0.0
pair prop polaroid,2026-04-13,0,1,3.0,0.0
pair prop polaroid,2026-04-20,0,3,7.0,0.0
pair prop polaroid,2026-05-04,0,4,8.67,0.0
paket usaha photobooth,2026-05-04,0,1,4.0,0.0
panoramic 360 photo booth setup,2026-02-09,0,9,16.53,0.0
panoramic 360 photo booth setup,2026-04-06,0,2,89.0,0.0
panoramic 360 photo booth setup,2026-05-04,0,5,32.88,0.0
panoramic 360 photo booth setup,2026-05-11,0,3,31.5,0.0
paparazzi photobooth,2026-03-30,0,1,3.0,0.0
paper booth,2026-02-16,0,1,1.0,0.0
paper photo booth,2026-02-23,0,1,3.0,0.0
paper photobooth,2026-02-16,0,1,2.0,0.0
party booth rentals,2026-02-09,0,2,6.0,0.0
party booths,2026-02-23,0,1,8.0,0.0
party camera,2026-02-16,0,1,13.0,0.0
party camera,2026-03-16,0,2,9.0,0.0
party camera,2026-04-27,0,1,16.0,0.0
party camera,2026-05-11,0,1,4.0,0.0
party camera booth,2026-04-13,0,1,6.0,0.0
party camera rental,2026-05-11,0,1,8.0,0.0
party photo booth,2026-02-09,0,4,76.0,0.0
party photo booth,2026-03-30,0,1,39.0,0.0
party photo booth ideas,2026-02-09,0,1,1.0,0.0
party photo booth rental,2026-02-09,0,13,1.43,0.0
party photo booth rental,2026-02-16,0,10,1.0,0.0
party photo booth rental,2026-02-23,0,11,1.0,0.0
party photo booth rental,2026-03-02,0,10,1.0,0.0
party photo booth rental,2026-03-09,0,10,1.0,0.0
party photo booth rental,2026-03-16,0,8,1.0,0.0
party photo booth rental,2026-03-23,0,10,1.0,0.0
party photo booth rental,2026-03-30,0,9,1.0,0.0
party photo booth rental,2026-04-06,0,9,2.43,0.0
party photo booth rental,2026-04-13,0,8,1.11,0.0
party photo booth rental,2026-04-20,0,14,1.48,0.0
party photo booth rental,2026-04-27,0,12,1.0,0.0
party photo booth rental,2026-05-04,0,14,1.0,0.0
party photo booth rental,2026-05-11,0,13,1.0,0.0
party photo booth rental,2026-05-18,0,15,1.29,0.0
party photo booth rental,2026-05-25,0,11,1.0,0.0
party photo booth rentals,2026-02-16,0,1,3.0,0.0
party photo booth rentals,2026-03-23,0,1,6.0,0.0
party photo booth rentals,2026-04-27,0,1,8.0,0.0
party photo booths,2026-03-16,0,1,12.0,0.0
party photo props photobooth,2026-02-23,0,1,8.0,0.0
party photobooth,2026-04-13,0,1,81.0,0.0
party photobooth rental,2026-04-20,0,1,46.0,0.0
party pics photo booth,2026-03-09,0,1,2.0,0.0
party picture booth,2026-02-16,0,1,76.0,0.0
party picture booth rental,2026-04-20,0,1,11.0,0.0
party rental photo booth,2026-03-30,0,1,7.0,0.0
party selfie booth,2026-02-09,0,1,7.0,0.0
party snaps photo booth,2026-02-23,0,1,3.0,0.0
passport photo booth,2026-02-23,0,1,10.0,0.0
passport photo booth,2026-04-06,0,3,65.67,0.0
passport photo strip,2026-02-09,0,1,7.0,0.0
"passport photo studio in coconut grove, fl",2026-03-09,0,1,90.0,0.0
"passport photo studio in coral gables, fl",2026-02-09,0,12,58.0,0.0
"passport photo studio in coral gables, fl",2026-02-16,0,10,62.14,0.0
"passport photo studio in coral gables, fl",2026-02-23,0,3,56.5,0.0
"passport photography coral gables, fl",2026-02-23,0,4,78.33,0.0
"passport photography coral gables, fl",2026-03-02,0,2,83.5,0.0
passport size and 2x2 is the same,2026-02-16,0,1,1.0,0.0
passport size and 2x2 is the same,2026-03-16,0,1,1.0,0.0
passport size pic size in inches,2026-03-23,0,1,1.0,0.0
patan photobooth,2026-04-20,0,1,12.0,0.0
pen toppers diy,2026-04-13,0,1,3.0,0.0
perbedaan foto box sama foto studio,2026-03-09,0,1,3.0,0.0
perbedaan foto studio dan photobooth,2026-02-16,0,1,1.0,0.0
perbedaan foto studio dan photobooth,2026-03-23,0,1,3.0,0.0
perbedaan photo booth dan photobox,2026-03-23,0,1,3.0,0.0
perbedaan photo box dan photo booth,2026-02-09,0,2,3.0,0.0
perbedaan photo box dan photo booth,2026-02-23,0,2,1.5,0.0
perbedaan photo box dan photo booth,2026-03-09,0,3,3.0,0.0
perbedaan photo box dan photo booth,2026-03-16,0,3,2.33,0.0
perbedaan photo box dan photo booth,2026-03-23,0,2,3.0,0.0
perbedaan photo box dan photo booth,2026-03-30,0,1,3.0,0.0
perbedaan photobooth dan photo studio,2026-02-23,0,4,1.0,0.0
perbedaan photobooth dan photo studio,2026-03-02,0,2,1.0,0.0
perbedaan photobooth dan photo studio,2026-03-16,0,3,2.67,0.0
perbedaan photobooth dan photo studio,2026-03-23,0,1,3.0,0.0
perbedaan photobooth dan photobox,2026-03-02,0,3,2.67,0.0
perbedaan photobooth dan photobox,2026-03-09,0,4,2.67,0.0
perbedaan photobooth dan photobox,2026-03-16,0,6,2.0,0.0
perbedaan photobooth dan photobox,2026-03-23,0,5,2.0,0.0
perbedaan photobooth dan photobox,2026-03-30,0,3,2.5,0.0
perbedaan photobooth photobox dan photo studio,2026-03-23,0,1,3.0,0.0
perbedaan photobox dan photo booth,2026-03-09,0,1,3.0,0.0
perbedaan photobox dan photo studio,2026-03-02,0,1,3.0,0.0
perbedaan photobox dan photo studio,2026-03-16,0,1,3.0,0.0
perbedaan photobox dan photo studio,2026-05-04,0,1,3.0,0.0
perbedaan photobox dan photobooth,2026-03-02,0,2,4.0,0.0
perbedaan photobox dan photobooth,2026-03-09,0,5,2.62,0.0
perbedaan photobox dan photobooth,2026-03-23,0,3,3.0,0.0
perbedaan photobox dan photobooth,2026-03-30,0,1,2.0,0.0
perbedaan self photo dan photobox,2026-02-23,0,1,2.0,0.0
personal photo booth,2026-03-30,0,1,38.0,0.0
personal photo booth,2026-05-25,0,2,48.0,0.0
personal photobooth,2026-03-30,0,1,82.0,0.0
perverted photobooth photos,2026-02-23,0,4,2.17,0.0
phoboth,2026-05-04,0,1,6.0,0.0
phone booth images,2026-03-09,0,1,10.0,0.0
phone booth images,2026-03-23,0,1,2.0,0.0
phone booth picture,2026-02-09,0,1,6.0,0.0
phone booth picture,2026-02-23,0,1,3.0,0.0
phone booth picture,2026-03-09,0,1,3.0,0.0
phone booth rental,2026-02-16,0,1,5.0,0.0
phone booth rental,2026-02-23,0,1,7.0,0.0
phone booth rental for events,2026-03-30,0,1,10.0,0.0
phone booth rental for wedding,2026-02-23,0,1,69.0,0.0
phone booth rental for wedding,2026-05-18,0,1,13.0,0.0
phone booth rental wedding,2026-02-16,0,1,86.0,0.0
phone booth rental wedding,2026-03-02,0,1,69.0,0.0
phone booth rental wedding,2026-04-06,0,1,56.0,0.0
phone booth rental wedding,2026-04-20,0,1,47.0,0.0
phone booth rental wedding,2026-05-04,0,1,4.0,0.0
phone booth wedding,2026-05-25,0,1,11.0,0.0
phone booth wedding rental,2026-02-16,0,1,9.0,0.0
phone booth wedding rental,2026-02-23,0,1,46.0,0.0
phone booth wedding rental,2026-03-09,0,1,10.0,0.0
phone booth wedding rental,2026-04-13,0,1,23.0,0.0
phone photo booth,2026-03-30,0,1,69.0,0.0
phone photo booth,2026-04-06,0,3,55.0,0.0
phone photobooth,2026-04-06,0,1,6.0,0.0
phoobooh,2026-03-02,0,1,11.0,0.0
phoot booth,2026-04-13,0,1,5.0,0.0
phooto booth,2026-03-30,0,1,10.0,0.0
phooto both,2026-04-20,0,1,8.0,0.0
phootobooth,2026-03-16,0,1,8.0,0.0
phoro booth,2026-02-16,0,1,2.0,0.0
phot boot,2026-02-09,0,1,11.0,0.0
phot booth,2026-02-09,0,1,78.0,0.0
phot booth,2026-02-16,0,1,1.0,0.0
phot booth,2026-03-30,0,1,6.0,0.0
phot both,2026-05-11,0,1,9.0,0.0
phot strip,2026-02-09,0,2,5.5,0.0
photboot,2026-03-30,0,1,3.0,0.0
photbooth,2026-02-09,0,3,5.67,0.0
photbooth,2026-02-23,0,2,3.5,0.0
photbooth,2026-03-02,0,1,3.0,0.0
photbooth,2026-03-09,0,1,1.0,0.0
photbooth,2026-04-06,0,1,9.0,0.0
photbooth near me,2026-02-23,0,1,3.0,0.0
photbooth near me,2026-03-02,0,2,8.5,0.0
photbooth rental,2026-05-18,0,1,4.0,0.0
photbooth strip,2026-03-02,0,1,7.0,0.0
photbooths near me,2026-02-23,0,2,10.0,0.0
photho booth,2026-02-09,0,1,1.0,0.0
photi booth,2026-02-23,0,1,6.0,0.0
photo,2026-02-16,0,1,3.0,0.0
photo,2026-03-09,0,1,1.0,0.0
photo 2 by 2 inch,2026-04-06,0,1,1.0,0.0
photo 2x2 inches,2026-03-09,0,1,1.0,0.0
photo 360 booth rental,2026-04-20,0,1,24.0,0.0
photo album for photo booth strips,2026-05-25,0,1,5.0,0.0
photo and video booth rental,2026-03-30,0,1,62.0,0.0
photo and video booth rental,2026-04-13,0,1,39.0,0.0
photo and video booth rental,2026-04-27,0,1,54.0,0.0
photo atm,2026-03-23,0,1,7.0,0.0
photo atrip,2026-02-23,0,1,2.0,0.0
photo atrip,2026-03-02,0,1,2.0,0.0
photo backdrop,2026-03-30,0,1,28.0,0.0
photo background,2026-03-30,0,1,12.0,0.0
photo bar,2026-02-16,0,1,2.0,0.0
photo bars,2026-02-16,0,2,16.0,0.0
photo boards for celebration of life,2026-05-18,0,1,2.0,0.0
photo boith,2026-02-23,0,2,3.0,0.0
photo bokth,2026-03-30,0,2,5.0,0.0
photo bokth,2026-04-13,0,1,12.0,0.0
photo boo,2026-04-06,0,1,3.0,0.0
photo book rental,2026-04-06,0,1,5.0,0.0
photo boomerang,2026-04-06,0,1,2.0,0.0
photo boooth,2026-03-30,0,2,6.5,0.0
photo boooth,2026-05-04,0,1,5.0,0.0
photo boot,2026-02-16,0,3,4.0,0.0
photo boot,2026-02-23,0,5,6.0,0.0
photo boot,2026-03-02,0,1,4.0,0.0
photo boot,2026-03-30,0,1,12.0,0.0
photo boot,2026-04-06,0,2,9.0,0.0
photo bootg,2026-02-16,0,1,5.0,0.0
photo bootg,2026-02-23,0,1,1.0,0.0
photo bootg,2026-03-02,0,1,6.0,0.0
photo bootg,2026-03-16,0,1,7.0,0.0
photo bootg,2026-03-23,0,1,8.0,0.0
photo booth,2026-02-09,1,192,17.36,0.521
photo booth,2026-02-16,2,197,10.57,1.015
photo booth,2026-02-23,0,211,9.22,0.0
photo booth,2026-03-02,1,96,14.1,1.042
photo booth,2026-03-09,1,58,7.46,1.724
photo booth,2026-03-16,0,68,7.11,0.0
photo booth,2026-03-23,1,103,13.85,0.971
photo booth,2026-03-30,2,164,23.0,1.22
photo booth,2026-04-06,0,77,12.77,0.0
photo booth,2026-04-13,0,74,6.52,0.0
photo booth,2026-04-20,1,52,7.27,1.923
photo booth,2026-04-27,1,47,6.48,2.128
photo booth,2026-05-04,0,52,7.14,0.0
photo booth,2026-05-11,0,47,8.44,0.0
photo booth,2026-05-18,0,33,6.46,0.0
photo booth,2026-05-25,0,7,1.0,0.0
photo booth & props,2026-02-23,0,1,64.0,0.0
photo booth 360 rental,2026-02-16,0,2,8.5,0.0
photo booth 360 rental near me,2026-03-02,0,1,11.0,0.0
photo booth 4 pictures,2026-03-02,0,1,4.0,0.0
photo booth 4 pictures,2026-03-09,0,1,4.0,0.0
photo booth 4 pictures,2026-05-11,0,1,21.0,0.0
photo booth accessories,2026-05-04,0,1,1.0,0.0
photo booth adalah,2026-02-09,0,1,3.0,0.0
photo booth adalah,2026-02-23,0,1,1.0,0.0
photo booth adalah,2026-03-09,0,1,2.0,0.0
photo booth adalah,2026-03-16,0,1,3.0,0.0
photo booth adalah,2026-03-23,0,4,3.0,0.0
photo booth adalah,2026-03-30,0,6,2.72,0.0
photo booth adalah,2026-04-27,0,1,3.0,0.0
photo booth album,2026-02-23,0,3,7.5,0.0
photo booth and trade show backdrops,2026-03-09,0,1,29.0,0.0
photo booth apa,2026-02-23,0,1,3.0,0.0
photo booth apa,2026-03-30,0,2,3.0,0.0
photo booth app,2026-03-23,0,1,2.0,0.0
photo booth arcade,2026-03-02,0,1,2.0,0.0
photo booth around me,2026-02-09,0,1,9.0,0.0
photo booth art,2026-02-23,0,1,10.0,0.0
photo booth artinya,2026-02-09,0,4,2.67,0.0
photo booth artinya,2026-02-23,0,1,1.0,0.0
photo booth artinya,2026-04-06,0,1,3.0,0.0
photo booth artinya,2026-04-27,0,2,2.5,0.0
photo booth artinya,2026-05-04,0,2,3.0,0.0
photo booth artinya dalam bahasa indonesia,2026-02-23,0,1,2.0,0.0
photo booth artinya dalam bahasa indonesia,2026-03-23,0,1,2.0,0.0
photo booth artinya dalam bahasa indonesia,2026-03-30,0,1,3.0,0.0
photo booth atau photo box,2026-03-09,0,1,3.0,0.0
photo booth atau photobooth,2026-02-09,0,1,1.0,0.0
photo booth atau photobooth,2026-03-16,0,1,3.0,0.0
photo booth atau photobooth,2026-03-23,0,2,3.0,0.0
photo booth atau photobooth,2026-05-04,0,1,2.0,0.0
photo booth atau photobox,2026-02-16,0,2,1.0,0.0
photo booth atau photobox,2026-03-02,0,1,3.0,0.0
photo booth atau photobox,2026-03-30,0,1,3.0,0.0
photo booth attendant,2026-04-27,0,1,3.0,0.0
photo booth back drop,2026-03-16,0,1,6.0,0.0
photo booth backdrop,2026-05-11,0,1,6.0,0.0
photo booth backdrop rental,2026-02-09,0,1,73.0,0.0
photo booth backdrop rental,2026-03-23,0,2,7.0,0.0
photo booth backdrop rental,2026-05-25,0,1,9.0,0.0
photo booth backdrop size,2026-02-23,0,1,11.0,0.0
photo booth backdrop size,2026-03-02,0,1,14.0,0.0
photo booth backdrop size,2026-03-09,0,1,67.0,0.0
photo booth backdrop size,2026-03-23,0,1,50.0,0.0
photo booth backdrop size,2026-05-04,0,1,66.0,0.0
photo booth backdrop size,2026-05-11,0,2,26.0,0.0
photo booth bandung,2026-05-04,0,1,2.0,0.0
photo booth banjarmasin,2026-03-09,0,1,13.0,0.0
photo booth banner,2026-03-16,0,1,8.0,0.0
photo booth banner size,2026-02-09,0,1,3.0,0.0
photo booth banner size,2026-02-16,0,1,3.0,0.0
photo booth banner size,2026-05-11,0,1,13.0,0.0
photo booth bar,2026-03-02,0,1,65.0,0.0
photo booth bareng pacar,2026-04-13,0,1,2.0,0.0
photo booth bear me,2026-02-09,0,1,1.0,0.0
photo booth berdua,2026-03-23,0,1,10.0,0.0
photo booth bilder,2026-05-25,0,1,7.0,0.0
photo booth birthday,2026-02-23,1,1,4.0,100.0
photo booth black and white,2026-02-16,0,1,70.0,0.0
photo booth black and white,2026-03-02,0,1,67.0,0.0
photo booth black and white,2026-03-23,0,2,46.5,0.0
photo booth black and white,2026-03-30,0,3,35.33,0.0
photo booth black and white,2026-05-11,0,2,69.0,0.0
photo booth black and white,2026-05-18,0,1,18.0,0.0
photo booth black and white strip,2026-04-27,0,1,4.0,0.0
photo booth board,2026-02-09,0,1,2.0,0.0
photo booth border,2026-05-11,0,2,7.0,0.0
photo booth box rental,2026-02-09,0,1,10.0,0.0
photo booth brand activations in south florida,2026-02-09,0,6,41.0,0.0
photo booth brand activations in south florida,2026-02-16,0,5,41.2,0.0
photo booth brand activations in south florida,2026-02-23,0,3,55.75,0.0
photo booth brand activations in south florida,2026-03-02,0,1,89.0,0.0
photo booth bridal shower,2026-05-11,0,1,20.0,0.0
photo booth business,2026-03-16,0,2,7.0,0.0
photo booth business,2026-03-30,0,1,11.0,0.0
photo booth business,2026-04-13,0,1,1.0,0.0
photo booth business,2026-05-04,0,1,16.0,0.0
photo booth business,2026-05-25,0,1,7.0,0.0
photo booth business name ideas,2026-02-23,0,1,2.0,0.0
photo booth business names,2026-04-06,0,1,3.0,0.0
photo booth business names,2026-04-20,0,1,3.0,0.0
photo booth camera,2026-03-16,0,3,8.0,0.0
photo booth camera,2026-03-30,0,1,4.0,0.0
photo booth camera rental,2026-02-16,0,1,2.0,0.0
photo booth camera rental,2026-04-06,0,2,19.0,0.0
photo booth camera rental,2026-04-13,0,1,46.0,0.0
photo booth camera rental,2026-05-04,0,1,17.0,0.0
photo booth case,2026-02-09,0,1,6.0,0.0
photo booth center point,2026-03-23,0,1,1.0,0.0
photo booth central,2026-04-06,0,1,4.0,0.0
photo booth cerca de mi,2026-02-16,0,1,1.0,0.0
photo booth cerca de mi,2026-02-23,0,5,1.0,0.0
photo booth cerca de mi,2026-03-02,0,2,1.0,0.0
photo booth cerca de mi,2026-04-06,0,1,73.0,0.0
photo booth challenge,2026-02-09,0,1,1.0,0.0
photo booth chinese,2026-02-16,0,1,3.0,0.0
photo booth chinese,2026-03-23,0,1,1.0,0.0
photo booth chinese,2026-04-06,0,1,2.0,0.0
photo booth chinese,2026-05-04,0,2,2.0,0.0
photo booth co,2026-04-06,0,1,8.0,0.0
photo booth companies,2026-03-16,0,1,9.0,0.0
photo booth companies,2026-04-13,0,2,12.0,0.0
photo booth companies,2026-05-11,0,1,11.0,0.0
photo booth company,2026-02-09,0,10,7.69,0.0
photo booth company,2026-02-16,0,10,7.11,0.0
photo booth company,2026-02-23,0,8,3.5,0.0
photo booth company,2026-03-02,0,5,4.62,0.0
photo booth company,2026-03-09,0,7,5.67,0.0
photo booth company,2026-03-16,0,7,4.67,0.0
photo booth company,2026-03-23,0,7,5.08,0.0
photo booth company,2026-03-30,0,10,12.79,0.0
photo booth company,2026-04-06,0,8,18.42,0.0
photo booth company,2026-04-13,0,9,8.22,0.0
photo booth company,2026-04-20,0,11,10.9,0.0
photo booth company,2026-04-27,0,8,9.47,0.0
photo booth company,2026-05-04,0,7,10.46,0.0
photo booth company,2026-05-11,0,7,8.4,0.0
photo booth company,2026-05-18,0,9,5.83,0.0
photo booth company,2026-05-25,0,10,11.29,0.0
photo booth corner,2026-02-23,0,2,2.0,0.0
photo booth crafts,2026-03-09,0,1,9.0,0.0
photo booth custom,2026-03-16,0,1,52.0,0.0
photo booth custom,2026-03-23,0,2,59.0,0.0
photo booth cutout,2026-02-09,0,1,5.0,0.0
photo booth dan photobox,2026-03-09,0,1,2.0,0.0
photo booth date,2026-02-09,0,1,1.0,0.0
photo booth date,2026-02-16,0,1,1.0,0.0
photo booth date,2026-03-16,0,1,1.0,0.0
photo booth decorations ideas,2026-02-23,0,1,93.0,0.0
photo booth definition,2026-02-16,0,1,75.0,0.0
photo booth definition,2026-03-23,0,1,60.0,0.0
photo booth definition,2026-03-30,0,1,2.0,0.0
photo booth definition,2026-04-06,0,2,31.5,0.0
photo booth definition,2026-04-13,0,1,68.0,0.0
photo booth definition,2026-05-25,0,2,63.5,0.0
photo booth delta,2026-02-16,0,1,1.0,0.0
photo booth denpasar,2026-03-16,0,1,3.0,0.0
photo booth depok,2026-03-30,0,1,3.0,0.0
photo booth description,2026-02-09,0,6,78.0,0.0
photo booth description,2026-02-16,0,5,79.6,0.0
photo booth description,2026-02-23,0,5,82.0,0.0
photo booth description,2026-03-02,0,5,71.4,0.0
photo booth description,2026-03-09,0,3,70.67,0.0
photo booth description,2026-03-16,0,5,30.12,0.0
photo booth di hp,2026-03-30,0,1,9.0,0.0
photo booth di tunjungan plaza surabaya,2026-03-30,0,1,3.0,0.0
photo booth dimension,2026-03-16,0,2,1.0,0.0
photo booth dimension,2026-03-30,0,4,1.0,0.0
photo booth dimension,2026-04-06,0,2,1.0,0.0
photo booth dimension,2026-04-13,0,1,1.0,0.0
photo booth dimension,2026-04-20,0,3,1.0,0.0
photo booth dimension,2026-05-11,0,7,1.5,0.0
photo booth dimension,2026-05-18,0,4,2.0,0.0
photo booth dimension,2026-05-25,0,1,2.0,0.0
photo booth dimensions,2026-02-09,0,23,1.99,0.0
photo booth dimensions,2026-02-16,0,23,4.35,0.0
photo booth dimensions,2026-02-23,0,18,2.34,0.0
photo booth dimensions,2026-03-02,0,24,2.24,0.0
photo booth dimensions,2026-03-09,1,20,4.32,5.0
photo booth dimensions,2026-03-16,0,24,1.22,0.0
photo booth dimensions,2026-03-23,0,23,2.14,0.0
photo booth dimensions,2026-03-30,0,33,1.46,0.0
photo booth dimensions,2026-04-06,1,28,1.6,3.571
photo booth dimensions,2026-04-13,1,34,1.35,2.941
photo booth dimensions,2026-04-20,0,24,1.26,0.0
photo booth dimensions,2026-04-27,1,30,1.55,3.333
photo booth dimensions,2026-05-04,0,28,2.32,0.0
photo booth dimensions,2026-05-11,0,26,1.29,0.0
photo booth dimensions,2026-05-18,1,30,1.69,3.333
photo booth dimensions,2026-05-25,0,29,1.38,0.0
photo booth directory,2026-02-16,0,1,10.0,0.0
photo booth display,2026-02-16,0,1,61.0,0.0
photo booth display,2026-04-06,0,3,16.25,0.0
photo booth display,2026-04-13,0,1,13.0,0.0
photo booth diy props,2026-03-30,0,1,1.0,0.0
photo booth diy props,2026-04-06,0,1,5.0,0.0
photo booth diy props,2026-04-13,0,1,1.0,0.0
photo booth diy props,2026-04-27,0,2,8.5,0.0
photo booth diy props,2026-05-04,0,1,7.0,0.0
photo booth en español,2026-02-16,0,1,4.0,0.0
photo booth en español,2026-05-04,0,1,3.0,0.0
photo booth en español,2026-05-18,0,1,2.0,0.0
photo booth en francais,2026-05-11,0,1,2.0,0.0
photo booth equipment rental,2026-04-13,0,1,100.0,0.0
photo booth event,2026-02-09,0,2,5.5,0.0
photo booth film strip,2026-02-09,0,5,3.0,0.0
photo booth film strip,2026-02-16,0,1,4.0,0.0
photo booth film strip,2026-03-02,0,2,2.0,0.0
photo booth film strip,2026-03-16,0,1,1.0,0.0
photo booth film strip,2026-03-23,0,2,2.5,0.0
photo booth film strip,2026-04-06,0,1,1.0,0.0
photo booth film strip,2026-05-25,0,1,7.0,0.0
photo booth film strip size,2026-02-09,0,6,1.4,0.0
photo booth film strip size,2026-02-16,0,1,2.0,0.0
photo booth film strip size,2026-02-23,0,2,2.5,0.0
photo booth film strip size,2026-03-02,1,7,2.33,14.286
photo booth film strip size,2026-03-09,0,1,1.0,0.0
photo booth film strip size,2026-03-16,0,4,1.5,0.0
photo booth film strip size,2026-03-23,0,8,1.12,0.0
photo booth film strip size,2026-03-30,0,3,2.0,0.0
photo booth film strip size,2026-04-06,0,1,4.0,0.0
photo booth film strip size,2026-04-13,0,5,1.75,0.0
photo booth film strip size,2026-04-20,0,1,1.0,0.0
photo booth film strip size,2026-04-27,0,3,2.0,0.0
photo booth film strip size,2026-05-11,0,3,1.25,0.0
photo booth film strip size,2026-05-18,1,4,1.75,25.0
photo booth film strip size,2026-05-25,0,8,1.5,0.0
photo booth filter,2026-03-09,0,1,12.0,0.0
photo booth florida,2026-02-16,0,1,21.0,0.0
photo booth florida,2026-03-30,0,1,73.0,0.0
photo booth foam frame,2026-05-11,0,1,13.0,0.0
photo booth for,2026-03-02,0,2,9.5,0.0
photo booth for bars,2026-02-23,0,1,4.0,0.0
photo booth for bridal shower,2026-05-11,0,1,10.0,0.0
photo booth for bridal showers,2026-05-04,0,2,21.0,0.0
photo booth for bridal showers,2026-05-11,0,1,1.0,0.0
photo booth for charity galas,2026-05-04,0,2,26.5,0.0
photo booth for charity galas,2026-05-11,0,3,25.5,0.0
photo booth for corporate events,2026-03-09,0,2,41.0,0.0
photo booth for event,2026-04-13,0,1,11.0,0.0
photo booth for events,2026-02-23,0,2,3.5,0.0
photo booth for events near me,2026-02-09,0,1,10.0,0.0
photo booth for parties,2026-02-16,0,1,7.0,0.0
photo booth for parties,2026-03-09,0,1,21.0,0.0
photo booth for parties,2026-03-23,0,1,13.0,0.0
photo booth for parties,2026-03-30,0,3,10.5,0.0
photo booth for parties,2026-04-13,0,1,6.0,0.0
photo booth for parties,2026-05-11,0,1,1.0,0.0
photo booth for parties rental,2026-04-13,0,1,9.0,0.0
photo booth for party,2026-03-02,0,1,12.0,0.0
photo booth for party rental,2026-02-23,0,1,22.0,0.0
photo booth for party rental,2026-03-02,0,3,45.33,0.0
photo booth for party rental,2026-05-18,0,2,51.5,0.0
photo booth for pictures,2026-03-16,0,1,2.0,0.0
photo booth for pictures,2026-03-23,0,1,2.0,0.0
photo booth for rent,2026-02-09,0,8,5.93,0.0
photo booth for rent,2026-02-16,0,7,4.25,0.0
photo booth for rent,2026-02-23,0,8,5.42,0.0
photo booth for rent,2026-03-02,0,6,3.38,0.0
photo booth for rent,2026-03-09,0,5,4.75,0.0
photo booth for rent,2026-03-16,0,7,2.75,0.0
photo booth for rent,2026-03-23,0,7,4.08,0.0
photo booth for rent,2026-03-30,0,18,7.4,0.0
photo booth for rent,2026-04-06,0,17,5.65,0.0
photo booth for rent,2026-04-13,0,7,7.08,0.0
photo booth for rent,2026-04-20,0,11,7.79,0.0
photo booth for rent,2026-04-27,0,5,7.5,0.0
photo booth for rent,2026-05-04,0,6,8.4,0.0
photo booth for rent,2026-05-11,0,8,7.3,0.0
photo booth for rent,2026-05-18,0,9,9.0,0.0
photo booth for rent,2026-05-25,0,6,14.17,0.0
photo booth for rent near me,2026-03-02,0,1,48.0,0.0
photo booth for rental,2026-02-09,0,2,10.0,0.0
photo booth for rental,2026-02-16,0,1,38.0,0.0
photo booth for rental,2026-02-23,0,4,59.0,0.0
photo booth for rental,2026-03-02,0,1,68.0,0.0
photo booth for sale near me,2026-02-09,0,1,85.0,0.0
photo booth for wedding,2026-02-09,0,1,9.0,0.0
photo booth for wedding,2026-02-16,0,1,9.0,0.0
photo booth for wedding,2026-02-23,0,3,9.67,0.0
photo booth for wedding,2026-03-16,0,1,10.0,0.0
photo booth for wedding,2026-03-30,0,1,16.0,0.0
photo booth for wedding,2026-04-06,0,1,18.0,0.0
photo booth for wedding,2026-04-13,0,1,17.0,0.0
photo booth for wedding,2026-04-20,0,1,18.0,0.0
photo booth for wedding,2026-04-27,0,1,15.0,0.0
photo booth for wedding,2026-05-04,0,1,16.0,0.0
photo booth for wedding,2026-05-11,0,1,16.0,0.0
photo booth for wedding,2026-05-18,0,1,19.0,0.0
photo booth for wedding,2026-05-25,0,1,15.0,0.0
photo booth for wedding rental,2026-02-09,0,6,32.06,0.0
photo booth for wedding rental,2026-02-16,0,5,38.38,0.0
photo booth for wedding rental,2026-03-30,0,3,23.0,0.0
photo booth for wedding rental,2026-04-06,0,1,31.0,0.0
photo booth for wedding rental,2026-04-13,0,1,42.0,0.0
photo booth for wedding rental,2026-04-20,0,7,41.5,0.0
photo booth for wedding rental,2026-04-27,0,4,58.83,0.0
photo booth for weddings,2026-02-09,0,2,15.5,0.0
photo booth for weddings,2026-02-16,0,3,9.0,0.0
photo booth for weddings,2026-02-23,0,2,13.5,0.0
photo booth for weddings,2026-03-09,0,4,6.33,0.0
photo booth for weddings,2026-03-16,0,2,12.5,0.0
photo booth for weddings,2026-03-23,0,2,18.5,0.0
photo booth for weddings,2026-03-30,0,4,16.25,0.0
photo booth for weddings,2026-04-06,0,2,15.0,0.0
photo booth for weddings,2026-04-13,0,2,23.0,0.0
photo booth for weddings,2026-04-20,0,2,28.5,0.0
photo booth for weddings,2026-04-27,0,2,27.0,0.0
photo booth for weddings,2026-05-04,0,2,26.0,0.0
photo booth for weddings,2026-05-11,0,4,12.67,0.0
photo booth for weddings,2026-05-18,0,2,28.5,0.0
photo booth for weddings,2026-05-25,0,2,24.0,0.0
photo booth format,2026-02-16,0,1,8.0,0.0
photo booth format,2026-03-02,0,1,6.0,0.0
photo booth format,2026-03-30,0,1,4.0,0.0
photo booth format,2026-05-04,0,1,3.0,0.0
photo booth format,2026-05-25,0,2,3.5,0.0
photo booth fotos,2026-05-25,0,1,3.0,0.0
photo booth frame,2026-02-09,0,2,5.5,0.0
photo booth frame,2026-02-23,0,1,12.0,0.0
photo booth frame,2026-03-16,0,2,1.0,0.0
photo booth frame,2026-03-23,0,2,2.0,0.0
photo booth frame,2026-04-27,0,1,35.0,0.0
photo booth frame dimensions,2026-02-09,0,1,11.0,0.0
photo booth frame dimensions,2026-02-16,0,1,7.0,0.0
photo booth frame dimensions,2026-02-23,0,3,8.33,0.0
photo booth frame dimensions,2026-03-02,0,1,12.0,0.0
photo booth frame dimensions,2026-03-16,0,1,3.0,0.0
photo booth frame dimensions,2026-03-23,0,2,2.0,0.0
photo booth frame dimensions,2026-03-30,0,1,3.0,0.0
photo booth frame dimensions,2026-04-06,0,3,4.0,0.0
photo booth frame dimensions,2026-04-13,0,1,12.0,0.0
photo booth frame dimensions,2026-04-20,0,2,1.0,0.0
photo booth frame dimensions,2026-04-27,1,6,5.25,16.667
photo booth frame dimensions,2026-05-04,0,1,1.0,0.0
photo booth frame dimensions,2026-05-11,0,2,10.0,0.0
photo booth frame dimensions,2026-05-18,0,1,6.0,0.0
photo booth frame measurements,2026-02-09,0,1,14.0,0.0
photo booth frame measurements,2026-02-23,0,2,4.5,0.0
photo booth frame measurements,2026-03-02,0,2,9.0,0.0
photo booth frame measurements,2026-03-09,0,1,3.0,0.0
photo booth frame measurements,2026-03-16,0,2,6.0,0.0
photo booth frame measurements,2026-04-13,0,1,3.0,0.0
photo booth frame size,2026-02-09,0,17,5.6,0.0
photo booth frame size,2026-02-16,0,8,5.08,0.0
photo booth frame size,2026-02-23,0,9,2.27,0.0
photo booth frame size,2026-03-02,0,9,5.63,0.0
photo booth frame size,2026-03-09,1,12,3.72,8.333
photo booth frame size,2026-03-16,2,19,2.81,10.526
photo booth frame size,2026-03-23,2,25,2.71,8.0
photo booth frame size,2026-03-30,0,12,2.67,0.0
photo booth frame size,2026-04-06,0,11,2.88,0.0
photo booth frame size,2026-04-13,0,18,2.62,0.0
photo booth frame size,2026-04-20,0,18,3.75,0.0
photo booth frame size,2026-04-27,1,20,3.69,5.0
photo booth frame size,2026-05-04,2,25,3.87,8.0
photo booth frame size,2026-05-11,1,25,3.21,4.0
photo booth frame size,2026-05-18,0,16,4.02,0.0
photo booth frame size,2026-05-25,0,17,3.37,0.0
photo booth frames,2026-02-16,0,2,7.0,0.0
photo booth graduation,2026-02-16,0,1,3.0,0.0
photo booth gratis,2026-03-16,0,1,10.0,0.0
photo booth hire,2026-02-09,0,1,12.0,0.0
photo booth hire,2026-02-16,0,3,34.33,0.0
photo booth hire,2026-04-13,0,1,7.0,0.0
photo booth hire brentwood,2026-05-11,0,1,70.0,0.0
photo booth hire company,2026-03-30,0,1,14.0,0.0
photo booth hire company,2026-04-27,0,1,95.0,0.0
"photo booth hire company in hialeah, fl -site:indeed.com -site:instagram.com -site:wikipedia.org -site:linkedin.com -site:bark.com -site:facebook.com/groups",2026-03-09,0,1,9.0,0.0
"photo booth hire company in hialeah, fl -site:indeed.com -site:instagram.com -site:wikipedia.org -site:linkedin.com -site:bark.com -site:facebook.com/groups",2026-04-06,0,1,7.0,0.0
photo booth hire corby,2026-05-11,0,2,79.5,0.0
photo booth history,2026-03-16,0,1,3.0,0.0
photo booth holder frame,2026-02-16,0,1,3.0,0.0
photo booth icon,2026-03-09,0,1,6.0,0.0
photo booth icon,2026-05-11,0,2,5.0,0.0
photo booth icon,2026-05-25,0,1,3.0,0.0
photo booth ideas props,2026-04-06,0,1,13.0,0.0
photo booth ideas props,2026-04-13,0,1,16.0,0.0
photo booth ideas props,2026-05-25,0,1,17.0,0.0
photo booth image,2026-02-16,0,2,70.0,0.0
photo booth image,2026-03-09,0,1,32.0,0.0
photo booth image,2026-03-23,0,2,1.0,0.0
photo booth image,2026-03-30,0,2,1.0,0.0
photo booth image,2026-04-13,0,1,9.0,0.0
photo booth image,2026-04-27,0,5,4.25,0.0
photo booth image,2026-05-04,0,5,4.67,0.0
photo booth image,2026-05-11,0,3,4.0,0.0
photo booth image,2026-05-18,0,1,1.0,0.0
photo booth image size,2026-02-09,0,6,2.25,0.0
photo booth image size,2026-02-16,0,4,1.33,0.0
photo booth image size,2026-02-23,0,5,2.0,0.0
photo booth image size,2026-03-02,0,3,1.0,0.0
photo booth image size,2026-03-09,0,2,1.5,0.0
photo booth image size,2026-03-16,0,3,1.5,0.0
photo booth image size,2026-03-23,0,2,2.0,0.0
photo booth image size,2026-03-30,0,2,1.0,0.0
photo booth image size,2026-04-06,0,3,1.0,0.0
photo booth image size,2026-04-13,0,4,1.0,0.0
photo booth image size,2026-04-20,0,2,1.0,0.0
photo booth image size,2026-04-27,1,3,1.0,33.333
photo booth image size,2026-05-04,0,2,1.5,0.0
photo booth image size,2026-05-11,0,7,1.75,0.0
photo booth image size,2026-05-18,0,3,1.25,0.0
photo booth image size,2026-05-25,0,4,1.25,0.0
photo booth images,2026-02-09,0,11,40.06,0.0
photo booth images,2026-02-16,0,15,24.11,0.0
photo booth images,2026-02-23,0,20,26.81,0.0
photo booth images,2026-03-02,0,7,25.06,0.0
photo booth images,2026-03-09,0,8,27.06,0.0
photo booth images,2026-03-16,0,15,31.34,0.0
photo booth images,2026-03-23,0,8,24.67,0.0
photo booth images,2026-03-30,0,1,33.0,0.0
photo booth images,2026-04-06,0,6,18.8,0.0
photo booth images,2026-04-13,0,6,20.1,0.0
photo booth images,2026-04-20,0,1,18.0,0.0
photo booth images,2026-04-27,0,11,16.47,0.0
photo booth images,2026-05-04,0,9,35.27,0.0
photo booth images,2026-05-11,0,13,20.85,0.0
photo booth images,2026-05-18,0,1,24.0,0.0
photo booth in,2026-03-23,0,1,3.0,0.0
photo booth in arabic,2026-02-23,0,1,2.0,0.0
photo booth in arabic,2026-04-20,0,1,2.0,0.0
photo booth in chinese,2026-02-09,0,3,2.33,0.0
photo booth in chinese,2026-02-16,0,3,2.25,0.0
photo booth in chinese,2026-02-23,0,5,2.67,0.0
photo booth in chinese,2026-03-02,0,4,2.0,0.0
photo booth in chinese,2026-03-09,0,1,2.0,0.0
photo booth in chinese,2026-03-30,0,1,2.0,0.0
photo booth in chinese,2026-04-06,0,2,2.0,0.0
photo booth in chinese,2026-04-13,0,2,2.5,0.0
photo booth in chinese,2026-05-04,0,1,2.0,0.0
photo booth in chinese,2026-05-11,0,1,3.0,0.0
photo booth in event,2026-02-09,0,1,2.0,0.0
photo booth in french,2026-03-09,0,1,2.0,0.0
photo booth in french,2026-03-16,0,1,2.0,0.0
photo booth in french,2026-03-23,0,1,2.0,0.0
photo booth in french,2026-04-20,0,1,3.0,0.0
photo booth in french,2026-04-27,0,1,2.0,0.0
photo booth in french,2026-05-11,0,1,2.0,0.0
photo booth in japanese,2026-03-16,0,1,3.0,0.0
photo booth in japanese,2026-03-23,0,1,3.0,0.0
photo booth in japanese,2026-03-30,0,1,3.0,0.0
photo booth in korean,2026-03-30,0,1,3.0,0.0
photo booth in korean,2026-05-11,0,1,3.0,0.0
photo booth in malay,2026-02-23,0,1,3.0,0.0
photo booth in malay,2026-03-16,0,2,3.0,0.0
photo booth in malay,2026-03-30,0,1,2.0,0.0
photo booth in mall,2026-02-23,0,1,2.0,0.0
photo booth in mall,2026-03-23,0,1,4.0,0.0
photo booth in miami,2026-02-09,0,12,9.15,0.0
photo booth in miami,2026-02-16,0,15,5.81,0.0
photo booth in miami,2026-02-23,0,12,12.11,0.0
photo booth in miami,2026-03-02,0,6,15.12,0.0
photo booth in miami,2026-03-09,0,9,12.17,0.0
photo booth in miami,2026-03-16,0,8,13.8,0.0
photo booth in miami,2026-03-23,0,9,13.08,0.0
photo booth in miami,2026-03-30,0,7,17.29,0.0
photo booth in miami,2026-04-06,0,2,20.5,0.0
photo booth in miami,2026-04-13,0,6,14.62,0.0
photo booth in miami,2026-04-20,0,2,24.0,0.0
photo booth in miami,2026-04-27,1,5,19.0,20.0
photo booth in miami,2026-05-04,0,4,14.0,0.0
photo booth in miami,2026-05-11,0,4,18.33,0.0
photo booth in miami,2026-05-18,0,2,18.0,0.0
photo booth in miami,2026-05-25,0,2,23.0,0.0
photo booth in miami fl,2026-02-09,0,1,12.0,0.0
photo booth in miami fl,2026-03-09,0,1,12.0,0.0
"photo booth in miami, florida -site:indeed.com -site:instagram.com -site:wikipedia.org -site:linkedin.com -site:bark.com -site:facebook.com/groups",2026-02-23,0,1,5.0,0.0
"photo booth in miami, florida -site:indeed.com -site:instagram.com -site:wikipedia.org -site:linkedin.com -site:bark.com -site:facebook.com/groups",2026-03-16,0,1,9.0,0.0
"photo booth in miami, florida -site:indeed.com -site:instagram.com -site:wikipedia.org -site:linkedin.com -site:bark.com -site:facebook.com/groups",2026-04-13,0,1,15.0,0.0
photo booth in spanish,2026-02-09,0,8,2.12,0.0
photo booth in spanish,2026-02-16,0,9,2.67,0.0
photo booth in spanish,2026-02-23,0,4,2.0,0.0
photo booth in spanish,2026-03-02,0,4,2.17,0.0
photo booth in spanish,2026-03-09,0,6,2.0,0.0
photo booth in spanish,2026-03-16,0,11,2.17,0.0
photo booth in spanish,2026-03-23,0,4,2.0,0.0
photo booth in spanish,2026-03-30,0,9,2.0,0.0
photo booth in spanish,2026-04-06,0,6,2.0,0.0
photo booth in spanish,2026-04-13,0,8,2.25,0.0
photo booth in spanish,2026-04-20,0,5,2.0,0.0
photo booth in spanish,2026-04-27,0,5,2.0,0.0
photo booth in spanish,2026-05-04,0,14,2.0,0.0
photo booth in spanish,2026-05-11,0,3,2.0,0.0
photo booth in spanish,2026-05-18,0,3,2.0,0.0
photo booth in spanish,2026-05-25,0,2,2.0,0.0
photo booth in tagalog,2026-02-09,0,13,1.0,0.0
photo booth in tagalog,2026-02-16,0,4,1.0,0.0
photo booth in tagalog,2026-02-23,0,7,1.2,0.0
photo booth in tagalog,2026-03-02,0,4,1.0,0.0
photo booth in tagalog,2026-03-09,0,2,1.0,0.0
photo booth in tagalog,2026-03-23,0,1,3.0,0.0
photo booth in tagalog,2026-04-13,0,5,1.0,0.0
photo booth in the mall,2026-04-13,0,1,13.0,0.0
photo booth inside,2026-02-16,0,1,76.0,0.0
photo booth international,2026-03-02,0,1,40.0,0.0
photo booth international,2026-03-23,0,2,51.0,0.0
photo booth international,2026-03-30,0,1,54.0,0.0
photo booth international,2026-04-13,0,2,55.0,0.0
photo booth international,2026-04-20,0,2,49.0,0.0
photo booth international,2026-04-27,0,1,55.0,0.0
photo booth international rent a photobooth,2026-03-23,0,1,18.0,0.0
photo booth international rent a photobooth,2026-03-30,0,2,16.0,0.0
photo booth international rent a photobooth,2026-05-11,0,1,8.0,0.0
photo booth khobar,2026-02-23,0,1,6.0,0.0
photo booth kiralama,2026-03-23,0,2,24.5,0.0
photo booth kiralama,2026-05-04,0,1,35.0,0.0
photo booth kya hota hai,2026-05-04,0,1,3.0,0.0
photo booth lakeland fl,2026-02-09,0,1,94.0,0.0
photo booth lakeland fl,2026-02-23,0,1,87.0,0.0
photo booth lakeland fl,2026-04-20,0,6,64.67,0.0
photo booth lakeland fl,2026-04-27,0,3,80.33,0.0
photo booth lakeland fl,2026-05-04,0,3,74.0,0.0
photo booth lakeland fl,2026-05-11,0,1,53.0,0.0
photo booth land o lakes fl,2026-05-18,0,3,19.0,0.0
photo booth land o lakes fl,2026-05-25,0,1,20.0,0.0
photo booth layout ideas,2026-02-23,0,1,94.0,0.0
photo booth machine rental,2026-02-09,0,9,8.57,0.0
photo booth machine rental,2026-02-16,0,8,4.53,0.0
photo booth machine rental,2026-02-23,0,11,5.07,0.0
photo booth machine rental,2026-03-02,0,6,4.22,0.0
photo booth machine rental,2026-03-09,0,4,7.25,0.0
photo booth machine rental,2026-03-16,0,8,7.9,0.0
photo booth machine rental,2026-03-23,0,10,6.14,0.0
photo booth machine rental,2026-03-30,0,9,6.47,0.0
photo booth machine rental,2026-04-06,0,6,9.12,0.0
photo booth machine rental,2026-04-13,0,11,6.57,0.0
photo booth machine rental,2026-04-20,0,12,6.17,0.0
photo booth machine rental,2026-04-27,0,15,6.24,0.0
photo booth machine rental,2026-05-04,0,9,5.7,0.0
photo booth machine rental,2026-05-11,0,8,4.23,0.0
photo booth machine rental,2026-05-18,0,6,12.5,0.0
photo booth machine rental,2026-05-25,0,9,17.47,0.0
photo booth mall,2026-03-09,0,1,5.0,0.0
photo booth materials,2026-02-09,0,1,1.0,0.0
photo booth materials,2026-03-09,0,2,22.0,0.0
photo booth materials,2026-03-16,0,1,1.0,0.0
photo booth materials,2026-03-23,0,2,23.0,0.0
photo booth materials,2026-03-30,0,2,7.0,0.0
photo booth materials,2026-04-20,0,1,34.0,0.0
photo booth materials,2026-04-27,0,1,80.0,0.0
photo booth materials,2026-05-04,0,1,1.0,0.0
photo booth materials,2026-05-11,0,4,22.83,0.0
photo booth materials,2026-05-18,0,1,32.0,0.0
photo booth mean,2026-04-06,0,1,2.0,0.0
photo booth meaning,2026-02-09,0,10,1.65,0.0
photo booth meaning,2026-02-16,0,5,34.88,0.0
photo booth meaning,2026-02-23,0,5,3.0,0.0
photo booth meaning,2026-03-02,0,3,24.25,0.0
photo booth meaning,2026-03-09,0,14,5.23,0.0
photo booth meaning,2026-03-16,0,16,21.3,0.0
photo booth meaning,2026-03-23,0,11,1.06,0.0
photo booth meaning,2026-03-30,0,17,13.67,0.0
photo booth meaning,2026-04-06,0,11,10.75,0.0
photo booth meaning,2026-04-13,0,13,47.08,0.0
photo booth meaning,2026-04-20,0,1,3.0,0.0
photo booth meaning,2026-04-27,0,7,22.7,0.0
photo booth meaning,2026-05-04,0,3,1.67,0.0
photo booth meaning,2026-05-11,0,6,48.0,0.0
photo booth meaning,2026-05-18,0,4,51.25,0.0
photo booth meaning,2026-05-25,0,2,38.5,0.0
photo booth means,2026-03-02,0,2,41.5,0.0
photo booth means,2026-03-09,0,2,1.0,0.0
photo booth means,2026-03-16,0,3,44.0,0.0
photo booth means,2026-03-30,0,1,3.0,0.0
photo booth means,2026-04-06,0,1,95.0,0.0
photo booth means,2026-04-13,0,1,3.0,0.0
photo booth means,2026-04-20,0,1,43.0,0.0
photo booth means,2026-04-27,0,1,44.0,0.0
photo booth means,2026-05-04,0,1,1.0,0.0
photo booth means,2026-05-18,0,1,76.0,0.0
photo booth means,2026-05-25,0,1,56.0,0.0
photo booth measurements,2026-02-09,0,10,1.95,0.0
photo booth measurements,2026-02-16,0,1,1.0,0.0
photo booth measurements,2026-02-23,0,2,3.5,0.0
photo booth measurements,2026-03-02,0,3,1.33,0.0
photo booth measurements,2026-03-09,0,10,3.38,0.0
photo booth measurements,2026-03-16,1,8,3.44,12.5
photo booth measurements,2026-03-23,0,3,2.75,0.0
photo booth measurements,2026-03-30,0,4,1.0,0.0
photo booth measurements,2026-04-06,0,3,1.5,0.0
photo booth measurements,2026-04-13,0,4,1.75,0.0
photo booth measurements,2026-04-20,0,4,1.33,0.0
photo booth measurements,2026-04-27,0,4,4.5,0.0
photo booth measurements,2026-05-04,0,7,2.1,0.0
photo booth measurements,2026-05-11,0,6,1.62,0.0
photo booth measurements,2026-05-18,0,3,1.0,0.0
photo booth measurements,2026-05-25,0,2,3.0,0.0
photo booth medidas,2026-03-16,1,6,2.0,16.667
photo booth miami,2026-02-09,0,83,5.55,0.0
photo booth miami,2026-02-16,0,67,3.49,0.0
photo booth miami,2026-02-23,1,65,4.66,1.538
photo booth miami,2026-03-02,2,56,6.25,3.571
photo booth miami,2026-03-09,1,72,7.35,1.389
photo booth miami,2026-03-16,1,78,9.16,1.282
photo booth miami,2026-03-23,0,61,8.81,0.0
photo booth miami,2026-03-30,1,34,7.95,2.941
photo booth miami,2026-04-06,0,26,13.02,0.0
photo booth miami,2026-04-13,0,25,12.71,0.0
photo booth miami,2026-04-20,0,30,14.08,0.0
photo booth miami,2026-04-27,0,25,12.26,0.0
photo booth miami,2026-05-04,1,29,12.48,3.448
photo booth miami,2026-05-11,0,31,13.36,0.0
photo booth miami,2026-05-18,0,20,14.94,0.0
photo booth miami,2026-05-25,0,9,21.31,0.0
photo booth miami fl,2026-02-09,0,12,8.35,0.0
photo booth miami fl,2026-02-16,0,12,7.7,0.0
photo booth miami fl,2026-02-23,0,7,8.0,0.0
photo booth miami fl,2026-03-02,0,7,12.4,0.0
photo booth miami fl,2026-03-09,0,8,16.38,0.0
photo booth miami fl,2026-03-16,0,10,11.58,0.0
photo booth miami fl,2026-03-23,0,6,12.38,0.0
photo booth miami fl,2026-03-30,0,7,14.6,0.0
photo booth miami fl,2026-04-06,0,6,14.62,0.0
photo booth miami fl,2026-04-13,0,9,17.08,0.0
photo booth miami fl,2026-04-20,0,6,16.2,0.0
photo booth miami fl,2026-04-27,0,6,17.1,0.0
photo booth miami fl,2026-05-04,0,7,17.2,0.0
photo booth miami fl,2026-05-11,0,9,15.5,0.0
photo booth miami fl,2026-05-18,0,3,17.0,0.0
photo booth miami fl,2026-05-25,0,5,18.75,0.0
photo booth miami rental,2026-02-09,0,16,8.99,0.0
photo booth miami rental,2026-02-16,0,17,7.46,0.0
photo booth miami rental,2026-02-23,0,17,9.88,0.0
photo booth miami rental,2026-03-02,0,19,8.71,0.0
photo booth miami rental,2026-03-09,0,16,6.43,0.0
photo booth miami rental,2026-03-16,0,18,5.74,0.0
photo booth miami rental,2026-03-23,0,17,9.64,0.0
photo booth miami rental,2026-03-30,0,17,8.5,0.0
photo booth miami rental,2026-04-06,0,13,10.75,0.0
photo booth miami rental,2026-04-13,0,15,12.42,0.0
photo booth miami rental,2026-04-20,0,15,17.39,0.0
photo booth miami rental,2026-04-27,0,19,18.7,0.0
photo booth miami rental,2026-05-04,0,17,13.9,0.0
photo booth miami rental,2026-05-11,0,17,18.67,0.0
photo booth miami rental,2026-05-18,0,16,22.76,0.0
photo booth miami rental,2026-05-25,0,18,24.14,0.0
photo booth mieten,2026-05-25,0,1,86.0,0.0
photo booth mkg,2026-05-04,0,2,6.0,0.0
photo booth mobile,2026-02-23,0,1,68.0,0.0
photo booth name,2026-03-16,0,2,31.5,0.0
photo booth name,2026-03-23,0,2,16.0,0.0
photo booth name,2026-04-20,0,1,26.0,0.0
photo booth name,2026-05-04,0,1,3.0,0.0
photo booth name,2026-05-11,0,1,33.0,0.0
photo booth name ideas,2026-02-09,0,1,3.0,0.0
photo booth name ideas,2026-04-13,0,1,1.0,0.0
photo booth name ideas,2026-04-27,0,1,3.0,0.0
photo booth name ideas,2026-05-04,0,1,3.0,0.0
photo booth name ideas,2026-05-18,0,1,2.0,0.0
photo booth names,2026-02-09,0,2,13.5,0.0
photo booth names,2026-02-16,0,4,23.0,0.0
photo booth names,2026-02-23,0,2,30.0,0.0
photo booth names,2026-03-02,0,8,26.9,0.0
photo booth names,2026-03-09,0,11,26.02,0.0
photo booth names,2026-03-16,0,14,23.07,0.0
photo booth names,2026-03-23,0,14,18.83,0.0
photo booth names,2026-03-30,0,1,16.0,0.0
photo booth names,2026-04-06,0,2,3.5,0.0
photo booth names,2026-04-13,0,4,19.0,0.0
photo booth names,2026-04-20,0,7,25.4,0.0
photo booth names,2026-05-04,0,3,20.67,0.0
photo booth names,2026-05-11,0,1,11.0,0.0
photo booth names,2026-05-18,0,2,3.0,0.0
photo booth names ideas,2026-03-02,0,1,4.0,0.0
photo booth names ideas,2026-03-09,0,1,3.0,0.0
photo booth names ideas,2026-04-20,0,1,3.0,0.0
photo booth names ideas,2026-04-27,0,1,2.0,0.0
photo booth nashik,2026-03-30,0,1,1.0,0.0
photo booth neae me,2026-02-09,0,1,1.0,0.0
photo booth near me,2026-02-09,0,1,15.0,0.0
photo booth near me,2026-02-16,0,5,8.75,0.0
photo booth near me,2026-02-23,0,4,8.33,0.0
photo booth near me,2026-03-02,0,1,10.0,0.0
photo booth near me,2026-03-09,0,2,31.0,0.0
photo booth near me,2026-03-16,0,5,6.0,0.0
photo booth near me,2026-03-23,0,4,10.25,0.0
photo booth near me,2026-03-30,0,1,8.0,0.0
photo booth near me,2026-04-06,0,3,11.67,0.0
photo booth near me,2026-04-13,0,1,25.0,0.0
photo booth near me,2026-04-20,0,3,11.67,0.0
photo booth near me,2026-04-27,0,1,26.0,0.0
photo booth near me,2026-05-04,0,2,31.0,0.0
photo booth near me,2026-05-11,0,2,26.0,0.0
photo booth near me,2026-05-18,0,1,30.0,0.0
photo booth near me open now,2026-04-27,0,1,12.0,0.0
photo booth network classifieds,2026-02-23,0,1,7.0,0.0
photo booth newspaper,2026-03-02,0,1,2.0,0.0
photo booth newspaper,2026-03-09,0,1,6.0,0.0
photo booth on rent,2026-04-13,0,1,62.0,0.0
photo booth one word or two,2026-02-16,0,1,84.0,0.0
photo booth one word or two,2026-03-02,0,1,50.0,0.0
photo booth one word or two,2026-04-06,0,1,84.0,0.0
photo booth one word or two,2026-05-11,0,1,92.0,0.0
photo booth options,2026-05-25,0,1,1.0,0.0
photo booth or photobooth,2026-02-16,0,1,2.0,0.0
photo booth or photobooth,2026-02-23,0,1,2.0,0.0
photo booth or photobooth,2026-03-02,0,1,2.0,0.0
photo booth or photobooth,2026-03-16,0,1,2.0,0.0
photo booth or photobooth,2026-03-23,0,2,1.5,0.0
photo booth or photobooth,2026-03-30,0,2,2.5,0.0
photo booth or photobooth,2026-04-13,0,2,1.5,0.0
photo booth or photobooth,2026-04-27,0,1,2.0,0.0
photo booth or photobooth,2026-05-11,0,1,2.0,0.0
photo booth or photobooth,2026-05-18,0,1,3.0,0.0
photo booth p,2026-02-16,0,1,1.0,0.0
photo booth p,2026-03-02,0,2,1.0,0.0
photo booth p,2026-04-06,0,1,1.0,0.0
photo booth padang,2026-03-16,0,1,2.0,0.0
photo booth paper,2026-02-09,0,5,1.62,0.0
photo booth paper,2026-02-23,0,1,1.0,0.0
photo booth paper,2026-03-02,0,3,18.75,0.0
photo booth paper,2026-03-09,0,1,34.0,0.0
photo booth paper,2026-03-16,0,2,1.5,0.0
photo booth paper,2026-03-23,0,1,3.0,0.0
photo booth paper,2026-03-30,0,2,17.5,0.0
photo booth paper,2026-04-20,0,1,3.0,0.0
photo booth paper,2026-04-27,0,3,14.67,0.0
photo booth paper,2026-05-04,0,11,12.53,0.0
photo booth paper,2026-05-11,0,2,15.5,0.0
photo booth paper size,2026-02-09,0,12,1.75,0.0
photo booth paper size,2026-02-16,0,15,1.95,0.0
photo booth paper size,2026-02-23,0,13,1.8,0.0
photo booth paper size,2026-03-02,0,8,2.33,0.0
photo booth paper size,2026-03-09,0,9,2.0,0.0
photo booth paper size,2026-03-16,0,7,1.9,0.0
photo booth paper size,2026-03-23,0,7,1.38,0.0
photo booth paper size,2026-03-30,0,5,1.17,0.0
photo booth paper size,2026-04-06,0,10,1.76,0.0
photo booth paper size,2026-04-13,0,3,1.33,0.0
photo booth paper size,2026-04-20,0,11,1.71,0.0
photo booth paper size,2026-04-27,0,6,1.88,0.0
photo booth paper size,2026-05-04,0,9,1.83,0.0
photo booth paper size,2026-05-11,1,9,1.7,11.111
photo booth paper size,2026-05-18,0,11,2.92,0.0
photo booth paper size,2026-05-25,0,4,1.83,0.0
photo booth paper strips,2026-02-09,0,3,2.0,0.0
photo booth paper strips,2026-02-16,0,2,2.0,0.0
photo booth paper strips,2026-02-23,0,2,2.5,0.0
photo booth paper strips,2026-03-02,0,7,9.9,0.0
photo booth paper strips,2026-03-09,0,3,2.0,0.0
photo booth paper strips,2026-03-23,0,1,2.0,0.0
photo booth paper strips,2026-03-30,0,5,9.4,0.0
photo booth paper strips,2026-04-06,0,7,9.75,0.0
photo booth paper strips,2026-04-13,0,1,12.0,0.0
photo booth paper strips,2026-04-20,0,4,7.0,0.0
photo booth paper strips,2026-04-27,0,5,12.0,0.0
photo booth paper strips,2026-05-04,0,9,8.25,0.0
photo booth paper strips,2026-05-11,0,5,11.67,0.0
photo booth paper strips,2026-05-18,0,4,2.0,0.0
photo booth paper strips,2026-05-25,0,1,2.0,0.0
photo booth paper strips size,2026-02-09,0,8,2.58,0.0
photo booth paper strips size,2026-02-16,0,1,2.0,0.0
photo booth paper strips size,2026-02-23,0,1,1.0,0.0
photo booth paper strips size,2026-03-02,0,1,3.0,0.0
photo booth paper strips size,2026-03-09,0,5,2.78,0.0
photo booth parts,2026-03-23,0,1,2.0,0.0
photo booth party hire,2026-02-09,0,2,7.5,0.0
photo booth party rental,2026-02-09,0,1,5.0,0.0
photo booth party rental,2026-03-30,0,1,7.0,0.0
photo booth party rental near me,2026-02-09,0,1,8.0,0.0
photo booth party rentals,2026-02-09,0,1,8.0,0.0
photo booth phone,2026-02-16,0,1,66.0,0.0
photo booth phone,2026-04-06,0,1,7.0,0.0
photo booth photo,2026-02-09,0,6,5.61,0.0
photo booth photo,2026-02-16,0,3,2.33,0.0
photo booth photo,2026-02-23,0,5,23.17,0.0
photo booth photo,2026-03-02,0,5,3.12,0.0
photo booth photo,2026-03-09,1,8,15.25,12.5
photo booth photo,2026-03-16,0,2,4.0,0.0
photo booth photo,2026-03-23,0,3,5.0,0.0
photo booth photo,2026-03-30,0,4,2.33,0.0
photo booth photo,2026-04-13,0,1,2.0,0.0
photo booth photo,2026-04-20,0,1,2.0,0.0
photo booth photo,2026-04-27,0,2,3.5,0.0
photo booth photo,2026-05-04,0,4,7.67,0.0
photo booth photo,2026-05-11,0,10,10.35,0.0
photo booth photo,2026-05-18,0,2,3.0,0.0
photo booth photo,2026-05-25,0,1,9.0,0.0
photo booth photo album,2026-02-16,0,1,11.0,0.0
photo booth photo book,2026-02-16,0,1,5.0,0.0
photo booth photo booth,2026-05-11,0,2,3.5,0.0
photo booth photo dimensions,2026-02-09,1,12,2.3,8.333
photo booth photo dimensions,2026-02-16,0,5,2.88,0.0
photo booth photo dimensions,2026-02-23,1,4,2.0,25.0
photo booth photo dimensions,2026-03-02,0,3,1.75,0.0
photo booth photo dimensions,2026-03-09,0,3,2.0,0.0
photo booth photo dimensions,2026-03-16,0,4,2.75,0.0
photo booth photo dimensions,2026-03-23,0,4,2.33,0.0
photo booth photo dimensions,2026-03-30,1,4,1.83,25.0
photo booth photo dimensions,2026-04-06,0,6,2.0,0.0
photo booth photo dimensions,2026-04-13,0,4,2.25,0.0
photo booth photo dimensions,2026-04-20,1,3,1.67,33.333
photo booth photo dimensions,2026-04-27,0,4,2.17,0.0
photo booth photo dimensions,2026-05-04,0,4,1.75,0.0
photo booth photo dimensions,2026-05-11,0,2,2.5,0.0
photo booth photo dimensions,2026-05-18,0,5,2.2,0.0
photo booth photo dimensions,2026-05-25,0,1,2.0,0.0
photo booth photo display,2026-02-23,0,1,1.0,0.0
photo booth photo frame,2026-02-09,0,2,4.5,0.0
photo booth photo frame,2026-02-16,0,1,32.0,0.0
photo booth photo frame,2026-03-09,0,1,11.0,0.0
photo booth photo frame,2026-03-16,0,2,6.0,0.0
photo booth photo frame,2026-03-23,0,3,4.25,0.0
photo booth photo frame,2026-05-04,0,1,6.0,0.0
photo booth photo frame,2026-05-18,0,1,10.0,0.0
photo booth photo frame,2026-05-25,0,1,4.0,0.0
photo booth photo name,2026-03-30,0,3,8.33,0.0
photo booth photo name,2026-04-06,0,8,2.5,0.0
photo booth photo name,2026-04-13,0,3,5.0,0.0
photo booth photo name,2026-04-20,0,2,5.0,0.0
photo booth photo name,2026-04-27,0,3,9.0,0.0
photo booth photo name,2026-05-04,0,4,4.0,0.0
photo booth photo name,2026-05-11,1,3,4.33,33.333
photo booth photo name,2026-05-18,0,3,1.25,0.0
photo booth photo name,2026-05-25,0,3,1.5,0.0
photo booth photo paper,2026-04-13,0,1,11.0,0.0
photo booth photo printer,2026-02-16,0,1,3.0,0.0
photo booth photo size,2026-02-09,6,46,1.64,13.043
photo booth photo size,2026-02-16,3,27,2.01,11.111
photo booth photo size,2026-02-23,1,26,2.23,3.846
photo booth photo size,2026-03-02,0,12,2.12,0.0
photo booth photo size,2026-03-09,3,25,2.19,12.0
photo booth photo size,2026-03-16,3,27,1.58,11.111
photo booth photo size,2026-03-23,5,23,1.81,21.739
photo booth photo size,2026-03-30,0,21,1.64,0.0
photo booth photo size,2026-04-06,1,27,1.86,3.704
photo booth photo size,2026-04-13,2,17,1.75,11.765
photo booth photo size,2026-04-20,1,10,1.83,10.0
photo booth photo size,2026-04-27,1,24,1.99,4.167
photo booth photo size,2026-05-04,1,18,1.58,5.556
photo booth photo size,2026-05-11,4,34,1.79,11.765
photo booth photo size,2026-05-18,3,28,1.74,10.714
photo booth photo size,2026-05-25,0,23,1.72,0.0
photo booth photo size cm,2026-04-27,0,2,2.0,0.0
photo booth photo size cm,2026-05-04,0,3,2.0,0.0
photo booth photo size cm,2026-05-11,0,2,1.0,0.0
photo booth photo size cm,2026-05-18,0,2,6.0,0.0
photo booth photo size cm,2026-05-25,0,5,5.11,0.0
photo booth photo sizes,2026-02-09,0,4,1.5,0.0
photo booth photo sizes,2026-02-16,1,5,1.0,20.0
photo booth photo sizes,2026-02-23,1,7,1.75,14.286
photo booth photo sizes,2026-03-02,0,2,1.0,0.0
photo booth photo sizes,2026-03-09,0,1,1.0,0.0
photo booth photo sizes,2026-03-16,0,1,1.0,0.0
photo booth photo sizes,2026-03-23,0,2,1.0,0.0
photo booth photo sizes,2026-03-30,0,3,1.0,0.0
photo booth photo sizes,2026-04-06,0,3,1.67,0.0
photo booth photo sizes,2026-04-13,0,5,1.67,0.0
photo booth photo sizes,2026-04-20,0,2,1.0,0.0
photo booth photo sizes,2026-04-27,0,2,1.0,0.0
photo booth photo sizes,2026-05-04,0,1,1.0,0.0
photo booth photo sizes,2026-05-11,0,2,1.0,0.0
photo booth photo sizes,2026-05-18,1,4,1.67,25.0
photo booth photo sizes,2026-05-25,1,4,1.17,25.0
photo booth photo strip,2026-02-09,0,5,18.17,0.0
photo booth photo strip,2026-02-23,0,1,3.0,0.0
photo booth photo strip,2026-03-02,0,2,20.0,0.0
photo booth photo strip,2026-03-09,0,3,22.0,0.0
photo booth photo strip,2026-03-16,0,2,3.5,0.0
photo booth photo strip,2026-03-23,0,2,2.0,0.0
photo booth photo strip,2026-04-27,0,1,2.0,0.0
photo booth photo strip,2026-05-18,0,1,4.0,0.0
photo booth photo strip frame,2026-04-13,0,2,10.0,0.0
photo booth photo strip size,2026-02-09,2,5,2.17,40.0
photo booth photo strip size,2026-02-16,1,3,1.33,33.333
photo booth photo strip size,2026-02-23,0,4,3.5,0.0
photo booth photo strip size,2026-03-02,1,3,2.0,33.333
photo booth photo strip size,2026-03-09,0,2,2.0,0.0
photo booth photo strip size,2026-03-16,0,2,2.5,0.0
photo booth photo strip size,2026-03-23,0,5,3.92,0.0
photo booth photo strip size,2026-03-30,0,1,1.0,0.0
photo booth photo strip size,2026-04-06,0,6,1.83,0.0
photo booth photo strip size,2026-04-13,0,3,1.67,0.0
photo booth photo strip size,2026-04-20,1,7,3.2,14.286
photo booth photo strip size,2026-04-27,0,5,2.25,0.0
photo booth photo strip size,2026-05-11,0,1,2.0,0.0
photo booth photo strip size,2026-05-18,0,5,2.78,0.0
photo booth photo strip size,2026-05-25,0,2,1.5,0.0
photo booth photo strips,2026-03-02,0,1,2.0,0.0
photo booth photo strips,2026-03-30,0,1,3.0,0.0
photo booth photo strips,2026-04-20,0,1,2.0,0.0
photo booth photo strips,2026-05-18,0,1,65.0,0.0
photo booth photography,2026-03-23,0,1,11.0,0.0
photo booth photomatics,2026-04-06,0,1,6.0,0.0
photo booth photos,2026-02-09,0,15,3.68,0.0
photo booth photos,2026-02-16,0,12,6.79,0.0
photo booth photos,2026-02-23,0,15,8.92,0.0
photo booth photos,2026-03-02,0,13,5.81,0.0
photo booth photos,2026-03-09,0,16,6.8,0.0
photo booth photos,2026-03-16,0,12,8.46,0.0
photo booth photos,2026-03-23,0,11,9.17,0.0
photo booth photos,2026-03-30,0,18,3.6,0.0
photo booth photos,2026-04-06,0,11,8.8,0.0
photo booth photos,2026-04-13,0,10,1.93,0.0
photo booth photos,2026-04-20,0,9,2.0,0.0
photo booth photos,2026-04-27,0,7,2.33,0.0
photo booth photos,2026-05-04,0,10,2.0,0.0
photo booth photos,2026-05-11,0,6,2.12,0.0
photo booth photos,2026-05-18,0,7,2.88,0.0
photo booth photos,2026-05-25,0,4,2.0,0.0
photo booth photos called,2026-02-09,0,5,1.5,0.0
photo booth photos called,2026-02-16,1,8,1.0,12.5
photo booth photos called,2026-02-23,0,5,1.0,0.0
photo booth photos called,2026-03-02,0,8,1.0,0.0
photo booth photos called,2026-03-09,0,4,1.33,0.0
photo booth photos called,2026-03-16,0,6,1.0,0.0
photo booth photos called,2026-03-23,0,3,1.0,0.0
photo booth photos called,2026-03-30,0,6,1.0,0.0
photo booth photos called,2026-04-06,0,10,1.0,0.0
photo booth photos called,2026-04-13,0,2,1.0,0.0
photo booth photos called,2026-04-20,1,4,1.75,25.0
photo booth photos called,2026-04-27,0,4,1.0,0.0
photo booth photos called,2026-05-04,0,4,1.0,0.0
photo booth photos called,2026-05-11,0,4,1.25,0.0
photo booth photos called,2026-05-18,0,8,2.0,0.0
photo booth photos called,2026-05-25,0,3,2.0,0.0
photo booth photos frame,2026-02-23,0,1,8.0,0.0
photo booth photos frame,2026-03-23,0,1,7.0,0.0
photo booth photos strip,2026-03-02,0,2,16.5,0.0
photo booth photoshoot,2026-03-30,0,1,2.0,0.0
photo booth pic,2026-02-09,0,3,8.33,0.0
photo booth pic,2026-02-16,0,1,2.0,0.0
photo booth pic,2026-02-23,0,6,4.88,0.0
photo booth pic,2026-03-02,0,4,9.0,0.0
photo booth pic,2026-03-09,0,2,2.0,0.0
photo booth pic,2026-03-16,0,2,2.5,0.0
photo booth pic,2026-03-30,0,4,12.83,0.0
photo booth pic,2026-04-06,0,3,4.0,0.0
photo booth pic,2026-04-13,0,2,2.0,0.0
photo booth pic,2026-04-27,0,2,12.0,0.0
photo booth pic,2026-05-04,0,4,8.67,0.0
photo booth pic,2026-05-11,0,9,10.7,0.0
photo booth pic,2026-05-18,0,2,9.5,0.0
photo booth pic frame,2026-03-02,0,1,7.0,0.0
photo booth pic size,2026-02-09,0,2,2.5,0.0
photo booth pic size,2026-02-16,0,1,1.0,0.0
photo booth pics,2026-02-09,0,5,2.0,0.0
photo booth pics,2026-02-16,0,2,2.0,0.0
photo booth pics,2026-02-23,0,7,13.62,0.0
photo booth pics,2026-03-02,0,2,2.5,0.0
photo booth pics,2026-03-09,0,8,2.0,0.0
photo booth pics,2026-03-16,0,3,2.0,0.0
photo booth pics,2026-03-23,0,3,17.75,0.0
photo booth pics,2026-03-30,0,1,2.0,0.0
photo booth pics,2026-04-06,0,1,6.0,0.0
photo booth pics,2026-04-13,0,5,3.33,0.0
photo booth pics,2026-04-20,0,3,3.0,0.0
photo booth pics,2026-04-27,0,1,2.0,0.0
photo booth pics,2026-05-04,0,2,9.5,0.0
photo booth pics,2026-05-11,0,2,16.5,0.0
photo booth pics,2026-05-18,0,2,2.0,0.0
photo booth pics,2026-05-25,0,1,2.0,0.0
photo booth picture,2026-02-09,0,9,6.37,0.0
photo booth picture,2026-02-16,0,1,2.0,0.0
photo booth picture,2026-02-23,0,5,12.0,0.0
photo booth picture,2026-03-02,0,5,23.5,0.0
photo booth picture,2026-03-09,0,8,7.69,0.0
photo booth picture,2026-03-16,0,7,16.29,0.0
photo booth picture,2026-03-23,0,4,9.33,0.0
photo booth picture,2026-03-30,1,4,20.0,25.0
photo booth picture,2026-04-06,0,2,18.0,0.0
photo booth picture,2026-04-13,0,4,4.17,0.0
photo booth picture,2026-04-27,0,2,12.0,0.0
photo booth picture,2026-05-04,0,6,7.38,0.0
photo booth picture,2026-05-11,0,4,6.33,0.0
photo booth picture,2026-05-18,0,2,9.0,0.0
photo booth picture,2026-05-25,0,2,5.5,0.0
photo booth picture called,2026-02-09,0,4,1.0,0.0
photo booth picture called,2026-02-16,0,9,1.0,0.0
photo booth picture called,2026-02-23,0,3,1.0,0.0
photo booth picture called,2026-03-02,0,3,1.0,0.0
photo booth picture called,2026-03-09,2,6,1.0,33.333
photo booth picture called,2026-03-16,0,5,1.0,0.0
photo booth picture called,2026-03-23,0,3,1.5,0.0
photo booth picture called,2026-03-30,0,3,1.0,0.0
photo booth picture called,2026-04-06,0,4,1.0,0.0
photo booth picture called,2026-04-13,0,2,1.5,0.0
photo booth picture called,2026-04-20,0,1,1.0,0.0
photo booth picture called,2026-04-27,0,4,1.17,0.0
photo booth picture called,2026-05-11,0,3,1.0,0.0
photo booth picture called,2026-05-18,0,9,1.19,0.0
photo booth picture called,2026-05-25,0,2,1.0,0.0
photo booth picture collage,2026-02-23,0,1,6.0,0.0
photo booth picture dimensions,2026-02-09,0,6,2.5,0.0
photo booth picture dimensions,2026-02-16,0,3,2.0,0.0
photo booth picture dimensions,2026-02-23,0,7,1.67,0.0
photo booth picture dimensions,2026-03-02,0,3,1.67,0.0
photo booth picture dimensions,2026-03-09,0,2,1.5,0.0
photo booth picture dimensions,2026-03-16,0,5,2.38,0.0
photo booth picture dimensions,2026-03-23,0,5,1.8,0.0
photo booth picture dimensions,2026-03-30,0,7,1.62,0.0
photo booth picture dimensions,2026-04-06,0,9,1.7,0.0
photo booth picture dimensions,2026-04-13,0,4,1.75,0.0
photo booth picture dimensions,2026-04-20,0,9,1.75,0.0
photo booth picture dimensions,2026-04-27,1,8,1.08,12.5
photo booth picture dimensions,2026-05-04,1,9,1.5,11.111
photo booth picture dimensions,2026-05-11,0,6,1.25,0.0
photo booth picture dimensions,2026-05-18,0,11,1.77,0.0
photo booth picture dimensions,2026-05-25,0,3,1.0,0.0
photo booth picture display ideas,2026-04-27,0,1,13.0,0.0
photo booth picture frame,2026-03-02,0,1,7.0,0.0
photo booth picture frame,2026-03-09,0,2,5.0,0.0
photo booth picture frame,2026-03-30,0,1,11.0,0.0
photo booth picture frame,2026-04-27,0,1,6.0,0.0
photo booth picture frame,2026-05-11,0,1,6.0,0.0
photo booth picture frame template,2026-03-30,1,1,4.0,100.0
photo booth picture frames,2026-04-13,0,1,5.0,0.0
photo booth picture frames,2026-05-11,0,1,5.0,0.0
photo booth picture name,2026-02-09,0,6,1.0,0.0
photo booth picture name,2026-02-16,0,4,1.0,0.0
photo booth picture name,2026-02-23,0,7,1.0,0.0
photo booth picture name,2026-03-02,0,4,1.33,0.0
photo booth picture name,2026-03-09,0,6,1.2,0.0
photo booth picture name,2026-03-16,0,4,1.0,0.0
photo booth picture name,2026-03-23,0,7,1.0,0.0
photo booth picture name,2026-03-30,0,8,1.0,0.0
photo booth picture name,2026-04-06,0,4,1.0,0.0
photo booth picture name,2026-04-13,0,6,1.0,0.0
photo booth picture name,2026-04-20,0,6,1.1,0.0
photo booth picture name,2026-04-27,0,9,1.7,0.0
photo booth picture name,2026-05-04,0,4,2.67,0.0
photo booth picture name,2026-05-11,0,4,1.0,0.0
photo booth picture name,2026-05-18,1,6,1.0,16.667
photo booth picture name,2026-05-25,0,2,1.0,0.0
photo booth picture size,2026-02-09,2,52,2.56,3.846
photo booth picture size,2026-02-16,1,39,2.67,2.564
photo booth picture size,2026-02-23,2,35,2.4,5.714
photo booth picture size,2026-03-02,2,27,2.24,7.407
photo booth picture size,2026-03-09,0,25,2.14,0.0
photo booth picture size,2026-03-16,1,29,2.36,3.448
photo booth picture size,2026-03-23,1,20,2.0,5.0
photo booth picture size,2026-03-30,3,33,1.77,9.091
photo booth picture size,2026-04-06,0,24,2.19,0.0
photo booth picture size,2026-04-13,2,22,1.96,9.091
photo booth picture size,2026-04-20,3,27,1.8,11.111
photo booth picture size,2026-04-27,0,19,1.73,0.0
photo booth picture size,2026-05-04,1,28,1.94,3.571
photo booth picture size,2026-05-11,0,28,2.02,0.0
photo booth picture size,2026-05-18,0,18,1.65,0.0
photo booth picture size,2026-05-25,2,22,1.6,9.091
photo booth picture size in cm,2026-02-09,0,16,2.49,0.0
photo booth picture size in cm,2026-02-16,0,4,2.83,0.0
photo booth picture size in cm,2026-02-23,0,5,2.0,0.0
photo booth picture size in cm,2026-03-02,1,16,4.09,6.25
photo booth picture size in cm,2026-03-09,0,6,1.88,0.0
photo booth picture size in cm,2026-03-16,0,12,2.23,0.0
photo booth picture size in cm,2026-03-23,0,5,1.88,0.0
photo booth picture size in cm,2026-03-30,1,7,2.8,14.286
photo booth picture size in cm,2026-04-06,0,1,3.0,0.0
photo booth picture size in cm,2026-04-13,0,13,2.44,0.0
photo booth picture size in cm,2026-04-20,1,14,2.25,7.143
photo booth picture size in cm,2026-04-27,1,16,2.74,6.25
photo booth picture size in cm,2026-05-04,0,15,1.99,0.0
photo booth picture size in cm,2026-05-11,0,11,2.28,0.0
photo booth picture size in cm,2026-05-18,0,13,4.79,0.0
photo booth picture size in cm,2026-05-25,0,8,2.6,0.0
photo booth picture strip,2026-02-09,0,2,29.0,0.0
photo booth picture strip,2026-02-16,0,3,2.0,0.0
photo booth picture strip,2026-03-02,0,3,24.0,0.0
photo booth picture strip,2026-03-09,0,4,12.5,0.0
photo booth picture strip,2026-03-16,0,2,13.5,0.0
photo booth picture strip,2026-03-23,0,1,2.0,0.0
photo booth picture strip,2026-03-30,0,1,11.0,0.0
photo booth picture strip,2026-04-06,0,3,3.25,0.0
photo booth picture strip,2026-04-13,0,6,3.12,0.0
photo booth picture strip,2026-04-20,0,1,11.0,0.0
photo booth picture strip,2026-04-27,0,4,3.0,0.0
photo booth picture strip,2026-05-04,0,7,8.56,0.0
photo booth picture strip,2026-05-11,0,2,8.5,0.0
photo booth picture strip,2026-05-18,0,2,34.0,0.0
photo booth picture strip,2026-05-25,0,3,11.0,0.0
photo booth picture strips,2026-04-20,0,1,2.0,0.0
photo booth picture strips,2026-05-18,0,1,62.0,0.0
photo booth pictures,2026-02-09,0,34,6.61,0.0
photo booth pictures,2026-02-16,0,23,7.91,0.0
photo booth pictures,2026-02-23,0,34,8.97,0.0
photo booth pictures,2026-03-02,0,25,8.5,0.0
photo booth pictures,2026-03-09,0,30,14.35,0.0
photo booth pictures,2026-03-16,0,22,4.33,0.0
photo booth pictures,2026-03-23,0,21,7.8,0.0
photo booth pictures,2026-03-30,0,19,3.25,0.0
photo booth pictures,2026-04-06,0,16,2.29,0.0
photo booth pictures,2026-04-13,0,18,2.14,0.0
photo booth pictures,2026-04-20,0,10,5.72,0.0
photo booth pictures,2026-04-27,0,10,2.07,0.0
photo booth pictures,2026-05-04,0,20,2.1,0.0
photo booth pictures,2026-05-11,0,17,2.04,0.0
photo booth pictures,2026-05-18,0,6,2.75,0.0
photo booth pictures,2026-05-25,0,10,2.0,0.0
photo booth pictures called,2026-02-09,0,9,1.0,0.0
photo booth pictures called,2026-02-16,1,6,1.0,16.667
photo booth pictures called,2026-02-23,0,4,2.5,0.0
photo booth pictures called,2026-03-02,0,5,1.0,0.0
photo booth pictures called,2026-03-09,0,4,1.0,0.0
photo booth pictures called,2026-03-16,0,3,1.0,0.0
photo booth pictures called,2026-03-23,0,4,1.0,0.0
photo booth pictures called,2026-03-30,0,4,1.0,0.0
photo booth pictures called,2026-04-06,0,5,1.0,0.0
photo booth pictures called,2026-04-13,0,9,1.0,0.0
photo booth pictures called,2026-04-20,0,3,1.0,0.0
photo booth pictures called,2026-04-27,0,6,1.0,0.0
photo booth pictures called,2026-05-04,0,8,1.0,0.0
photo booth pictures called,2026-05-11,0,8,1.0,0.0
photo booth pictures called,2026-05-18,0,12,1.05,0.0
photo booth pictures called,2026-05-25,0,10,1.0,0.0
photo booth pictures frame,2026-05-25,0,1,12.0,0.0
photo booth pictures name,2026-05-25,0,3,1.0,0.0
photo booth pictures size,2026-02-09,0,6,2.1,0.0
photo booth pictures size,2026-02-16,0,1,1.0,0.0
photo booth pictures size,2026-02-23,1,2,2.5,50.0
photo booth pictures size,2026-03-02,0,6,2.12,0.0
photo booth pictures size,2026-03-09,0,5,1.5,0.0
photo booth pictures size,2026-03-16,0,4,2.25,0.0
photo booth pictures size,2026-03-23,0,3,1.67,0.0
photo booth pictures size,2026-03-30,0,1,2.0,0.0
photo booth pictures size,2026-04-06,1,7,1.22,14.286
photo booth pictures size,2026-04-13,0,2,2.0,0.0
photo booth pictures size,2026-04-20,1,2,1.5,50.0
photo booth pictures size,2026-04-27,0,5,1.25,0.0
photo booth pictures size,2026-05-04,0,2,2.0,0.0
photo booth pictures size,2026-05-11,1,8,1.0,12.5
photo booth pictures size,2026-05-18,0,1,1.0,0.0
photo booth pictures size,2026-05-25,1,2,1.5,50.0
photo booth pink icon,2026-02-23,0,1,5.0,0.0
photo booth pixel,2026-02-09,0,1,3.0,0.0
photo booth png,2026-02-09,0,1,84.0,0.0
photo booth poipet,2026-03-02,0,1,12.0,0.0
photo booth polama,2026-02-09,0,3,8.67,0.0
photo booth polaroid frame,2026-04-13,0,3,10.33,0.0
photo booth polaroid frame,2026-04-20,0,3,8.67,0.0
photo booth polaroid frame,2026-04-27,0,6,9.06,0.0
photo booth polaroid frame,2026-05-04,0,4,9.33,0.0
photo booth polaroid frame,2026-05-11,0,2,8.0,0.0
photo booth polaroid frame,2026-05-18,0,9,8.72,0.0
photo booth polaroid frame,2026-05-25,0,3,8.25,0.0
photo booth portraits,2026-04-06,0,1,79.0,0.0
photo booth pose,2026-03-16,0,1,5.0,0.0
photo booth poses,2026-03-09,0,3,7.67,0.0
photo booth poses,2026-03-23,0,1,5.0,0.0
photo booth poses,2026-04-06,0,1,5.0,0.0
photo booth poses,2026-04-27,0,1,4.0,0.0
photo booth post,2026-04-06,0,1,1.0,0.0
photo booth posts,2026-02-23,0,3,20.0,0.0
photo booth price,2026-04-13,0,2,4.0,0.0
photo booth price,2026-04-27,0,1,14.0,0.0
photo booth print,2026-02-09,0,2,3.0,0.0
photo booth print,2026-03-02,0,2,12.0,0.0
photo booth print,2026-04-06,0,1,5.0,0.0
photo booth print,2026-04-20,0,1,5.0,0.0
photo booth print,2026-04-27,0,1,21.0,0.0
photo booth print out,2026-02-16,0,1,1.0,0.0
photo booth print out,2026-02-23,0,2,11.5,0.0
photo booth print out,2026-03-02,0,2,17.0,0.0
photo booth print out,2026-03-09,0,1,20.0,0.0
photo booth print out,2026-03-16,0,1,23.0,0.0
photo booth print out,2026-03-23,0,2,32.5,0.0
photo booth print out,2026-04-06,0,1,36.0,0.0
photo booth print out,2026-04-20,0,2,33.5,0.0
photo booth print out,2026-04-27,0,2,6.0,0.0
photo booth print out,2026-05-04,0,1,4.0,0.0
photo booth print out,2026-05-11,0,1,36.0,0.0
photo booth print out size,2026-02-09,0,1,2.0,0.0
photo booth print out size,2026-02-23,0,2,1.0,0.0
photo booth print size,2026-02-09,1,23,1.51,4.348
photo booth print size,2026-02-16,1,21,1.11,4.762
photo booth print size,2026-02-23,1,16,1.61,6.25
photo booth print size,2026-03-02,0,16,1.62,0.0
photo booth print size,2026-03-09,2,15,1.74,13.333
photo booth print size,2026-03-16,0,15,1.32,0.0
photo booth print size,2026-03-23,3,25,1.46,12.0
photo booth print size,2026-03-30,0,18,1.45,0.0
photo booth print size,2026-04-06,2,18,1.63,11.111
photo booth print size,2026-04-13,0,14,1.45,0.0
photo booth print size,2026-04-20,1,18,1.55,5.556
photo booth print size,2026-04-27,0,12,1.67,0.0
photo booth print size,2026-05-04,0,11,1.35,0.0
photo booth print size,2026-05-11,2,27,1.43,7.407
photo booth print size,2026-05-18,0,17,1.67,0.0
photo booth print size,2026-05-25,2,15,1.58,13.333
photo booth print strips,2026-03-02,0,2,32.0,0.0
photo booth print strips,2026-03-09,0,3,32.0,0.0
photo booth printer,2026-03-09,0,2,5.0,0.0
photo booth printer,2026-03-23,0,1,3.0,0.0
photo booth printer,2026-04-27,0,1,7.0,0.0
photo booth printer,2026-05-18,0,1,4.0,0.0
photo booth printer paper,2026-02-16,0,1,72.0,0.0
photo booth printer rental,2026-03-30,0,1,89.0,0.0
photo booth printer strips,2026-02-09,0,38,1.03,0.0
photo booth printer strips,2026-02-16,0,16,1.0,0.0
photo booth printer strips,2026-02-23,0,9,2.5,0.0
photo booth printer strips,2026-03-02,0,5,2.5,0.0
photo booth printer strips,2026-03-09,0,1,1.0,0.0
photo booth printer strips,2026-03-16,0,2,1.0,0.0
photo booth printer strips,2026-03-23,0,3,3.0,0.0
photo booth printer strips,2026-03-30,0,3,3.33,0.0
photo booth printer strips,2026-04-06,0,2,1.0,0.0
photo booth printer strips,2026-04-13,0,2,1.0,0.0
photo booth printer strips,2026-04-20,0,2,1.0,0.0
photo booth printer strips,2026-04-27,0,1,2.0,0.0
photo booth printer strips,2026-05-04,0,1,3.0,0.0
photo booth printer strips,2026-05-18,0,1,4.0,0.0
photo booth printer strips,2026-05-25,0,2,4.5,0.0
photo booth printing,2026-05-11,0,1,1.0,0.0
photo booth printing paper,2026-02-16,0,1,69.0,0.0
photo booth prints,2026-02-09,0,1,11.0,0.0
photo booth prints,2026-02-16,0,1,1.0,0.0
photo booth prints,2026-02-23,0,2,6.0,0.0
photo booth prints,2026-03-02,0,10,24.0,0.0
photo booth prints,2026-03-09,0,1,26.0,0.0
photo booth prints,2026-03-16,0,1,4.0,0.0
photo booth prints,2026-03-23,0,2,3.0,0.0
photo booth prints,2026-04-27,0,2,1.0,0.0
photo booth prints,2026-05-04,0,1,6.0,0.0
photo booth pronounce,2026-02-16,0,1,1.0,0.0
photo booth prop display ideas,2026-02-09,0,2,9.5,0.0
photo booth prop display ideas,2026-03-30,0,2,6.0,0.0
photo booth prop display ideas,2026-04-06,0,1,6.0,0.0
photo booth prop display ideas,2026-05-11,0,2,9.0,0.0
photo booth prop display ideas,2026-05-25,0,1,12.0,0.0
photo booth prop holder ideas,2026-05-11,0,2,9.5,0.0
photo booth prop holder ideas,2026-05-18,0,1,11.0,0.0
photo booth prop ideas,2026-03-02,0,1,13.0,0.0
photo booth prop ideas,2026-03-09,0,2,29.0,0.0
photo booth prop ideas,2026-03-23,0,2,13.0,0.0
photo booth prop ideas,2026-03-30,0,2,12.0,0.0
photo booth prop ideas,2026-04-06,0,4,14.17,0.0
photo booth prop ideas,2026-04-13,0,6,18.22,0.0
photo booth prop ideas,2026-04-20,0,1,41.0,0.0
photo booth prop ideas,2026-05-04,0,1,38.0,0.0
photo booth prop ideas,2026-05-11,0,1,12.0,0.0
photo booth prop ideas,2026-05-25,0,3,28.0,0.0
photo booth props,2026-02-16,0,1,61.0,0.0
photo booth props,2026-02-23,0,1,2.0,0.0
photo booth props,2026-03-02,0,1,58.0,0.0
photo booth props,2026-03-09,0,4,25.83,0.0
photo booth props,2026-04-13,0,2,12.0,0.0
photo booth props,2026-04-27,0,1,75.0,0.0
photo booth props custom,2026-02-23,0,1,66.0,0.0
photo booth props diy,2026-02-09,0,23,25.7,0.0
photo booth props diy,2026-02-16,0,16,36.95,0.0
photo booth props diy,2026-02-23,0,14,37.88,0.0
photo booth props diy,2026-03-02,0,18,25.01,0.0
photo booth props diy,2026-03-09,0,18,23.3,0.0
photo booth props diy,2026-03-16,0,25,10.98,0.0
photo booth props diy,2026-03-23,0,21,5.99,0.0
photo booth props diy,2026-03-30,0,31,2.88,0.0
photo booth props diy,2026-04-06,0,32,6.32,0.0
photo booth props diy,2026-04-13,0,31,11.42,0.0
photo booth props diy,2026-04-20,0,30,9.86,0.0
photo booth props diy,2026-04-27,1,26,8.06,3.846
photo booth props diy,2026-05-04,0,26,11.35,0.0
photo booth props diy,2026-05-11,0,30,10.43,0.0
photo booth props diy,2026-05-18,0,18,15.35,0.0
photo booth props diy,2026-05-25,0,19,12.0,0.0
photo booth props handmade,2026-04-13,0,1,6.0,0.0
photo booth props ideas,2026-03-09,0,1,6.0,0.0
photo booth props ideas,2026-04-06,0,4,14.67,0.0
photo booth props ideas,2026-04-13,0,1,15.0,0.0
photo booth props ideas,2026-04-20,0,1,34.0,0.0
photo booth props ideas,2026-04-27,0,3,15.0,0.0
photo booth props ideas,2026-05-04,0,3,15.33,0.0
photo booth props ideas,2026-05-25,0,1,9.0,0.0
photo booth props maker online,2026-03-09,0,1,2.0,0.0
photo booth props printable,2026-04-20,1,1,7.0,100.0
photo booth props printable,2026-05-04,0,1,4.0,0.0
photo booth props setup,2026-03-30,0,3,6.33,0.0
photo booth props setup,2026-05-11,0,1,1.0,0.0
photo booth pussy,2026-03-23,0,1,11.0,0.0
photo booth que es,2026-02-09,0,1,1.0,0.0
photo booth quotes,2026-03-30,0,1,2.0,0.0
photo booth ramayana depok,2026-03-30,0,1,4.0,0.0
photo booth ramayana depok,2026-05-11,0,1,3.0,0.0
photo booth reel,2026-04-06,0,1,3.0,0.0
photo booth reference,2026-02-16,0,1,1.0,0.0
photo booth remtal,2026-04-13,0,1,4.0,0.0
photo booth remtal,2026-04-20,0,1,4.0,0.0
photo booth rent,2026-02-23,1,3,33.33,33.333
photo booth rent,2026-03-02,0,1,4.0,0.0
photo booth rent,2026-03-09,0,1,34.0,0.0
photo booth rent,2026-03-23,0,1,47.0,0.0
photo booth rent,2026-03-30,0,2,31.5,0.0
photo booth rent,2026-05-11,0,1,13.0,0.0
photo booth rental,2026-02-09,0,70,13.88,0.0
photo booth rental,2026-02-16,3,66,12.29,4.545
photo booth rental,2026-02-23,2,69,7.29,2.899
photo booth rental,2026-03-02,0,33,4.96,0.0
photo booth rental,2026-03-09,0,60,7.81,0.0
photo booth rental,2026-03-16,1,69,8.89,1.449
photo booth rental,2026-03-23,2,79,9.91,2.532
photo booth rental,2026-03-30,2,96,15.37,2.083
photo booth rental,2026-04-06,1,87,16.17,1.149
photo booth rental,2026-04-13,2,71,3.91,2.817
photo booth rental,2026-04-20,0,78,6.09,0.0
photo booth rental,2026-04-27,0,63,3.97,0.0
photo booth rental,2026-05-04,0,63,4.15,0.0
photo booth rental,2026-05-11,1,57,4.31,1.754
photo booth rental,2026-05-18,0,39,4.36,0.0
photo booth rental,2026-05-25,0,34,6.45,0.0
photo booth rental anna maria island,2026-02-16,0,3,76.0,0.0
photo booth rental anna maria island,2026-02-23,0,5,81.8,0.0
photo booth rental anna maria island,2026-03-02,0,1,73.0,0.0
photo booth rental anna maria island,2026-03-09,0,5,54.0,0.0
photo booth rental anna maria island,2026-03-16,0,3,45.33,0.0
photo booth rental anna maria island,2026-03-30,0,2,56.0,0.0
photo booth rental anna maria island,2026-04-06,0,6,70.67,0.0
photo booth rental anna maria island,2026-04-13,0,6,72.17,0.0
photo booth rental anna maria island,2026-04-20,0,5,68.8,0.0
photo booth rental anna maria island,2026-04-27,0,2,67.5,0.0
photo booth rental anna maria island,2026-05-04,0,3,59.33,0.0
photo booth rental anna maria island,2026-05-11,0,5,69.0,0.0
photo booth rental anna maria island,2026-05-18,0,2,64.0,0.0
photo booth rental apollo beach fl,2026-02-16,0,4,75.5,0.0
photo booth rental birthday party,2026-03-30,0,1,50.0,0.0
photo booth rental birthday party,2026-04-13,0,1,58.0,0.0
photo booth rental boca raton,2026-04-27,0,1,98.0,0.0
photo booth rental companies,2026-02-16,0,1,12.0,0.0
photo booth rental companies,2026-02-23,0,1,71.0,0.0
photo booth rental companies,2026-03-30,0,2,58.5,0.0
photo booth rental companies,2026-04-13,0,2,54.5,0.0
photo booth rental companies,2026-04-20,0,4,73.75,0.0
photo booth rental companies,2026-04-27,0,1,73.0,0.0
photo booth rental companies for large events festivals multiple booths,2026-02-23,0,1,4.0,0.0
photo booth rental company,2026-02-09,0,2,31.5,0.0
photo booth rental company,2026-02-16,0,9,60.17,0.0
photo booth rental company,2026-02-23,0,5,57.38,0.0
photo booth rental company,2026-03-02,0,4,73.5,0.0
photo booth rental company,2026-03-16,0,1,79.0,0.0
photo booth rental company,2026-03-30,0,2,36.0,0.0
photo booth rental company,2026-05-18,0,15,24.88,0.0
photo booth rental cost,2026-02-09,0,2,13.5,0.0
photo booth rental cost,2026-02-16,0,2,13.5,0.0
photo booth rental cost,2026-02-23,0,2,11.5,0.0
photo booth rental cost,2026-03-02,0,2,13.0,0.0
photo booth rental cost,2026-03-23,0,1,13.0,0.0
photo booth rental cost,2026-03-30,0,2,11.5,0.0
photo booth rental cost,2026-04-06,0,2,11.5,0.0
photo booth rental cost,2026-04-13,0,4,12.25,0.0
photo booth rental cost,2026-04-20,0,2,13.5,0.0
photo booth rental cost,2026-04-27,0,3,9.0,0.0
photo booth rental cost,2026-05-04,0,3,11.33,0.0
photo booth rental cost,2026-05-11,0,2,8.5,0.0
photo booth rental cost,2026-05-18,0,2,17.5,0.0
photo booth rental cost,2026-05-25,0,1,21.0,0.0
photo booth rental deals,2026-04-27,0,1,7.0,0.0
photo booth rental egypt fl,2026-02-23,0,1,90.0,0.0
photo booth rental egypt fl,2026-03-02,0,2,88.0,0.0
photo booth rental event,2026-03-09,0,2,7.0,0.0
photo booth rental florida,2026-02-09,0,3,73.33,0.0
photo booth rental florida,2026-02-23,0,1,79.0,0.0
photo booth rental florida,2026-03-02,0,1,51.0,0.0
photo booth rental florida,2026-03-30,0,1,64.0,0.0
photo booth rental for birthday,2026-03-23,0,1,75.0,0.0
photo booth rental for birthday,2026-04-13,0,1,100.0,0.0
photo booth rental for birthday party,2026-02-09,0,5,30.5,0.0
photo booth rental for birthday party,2026-02-16,0,3,34.0,0.0
photo booth rental for birthday party,2026-03-30,0,2,19.0,0.0
photo booth rental for birthday party,2026-04-06,0,1,19.0,0.0
photo booth rental for birthday party,2026-04-13,0,2,22.5,0.0
photo booth rental for birthday party,2026-04-27,0,2,49.5,0.0
photo booth rental for events,2026-03-30,0,3,53.67,0.0
photo booth rental for events,2026-04-20,0,1,35.0,0.0
photo booth rental for parties,2026-02-09,0,4,25.67,0.0
photo booth rental for parties,2026-02-16,0,1,2.0,0.0
photo booth rental for parties,2026-02-23,0,1,3.0,0.0
photo booth rental for parties,2026-03-02,0,1,3.0,0.0
photo booth rental for parties,2026-03-09,0,1,6.0,0.0
photo booth rental for parties,2026-03-16,0,2,3.5,0.0
photo booth rental for parties,2026-03-23,0,1,3.0,0.0
photo booth rental for parties,2026-03-30,0,1,5.0,0.0
photo booth rental for parties,2026-04-06,0,2,4.5,0.0
photo booth rental for parties,2026-04-13,0,1,7.0,0.0
photo booth rental for parties,2026-04-20,0,1,6.0,0.0
photo booth rental for parties,2026-04-27,0,1,9.0,0.0
photo booth rental for parties,2026-05-04,0,1,8.0,0.0
photo booth rental for parties,2026-05-11,0,1,9.0,0.0
photo booth rental for parties,2026-05-18,0,2,2.0,0.0
photo booth rental for parties,2026-05-25,0,1,8.0,0.0
photo booth rental for party,2026-04-06,0,1,7.0,0.0
photo booth rental for party,2026-04-13,0,1,11.0,0.0
photo booth rental for party,2026-04-27,0,3,22.67,0.0
photo booth rental for quinceanera,2026-03-23,0,1,90.0,0.0
photo booth rental for wedding,2026-02-09,0,1,62.0,0.0
photo booth rental for wedding,2026-02-16,0,3,48.67,0.0
photo booth rental for wedding near me,2026-03-16,0,1,9.0,0.0
photo booth rental fort lauderdale,2026-03-23,0,1,1.0,0.0
photo booth rental fort lauderdale,2026-03-30,0,1,83.0,0.0
photo booth rental fort lauderdale,2026-04-13,0,1,75.0,0.0
photo booth rental fort lauderdale,2026-04-27,0,1,82.0,0.0
photo booth rental fort lauderdale fl,2026-02-23,0,1,94.0,0.0
photo booth rental fort lauderdale fl,2026-03-16,0,2,83.0,0.0
photo booth rental fort lauderdale fl,2026-05-18,0,2,86.0,0.0
photo booth rental hollywood,2026-02-09,0,3,69.75,0.0
photo booth rental hollywood,2026-02-16,0,1,68.0,0.0
photo booth rental hollywood,2026-03-09,0,1,92.0,0.0
photo booth rental hollywood,2026-04-13,0,1,56.0,0.0
photo booth rental hollywood,2026-05-11,0,1,74.0,0.0
photo booth rental images,2026-03-02,0,2,62.5,0.0
photo booth rental images,2026-03-30,0,2,45.0,0.0
photo booth rental images,2026-04-06,0,2,44.5,0.0
photo booth rental in florida,2026-02-16,0,1,23.0,0.0
photo booth rental in florida,2026-02-23,0,1,22.0,0.0
photo booth rental in florida,2026-04-13,0,1,56.0,0.0
photo booth rental in fort lauderdale,2026-03-23,0,1,83.0,0.0
photo booth rental in miami,2026-02-09,0,10,14.27,0.0
photo booth rental in miami,2026-02-16,0,8,8.97,0.0
photo booth rental in miami,2026-02-23,0,3,7.67,0.0
photo booth rental in miami,2026-03-02,0,3,17.0,0.0
photo booth rental in miami,2026-03-09,0,7,7.3,0.0
photo booth rental in miami,2026-03-16,0,8,4.94,0.0
photo booth rental in miami,2026-03-23,0,10,8.5,0.0
photo booth rental in miami,2026-03-30,0,5,10.38,0.0
photo booth rental in miami,2026-04-06,0,5,11.5,0.0
photo booth rental in miami,2026-04-13,0,8,13.29,0.0
photo booth rental in miami,2026-04-20,0,3,17.33,0.0
photo booth rental in miami,2026-04-27,0,6,18.5,0.0
photo booth rental in miami,2026-05-04,0,5,18.88,0.0
photo booth rental in miami,2026-05-11,0,4,15.0,0.0
photo booth rental in miami,2026-05-18,0,3,18.75,0.0
photo booth rental in miami,2026-05-25,0,1,18.0,0.0
photo booth rental in miami fl,2026-02-09,0,6,9.33,0.0
photo booth rental in miami fl,2026-02-16,0,5,6.75,0.0
photo booth rental in miami fl,2026-02-23,0,7,8.58,0.0
photo booth rental in miami fl,2026-03-02,0,6,13.8,0.0
photo booth rental in miami fl,2026-03-09,0,7,9.29,0.0
photo booth rental in miami fl,2026-03-16,0,2,7.5,0.0
photo booth rental in miami fl,2026-03-23,0,5,9.33,0.0
photo booth rental in miami fl,2026-03-30,0,3,15.0,0.0
photo booth rental in miami fl,2026-04-06,0,6,13.67,0.0
photo booth rental in miami fl,2026-04-13,0,3,15.0,0.0
photo booth rental in miami fl,2026-04-20,0,2,17.5,0.0
photo booth rental in miami fl,2026-04-27,0,6,17.8,0.0
photo booth rental in miami fl,2026-05-04,0,3,18.33,0.0
photo booth rental in miami fl,2026-05-11,0,5,15.75,0.0
photo booth rental in miami fl,2026-05-18,0,3,16.67,0.0
photo booth rental in miami fl,2026-05-25,0,2,19.5,0.0
"photo booth rental in miami, fl -site:indeed.com -site:instagram.com -site:wikipedia.org -site:linkedin.com -site:bark.com -site:facebook.com/groups",2026-02-16,0,16,2.81,0.0
"photo booth rental in miami, fl -site:indeed.com -site:instagram.com -site:wikipedia.org -site:linkedin.com -site:bark.com -site:facebook.com/groups",2026-03-09,0,1,5.0,0.0
"photo booth rental in miami, fl -site:indeed.com -site:instagram.com -site:wikipedia.org -site:linkedin.com -site:bark.com -site:facebook.com/groups",2026-03-30,0,1,9.0,0.0
"photo booth rental in miami, fl -site:indeed.com -site:instagram.com -site:wikipedia.org -site:linkedin.com -site:bark.com -site:facebook.com/groups",2026-04-13,0,1,10.0,0.0
photo booth rental in white plains ny,2026-03-09,0,2,89.5,0.0
photo booth rental in white plains ny,2026-03-16,0,4,86.83,0.0
photo booth rental indian shores fl,2026-02-16,0,2,83.0,0.0
photo booth rental indian shores fl,2026-02-23,0,6,82.0,0.0
photo booth rental indian shores fl,2026-03-02,0,3,80.67,0.0
photo booth rental indian shores fl,2026-03-16,0,2,69.0,0.0
photo booth rental indian shores fl,2026-03-30,0,3,75.33,0.0
photo booth rental keystone fl,2026-02-16,0,8,65.71,0.0
photo booth rental keystone fl,2026-02-23,0,7,70.57,0.0
photo booth rental keystone fl,2026-03-02,0,1,70.0,0.0
photo booth rental lakeland,2026-05-11,0,1,53.0,0.0
photo booth rental lakeland fl,2026-02-09,0,3,86.0,0.0
photo booth rental lakeland fl,2026-02-16,0,5,80.0,0.0
photo booth rental lakeland fl,2026-02-23,0,4,79.75,0.0
photo booth rental lakeland fl,2026-03-02,0,3,66.67,0.0
photo booth rental lakeland fl,2026-03-09,0,6,73.17,0.0
photo booth rental lakeland fl,2026-03-16,0,3,68.0,0.0
photo booth rental lakeland fl,2026-03-23,0,2,57.5,0.0
photo booth rental lakeland fl,2026-03-30,0,7,60.29,0.0
photo booth rental lakeland fl,2026-04-06,0,7,63.43,0.0
photo booth rental lakeland fl,2026-04-13,0,8,64.08,0.0
photo booth rental lakeland fl,2026-04-20,0,9,59.71,0.0
photo booth rental lakeland fl,2026-04-27,0,5,66.4,0.0
photo booth rental lakeland fl,2026-05-04,0,5,71.0,0.0
photo booth rental lakeland fl,2026-05-11,0,8,60.5,0.0
photo booth rental lakeland fl,2026-05-18,0,5,58.6,0.0
photo booth rental lakeland fl,2026-05-25,0,3,68.33,0.0
photo booth rental lido beach fl,2026-02-09,0,1,97.0,0.0
photo booth rental lido beach fl,2026-02-16,0,2,87.5,0.0
photo booth rental lido beach fl,2026-03-02,0,3,50.67,0.0
photo booth rental lido beach fl,2026-03-09,0,6,58.5,0.0
photo booth rental lido beach fl,2026-03-16,0,5,73.0,0.0
photo booth rental lido beach fl,2026-03-23,0,6,77.67,0.0
photo booth rental lido beach fl,2026-03-30,0,3,85.67,0.0
photo booth rental lido beach fl,2026-04-06,0,3,83.33,0.0
photo booth rental lido beach fl,2026-04-13,0,1,86.0,0.0
photo booth rental lido beach fl,2026-05-04,0,1,42.0,0.0
photo booth rental miami,2026-02-09,1,113,11.72,0.885
photo booth rental miami,2026-02-16,1,128,10.43,0.781
photo booth rental miami,2026-02-23,0,130,6.87,0.0
photo booth rental miami,2026-03-02,1,134,8.56,0.746
photo booth rental miami,2026-03-09,1,147,10.43,0.68
photo booth rental miami,2026-03-16,3,344,7.8,0.872
photo booth rental miami,2026-03-23,2,128,11.78,1.562
photo booth rental miami,2026-03-30,2,103,10.77,1.942
photo booth rental miami,2026-04-06,3,262,8.68,1.145
photo booth rental miami,2026-04-13,0,95,12.21,0.0
photo booth rental miami,2026-04-20,0,82,14.28,0.0
photo booth rental miami,2026-04-27,1,92,14.48,1.087
photo booth rental miami,2026-05-04,0,195,12.45,0.0
photo booth rental miami,2026-05-11,0,94,14.94,0.0
photo booth rental miami,2026-05-18,0,80,21.98,0.0
photo booth rental miami,2026-05-25,0,304,20.46,0.0
photo booth rental miami fl,2026-02-09,0,11,8.78,0.0
photo booth rental miami fl,2026-02-16,0,11,5.2,0.0
photo booth rental miami fl,2026-02-23,1,13,8.07,7.692
photo booth rental miami fl,2026-03-02,0,6,6.0,0.0
photo booth rental miami fl,2026-03-09,0,11,7.81,0.0
photo booth rental miami fl,2026-03-16,0,15,7.26,0.0
photo booth rental miami fl,2026-03-23,0,13,14.77,0.0
photo booth rental miami fl,2026-03-30,0,14,13.62,0.0
photo booth rental miami fl,2026-04-06,0,9,12.1,0.0
photo booth rental miami fl,2026-04-13,0,8,13.77,0.0
photo booth rental miami fl,2026-04-20,0,9,17.47,0.0
photo booth rental miami fl,2026-04-27,0,14,19.26,0.0
photo booth rental miami fl,2026-05-04,0,7,17.07,0.0
photo booth rental miami fl,2026-05-11,0,9,15.5,0.0
photo booth rental miami fl,2026-05-18,0,8,18.5,0.0
photo booth rental miami fl,2026-05-25,0,9,23.17,0.0
photo booth rental miami florida,2026-02-09,0,4,8.33,0.0
photo booth rental miami florida,2026-02-16,0,7,5.5,0.0
photo booth rental miami florida,2026-02-23,0,3,7.75,0.0
photo booth rental miami florida,2026-03-02,0,9,6.73,0.0
photo booth rental miami florida,2026-03-09,0,5,7.0,0.0
photo booth rental miami florida,2026-03-16,0,4,21.83,0.0
photo booth rental miami florida,2026-03-23,0,5,7.88,0.0
photo booth rental miami florida,2026-03-30,0,3,11.25,0.0
photo booth rental miami florida,2026-04-06,0,5,16.4,0.0
photo booth rental miami florida,2026-04-13,0,5,13.8,0.0
photo booth rental miami florida,2026-04-20,0,5,16.4,0.0
photo booth rental miami florida,2026-04-27,0,4,24.67,0.0
photo booth rental miami florida,2026-05-04,0,1,19.0,0.0
photo booth rental miami florida,2026-05-11,0,6,15.67,0.0
photo booth rental miami florida,2026-05-18,0,3,15.33,0.0
photo booth rental miami florida,2026-05-25,0,4,18.17,0.0
photo booth rental miami prices,2026-02-16,0,1,17.0,0.0
photo booth rental miami prices,2026-02-23,0,2,11.5,0.0
photo booth rental miami prices,2026-03-02,0,2,63.0,0.0
photo booth rental miami prices,2026-03-09,0,1,26.0,0.0
photo booth rental miami prices,2026-03-16,0,2,12.0,0.0
photo booth rental miami prices,2026-03-23,0,1,15.0,0.0
photo booth rental miami prices,2026-03-30,0,2,11.5,0.0
photo booth rental miami prices,2026-04-20,0,1,4.0,0.0
photo booth rental miami prices,2026-04-27,0,6,22.72,0.0
photo booth rental miami prices,2026-05-04,0,1,13.0,0.0
photo booth rental miami prices,2026-05-11,0,4,35.33,0.0
photo booth rental miami prices,2026-05-18,0,2,19.5,0.0
photo booth rental miami prices,2026-05-25,0,2,48.0,0.0
photo booth rental near me,2026-02-09,0,20,3.85,0.0
photo booth rental near me,2026-02-16,0,19,6.11,0.0
photo booth rental near me,2026-02-23,1,21,3.28,4.762
photo booth rental near me,2026-03-02,0,19,5.86,0.0
photo booth rental near me,2026-03-09,0,17,3.15,0.0
photo booth rental near me,2026-03-16,0,15,3.29,0.0
photo booth rental near me,2026-03-23,0,16,4.83,0.0
photo booth rental near me,2026-03-30,0,17,6.64,0.0
photo booth rental near me,2026-04-06,0,14,2.76,0.0
photo booth rental near me,2026-04-13,0,15,2.57,0.0
photo booth rental near me,2026-04-20,0,17,8.67,0.0
photo booth rental near me,2026-04-27,0,19,4.12,0.0
photo booth rental near me,2026-05-04,0,17,4.19,0.0
photo booth rental near me,2026-05-11,0,20,7.77,0.0
photo booth rental near me,2026-05-18,0,16,5.12,0.0
photo booth rental near me,2026-05-25,0,14,6.11,0.0
photo booth rental near me instant prints wedding,2026-03-16,0,1,5.0,0.0
photo booth rental ocala fl,2026-04-27,0,1,83.0,0.0
photo booth rental online,2026-03-23,0,1,29.0,0.0
photo booth rental online,2026-05-25,0,1,57.0,0.0
photo booth rental options,2026-02-23,0,1,5.0,0.0
photo booth rental packages,2026-04-27,0,1,56.0,0.0
photo booth rental palm river fl,2026-05-11,0,1,78.0,0.0
photo booth rental palmetto fl,2026-02-09,0,1,52.0,0.0
photo booth rental pembroke pines,2026-03-23,0,1,36.0,0.0
photo booth rental pembroke pines,2026-05-18,0,1,63.0,0.0
photo booth rental plant city fl,2026-02-16,0,3,86.67,0.0
photo booth rental plant city fl,2026-02-23,0,2,83.5,0.0
photo booth rental polk county fl,2026-02-23,0,2,79.0,0.0
photo booth rental portsmouth,2026-02-09,0,1,86.0,0.0
photo booth rental prices,2026-02-09,0,3,11.67,0.0
photo booth rental prices,2026-02-16,0,2,16.0,0.0
photo booth rental prices,2026-02-23,0,2,11.0,0.0
photo booth rental prices,2026-03-02,0,2,12.0,0.0
photo booth rental prices,2026-03-23,0,2,11.5,0.0
photo booth rental prices,2026-03-30,0,3,11.75,0.0
photo booth rental prices,2026-04-06,0,3,11.33,0.0
photo booth rental prices,2026-04-13,0,2,10.5,0.0
photo booth rental prices,2026-04-20,0,2,12.5,0.0
photo booth rental prices,2026-05-04,0,2,6.5,0.0
photo booth rental prices,2026-05-11,0,2,5.5,0.0
photo booth rental prices,2026-05-18,0,2,9.0,0.0
photo booth rental prices,2026-05-25,0,1,21.0,0.0
photo booth rental pricing,2026-03-23,0,1,13.0,0.0
photo booth rental riverview fl,2026-02-23,0,1,89.0,0.0
photo booth rental service,2026-02-09,0,3,69.25,0.0
photo booth rental service,2026-02-16,0,8,69.77,0.0
photo booth rental service,2026-02-23,0,3,58.67,0.0
photo booth rental service,2026-03-02,0,3,54.0,0.0
photo booth rental service,2026-03-30,0,5,48.17,0.0
photo booth rental service,2026-04-06,0,4,45.33,0.0
photo booth rental service,2026-04-13,0,2,20.0,0.0
photo booth rental service,2026-04-20,0,12,28.75,0.0
photo booth rental service,2026-04-27,0,4,54.5,0.0
photo booth rental service,2026-05-04,0,4,74.5,0.0
photo booth rental services,2026-02-09,0,6,76.88,0.0
photo booth rental services,2026-02-16,0,5,91.5,0.0
photo booth rental services,2026-02-23,0,1,95.0,0.0
photo booth rental services,2026-03-02,0,3,72.5,0.0
photo booth rental sizes,2026-03-09,0,2,1.5,0.0
photo booth rental sizes,2026-03-23,0,6,2.3,0.0
photo booth rental sizes,2026-03-30,0,5,1.88,0.0
photo booth rental sizes,2026-04-06,0,4,3.0,0.0
photo booth rental sizes,2026-04-13,0,2,8.5,0.0
photo booth rental sizes,2026-04-20,0,6,3.5,0.0
photo booth rental sizes,2026-04-27,0,8,3.36,0.0
photo booth rental sizes,2026-05-04,0,9,2.89,0.0
photo booth rental sizes,2026-05-11,0,4,3.75,0.0
photo booth rental sizes,2026-05-18,0,3,8.5,0.0
photo booth rental sizes,2026-05-25,0,2,5.5,0.0
photo booth rental south florida,2026-02-09,0,2,54.5,0.0
photo booth rental south florida,2026-02-16,0,4,44.67,0.0
photo booth rental south florida,2026-02-23,0,1,63.0,0.0
photo booth rental south florida,2026-03-02,0,3,39.5,0.0
photo booth rental south florida,2026-03-09,0,2,35.5,0.0
photo booth rental south florida,2026-03-16,0,7,40.58,0.0
photo booth rental south florida,2026-03-23,0,10,35.93,0.0
photo booth rental south florida,2026-03-30,0,10,29.19,0.0
photo booth rental south florida,2026-04-06,0,5,42.62,0.0
photo booth rental south florida,2026-04-13,0,6,35.3,0.0
photo booth rental south florida,2026-04-20,0,5,38.0,0.0
photo booth rental south florida,2026-04-27,0,6,33.2,0.0
photo booth rental south florida,2026-05-04,0,4,39.5,0.0
photo booth rental south florida,2026-05-11,0,9,35.17,0.0
photo booth rental south florida,2026-05-18,0,8,39.77,0.0
photo booth rental south florida,2026-05-25,0,6,39.38,0.0
photo booth rental sun city center fl,2026-02-23,0,3,64.0,0.0
photo booth rental trends 2026,2026-04-27,0,1,12.0,0.0
photo booth rental usa,2026-03-30,0,1,57.0,0.0
photo booth rental wedding,2026-02-09,0,2,31.5,0.0
photo booth rental wedding,2026-02-16,0,10,51.62,0.0
photo booth rental wedding,2026-02-23,0,6,46.25,0.0
photo booth rental wedding,2026-03-02,0,6,56.33,0.0
photo booth rental wedding,2026-03-09,0,1,7.0,0.0
photo booth rental wedding,2026-03-16,0,1,8.0,0.0
photo booth rental wedding,2026-03-23,0,2,6.5,0.0
photo booth rental wedding,2026-03-30,0,1,12.0,0.0
photo booth rental wedding,2026-04-06,0,1,11.0,0.0
photo booth rental wedding,2026-04-13,0,1,13.0,0.0
photo booth rental wedding,2026-04-20,0,1,16.0,0.0
photo booth rental wedding,2026-04-27,0,1,15.0,0.0
photo booth rental wedding,2026-05-04,0,1,17.0,0.0
photo booth rental wedding,2026-05-11,0,2,10.0,0.0
photo booth rental wedding,2026-05-18,0,1,6.0,0.0
photo booth rental wedding,2026-05-25,0,1,13.0,0.0
photo booth rental weddings,2026-02-09,0,1,7.0,0.0
photo booth rental westchester,2026-02-09,0,1,5.0,0.0
photo booth rental westchester,2026-03-23,0,1,41.0,0.0
photo booth rental westchester,2026-03-30,0,1,37.0,0.0
photo booth rental westchester,2026-04-06,0,1,32.0,0.0
photo booth rental westchester,2026-04-13,0,1,26.0,0.0
photo booth rental westchester,2026-04-20,0,1,34.0,0.0
photo booth rental westchester,2026-04-27,0,1,39.0,0.0
photo booth rental westchester,2026-05-04,0,1,39.0,0.0
photo booth rental westchester,2026-05-11,0,1,32.0,0.0
photo booth rental westchester,2026-05-18,0,1,23.0,0.0
photo booth rental westchester,2026-05-25,0,3,36.75,0.0
photo booth rental westchester county ny,2026-03-09,0,2,71.5,0.0
photo booth rental westchester county ny,2026-03-16,0,1,75.0,0.0
photo booth rental westchester county ny,2026-03-23,0,2,79.5,0.0
photo booth rental westchester county ny,2026-03-30,0,1,82.0,0.0
photo booth rental westchester county ny,2026-04-06,0,1,75.0,0.0
photo booth rental westchester county ny,2026-04-13,0,1,66.0,0.0
photo booth rental westchester county ny,2026-04-20,0,1,62.0,0.0
photo booth rental westchester county ny,2026-04-27,0,1,66.0,0.0
photo booth rental westchester county ny,2026-05-04,0,2,65.0,0.0
photo booth rental westchester county ny,2026-05-11,0,1,75.0,0.0
photo booth rental westchester county ny,2026-05-18,0,1,63.0,0.0
photo booth rental westchester county ny,2026-05-25,0,1,61.0,0.0
photo booth rental westchester ny,2026-03-02,0,2,75.5,0.0
photo booth rental westchester ny,2026-03-16,0,1,86.0,0.0
photo booth rental westchester ny,2026-03-23,0,1,85.0,0.0
photo booth rental westchester ny,2026-03-30,0,1,69.0,0.0
photo booth rental westchester ny,2026-04-27,0,1,67.0,0.0
photo booth rental westchester ny,2026-05-04,0,1,64.0,0.0
photo booth rental westchester ny,2026-05-25,0,1,70.0,0.0
photo booth rental with on-site attendant and instant social sharing,2026-03-09,0,1,2.0,0.0
photo booth rental.,2026-05-11,0,1,6.0,0.0
photo booth rentals,2026-02-09,0,11,4.71,0.0
photo booth rentals,2026-02-16,0,10,6.56,0.0
photo booth rentals,2026-02-23,0,12,6.2,0.0
photo booth rentals,2026-03-02,0,5,4.0,0.0
photo booth rentals,2026-03-09,0,13,5.18,0.0
photo booth rentals,2026-03-16,0,10,4.28,0.0
photo booth rentals,2026-03-23,1,12,5.21,8.333
photo booth rentals,2026-03-30,0,12,4.3,0.0
photo booth rentals,2026-04-06,0,11,4.83,0.0
photo booth rentals,2026-04-13,0,11,6.29,0.0
photo booth rentals,2026-04-20,0,15,7.38,0.0
photo booth rentals,2026-04-27,0,10,7.0,0.0
photo booth rentals,2026-05-04,0,9,9.47,0.0
photo booth rentals,2026-05-11,0,10,5.7,0.0
photo booth rentals,2026-05-18,0,19,5.23,0.0
photo booth rentals,2026-05-25,0,9,13.0,0.0
photo booth rentals college park,2026-02-23,0,1,1.0,0.0
photo booth rentals college park,2026-03-09,0,1,6.0,0.0
photo booth rentals college park,2026-04-20,0,2,15.0,0.0
photo booth rentals for parties,2026-02-23,1,4,3.25,25.0
photo booth rentals for parties,2026-03-30,0,1,97.0,0.0
photo booth rentals in miami,2026-02-09,0,19,8.46,0.0
photo booth rentals in miami,2026-02-16,0,18,7.67,0.0
photo booth rentals in miami,2026-02-23,0,13,8.88,0.0
photo booth rentals in miami,2026-03-02,0,11,11.79,0.0
photo booth rentals in miami,2026-03-09,0,14,7.05,0.0
photo booth rentals in miami,2026-03-16,0,15,7.67,0.0
photo booth rentals in miami,2026-03-23,0,14,8.95,0.0
photo booth rentals in miami,2026-03-30,0,13,12.0,0.0
photo booth rentals in miami,2026-04-06,0,8,10.25,0.0
photo booth rentals in miami,2026-04-13,0,11,13.88,0.0
photo booth rentals in miami,2026-04-20,0,7,13.67,0.0
photo booth rentals in miami,2026-04-27,0,7,18.7,0.0
photo booth rentals in miami,2026-05-04,0,6,15.42,0.0
photo booth rentals in miami,2026-05-11,0,8,18.0,0.0
photo booth rentals in miami,2026-05-18,0,5,16.75,0.0
photo booth rentals in miami,2026-05-25,0,9,34.0,0.0
photo booth rentals in my area,2026-03-30,0,1,16.0,0.0
photo booth rentals in my area,2026-04-20,0,1,34.0,0.0
photo booth rentals miami,2026-02-09,0,5,10.5,0.0
photo booth rentals miami,2026-02-16,0,6,4.83,0.0
photo booth rentals miami,2026-02-23,0,7,4.5,0.0
photo booth rentals miami,2026-03-02,0,3,9.33,0.0
photo booth rentals miami,2026-03-09,0,1,8.0,0.0
photo booth rentals miami,2026-03-16,0,3,3.5,0.0
photo booth rentals miami,2026-03-23,0,5,15.75,0.0
photo booth rentals miami,2026-04-13,0,3,14.25,0.0
photo booth rentals miami,2026-04-20,0,3,23.5,0.0
photo booth rentals miami,2026-05-04,0,13,21.75,0.0
photo booth rentals miami,2026-05-11,0,1,15.0,0.0
photo booth rentals miami,2026-05-18,0,2,16.5,0.0
photo booth rentals miami,2026-05-25,0,1,17.0,0.0
photo booth rentals near me,2026-02-09,0,1,11.0,0.0
photo booth rentals near me,2026-02-23,0,1,9.0,0.0
photo booth rentals near me,2026-03-02,0,1,9.0,0.0
photo booth renting,2026-03-30,0,1,46.0,0.0
photo booth rentsl,2026-03-16,0,2,8.0,0.0
photo booth replacement parts,2026-03-16,0,1,8.0,0.0
photo booth roamer,2026-03-09,0,1,31.0,0.0
photo booth roamer,2026-04-06,0,2,31.5,0.0
photo booth roamer,2026-05-04,0,1,43.0,0.0
photo booth roll,2026-02-16,0,1,2.0,0.0
photo booth roll,2026-05-11,0,1,23.0,0.0
photo booth sama photobox apa bedanya,2026-03-02,0,1,2.0,0.0
photo booth sama photobox apa bedanya,2026-03-16,0,1,3.0,0.0
photo booth screen,2026-02-23,0,1,3.0,0.0
photo booth screen,2026-03-02,0,1,4.0,0.0
photo booth selfie time,2026-03-09,0,1,3.0,0.0
photo booth seperti apa,2026-05-04,0,1,3.0,0.0
photo booth series,2026-02-09,0,2,1.0,0.0
photo booth series,2026-04-06,0,1,1.0,0.0
photo booth service,2026-02-23,0,1,9.0,0.0
photo booth services,2026-02-09,0,4,10.33,0.0
photo booth services,2026-02-16,0,3,15.67,0.0
photo booth services,2026-02-23,0,4,17.5,0.0
photo booth services,2026-03-09,0,3,20.67,0.0
photo booth services,2026-03-16,0,2,3.0,0.0
photo booth services,2026-03-23,0,3,2.75,0.0
photo booth services,2026-03-30,0,2,3.0,0.0
photo booth services,2026-04-06,0,2,3.0,0.0
photo booth services,2026-04-13,0,2,7.5,0.0
photo booth services,2026-04-20,0,2,8.5,0.0
photo booth services,2026-05-04,0,5,8.17,0.0
photo booth services,2026-05-11,0,3,3.5,0.0
photo booth services,2026-05-18,0,2,11.0,0.0
photo booth services,2026-05-25,0,2,13.5,0.0
photo booth services near me,2026-05-11,0,1,5.0,0.0
photo booth session,2026-04-13,0,1,37.0,0.0
photo booth shots,2026-04-06,0,2,11.5,0.0
photo booth shots,2026-04-13,0,1,10.0,0.0
photo booth shots,2026-04-27,0,1,2.0,0.0
photo booth shots,2026-05-04,0,1,2.0,0.0
photo booth shots,2026-05-18,0,1,1.0,0.0
photo booth size,2026-02-09,4,113,3.55,3.54
photo booth size,2026-02-16,1,64,4.96,1.562
photo booth size,2026-02-23,3,72,3.99,4.167
photo booth size,2026-03-02,2,56,4.01,3.571
photo booth size,2026-03-09,1,61,3.72,1.639
photo booth size,2026-03-16,2,56,2.5,3.571
photo booth size,2026-03-23,1,57,2.91,1.754
photo booth size,2026-03-30,2,43,2.11,4.651
photo booth size,2026-04-06,2,69,2.08,2.899
photo booth size,2026-04-13,4,74,2.32,5.405
photo booth size,2026-04-20,1,43,3.36,2.326
photo booth size,2026-04-27,0,47,2.28,0.0
photo booth size,2026-05-04,1,54,2.19,1.852
photo booth size,2026-05-11,0,51,2.28,0.0
photo booth size,2026-05-18,3,50,2.89,6.0
photo booth size,2026-05-25,1,58,2.78,1.724
photo booth size in cm,2026-02-09,1,17,3.58,5.882
photo booth size in cm,2026-02-16,0,4,1.75,0.0
photo booth size in cm,2026-02-23,0,4,1.5,0.0
photo booth size in cm,2026-03-02,0,3,1.33,0.0
photo booth size in cm,2026-03-09,0,2,2.5,0.0
photo booth size in cm,2026-03-16,0,1,1.0,0.0
photo booth size in cm,2026-03-23,0,3,1.67,0.0
photo booth size in cm,2026-03-30,0,3,3.0,0.0
photo booth size in cm,2026-04-06,0,1,1.0,0.0
photo booth size in cm,2026-04-13,0,2,2.0,0.0
photo booth size in cm,2026-04-20,0,4,2.17,0.0
photo booth size in cm,2026-05-04,0,5,6.2,0.0
photo booth size in cm,2026-05-11,0,1,1.0,0.0
photo booth size in cm,2026-05-18,0,2,6.5,0.0
photo booth size in cm,2026-05-25,0,2,9.0,0.0
photo booth size in feet,2026-02-09,0,1,1.0,0.0
photo booth size in feet,2026-03-30,0,2,1.5,0.0
photo booth size in feet,2026-05-18,0,1,1.0,0.0
photo booth size in inches,2026-02-09,1,11,1.75,9.091
photo booth size in inches,2026-02-16,0,7,3.2,0.0
photo booth size in inches,2026-02-23,0,4,1.33,0.0
photo booth size in inches,2026-03-02,0,1,5.0,0.0
photo booth size in inches,2026-03-16,0,5,1.12,0.0
photo booth size in inches,2026-03-23,1,5,3.0,20.0
photo booth size in inches,2026-03-30,0,3,3.0,0.0
photo booth size in inches,2026-04-06,0,3,1.0,0.0
photo booth size in inches,2026-04-13,0,3,3.25,0.0
photo booth size in inches,2026-04-20,0,4,2.33,0.0
photo booth size picture,2026-02-09,0,1,4.0,0.0
photo booth size picture,2026-02-16,0,5,8.67,0.0
photo booth size picture,2026-02-23,0,2,1.0,0.0
photo booth size picture,2026-03-09,0,8,2.17,0.0
photo booth size picture,2026-03-16,0,12,1.0,0.0
photo booth size picture,2026-03-23,2,18,1.22,11.111
photo booth size picture,2026-03-30,0,9,1.0,0.0
photo booth size picture,2026-04-06,0,4,1.0,0.0
photo booth size picture,2026-04-13,0,2,1.0,0.0
photo booth size picture,2026-04-20,0,10,1.0,0.0
photo booth size picture,2026-04-27,0,7,1.4,0.0
photo booth size picture,2026-05-04,2,6,1.5,33.333
photo booth size picture,2026-05-11,0,6,2.17,0.0
photo booth size picture,2026-05-18,0,4,1.0,0.0
photo booth size picture,2026-05-25,0,5,1.25,0.0
photo booth size picture frames,2026-02-09,0,1,6.0,0.0
photo booth size picture frames,2026-02-16,0,3,3.0,0.0
photo booth size picture frames,2026-02-23,0,1,11.0,0.0
photo booth size picture frames,2026-03-02,0,1,2.0,0.0
photo booth size picture frames,2026-03-09,0,2,2.0,0.0
photo booth size picture frames,2026-03-16,2,2,1.0,100.0
photo booth size picture frames,2026-03-23,1,2,1.0,50.0
photo booth size picture frames,2026-03-30,0,2,1.0,0.0
photo booth size picture frames,2026-04-13,0,1,1.0,0.0
photo booth size picture frames,2026-04-27,0,1,1.0,0.0
photo booth size picture frames,2026-05-04,0,3,1.0,0.0
photo booth size picture frames,2026-05-11,0,4,1.0,0.0
photo booth size picture frames,2026-05-18,0,5,1.0,0.0
photo booth size picture frames,2026-05-25,0,5,1.0,0.0
photo booth size prints,2026-02-09,1,11,1.17,9.091
photo booth size prints,2026-02-16,0,9,1.0,0.0
photo booth size prints,2026-02-23,0,7,1.0,0.0
photo booth size prints,2026-03-02,0,6,1.25,0.0
photo booth size prints,2026-03-09,0,9,1.0,0.0
photo booth size prints,2026-03-16,0,10,1.1,0.0
photo booth size prints,2026-03-23,0,6,1.4,0.0
photo booth size prints,2026-03-30,0,7,1.0,0.0
photo booth size prints,2026-04-06,1,6,1.08,16.667
photo booth size prints,2026-04-13,1,7,1.5,14.286
photo booth size prints,2026-04-20,0,8,1.21,0.0
photo booth size prints,2026-04-27,0,9,1.0,0.0
photo booth size prints,2026-05-04,1,13,1.29,7.692
photo booth size prints,2026-05-11,1,10,1.25,10.0
photo booth size prints,2026-05-18,1,7,1.42,14.286
photo booth size prints,2026-05-25,1,11,1.0,9.091
photo booth sizes,2026-02-09,2,19,1.31,10.526
photo booth sizes,2026-02-16,0,15,1.33,0.0
photo booth sizes,2026-02-23,2,8,1.0,25.0
photo booth sizes,2026-03-02,1,5,1.5,20.0
photo booth sizes,2026-03-09,0,13,2.29,0.0
photo booth sizes,2026-03-16,0,17,2.12,0.0
photo booth sizes,2026-03-23,0,10,1.67,0.0
photo booth sizes,2026-03-30,0,13,2.0,0.0
photo booth sizes,2026-04-06,0,13,1.31,0.0
photo booth sizes,2026-04-13,0,14,1.56,0.0
photo booth sizes,2026-04-20,1,9,2.24,11.111
photo booth sizes,2026-04-27,1,12,1.53,8.333
photo booth sizes,2026-05-04,0,7,1.75,0.0
photo booth sizes,2026-05-11,1,5,2.0,20.0
photo booth sizes,2026-05-18,1,14,2.08,7.143
photo booth sizes,2026-05-25,0,5,1.5,0.0
photo booth slip,2026-04-27,0,1,1.0,0.0
photo booth slip,2026-05-18,0,2,1.0,0.0
photo booth sluts,2026-03-16,0,1,11.0,0.0
photo booth solo paragon,2026-04-27,0,1,2.0,0.0
photo booth south florida,2026-03-30,0,1,50.0,0.0
photo booth south florida,2026-05-18,0,1,55.0,0.0
photo booth spanish,2026-03-23,0,1,2.0,0.0
photo booth spanish,2026-04-13,0,2,2.0,0.0
photo booth spanish,2026-04-27,0,1,2.0,0.0
photo booth special effects,2026-02-09,0,5,38.0,0.0
photo booth special effects,2026-02-16,0,4,37.25,0.0
photo booth special effects,2026-02-23,0,3,46.0,0.0
photo booth special effects,2026-03-09,0,2,23.5,0.0
photo booth special effects,2026-03-23,0,4,24.5,0.0
photo booth special effects,2026-03-30,0,2,25.5,0.0
photo booth special effects,2026-04-06,0,4,35.0,0.0
photo booth special effects,2026-04-13,0,1,20.0,0.0
photo booth special effects,2026-04-27,0,4,24.5,0.0
photo booth special effects,2026-05-04,0,8,17.83,0.0
photo booth special effects,2026-05-11,0,9,19.64,0.0
photo booth special effects,2026-05-18,0,7,17.0,0.0
photo booth spinner rental,2026-03-16,0,1,97.0,0.0
photo booth square,2026-02-16,0,1,10.0,0.0
photo booth square,2026-03-30,0,2,7.0,0.0
photo booth square,2026-04-06,0,4,4.5,0.0
photo booth square,2026-04-13,0,2,6.5,0.0
photo booth square,2026-04-27,0,1,14.0,0.0
photo booth square,2026-05-04,0,2,5.0,0.0
photo booth square,2026-05-18,0,1,8.0,0.0
photo booth square,2026-05-25,0,1,12.0,0.0
photo booth stand rental,2026-05-11,0,3,51.0,0.0
photo booth standard size,2026-02-09,0,2,1.0,0.0
photo booth standard size,2026-02-16,0,5,3.0,0.0
photo booth standard size,2026-02-23,0,8,1.0,0.0
photo booth standard size,2026-03-02,0,6,1.89,0.0
photo booth standard size,2026-03-09,0,3,3.5,0.0
photo booth standard size,2026-03-16,0,2,2.5,0.0
photo booth standard size,2026-03-23,0,2,2.5,0.0
photo booth standard size,2026-03-30,1,9,2.83,11.111
photo booth standard size,2026-04-06,0,4,1.5,0.0
photo booth standard size,2026-04-13,0,5,1.0,0.0
photo booth standard size,2026-04-20,0,3,2.33,0.0
photo booth standard size,2026-04-27,0,5,2.67,0.0
photo booth standard size,2026-05-04,0,2,3.5,0.0
photo booth standard size,2026-05-11,0,3,1.0,0.0
photo booth standard size,2026-05-18,0,4,2.5,0.0
photo booth standard size,2026-05-25,0,1,1.0,0.0
photo booth stick props,2026-03-02,0,1,8.0,0.0
photo booth stickers,2026-02-16,0,1,2.0,0.0
photo booth stickers,2026-04-06,0,1,2.0,0.0
photo booth stickers,2026-04-20,0,1,3.0,0.0
photo booth sticks,2026-02-09,0,2,3.0,0.0
photo booth store,2026-05-11,0,1,7.0,0.0
photo booth strip,2026-02-09,0,6,8.2,0.0
photo booth strip,2026-02-16,0,6,2.2,0.0
photo booth strip,2026-03-02,0,5,7.0,0.0
photo booth strip,2026-03-09,0,1,7.0,0.0
photo booth strip,2026-03-16,0,2,5.5,0.0
photo booth strip,2026-03-23,0,1,35.0,0.0
photo booth strip,2026-04-13,0,1,7.0,0.0
photo booth strip,2026-05-18,0,2,22.0,0.0
photo booth strip,2026-05-25,0,1,6.0,0.0
photo booth strip couple,2026-02-16,0,1,6.0,0.0
photo booth strip dimensions,2026-02-09,0,50,2.21,0.0
photo booth strip dimensions,2026-02-16,0,29,1.97,0.0
photo booth strip dimensions,2026-02-23,2,18,1.58,11.111
photo booth strip dimensions,2026-03-02,0,18,1.74,0.0
photo booth strip dimensions,2026-03-09,1,31,2.08,3.226
photo booth strip dimensions,2026-03-16,0,27,2.57,0.0
photo booth strip dimensions,2026-03-23,1,26,1.87,3.846
photo booth strip dimensions,2026-03-30,2,25,2.22,8.0
photo booth strip dimensions,2026-04-06,0,22,2.12,0.0
photo booth strip dimensions,2026-04-13,0,24,2.13,0.0
photo booth strip dimensions,2026-04-20,0,35,2.24,0.0
photo booth strip dimensions,2026-04-27,0,24,2.19,0.0
photo booth strip dimensions,2026-05-04,1,40,2.14,2.5
photo booth strip dimensions,2026-05-11,2,44,1.96,4.545
photo booth strip dimensions,2026-05-18,0,28,2.23,0.0
photo booth strip dimensions,2026-05-25,1,42,2.09,2.381
photo booth strip display,2026-02-16,0,1,27.0,0.0
photo booth strip display,2026-05-25,0,1,18.0,0.0
photo booth strip drawing,2026-04-27,0,1,3.0,0.0
photo booth strip frame,2026-02-09,0,2,10.0,0.0
photo booth strip frame,2026-03-16,0,1,6.0,0.0
photo booth strip frame,2026-03-30,0,3,10.0,0.0
photo booth strip frame,2026-05-04,0,6,5.33,0.0
photo booth strip frame,2026-05-11,0,1,6.0,0.0
photo booth strip frame,2026-05-18,0,2,7.0,0.0
photo booth strip frame,2026-05-25,0,1,7.0,0.0
photo booth strip frame template,2026-03-02,0,2,9.0,0.0
photo booth strip hard launch,2026-02-16,0,1,9.0,0.0
photo booth strip holder,2026-04-06,0,1,5.0,0.0
photo booth strip ideas,2026-02-09,0,1,17.0,0.0
photo booth strip ideas,2026-02-16,0,3,10.75,0.0
photo booth strip ideas,2026-02-23,0,4,17.0,0.0
photo booth strip ideas,2026-03-02,0,3,13.0,0.0
photo booth strip ideas,2026-05-11,0,2,17.5,0.0
photo booth strip meaning,2026-02-09,0,1,1.0,0.0
photo booth strip meaning,2026-02-16,0,2,1.0,0.0
photo booth strip meaning,2026-02-23,0,1,5.0,0.0
photo booth strip meaning,2026-03-02,0,12,2.81,0.0
photo booth strip meaning,2026-03-09,0,10,2.5,0.0
photo booth strip meaning,2026-03-16,0,14,2.83,0.0
photo booth strip meaning,2026-03-23,0,9,4.6,0.0
photo booth strip meaning,2026-03-30,0,4,4.75,0.0
photo booth strip meaning,2026-04-06,0,11,3.47,0.0
photo booth strip meaning,2026-04-13,0,3,2.33,0.0
photo booth strip meaning,2026-04-20,0,14,6.7,0.0
photo booth strip meaning,2026-04-27,0,14,4.85,0.0
photo booth strip meaning,2026-05-04,0,13,4.32,0.0
photo booth strip meaning,2026-05-11,0,23,4.8,0.0
photo booth strip meaning,2026-05-18,0,9,5.77,0.0
photo booth strip meaning,2026-05-25,0,5,5.83,0.0
photo booth strip measurements,2026-02-09,0,7,1.3,0.0
photo booth strip measurements,2026-02-16,0,7,1.8,0.0
photo booth strip measurements,2026-02-23,1,7,1.5,14.286
photo booth strip measurements,2026-03-02,0,2,2.0,0.0
photo booth strip measurements,2026-03-09,0,4,1.33,0.0
photo booth strip measurements,2026-03-16,0,8,1.58,0.0
photo booth strip measurements,2026-03-23,0,5,1.5,0.0
photo booth strip measurements,2026-04-06,0,3,1.0,0.0
photo booth strip measurements,2026-04-13,0,4,1.75,0.0
photo booth strip measurements,2026-04-27,0,6,1.6,0.0
photo booth strip measurements,2026-05-04,0,4,1.25,0.0
photo booth strip measurements,2026-05-11,1,4,1.67,25.0
photo booth strip measurements,2026-05-18,0,4,1.83,0.0
photo booth strip measurements,2026-05-25,0,1,7.0,0.0
photo booth strip near me,2026-03-09,0,1,4.0,0.0
photo booth strip near me,2026-03-16,0,2,3.0,0.0
photo booth strip near me,2026-04-27,0,1,4.0,0.0
photo booth strip near me,2026-05-04,0,1,5.0,0.0
photo booth strip online,2026-03-09,0,1,11.0,0.0
photo booth strip paper,2026-02-09,0,1,2.0,0.0
photo booth strip paper,2026-02-16,0,1,3.0,0.0
photo booth strip picture frame,2026-02-09,0,1,2.0,0.0
photo booth strip picture frame,2026-03-16,0,1,3.0,0.0
photo booth strip pictures,2026-05-04,0,2,12.0,0.0
photo booth strip pictures,2026-05-11,0,1,22.0,0.0
photo booth strip pictures,2026-05-18,0,1,13.0,0.0
photo booth strip png,2026-04-13,0,1,11.0,0.0
photo booth strip printer,2026-02-09,0,1,7.0,0.0
photo booth strip printer,2026-02-16,0,1,3.0,0.0
photo booth strip printer,2026-02-23,0,1,5.0,0.0
photo booth strip printer,2026-03-16,0,1,5.0,0.0
photo booth strip printer,2026-03-23,0,1,2.0,0.0
photo booth strip printer,2026-04-27,0,1,4.0,0.0
photo booth strip printer,2026-05-11,0,1,5.0,0.0
photo booth strip prints,2026-03-16,0,1,37.0,0.0
photo booth strip prints,2026-05-18,0,1,2.0,0.0
photo booth strip size,2026-02-09,1,83,1.64,1.205
photo booth strip size,2026-02-16,0,59,1.62,0.0
photo booth strip size,2026-02-23,1,47,1.77,2.128
photo booth strip size,2026-03-02,0,39,1.53,0.0
photo booth strip size,2026-03-09,0,42,2.06,0.0
photo booth strip size,2026-03-16,2,61,2.02,3.279
photo booth strip size,2026-03-23,0,49,2.18,0.0
photo booth strip size,2026-03-30,3,55,2.24,5.455
photo booth strip size,2026-04-06,2,53,1.67,3.774
photo booth strip size,2026-04-13,1,36,1.67,2.778
photo booth strip size,2026-04-20,0,47,2.44,0.0
photo booth strip size,2026-04-27,4,52,2.01,7.692
photo booth strip size,2026-05-04,1,50,1.69,2.0
photo booth strip size,2026-05-11,1,32,1.88,3.125
photo booth strip size,2026-05-18,1,53,2.77,1.887
photo booth strip size,2026-05-25,1,27,2.21,3.704
photo booth strip size canva,2026-03-09,0,1,1.0,0.0
photo booth strip size canva,2026-03-16,0,2,2.0,0.0
photo booth stripe,2026-03-02,0,1,2.0,0.0
photo booth stripe,2026-03-09,0,1,1.0,0.0
photo booth stripe,2026-03-16,0,1,2.0,0.0
photo booth strips,2026-02-09,0,11,2.4,0.0
photo booth strips,2026-02-16,0,4,3.33,0.0
photo booth strips,2026-02-23,0,1,3.0,0.0
photo booth strips,2026-03-02,0,4,2.17,0.0
photo booth strips,2026-03-09,0,3,2.33,0.0
photo booth strips,2026-03-16,0,6,3.83,0.0
photo booth strips,2026-03-23,0,9,3.13,0.0
photo booth strips,2026-03-30,0,7,14.25,0.0
photo booth strips,2026-04-06,0,9,4.42,0.0
photo booth strips,2026-04-13,0,8,2.78,0.0
photo booth strips,2026-04-20,0,3,1.67,0.0
photo booth strips,2026-04-27,0,3,2.25,0.0
photo booth strips,2026-05-04,0,4,3.5,0.0
photo booth strips,2026-05-18,0,5,4.67,0.0
photo booth strips,2026-05-25,0,4,2.83,0.0
photo booth strips near me,2026-02-09,0,1,10.0,0.0
photo booth strips near me,2026-04-06,0,1,9.0,0.0
photo booth strips near me,2026-05-04,0,2,5.5,0.0
photo booth strips online,2026-04-06,0,1,11.0,0.0
photo booth strips size,2026-02-09,1,17,1.66,5.882
photo booth strips size,2026-02-16,0,4,1.83,0.0
photo booth strips size,2026-02-23,0,4,2.0,0.0
photo booth strips size,2026-03-02,0,8,1.17,0.0
photo booth strips size,2026-03-09,0,9,1.4,0.0
photo booth strips size,2026-03-16,0,15,1.56,0.0
photo booth strips size,2026-03-23,0,6,1.62,0.0
photo booth strips size,2026-03-30,0,11,2.51,0.0
photo booth strips size,2026-04-06,1,9,2.0,11.111
photo booth strips size,2026-04-13,0,5,6.5,0.0
photo booth strips size,2026-04-20,0,7,1.54,0.0
photo booth strips size,2026-04-27,0,5,2.33,0.0
photo booth strips size,2026-05-04,1,6,1.5,16.667
photo booth strips size,2026-05-11,0,1,2.0,0.0
photo booth strips size,2026-05-18,0,4,1.67,0.0
photo booth strips size,2026-05-25,1,8,2.3,12.5
photo booth strips wedding,2026-02-23,0,1,12.0,0.0
photo booth studios,2026-03-02,0,1,81.0,0.0
photo booth style photo prints,2026-02-16,0,1,4.0,0.0
photo booth style photos,2026-04-27,0,1,57.0,0.0
photo booth style print,2026-02-09,0,1,18.0,0.0
photo booth style prints,2026-02-09,0,4,15.0,0.0
photo booth style prints,2026-02-16,0,2,6.0,0.0
photo booth style prints,2026-02-23,0,1,23.0,0.0
photo booth style prints,2026-03-02,0,2,18.0,0.0
photo booth style prints,2026-03-09,0,3,13.33,0.0
photo booth style prints,2026-03-16,0,1,6.0,0.0
photo booth style prints,2026-03-23,0,1,7.0,0.0
photo booth style prints,2026-03-30,0,1,19.0,0.0
photo booth style prints,2026-04-06,0,3,28.0,0.0
photo booth style prints,2026-04-20,0,1,39.0,0.0
photo booth style prints,2026-04-27,0,3,19.0,0.0
photo booth style prints,2026-05-04,0,4,17.75,0.0
photo booth style prints,2026-05-18,0,1,13.0,0.0
photo booth subang,2026-03-09,0,1,4.0,0.0
photo booth sun plaza,2026-03-16,0,1,3.0,0.0
photo booth supermarket,2026-05-18,0,1,2.0,0.0
photo booth supply co,2026-03-16,0,1,2.0,0.0
photo booth synonym,2026-02-09,0,2,1.0,0.0
photo booth synonym,2026-02-23,0,2,26.5,0.0
photo booth synonym,2026-03-02,0,1,1.0,0.0
photo booth synonym,2026-03-09,0,1,1.0,0.0
photo booth synonym,2026-03-30,0,1,1.0,0.0
photo booth synonym,2026-04-13,0,3,1.0,0.0
photo booth synonym,2026-04-20,0,2,1.0,0.0
photo booth synonyms,2026-02-09,0,3,1.0,0.0
photo booth synonyms,2026-02-16,0,2,1.0,0.0
photo booth synonyms,2026-02-23,0,4,12.33,0.0
photo booth synonyms,2026-03-02,0,9,4.6,0.0
photo booth synonyms,2026-03-09,0,3,9.5,0.0
photo booth synonyms,2026-03-16,0,6,1.0,0.0
photo booth synonyms,2026-03-23,0,9,4.6,0.0
photo booth synonyms,2026-03-30,0,6,1.0,0.0
photo booth synonyms,2026-04-06,1,4,1.0,25.0
photo booth synonyms,2026-04-13,0,13,1.0,0.0
photo booth synonyms,2026-04-20,0,2,1.0,0.0
photo booth synonyms,2026-04-27,0,2,1.0,0.0
photo booth synonyms,2026-05-04,0,2,1.0,0.0
photo booth synonyms,2026-05-11,0,1,1.0,0.0
photo booth synonyms,2026-05-25,0,2,23.0,0.0
photo booth template,2026-03-30,0,1,37.0,0.0
photo booth template size,2026-02-09,0,1,1.0,0.0
photo booth template size,2026-03-09,0,6,1.0,0.0
photo booth template size,2026-03-16,0,4,1.0,0.0
photo booth template size,2026-03-23,0,11,1.0,0.0
photo booth template size,2026-03-30,0,15,1.0,0.0
photo booth template size,2026-04-06,0,8,1.0,0.0
photo booth template size,2026-04-13,0,9,1.0,0.0
photo booth template size,2026-04-20,0,2,1.5,0.0
photo booth template size,2026-04-27,0,1,1.0,0.0
photo booth template size,2026-05-04,0,5,1.0,0.0
photo booth template size,2026-05-11,0,4,1.0,0.0
photo booth template size,2026-05-18,0,4,1.0,0.0
photo booth template size,2026-05-25,0,7,1.1,0.0
photo booth tental,2026-05-04,0,2,7.0,0.0
photo booth terdekat,2026-02-16,0,2,2.0,0.0
photo booth terdekat,2026-03-16,0,1,2.0,0.0
photo booth terdekat dari lokasi saya,2026-03-30,0,1,4.0,0.0
photo booth thane,2026-03-23,0,1,4.0,0.0
photo booth that prints pictures,2026-02-09,0,1,3.0,0.0
photo booth that prints pictures,2026-04-06,0,1,2.0,0.0
photo booth that prints strips,2026-02-16,0,1,1.0,0.0
photo booth that prints strips,2026-03-30,0,1,7.0,0.0
photo booth that prints strips,2026-05-04,0,1,21.0,0.0
photo booth that prints strips,2026-05-25,0,1,5.0,0.0
photo booth thing,2026-02-09,0,2,7.5,0.0
photo booth thing,2026-02-16,0,1,6.0,0.0
photo booth thing,2026-02-23,0,1,1.0,0.0
photo booth thing,2026-03-30,0,1,1.0,0.0
photo booth thrissur,2026-04-06,0,1,1.0,0.0
photo booth timezone,2026-03-09,0,1,1.0,0.0
photo booth timezone,2026-04-13,0,1,1.0,0.0
photo booth tits,2026-03-16,0,8,2.25,0.0
photo booth to,2026-04-06,0,1,9.0,0.0
photo booth to make memories,2026-05-11,0,1,70.0,0.0
photo booth to rent,2026-03-30,0,1,64.0,0.0
photo booth to rent for wedding,2026-04-06,0,1,22.0,0.0
photo booth translate,2026-03-16,0,1,3.0,0.0
photo booth trends 2025 2026,2026-03-09,0,1,9.0,0.0
photo booth trends 2026,2026-03-02,0,1,11.0,0.0
photo booth trends 2026,2026-03-09,0,6,8.17,0.0
photo booth trends 2026,2026-03-16,0,9,6.07,0.0
photo booth trends 2026,2026-04-20,0,14,1.0,0.0
photo booth tunjungan plaza,2026-03-09,0,1,2.0,0.0
photo booth type pictures,2026-02-09,1,9,13.19,11.111
photo booth type pictures,2026-02-16,0,13,17.96,0.0
photo booth type pictures,2026-02-23,0,10,19.64,0.0
photo booth type pictures,2026-03-02,0,2,16.0,0.0
photo booth type pictures,2026-03-16,0,1,2.0,0.0
photo booth type pictures,2026-03-30,1,1,2.0,100.0
photo booth type pictures,2026-05-04,0,1,2.0,0.0
photo booth ukuran,2026-02-09,0,1,1.0,0.0
photo booth vendor,2026-02-23,0,1,3.0,0.0
photo booth vendor,2026-05-18,0,1,10.0,0.0
photo booth vendors,2026-03-30,0,1,2.0,0.0
photo booth video,2026-03-23,0,1,11.0,0.0
photo booth wall,2026-02-09,0,2,3.0,0.0
photo booth wall,2026-02-16,0,1,2.0,0.0
photo booth wall,2026-03-30,0,1,4.0,0.0
photo booth web,2026-02-09,0,1,6.0,0.0
photo booth wedding,2026-02-16,0,1,10.0,0.0
photo booth wedding rental,2026-02-09,0,7,74.78,0.0
photo booth wedding rental,2026-02-16,0,26,66.8,0.0
photo booth wedding rental,2026-02-23,0,17,67.75,0.0
photo booth wedding rental,2026-03-02,0,6,67.17,0.0
photo booth wedding rental,2026-03-09,0,1,58.0,0.0
photo booth westchester ny,2026-03-02,0,1,87.0,0.0
photo booth westchester ny,2026-03-09,0,1,90.0,0.0
photo booth westchester ny,2026-03-23,0,1,90.0,0.0
photo booth westchester ny,2026-03-30,0,1,89.0,0.0
photo booth westchester ny,2026-04-06,0,1,74.0,0.0
photo booth westchester ny,2026-04-13,0,1,70.0,0.0
photo booth westchester ny,2026-04-20,0,1,72.0,0.0
photo booth westchester ny,2026-04-27,0,1,71.0,0.0
photo booth westchester ny,2026-05-04,0,1,71.0,0.0
photo booth westchester ny,2026-05-11,0,2,66.0,0.0
photo booth westchester ny,2026-05-18,0,1,63.0,0.0
photo booth westchester ny,2026-05-25,0,1,69.0,0.0
photo booth with guest book,2026-04-13,0,1,5.0,0.0
photo booth with photographer,2026-03-02,0,1,63.0,0.0
photo booth with photographer,2026-03-30,0,1,58.0,0.0
photo booth with prints,2026-02-23,0,1,3.0,0.0
photo booth with prints,2026-05-18,0,1,9.0,0.0
photo booth with us,2026-02-16,0,1,64.0,0.0
photo booth with us,2026-03-02,0,2,89.5,0.0
photo booth with us,2026-03-09,0,2,27.0,0.0
photo booth with us,2026-03-16,0,1,99.0,0.0
photo booth with us,2026-03-23,0,1,48.0,0.0
photo booth with us,2026-03-30,0,1,89.0,0.0
photo booth wooden frame,2026-05-04,0,1,33.0,0.0
photo booth word,2026-02-09,0,5,1.0,0.0
photo booth word,2026-02-16,0,1,1.0,0.0
photo booth word,2026-03-16,0,2,1.0,0.0
photo booth word,2026-03-23,0,1,1.0,0.0
photo booth word,2026-03-30,0,3,2.0,0.0
photo booth word,2026-04-13,0,1,60.0,0.0
photo booth words,2026-02-16,0,1,1.0,0.0
photo booth words,2026-03-09,0,1,1.0,0.0
photo booth wynwood,2026-02-09,0,1,12.0,0.0
photo booth wynwood,2026-02-16,0,2,11.0,0.0
photo booth wynwood,2026-02-23,0,4,9.0,0.0
photo booth wynwood,2026-03-02,0,4,10.0,0.0
photo booth wynwood,2026-03-09,0,10,6.9,0.0
photo booth wynwood,2026-03-16,0,5,9.44,0.0
photo booth wynwood,2026-03-23,0,3,13.0,0.0
photo booth wynwood,2026-03-30,0,1,11.0,0.0
photo booth wynwood,2026-04-27,0,1,8.0,0.0
photo booth wynwood,2026-05-04,0,1,9.0,0.0
photo booth wynwood,2026-05-11,0,1,18.0,0.0
photo booth перевод,2026-02-09,0,1,2.0,0.0
photo booth перевод,2026-02-16,0,1,2.0,0.0
photo booth ขนาด,2026-03-16,0,1,2.0,0.0
photo booth ขนาด,2026-04-06,0,1,1.0,0.0
photo booth ขนาด,2026-05-04,0,3,1.0,0.0
photo booth.,2026-02-09,0,3,8.0,0.0
photo booth.,2026-04-27,0,1,1.0,0.0
photo booth.com,2026-04-06,0,1,10.0,0.0
photo booth\,2026-02-23,0,1,11.0,0.0
photo booths,2026-02-09,0,6,7.33,0.0
photo booths,2026-02-16,0,1,3.0,0.0
photo booths,2026-02-23,0,1,8.0,0.0
photo booths,2026-03-02,0,1,8.0,0.0
photo booths,2026-03-09,0,1,3.0,0.0
photo booths,2026-03-30,0,2,2.5,0.0
photo booths,2026-04-20,0,3,9.0,0.0
photo booths,2026-04-27,0,1,9.0,0.0
photo booths around me,2026-03-02,0,1,7.0,0.0
photo booths effects,2026-02-16,0,2,92.5,0.0
photo booths effects,2026-02-23,0,2,77.0,0.0
photo booths for rent,2026-02-09,0,1,43.0,0.0
photo booths for rent,2026-02-16,0,2,21.0,0.0
photo booths for rent,2026-03-16,0,1,7.0,0.0
photo booths for rental,2026-04-13,0,1,52.0,0.0
photo booths for sale,2026-03-16,0,1,2.0,0.0
photo booths for weddings,2026-05-25,0,2,17.0,0.0
photo booths in miami,2026-02-09,1,8,8.5,12.5
photo booths in miami,2026-02-16,0,1,21.0,0.0
photo booths in miami,2026-02-23,0,3,16.75,0.0
photo booths in miami,2026-03-02,0,2,12.5,0.0
photo booths in miami,2026-03-09,0,4,8.5,0.0
photo booths in miami,2026-03-16,0,3,8.0,0.0
photo booths in miami,2026-03-23,0,3,13.0,0.0
photo booths in miami,2026-03-30,0,1,1.0,0.0
photo booths in miami,2026-04-13,0,1,26.0,0.0
photo booths in miami,2026-05-11,0,1,24.0,0.0
photo booths in miami,2026-05-18,0,1,1.0,0.0
photo booths meaning,2026-03-16,0,1,15.0,0.0
photo booths meaning,2026-03-30,0,1,36.0,0.0
photo booths meaning,2026-04-13,0,2,17.0,0.0
photo booths miami,2026-02-09,0,8,3.67,0.0
photo booths miami,2026-02-16,0,18,11.33,0.0
photo booths miami,2026-02-23,0,3,5.5,0.0
photo booths miami,2026-03-02,0,2,9.0,0.0
photo booths miami,2026-03-09,0,6,11.08,0.0
photo booths miami,2026-03-16,0,2,8.0,0.0
photo booths miami,2026-03-23,0,1,7.0,0.0
photo booths miami,2026-04-06,0,1,21.0,0.0
photo booths miami,2026-04-13,0,2,14.5,0.0
photo booths miami,2026-04-20,0,1,24.0,0.0
photo booths miami,2026-05-04,0,2,10.5,0.0
photo booths miami,2026-05-11,0,2,10.5,0.0
photo booths miami,2026-05-18,0,1,22.0,0.0
photo booths miami,2026-05-25,0,1,8.0,0.0
photo booths near me,2026-02-09,0,2,10.0,0.0
photo booths near me,2026-02-16,0,1,11.0,0.0
photo booths near me,2026-02-23,0,3,4.67,0.0
photo booths near me,2026-03-02,0,2,5.5,0.0
photo booths near me,2026-04-06,0,1,1.0,0.0
photo booths near me,2026-04-13,0,1,4.0,0.0
photo booths near me,2026-05-18,0,2,3.0,0.0
photo booths props,2026-03-09,0,1,1.0,0.0
photo booths rental,2026-03-30,0,1,2.0,0.0
photo booths rentals,2026-03-30,0,1,3.0,0.0
photo booths rentals,2026-05-11,0,1,7.0,0.0
photo booths to rent for parties,2026-02-23,0,1,3.0,0.0
photo booths to rent for parties,2026-04-06,0,1,11.0,0.0
photo bootj,2026-04-06,0,1,5.0,0.0
photo bootn,2026-03-09,0,1,13.0,0.0
photo booty,2026-03-23,0,1,2.0,0.0
photo both,2026-02-09,0,6,7.75,0.0
photo both,2026-02-23,0,10,6.5,0.0
photo both,2026-03-02,0,1,1.0,0.0
photo both,2026-03-23,0,5,6.56,0.0
photo both,2026-03-30,0,2,4.0,0.0
photo both,2026-04-06,0,1,5.0,0.0
photo both,2026-04-13,0,1,11.0,0.0
photo both,2026-04-27,0,1,1.0,0.0
photo both,2026-05-04,0,1,10.0,0.0
photo both,2026-05-18,0,4,4.0,0.0
photo both rental,2026-03-23,0,1,9.0,0.0
photo both rental,2026-03-30,0,1,2.0,0.0
photo box,2026-02-09,0,1,1.0,0.0
photo box,2026-02-23,0,1,2.0,0.0
photo box,2026-03-02,0,1,2.0,0.0
photo box dimensions,2026-02-09,0,1,1.0,0.0
photo box dimensions,2026-04-06,0,1,1.0,0.0
photo box dimensions,2026-04-13,0,1,44.0,0.0
photo box dimensions,2026-05-11,0,1,42.0,0.0
photo box dimensions,2026-05-18,0,1,1.0,0.0
photo box event,2026-03-23,0,1,12.0,0.0
photo box size,2026-02-23,0,1,71.0,0.0
photo box size,2026-04-13,0,1,31.0,0.0
photo box terdekat,2026-05-04,0,1,3.0,0.0
photo buffet meaning,2026-02-09,0,3,1.0,0.0
photo bus rental,2026-03-23,0,1,5.0,0.0
photo buth,2026-04-06,0,1,3.0,0.0
photo cabin,2026-02-09,0,1,9.0,0.0
photo cabin,2026-03-23,0,1,10.0,0.0
photo coming out of camera,2026-02-09,0,1,2.0,0.0
photo dimension,2026-03-23,0,1,3.0,0.0
photo film strip,2026-03-16,0,1,3.0,0.0
photo film strips,2026-03-02,0,1,3.0,0.0
photo frame booth,2026-02-23,0,1,5.0,0.0
photo frame booth,2026-03-16,0,1,6.0,0.0
photo frame for photo booth,2026-03-16,0,1,1.0,0.0
photo frame for photo booth strip,2026-02-09,0,1,7.0,0.0
photo frame for photo booth strip,2026-02-16,0,1,7.0,0.0
photo frame for photo booth strip,2026-05-04,0,2,6.0,0.0
photo frame photobooth,2026-02-23,0,1,7.0,0.0
photo frame strip,2026-04-13,0,1,4.0,0.0
photo from a camera,2026-03-23,0,1,2.0,0.0
photo from camera,2026-03-23,0,1,2.0,0.0
photo from photo booth,2026-02-09,0,2,1.0,0.0
photo from photo booth,2026-02-16,0,1,1.0,0.0
photo from photo booth,2026-02-23,0,3,2.5,0.0
photo from photo booth,2026-03-02,0,1,2.0,0.0
photo from photo booth,2026-03-16,0,3,1.33,0.0
photo from photo booth,2026-03-30,0,2,1.5,0.0
photo from photo booth,2026-04-06,0,1,2.0,0.0
photo from photo booth,2026-04-27,0,1,3.0,0.0
photo fun,2026-03-30,0,1,20.0,0.0
photo fun booth,2026-02-23,0,1,69.0,0.0
photo id photographer coral gables,2026-05-04,0,1,77.0,0.0
"photo id photographer in coral gables, fl",2026-02-09,0,1,38.0,0.0
"photo id photographer in coral gables, fl",2026-02-16,0,4,28.0,0.0
"photo id photographer in coral gables, fl",2026-02-23,0,4,26.75,0.0
"photo id photographer in coral gables, fl",2026-03-02,0,6,29.0,0.0
"photo id photographer in coral gables, fl",2026-03-09,0,11,17.83,0.0
"photo id photographer in coral gables, fl",2026-03-16,0,5,16.2,0.0
"photo id photographer in coral gables, fl",2026-03-23,0,7,16.57,0.0
"photo id photographer in coral gables, fl",2026-03-30,0,5,20.6,0.0
"photo id photographer in coral gables, fl",2026-04-06,0,5,20.88,0.0
"photo id photographer in coral gables, fl",2026-04-20,0,1,19.0,0.0
"photo id photographer in coral gables, fl",2026-04-27,0,3,24.67,0.0
"photo id photographer in coral gables, fl",2026-05-04,0,3,39.67,0.0
"photo id photographer in coral gables, fl",2026-05-11,0,3,68.75,0.0
"photo id photographer in coral gables, fl",2026-05-18,0,3,46.33,0.0
"photo id photographer in coral gables, fl",2026-05-25,0,2,46.0,0.0
photo in pub,2026-02-23,0,1,2.0,0.0
photo machine near me,2026-02-16,0,1,1.0,0.0
photo me booth photo sizes,2026-02-09,0,15,3.62,0.0
photo me booth photo sizes,2026-02-16,0,4,3.75,0.0
photo me booth photo sizes,2026-02-23,0,5,5.0,0.0
photo me booth photo sizes,2026-03-02,1,8,3.0,12.5
photo me booth photo sizes,2026-03-09,0,8,4.57,0.0
photo me booth photo sizes,2026-03-16,0,8,7.17,0.0
photo me booth photo sizes,2026-03-23,0,9,3.47,0.0
photo me booth photo sizes,2026-03-30,0,7,5.6,0.0
photo me booth photo sizes,2026-04-06,0,10,8.21,0.0
photo me booth photo sizes,2026-04-13,0,12,7.0,0.0
photo me booth photo sizes,2026-04-20,0,8,6.61,0.0
photo me booth photo sizes,2026-04-27,0,14,5.35,0.0
photo me booth photo sizes,2026-05-04,0,12,6.07,0.0
photo me booth photo sizes,2026-05-11,0,5,6.75,0.0
photo me booth photo sizes,2026-05-18,0,10,5.48,0.0
photo me photo size,2026-02-23,0,1,2.0,0.0
photo me photo sizes,2026-03-16,0,1,21.0,0.0
photo me picture sizes,2026-02-09,0,1,3.0,0.0
photo me picture sizes,2026-02-16,0,5,1.5,0.0
photo me picture sizes,2026-02-23,0,2,2.5,0.0
photo me picture sizes,2026-03-02,0,2,1.0,0.0
photo me picture sizes,2026-03-09,0,6,2.88,0.0
photo me picture sizes,2026-03-16,0,9,1.92,0.0
photo me picture sizes,2026-03-23,0,6,1.62,0.0
photo me picture sizes,2026-03-30,0,3,2.0,0.0
photo me picture sizes,2026-04-06,0,8,1.92,0.0
photo me picture sizes,2026-04-13,0,5,2.0,0.0
photo me picture sizes,2026-04-20,0,2,2.0,0.0
photo me picture sizes,2026-04-27,0,3,1.67,0.0
photo me picture sizes,2026-05-04,0,4,3.33,0.0
photo me picture sizes,2026-05-11,0,10,2.39,0.0
photo me picture sizes,2026-05-18,0,2,2.0,0.0
photo mia,2026-03-16,0,1,12.0,0.0
photo mirror booth,2026-05-25,0,1,2.0,0.0
photo mosaic,2026-04-06,0,1,1.0,0.0
photo object megamall,2026-02-09,0,1,1.0,0.0
photo objet,2026-02-09,0,1,2.0,0.0
photo objet,2026-02-16,0,1,3.0,0.0
photo objet megamall,2026-02-16,0,1,7.0,0.0
photo ooth,2026-03-30,0,1,4.0,0.0
photo ooth,2026-04-13,0,1,11.0,0.0
photo op props,2026-05-04,0,1,14.0,0.0
photo paper for photo booth,2026-02-23,0,1,1.0,0.0
photo paper for photo booth,2026-03-23,0,2,1.0,0.0
photo paper for photo booth,2026-03-30,0,2,1.0,0.0
photo paper size for photobooth,2026-03-09,0,6,1.44,0.0
photo paper size for photobooth,2026-03-16,0,3,1.0,0.0
photo paper size for photobooth,2026-03-23,0,4,1.67,0.0
photo paper size for photobooth,2026-03-30,0,1,1.0,0.0
photo paper size for photobooth,2026-04-06,0,1,1.0,0.0
photo part,2026-02-23,0,1,2.0,0.0
photo party booth,2026-02-16,0,1,5.0,0.0
photo photo booth,2026-03-30,0,1,29.0,0.0
photo photo booth,2026-04-06,0,1,59.0,0.0
photo polaroid format,2026-02-23,0,1,1.0,0.0
photo poth,2026-02-09,0,4,10.0,0.0
photo poth,2026-02-23,0,1,9.0,0.0
photo print near me,2026-04-20,0,1,10.0,0.0
photo print sheet name,2026-04-13,0,1,2.0,0.0
photo printer for photobooth,2026-04-20,0,1,6.0,0.0
photo printing,2026-02-23,0,1,1.0,0.0
photo prop,2026-04-20,0,3,1.0,0.0
photo prop ideas,2026-04-20,0,1,4.0,0.0
photo prop ideas for birthday,2026-04-20,0,1,1.0,0.0
photo prop stand,2026-05-11,0,1,8.0,0.0
photo props,2026-04-13,0,5,1.0,0.0
photo props,2026-04-20,1,28,1.0,3.571
photo props diy,2026-03-09,0,2,26.0,0.0
photo props diy,2026-03-16,0,2,17.0,0.0
photo props diy,2026-03-23,0,1,6.0,0.0
photo props diy,2026-03-30,0,3,9.0,0.0
photo props diy,2026-04-06,0,1,9.0,0.0
photo props diy,2026-04-13,0,4,9.5,0.0
photo props diy,2026-04-20,0,3,5.33,0.0
photo props diy,2026-04-27,0,1,12.0,0.0
photo props diy,2026-05-04,0,3,16.67,0.0
photo props diy,2026-05-11,0,4,10.0,0.0
photo props diy,2026-05-18,0,1,8.0,0.0
photo props diy,2026-05-25,0,1,1.0,0.0
photo props ideas,2026-04-06,0,1,4.0,0.0
photo rental booth,2026-02-09,0,2,4.0,0.0
photo rental booth,2026-03-23,0,3,33.5,0.0
photo rental booth,2026-03-30,0,7,58.75,0.0
photo rental near me,2026-02-09,0,1,16.0,0.0
photo roamer,2026-03-16,0,1,11.0,0.0
photo roamer,2026-04-13,0,1,1.0,0.0
photo secion,2026-02-16,0,1,1.0,0.0
photo sections,2026-02-09,0,1,1.0,0.0
photo selfie booth,2026-05-18,0,1,60.0,0.0
photo set,2026-02-09,0,1,1.0,0.0
photo set,2026-02-23,0,1,1.0,0.0
photo setup,2026-03-09,0,1,3.0,0.0
photo shoot booth,2026-03-02,0,1,52.0,0.0
photo size,2026-03-23,0,1,9.0,0.0
photo size standard,2026-04-27,0,3,32.0,0.0
photo sizes south africa,2026-03-09,0,5,1.5,0.0
photo sizes walgreens,2026-02-23,0,1,1.0,0.0
photo sizing,2026-04-13,0,1,3.0,0.0
photo stall,2026-03-23,0,1,8.0,0.0
photo stand rental,2026-02-09,0,2,4.5,0.0
photo standee photo booth,2026-03-23,0,1,4.0,0.0
photo station rental,2026-03-09,0,2,6.0,0.0
photo stations,2026-04-20,0,1,8.0,0.0
photo stips,2026-02-09,0,3,3.75,0.0
photo stips,2026-02-23,0,1,2.0,0.0
photo stips,2026-03-16,0,1,5.0,0.0
photo stips,2026-03-23,0,1,2.0,0.0
photo stri[,2026-04-13,0,2,9.5,0.0
photo strip,2026-02-09,0,17,4.9,0.0
photo strip,2026-02-16,0,6,4.83,0.0
photo strip,2026-02-23,0,5,6.33,0.0
photo strip,2026-03-02,0,6,7.39,0.0
photo strip,2026-03-09,0,3,6.0,0.0
photo strip,2026-03-16,0,6,6.12,0.0
photo strip,2026-03-23,0,7,7.4,0.0
photo strip,2026-03-30,0,8,7.1,0.0
photo strip,2026-04-06,0,10,9.87,0.0
photo strip,2026-04-13,0,15,12.14,0.0
photo strip,2026-04-20,0,9,5.42,0.0
photo strip,2026-04-27,0,9,6.0,0.0
photo strip,2026-05-04,0,8,6.2,0.0
photo strip,2026-05-11,0,5,8.0,0.0
photo strip,2026-05-18,0,5,8.12,0.0
photo strip,2026-05-25,0,1,10.0,0.0
photo strip 2x6,2026-02-16,0,1,1.0,0.0
photo strip album,2026-02-23,0,1,8.0,0.0
photo strip album,2026-03-16,0,1,8.0,0.0
photo strip app,2026-02-09,0,1,7.0,0.0
photo strip app,2026-02-16,0,1,2.0,0.0
photo strip background,2026-02-09,0,1,10.0,0.0
photo strip book,2026-02-23,0,1,6.0,0.0
photo strip booth,2026-02-23,0,1,2.0,0.0
photo strip booth,2026-03-02,0,2,18.0,0.0
photo strip booth,2026-03-09,0,1,33.0,0.0
photo strip booth,2026-03-23,0,1,27.0,0.0
photo strip booth,2026-04-06,0,1,12.0,0.0
photo strip booth,2026-05-18,0,1,2.0,0.0
photo strip booth,2026-05-25,0,1,2.0,0.0
photo strip booth near me,2026-03-02,0,2,5.5,0.0
photo strip booth near me,2026-03-16,0,1,2.0,0.0
photo strip booth near me,2026-03-30,0,1,4.0,0.0
photo strip booth near me,2026-04-20,0,1,3.0,0.0
photo strip booth near me,2026-05-04,0,1,9.0,0.0
photo strip booth near me,2026-05-25,0,1,3.0,0.0
photo strip booth rental,2026-03-30,1,1,2.0,100.0
photo strip booth rental,2026-05-11,0,1,2.0,0.0
photo strip border,2026-03-16,0,1,1.0,0.0
photo strip camera,2026-03-16,0,1,3.0,0.0
photo strip camera,2026-04-27,0,1,7.0,0.0
photo strip collage,2026-03-09,0,1,11.0,0.0
photo strip design,2026-04-13,0,1,15.0,0.0
photo strip dimensions,2026-02-09,0,57,2.12,0.0
photo strip dimensions,2026-02-16,0,46,2.31,0.0
photo strip dimensions,2026-02-23,0,33,2.01,0.0
photo strip dimensions,2026-03-02,0,25,2.11,0.0
photo strip dimensions,2026-03-09,1,34,2.21,2.941
photo strip dimensions,2026-03-16,4,49,1.99,8.163
photo strip dimensions,2026-03-23,2,37,1.87,5.405
photo strip dimensions,2026-03-30,1,34,2.11,2.941
photo strip dimensions,2026-04-06,1,25,1.46,4.0
photo strip dimensions,2026-04-13,2,26,1.72,7.692
photo strip dimensions,2026-04-20,1,34,1.86,2.941
photo strip dimensions,2026-04-27,1,33,1.96,3.03
photo strip dimensions,2026-05-04,3,42,1.85,7.143
photo strip dimensions,2026-05-11,0,46,2.38,0.0
photo strip dimensions,2026-05-18,1,33,1.81,3.03
photo strip dimensions,2026-05-25,1,43,2.1,2.326
photo strip display,2026-02-23,0,1,21.0,0.0
photo strip display,2026-03-09,0,1,20.0,0.0
photo strip display,2026-05-11,0,2,17.0,0.0
photo strip display ideas,2026-02-09,0,1,12.0,0.0
photo strip display ideas,2026-02-16,0,4,3.75,0.0
photo strip display ideas,2026-02-23,0,4,5.5,0.0
photo strip display ideas,2026-03-02,0,4,6.67,0.0
photo strip display ideas,2026-03-09,0,1,13.0,0.0
photo strip display ideas,2026-03-16,0,3,9.75,0.0
photo strip display ideas,2026-04-06,0,1,2.0,0.0
photo strip display ideas,2026-04-13,0,2,5.0,0.0
photo strip display ideas,2026-04-20,0,1,10.0,0.0
photo strip drawing,2026-02-23,0,1,5.0,0.0
photo strip frame,2026-02-09,0,3,8.75,0.0
photo strip frame,2026-03-02,0,3,8.75,0.0
photo strip frame,2026-03-16,0,2,5.5,0.0
photo strip frame,2026-03-23,0,2,6.0,0.0
photo strip frame,2026-03-30,0,2,8.0,0.0
photo strip frame,2026-04-06,0,1,9.0,0.0
photo strip frame,2026-04-13,0,1,11.0,0.0
photo strip frame,2026-05-04,0,2,21.5,0.0
photo strip frame,2026-05-11,0,1,10.0,0.0
photo strip frame,2026-05-18,0,1,8.0,0.0
photo strip frame ideas,2026-02-16,0,1,4.0,0.0
photo strip frame nearby,2026-03-09,0,1,11.0,0.0
photo strip frames,2026-03-09,0,1,10.0,0.0
photo strip frames,2026-05-04,0,1,5.0,0.0
photo strip frames,2026-05-25,0,1,8.0,0.0
photo strip framing,2026-02-16,0,1,1.0,0.0
photo strip ideas,2026-03-02,0,1,11.0,0.0
photo strip ideas,2026-03-09,0,1,6.0,0.0
photo strip ideas,2026-04-20,0,1,3.0,0.0
photo strip keychain holder,2026-03-02,0,1,4.0,0.0
photo strip magnet,2026-03-09,0,1,6.0,0.0
photo strip meaning,2026-02-09,0,2,1.5,0.0
photo strip meaning,2026-02-16,0,4,1.0,0.0
photo strip meaning,2026-02-23,0,4,1.0,0.0
photo strip meaning,2026-03-02,0,3,2.67,0.0
photo strip meaning,2026-03-09,0,2,4.5,0.0
photo strip meaning,2026-03-16,0,6,1.3,0.0
photo strip meaning,2026-03-23,0,6,1.3,0.0
photo strip meaning,2026-03-30,0,3,1.25,0.0
photo strip meaning,2026-04-06,0,3,1.67,0.0
photo strip meaning,2026-04-13,0,5,3.11,0.0
photo strip meaning,2026-04-20,0,6,3.38,0.0
photo strip meaning,2026-04-27,0,8,2.67,0.0
photo strip meaning,2026-05-04,0,7,3.75,0.0
photo strip meaning,2026-05-11,0,4,5.25,0.0
photo strip meaning,2026-05-18,0,7,2.83,0.0
photo strip meaning,2026-05-25,0,2,2.0,0.0
photo strip measurements,2026-02-09,1,9,1.6,11.111
photo strip measurements,2026-02-16,0,6,1.5,0.0
photo strip measurements,2026-02-23,0,2,2.0,0.0
photo strip measurements,2026-03-02,0,3,1.75,0.0
photo strip measurements,2026-03-09,1,8,1.5,12.5
photo strip measurements,2026-03-16,0,4,1.17,0.0
photo strip measurements,2026-03-23,0,6,1.44,0.0
photo strip measurements,2026-03-30,0,1,1.0,0.0
photo strip measurements,2026-04-06,0,2,2.0,0.0
photo strip measurements,2026-04-13,0,7,2.0,0.0
photo strip measurements,2026-04-20,1,3,1.25,33.333
photo strip measurements,2026-04-27,0,4,2.33,0.0
photo strip measurements,2026-05-04,0,4,2.0,0.0
photo strip measurements,2026-05-11,1,2,1.0,50.0
photo strip measurements,2026-05-18,0,3,2.0,0.0
photo strip measurements,2026-05-25,0,4,2.5,0.0
photo strip outline,2026-03-16,0,1,9.0,0.0
photo strip paper,2026-02-09,0,1,2.0,0.0
photo strip paper,2026-02-16,0,1,2.0,0.0
photo strip paper,2026-03-23,0,1,5.0,0.0
photo strip paper,2026-04-13,0,1,2.0,0.0
photo strip photo booth,2026-02-09,0,1,13.0,0.0
photo strip photo booth,2026-03-30,0,1,48.0,0.0
photo strip photo booth,2026-04-06,0,3,22.0,0.0
photo strip photo booth,2026-04-13,0,2,19.5,0.0
photo strip photo booth,2026-04-20,0,1,2.0,0.0
photo strip photo booth,2026-04-27,0,1,11.0,0.0
photo strip photo booth,2026-05-04,0,1,13.0,0.0
photo strip photo booth,2026-05-11,0,1,41.0,0.0
photo strip photo booth,2026-05-18,0,1,12.0,0.0
photo strip photo booth,2026-05-25,0,1,9.0,0.0
photo strip photo booth rental,2026-04-27,0,1,7.0,0.0
photo strip photo booth rental,2026-05-25,0,1,6.0,0.0
photo strip photo booth size,2026-03-02,0,1,2.0,0.0
photo strip photo booth size,2026-03-09,0,2,2.0,0.0
photo strip photo booth size,2026-03-16,0,2,2.0,0.0
photo strip photo booth size,2026-03-23,0,1,2.0,0.0
photo strip photo booth size,2026-04-20,0,2,2.0,0.0
photo strip photo booth size,2026-04-27,0,2,1.0,0.0
photo strip photobooth,2026-03-16,0,2,8.5,0.0
photo strip photobooth,2026-03-30,0,2,6.0,0.0
photo strip photobooth,2026-04-06,0,1,9.0,0.0
photo strip photobooth,2026-05-11,0,1,9.0,0.0
photo strip photobooth,2026-05-18,0,1,2.0,0.0
photo strip photobooth,2026-05-25,0,1,12.0,0.0
photo strip picture frame,2026-03-23,0,1,4.0,0.0
photo strip picture frame,2026-04-06,0,1,5.0,0.0
photo strip picture frame,2026-04-13,0,1,7.0,0.0
photo strip poses,2026-03-16,0,1,5.0,0.0
photo strip printer,2026-04-06,0,2,5.5,0.0
photo strip printer,2026-05-18,0,1,6.0,0.0
photo strip printer,2026-05-25,0,1,5.0,0.0
photo strip printing,2026-02-09,0,2,3.5,0.0
photo strip prints,2026-02-09,0,2,7.0,0.0
photo strip prints,2026-02-16,0,2,4.5,0.0
photo strip prints,2026-03-02,0,1,1.0,0.0
photo strip save the date,2026-05-25,0,1,6.0,0.0
photo strip size,2026-02-09,4,312,2.15,1.282
photo strip size,2026-02-16,2,232,2.47,0.862
photo strip size,2026-02-23,5,207,2.29,2.415
photo strip size,2026-03-02,10,181,2.0,5.525
photo strip size,2026-03-09,5,179,1.99,2.793
photo strip size,2026-03-16,7,167,2.05,4.192
photo strip size,2026-03-23,4,213,1.87,1.878
photo strip size,2026-03-30,6,191,1.77,3.141
photo strip size,2026-04-06,7,183,1.86,3.825
photo strip size,2026-04-13,14,149,1.54,9.396
photo strip size,2026-04-20,10,168,1.68,5.952
photo strip size,2026-04-27,8,154,1.76,5.195
photo strip size,2026-05-04,6,176,1.54,3.409
photo strip size,2026-05-11,5,166,1.79,3.012
photo strip size,2026-05-18,1,146,1.77,0.685
photo strip size,2026-05-25,5,134,2.13,3.731
photo strip size cm,2026-02-09,0,34,2.62,0.0
photo strip size cm,2026-02-16,0,26,2.08,0.0
photo strip size cm,2026-02-23,0,24,2.41,0.0
photo strip size cm,2026-03-02,0,25,2.33,0.0
photo strip size cm,2026-03-09,0,31,2.38,0.0
photo strip size cm,2026-03-16,0,32,2.26,0.0
photo strip size cm,2026-03-23,1,24,2.41,4.167
photo strip size cm,2026-03-30,1,35,2.71,2.857
photo strip size cm,2026-04-06,1,25,2.33,4.0
photo strip size cm,2026-04-13,0,26,2.29,0.0
photo strip size cm,2026-04-20,0,14,2.86,0.0
photo strip size cm,2026-04-27,0,21,2.7,0.0
photo strip size cm,2026-05-04,0,19,2.77,0.0
photo strip size cm,2026-05-11,0,17,2.99,0.0
photo strip size cm,2026-05-18,0,16,2.57,0.0
photo strip size cm,2026-05-25,0,13,3.11,0.0
photo strip size in canva,2026-03-16,0,2,3.0,0.0
photo strip size in canva,2026-03-30,0,1,2.0,0.0
photo strip size in canva,2026-05-11,0,1,2.0,0.0
photo strip size in cm,2026-02-09,0,13,3.56,0.0
photo strip size in cm,2026-02-16,1,8,2.5,12.5
photo strip size in cm,2026-02-23,0,7,1.5,0.0
photo strip size in cm,2026-03-02,0,5,2.5,0.0
photo strip size in cm,2026-03-09,0,1,2.0,0.0
photo strip size in cm,2026-03-16,0,4,2.17,0.0
photo strip size in cm,2026-03-23,0,5,2.33,0.0
photo strip size in cm,2026-03-30,0,3,2.0,0.0
photo strip size in cm,2026-04-06,0,5,2.44,0.0
photo strip size in cm,2026-04-13,0,5,2.33,0.0
photo strip size in cm,2026-04-20,0,2,2.5,0.0
photo strip size in cm,2026-04-27,0,4,2.0,0.0
photo strip size in cm,2026-05-04,0,7,2.62,0.0
photo strip size in cm,2026-05-11,1,5,2.25,20.0
photo strip size in cm,2026-05-18,0,1,1.0,0.0
photo strip size in cm,2026-05-25,0,4,2.33,0.0
photo strip size in inches,2026-02-09,1,17,2.24,5.882
photo strip size in inches,2026-02-16,1,11,2.53,9.091
photo strip size in inches,2026-02-23,0,12,2.33,0.0
photo strip size in inches,2026-03-02,0,8,2.2,0.0
photo strip size in inches,2026-03-09,0,7,2.42,0.0
photo strip size in inches,2026-03-16,0,6,2.25,0.0
photo strip size in inches,2026-03-23,0,7,2.0,0.0
photo strip size in inches,2026-03-30,0,1,2.0,0.0
photo strip size in inches,2026-04-06,0,8,2.0,0.0
photo strip size in inches,2026-04-13,0,9,1.93,0.0
photo strip size in inches,2026-04-20,0,5,1.88,0.0
photo strip size in inches,2026-04-27,1,8,2.33,12.5
photo strip size in inches,2026-05-04,0,3,2.0,0.0
photo strip size in inches,2026-05-11,0,7,1.8,0.0
photo strip size in inches,2026-05-18,0,5,3.0,0.0
photo strip size in inches,2026-05-25,0,1,2.0,0.0
photo strip size in pixels,2026-02-09,0,2,3.0,0.0
photo strip size in pixels,2026-02-16,0,6,2.17,0.0
photo strip size in pixels,2026-02-23,0,6,1.33,0.0
photo strip size in pixels,2026-03-02,0,5,3.0,0.0
photo strip size in pixels,2026-03-09,0,1,3.0,0.0
photo strip size in pixels,2026-03-16,0,8,1.87,0.0
photo strip size in pixels,2026-03-23,0,3,1.33,0.0
photo strip size in pixels,2026-03-30,0,2,2.5,0.0
photo strip size in pixels,2026-04-06,0,7,1.6,0.0
photo strip size in pixels,2026-04-13,0,5,1.5,0.0
photo strip size in pixels,2026-04-20,0,1,1.0,0.0
photo strip size in pixels,2026-04-27,0,6,1.92,0.0
photo strip size in pixels,2026-05-04,0,11,2.04,0.0
photo strip size in pixels,2026-05-11,0,7,1.58,0.0
photo strip size in pixels,2026-05-18,0,4,1.5,0.0
photo strip size in pixels,2026-05-25,0,4,1.75,0.0
photo strip size width and height,2026-02-09,0,10,2.92,0.0
photo strip size width and height,2026-02-16,0,6,3.0,0.0
photo strip size width and height,2026-02-23,0,3,2.33,0.0
photo strip size width and height,2026-03-02,0,6,2.88,0.0
photo strip size width and height,2026-03-09,0,3,3.0,0.0
photo strip size width and height,2026-03-16,0,2,3.0,0.0
photo strip size width and height,2026-03-23,0,5,2.25,0.0
photo strip size width and height,2026-04-06,0,1,3.0,0.0
photo strip sizes,2026-02-09,3,15,1.32,20.0
photo strip sizes,2026-02-16,0,5,1.0,0.0
photo strip sizes,2026-02-23,1,2,1.0,50.0
photo strip sizes,2026-03-02,0,5,1.0,0.0
photo strip sizes,2026-03-09,2,6,1.0,33.333
photo strip sizes,2026-03-16,0,4,1.0,0.0
photo strip sizes,2026-03-23,0,3,1.0,0.0
photo strip sizes,2026-03-30,0,6,1.0,0.0
photo strip sizes,2026-04-06,0,7,1.17,0.0
photo strip sizes,2026-04-13,1,4,1.0,25.0
photo strip sizes,2026-04-20,0,6,1.0,0.0
photo strip sizes,2026-04-27,0,4,1.0,0.0
photo strip sizes,2026-05-04,0,4,1.0,0.0
photo strip sizes,2026-05-11,1,3,1.0,33.333
photo strip sizes,2026-05-18,0,5,1.0,0.0
photo strip sizes,2026-05-25,0,3,1.0,0.0
photo strip sleeves,2026-03-23,0,1,4.0,0.0
photo strip standard size,2026-02-09,0,8,2.1,0.0
photo strip standard size,2026-02-16,0,4,1.33,0.0
photo strip standard size,2026-02-23,0,1,2.0,0.0
photo strip standard size,2026-03-02,0,2,1.5,0.0
photo strip standard size,2026-03-09,0,7,1.75,0.0
photo strip standard size,2026-03-16,0,3,2.75,0.0
photo strip standard size,2026-03-23,0,1,1.0,0.0
photo strip standard size,2026-03-30,0,2,1.5,0.0
photo strip sticker,2026-02-16,0,1,6.0,0.0
photo strip template,2026-02-23,0,1,10.0,0.0
photo strip template,2026-03-16,0,1,7.0,0.0
photo strip template size,2026-03-02,0,1,3.0,0.0
photo strip template size,2026-03-09,0,1,2.0,0.0
photo strip template size,2026-03-16,0,2,1.5,0.0
photo strip template size,2026-03-23,0,2,1.5,0.0
photo strip template size,2026-03-30,0,3,6.0,0.0
photo strip template size,2026-04-06,0,3,2.0,0.0
photo strip template size,2026-04-13,0,1,2.0,0.0
photo strip template size,2026-05-04,0,1,3.0,0.0
photo stripe,2026-04-06,0,1,2.0,0.0
photo striper,2026-02-23,0,1,2.0,0.0
photo striper,2026-03-09,0,1,2.0,0.0
photo stripes,2026-03-16,0,1,2.0,0.0
photo stripes,2026-03-30,0,2,2.0,0.0
photo stripping,2026-02-16,0,1,3.0,0.0
photo strips,2026-02-09,0,12,5.59,0.0
photo strips,2026-02-16,0,8,5.67,0.0
photo strips,2026-02-23,0,3,6.67,0.0
photo strips,2026-03-02,0,5,4.17,0.0
photo strips,2026-03-09,0,11,5.74,0.0
photo strips,2026-03-16,0,7,4.92,0.0
photo strips,2026-03-23,0,7,6.13,0.0
photo strips,2026-03-30,0,7,9.62,0.0
photo strips,2026-04-06,0,5,6.8,0.0
photo strips,2026-04-13,0,1,7.0,0.0
photo strips,2026-04-20,0,7,4.3,0.0
photo strips,2026-04-27,0,3,5.67,0.0
photo strips,2026-05-04,0,1,2.0,0.0
photo strips,2026-05-11,0,7,12.62,0.0
photo strips,2026-05-18,0,2,9.0,0.0
photo strips,2026-05-25,0,2,7.5,0.0
photo strips adalah,2026-04-06,0,2,3.0,0.0
photo strips frame,2026-02-23,0,1,7.0,0.0
photo strips framed,2026-02-09,0,2,10.0,0.0
photo strips ideas,2026-02-16,0,4,17.75,0.0
photo strips ideas,2026-02-23,0,2,15.5,0.0
photo strips ideas,2026-04-06,0,1,13.0,0.0
photo strips images,2026-02-09,0,3,78.67,0.0
photo strips images,2026-02-23,0,2,70.0,0.0
photo strips images,2026-03-02,0,1,75.0,0.0
photo strips images,2026-04-27,0,1,69.0,0.0
photo strips images,2026-05-04,0,2,69.0,0.0
photo strips near me,2026-03-02,0,1,2.0,0.0
photo strips near me,2026-05-25,0,1,4.0,0.0
photo strips photo booth,2026-02-09,0,1,13.0,0.0
photo strips photo booth,2026-02-23,0,3,2.33,0.0
photo strips photo booth,2026-03-02,0,1,2.0,0.0
photo strips photo booth,2026-03-09,0,3,57.33,0.0
photo strips photo booth,2026-03-23,0,1,3.0,0.0
photo strips photo booth,2026-03-30,0,4,24.17,0.0
photo strips photo booth,2026-04-06,0,3,19.67,0.0
photo strips photo booth,2026-04-13,0,1,16.0,0.0
photo strips photo booth,2026-04-20,0,1,3.0,0.0
photo strips photo booth,2026-05-04,0,1,2.0,0.0
photo strips photo booth,2026-05-11,0,7,14.67,0.0
photo strips photo booth,2026-05-18,0,2,11.0,0.0
photo strips photo booth near me,2026-02-09,0,1,6.0,0.0
photo strips photo booth near me,2026-04-13,0,1,8.0,0.0
photo strips photo booth near me,2026-05-25,0,1,3.0,0.0
photo strips print,2026-02-23,0,1,3.0,0.0
photo strips print,2026-03-02,0,2,6.5,0.0
photo strips print,2026-03-30,0,1,5.0,0.0
photo strips print,2026-04-13,0,1,4.0,0.0
photo strips printer,2026-03-16,0,1,2.0,0.0
photo strips size,2026-02-09,1,68,2.23,1.471
photo strips size,2026-02-16,0,45,2.29,0.0
photo strips size,2026-02-23,1,31,1.8,3.226
photo strips size,2026-03-02,2,21,1.77,9.524
photo strips size,2026-03-09,1,28,2.35,3.571
photo strips size,2026-03-16,1,32,1.52,3.125
photo strips size,2026-03-23,4,44,2.19,9.091
photo strips size,2026-03-30,0,18,2.18,0.0
photo strips size,2026-04-06,2,32,2.15,6.25
photo strips size,2026-04-13,0,19,1.83,0.0
photo strips size,2026-04-20,0,39,2.04,0.0
photo strips size,2026-04-27,0,24,1.27,0.0
photo strips size,2026-05-04,0,32,2.03,0.0
photo strips size,2026-05-11,3,26,1.89,11.538
photo strips size,2026-05-18,0,35,2.08,0.0
photo strips size,2026-05-25,0,13,2.11,0.0
photo strips size in cm,2026-02-09,1,8,2.12,12.5
photo strips size in cm,2026-02-16,0,5,2.6,0.0
photo strips size in cm,2026-02-23,0,7,2.11,0.0
photo strips size in cm,2026-03-02,0,4,2.83,0.0
photo strips size in cm,2026-03-09,0,2,2.0,0.0
photo strips size in cm,2026-03-16,0,5,2.33,0.0
photo strips size in cm,2026-03-23,0,2,2.0,0.0
photo strips size in cm,2026-03-30,0,2,2.0,0.0
photo strips size in cm,2026-04-06,0,3,3.0,0.0
photo strips size in cm,2026-04-13,0,1,2.0,0.0
photo strp,2026-03-23,0,1,1.0,0.0
photo stub,2026-05-04,0,1,2.0,0.0
photo studio booth,2026-04-06,0,1,10.0,0.0
photo studio near me,2026-04-06,0,1,45.0,0.0
photo studio rental miami fl,2026-04-06,0,1,62.0,0.0
photo studio rental miami fl,2026-05-18,0,1,67.0,0.0
photo studio rental miami fl,2026-05-25,0,1,77.0,0.0
photo that comes out of camera,2026-04-20,0,1,2.0,0.0
photo time lotte,2026-04-06,0,1,10.0,0.0
photo trip,2026-02-16,0,5,2.0,0.0
photo trip,2026-03-02,0,8,1.0,0.0
photo trip,2026-03-09,0,1,2.0,0.0
photo trip,2026-03-16,0,1,1.0,0.0
photo trip,2026-03-30,0,5,1.0,0.0
photo truck,2026-02-23,0,1,50.0,0.0
photo vooth,2026-04-27,0,1,1.0,0.0
photo with shanghai photobooth,2026-03-16,0,1,10.0,0.0
photo-booth,2026-03-16,0,1,4.0,0.0
photo-booth,2026-03-30,0,1,79.0,0.0
photo-me model 17 photo booth dimensions weight,2026-02-09,0,14,1.71,0.0
photo-me model 17 photo booth weight dimensions,2026-02-09,0,3,1.0,0.0
photo-me model 17 photobooth dimensions weight,2026-02-09,0,17,1.24,0.0
photo-me model 17 photobooth weight dimensions,2026-02-09,0,1,1.0,0.0
photo-me model 21 photo booth dimensions weight,2026-02-09,0,3,1.67,0.0
photo-me photo booth dimensions weight,2026-02-09,0,13,5.08,0.0
photo-me photobooth,2026-02-23,0,1,5.0,0.0
photo-me photobooth dimensions power requirements,2026-02-09,0,4,7.75,0.0
photo-me photobooth dimensions weight,2026-02-09,0,20,4.94,0.0
photo. booth,2026-02-23,0,1,6.0,0.0
photo.booth,2026-02-16,0,2,7.0,0.0
photo.booth,2026-02-23,0,1,4.0,0.0
photo.booth,2026-03-16,0,1,11.0,0.0
photo.booth,2026-04-27,0,1,11.0,0.0
photo.booth,2026-05-11,0,1,13.0,0.0
photo.booth rental,2026-04-20,0,2,4.5,0.0
photo.booth rental,2026-05-18,0,1,12.0,0.0
photoautomat booth dimensions weight,2026-02-09,0,1,7.0,0.0
photobboth,2026-03-16,0,1,5.0,0.0
photoboith,2026-02-23,0,2,4.0,0.0
photobolth,2026-04-13,0,1,4.0,0.0
"photobomb pictures - photo booth - photography, party entertainment service",2026-02-09,0,1,9.0,0.0
photobombed photobooths,2026-02-23,0,1,4.0,0.0
photoboo thing,2026-02-09,0,2,3.0,0.0
photoboo-thing,2026-02-09,0,2,6.0,0.0
photoboo-thing,2026-03-30,0,1,2.0,0.0
photoboogh,2026-03-23,0,1,13.0,0.0
photobooh,2026-02-09,0,1,3.0,0.0
photobooht,2026-02-16,0,1,8.0,0.0
photobook rental,2026-03-09,0,3,9.33,0.0
photobook rental,2026-04-20,0,1,5.0,0.0
photoboooth,2026-03-30,0,1,8.0,0.0
photoboooth,2026-04-06,0,1,12.0,0.0
photoboorh,2026-02-09,0,1,10.0,0.0
photoboorh,2026-03-02,0,1,2.0,0.0
photoboot,2026-02-09,0,7,7.62,0.0
photoboot,2026-02-16,0,1,6.0,0.0
photoboot,2026-02-23,0,4,7.33,0.0
photoboot,2026-03-02,0,1,2.0,0.0
photoboot,2026-03-23,0,2,3.0,0.0
photoboot,2026-03-30,0,1,1.0,0.0
photoboot,2026-04-06,0,2,5.0,0.0
photoboot,2026-04-27,0,1,7.0,0.0
photoboot,2026-05-04,0,1,10.0,0.0
photoboot near me,2026-03-02,0,1,9.0,0.0
photobootb,2026-02-09,0,1,13.0,0.0
photobootb,2026-03-02,0,1,5.0,0.0
photobootb,2026-04-13,0,1,9.0,0.0
photobootb,2026-04-20,0,1,6.0,0.0
photobootb near me,2026-02-16,0,1,4.0,0.0
photobootg,2026-03-16,0,1,12.0,0.0
photobootg,2026-03-30,0,1,8.0,0.0
photobootg,2026-04-13,0,1,1.0,0.0
photobootg,2026-04-20,0,1,12.0,0.0
photobooth,2026-02-09,0,70,7.47,0.0
photobooth,2026-02-16,0,65,7.93,0.0
photobooth,2026-02-23,0,63,10.18,0.0
photobooth,2026-03-02,0,38,31.57,0.0
photobooth,2026-03-09,0,15,11.68,0.0
photobooth,2026-03-16,0,24,9.1,0.0
photobooth,2026-03-23,1,39,11.0,2.564
photobooth,2026-03-30,1,77,6.59,1.299
photobooth,2026-04-06,0,70,6.27,0.0
photobooth,2026-04-13,0,101,4.82,0.0
photobooth,2026-04-20,0,74,6.1,0.0
photobooth,2026-04-27,0,88,7.09,0.0
photobooth,2026-05-04,2,65,6.77,3.077
photobooth,2026-05-11,0,96,7.29,0.0
photobooth,2026-05-18,1,42,7.21,2.381
photobooth,2026-05-25,0,21,8.45,0.0
photobooth 18 ans,2026-04-06,0,2,4.0,0.0
photobooth 2 strip,2026-05-11,0,1,2.0,0.0
photobooth 4x6,2026-02-23,0,1,2.0,0.0
photobooth accessories ideas,2026-04-06,0,1,5.0,0.0
photobooth adalah,2026-03-09,0,1,3.0,0.0
photobooth adalah,2026-03-23,0,2,3.0,0.0
photobooth adalah,2026-03-30,0,1,3.0,0.0
photobooth aeon,2026-03-23,0,1,1.0,0.0
photobooth aeon,2026-04-06,0,1,1.0,0.0
photobooth aeon mall,2026-03-30,0,1,1.0,0.0
photobooth album,2026-02-23,0,2,9.0,0.0
photobooth album,2026-03-02,0,1,2.0,0.0
photobooth apa,2026-03-09,0,1,3.0,0.0
photobooth area,2026-03-30,0,1,1.0,0.0
photobooth area,2026-04-13,0,1,3.0,0.0
photobooth artinya,2026-02-09,0,1,1.0,0.0
photobooth ass,2026-02-16,0,2,3.0,0.0
photobooth atau photobox,2026-03-23,0,1,3.0,0.0
photobooth atau photobox,2026-03-30,0,1,2.0,0.0
photobooth baby shower,2026-03-30,0,1,2.0,0.0
photobooth backdrop,2026-03-16,0,1,28.0,0.0
photobooth backdrop rental,2026-03-23,0,1,9.0,0.0
photobooth backdrop size,2026-02-16,0,2,9.0,0.0
photobooth backdrop size,2026-02-23,0,1,9.0,0.0
photobooth backdrop size,2026-03-02,0,1,5.0,0.0
photobooth backdrop size,2026-03-30,0,1,11.0,0.0
photobooth background,2026-03-16,0,1,16.0,0.0
photobooth background size,2026-03-16,0,1,1.0,0.0
photobooth background size,2026-03-23,0,1,11.0,0.0
photobooth background size,2026-04-27,0,2,10.5,0.0
photobooth background size,2026-05-04,0,2,1.0,0.0
photobooth baddies,2026-03-30,0,1,1.0,0.0
photobooth band,2026-02-16,0,1,3.0,0.0
photobooth banner,2026-02-16,0,1,11.0,0.0
photobooth banner,2026-02-23,0,1,6.0,0.0
photobooth banner,2026-04-06,0,1,2.0,0.0
photobooth bar,2026-02-09,0,1,1.0,0.0
photobooth bar,2026-03-16,0,1,1.0,0.0
photobooth bcs,2026-03-09,0,1,3.0,0.0
photobooth bear me,2026-02-23,0,1,9.0,0.0
photobooth boobs,2026-03-09,0,2,2.0,0.0
photobooth boobs,2026-03-16,0,1,2.0,0.0
photobooth boobs,2026-04-20,0,1,4.0,0.0
photobooth business name ideas,2026-02-23,0,1,2.0,0.0
photobooth business name ideas,2026-05-18,0,1,3.0,0.0
photobooth business names,2026-03-02,0,1,4.0,0.0
photobooth business names,2026-05-11,0,1,2.0,0.0
photobooth butts,2026-02-09,0,1,1.0,0.0
photobooth butts,2026-03-09,0,1,1.0,0.0
photobooth cafe,2026-02-16,0,1,1.0,0.0
photobooth camera rental,2026-02-16,0,1,3.0,0.0
photobooth captions for instagram,2026-03-23,0,1,1.0,0.0
photobooth card,2026-05-18,0,1,2.0,0.0
photobooth cc,2026-04-20,0,1,9.0,0.0
photobooth center point,2026-03-23,0,2,1.0,0.0
photobooth centre point,2026-03-23,0,1,1.0,0.0
photobooth chinese,2026-03-02,0,2,2.0,0.0
photobooth chinese,2026-03-16,0,1,3.0,0.0
photobooth chinese,2026-04-06,0,1,3.0,0.0
photobooth chinese,2026-05-04,0,2,2.5,0.0
photobooth chinese,2026-05-18,0,1,3.0,0.0
photobooth cirebon,2026-04-20,0,1,3.0,0.0
photobooth client gallery,2026-03-30,0,1,1.0,0.0
photobooth client gallery,2026-04-06,0,1,52.0,0.0
photobooth client gallery,2026-04-20,0,2,73.0,0.0
photobooth clip,2026-03-02,0,1,1.0,0.0
photobooth clipart,2026-04-06,0,1,3.0,0.0
photobooth clipart,2026-05-04,0,1,11.0,0.0
photobooth companies,2026-02-16,0,1,12.0,0.0
photobooth company,2026-04-20,0,1,9.0,0.0
photobooth company,2026-04-27,0,1,4.0,0.0
photobooth concert,2026-04-06,0,1,1.0,0.0
photobooth cortis,2026-02-23,0,1,2.0,0.0
photobooth craft,2026-02-23,0,1,12.0,0.0
photobooth curse meaning,2026-05-04,0,1,1.0,0.0
photobooth custom,2026-04-27,0,1,8.0,0.0
photobooth cutout,2026-02-16,0,1,4.0,0.0
photobooth cutouts,2026-05-11,0,1,7.0,0.0
photobooth dan photobox,2026-03-02,0,1,2.0,0.0
photobooth dan photobox,2026-03-16,0,1,2.0,0.0
photobooth dan photobox apa bedanya,2026-03-09,0,1,3.0,0.0
photobooth dan photobox apa bedanya,2026-03-16,0,2,3.0,0.0
photobooth date,2026-02-09,0,4,1.0,0.0
photobooth date,2026-02-16,0,3,1.0,0.0
photobooth date,2026-02-23,0,2,1.5,0.0
photobooth date,2026-03-02,0,3,1.0,0.0
photobooth date,2026-03-09,0,1,1.0,0.0
photobooth date,2026-03-23,0,2,1.0,0.0
photobooth date,2026-04-13,0,3,1.0,0.0
photobooth date artinya,2026-05-11,0,1,3.0,0.0
photobooth def,2026-04-13,0,1,2.0,0.0
photobooth def,2026-05-11,0,1,2.0,0.0
photobooth def,2026-05-18,0,1,2.0,0.0
photobooth definition,2026-02-16,0,2,44.0,0.0
photobooth definition,2026-03-02,0,1,1.0,0.0
photobooth definition,2026-03-23,0,1,68.0,0.0
photobooth definition,2026-03-30,0,1,2.0,0.0
photobooth definition,2026-04-06,0,1,70.0,0.0
photobooth definition,2026-04-13,0,1,70.0,0.0
photobooth definition,2026-05-25,0,2,67.5,0.0
photobooth description,2026-03-02,0,1,1.0,0.0
photobooth description,2026-04-13,0,2,3.0,0.0
photobooth di kokas,2026-03-09,0,1,2.0,0.0
photobooth dimension,2026-02-09,0,3,3.75,0.0
photobooth dimension,2026-02-16,0,3,8.0,0.0
photobooth dimension,2026-03-02,0,2,3.0,0.0
photobooth dimension,2026-03-09,0,2,8.0,0.0
photobooth dimension,2026-03-16,0,1,7.0,0.0
photobooth dimension,2026-03-23,0,2,5.5,0.0
photobooth dimension,2026-03-30,0,2,3.0,0.0
photobooth dimension,2026-04-06,0,6,5.83,0.0
photobooth dimension,2026-04-13,0,1,8.0,0.0
photobooth dimension,2026-04-20,0,2,2.5,0.0
photobooth dimension,2026-04-27,0,2,4.5,0.0
photobooth dimension,2026-05-04,0,1,9.0,0.0
photobooth dimension,2026-05-11,0,5,6.67,0.0
photobooth dimension,2026-05-18,0,1,5.0,0.0
photobooth dimension,2026-05-25,0,4,4.0,0.0
photobooth dimensions,2026-02-09,0,44,3.63,0.0
photobooth dimensions,2026-02-16,0,22,5.2,0.0
photobooth dimensions,2026-02-23,0,25,4.78,0.0
photobooth dimensions,2026-03-02,0,20,4.18,0.0
photobooth dimensions,2026-03-09,0,26,4.96,0.0
photobooth dimensions,2026-03-16,0,19,3.95,0.0
photobooth dimensions,2026-03-23,0,25,4.26,0.0
photobooth dimensions,2026-03-30,0,20,4.58,0.0
photobooth dimensions,2026-04-06,0,35,4.83,0.0
photobooth dimensions,2026-04-13,0,34,3.97,0.0
photobooth dimensions,2026-04-20,0,23,5.79,0.0
photobooth dimensions,2026-04-27,0,26,4.42,0.0
photobooth dimensions,2026-05-04,0,37,3.8,0.0
photobooth dimensions,2026-05-11,1,32,5.5,3.125
photobooth dimensions,2026-05-18,1,28,4.28,3.571
photobooth dimensions,2026-05-25,0,22,3.66,0.0
photobooth display,2026-03-16,0,1,12.0,0.0
photobooth diy,2026-03-02,0,1,5.0,0.0
photobooth doodle,2026-05-25,0,1,5.0,0.0
photobooth drawing,2026-02-23,0,1,10.0,0.0
photobooth drawing,2026-03-09,0,1,5.0,0.0
photobooth dump,2026-03-16,0,1,1.0,0.0
photobooth définition,2026-05-25,0,1,2.0,0.0
photobooth emoji,2026-03-16,0,1,3.0,0.0
photobooth en español,2026-03-02,0,1,2.0,0.0
photobooth en español,2026-05-18,0,1,2.0,0.0
photobooth en francais,2026-02-09,0,1,3.0,0.0
photobooth en francais,2026-03-23,1,1,2.0,100.0
photobooth en français,2026-03-23,0,1,2.0,0.0
photobooth events,2026-04-20,0,1,11.0,0.0
photobooth example,2026-02-23,0,1,3.0,0.0
photobooth examples,2026-02-16,0,1,3.0,0.0
photobooth experience,2026-04-06,0,1,10.0,0.0
photobooth family,2026-05-04,0,1,1.0,0.0
photobooth festival walk,2026-02-09,0,1,1.0,0.0
photobooth film,2026-02-23,0,2,1.0,0.0
photobooth film,2026-05-11,0,1,4.0,0.0
photobooth film strip,2026-02-09,0,2,1.0,0.0
photobooth film strip,2026-02-16,0,3,1.75,0.0
photobooth film strip,2026-03-02,0,1,35.0,0.0
photobooth film strip,2026-03-23,0,1,1.0,0.0
photobooth font,2026-03-16,0,1,9.0,0.0
photobooth for birthday,2026-02-16,0,1,4.0,0.0
photobooth for birthday,2026-03-30,0,1,21.0,0.0
photobooth for event,2026-05-18,0,1,8.0,0.0
photobooth for events,2026-03-23,0,1,2.0,0.0
photobooth for events,2026-04-13,0,1,8.0,0.0
photobooth for events,2026-05-04,0,1,9.0,0.0
photobooth for farewell,2026-03-30,0,1,5.0,0.0
photobooth for hire,2026-03-30,0,1,65.0,0.0
photobooth for parties,2026-02-09,0,3,12.0,0.0
photobooth for parties,2026-02-16,0,3,6.0,0.0
photobooth for parties,2026-02-23,0,4,9.33,0.0
photobooth for parties,2026-03-09,0,2,10.0,0.0
photobooth for parties,2026-03-16,0,2,9.0,0.0
photobooth for parties,2026-03-23,0,2,11.5,0.0
photobooth for parties,2026-03-30,0,2,7.5,0.0
photobooth for parties,2026-04-06,0,1,16.0,0.0
photobooth for parties,2026-04-13,0,2,14.5,0.0
photobooth for parties,2026-04-20,0,3,15.67,0.0
photobooth for parties,2026-04-27,0,2,14.5,0.0
photobooth for parties,2026-05-04,0,2,14.0,0.0
photobooth for parties,2026-05-11,0,3,12.0,0.0
photobooth for parties,2026-05-18,0,2,11.0,0.0
photobooth for parties,2026-05-25,0,2,12.0,0.0
photobooth for party,2026-02-09,0,1,13.0,0.0
photobooth for party,2026-02-16,0,1,12.0,0.0
photobooth for rent,2026-03-02,0,1,9.0,0.0
photobooth for rent,2026-03-30,0,3,53.0,0.0
photobooth for rent,2026-05-25,0,1,1.0,0.0
photobooth for rental,2026-03-02,0,1,22.0,0.0
photobooth for rental,2026-03-23,0,1,17.0,0.0
photobooth for rental,2026-03-30,0,1,26.0,0.0
photobooth for sale,2026-03-30,0,1,4.0,0.0
photobooth format photo,2026-03-09,0,1,1.0,0.0
photobooth frame,2026-02-09,0,2,11.5,0.0
photobooth frame,2026-02-16,0,2,11.5,0.0
photobooth frame,2026-02-23,0,1,10.0,0.0
photobooth frame,2026-03-16,0,1,33.0,0.0
photobooth frame size,2026-02-09,1,24,1.24,4.167
photobooth frame size,2026-02-16,0,12,2.2,0.0
photobooth frame size,2026-02-23,0,11,1.36,0.0
photobooth frame size,2026-03-02,1,16,1.42,6.25
photobooth frame size,2026-03-09,1,16,1.39,6.25
photobooth frame size,2026-03-16,1,10,1.0,10.0
photobooth frame size,2026-03-23,1,14,1.0,7.143
photobooth frame size,2026-03-30,0,7,1.4,0.0
photobooth frame size,2026-04-06,0,15,1.86,0.0
photobooth frame size,2026-04-13,2,21,1.83,9.524
photobooth frame size,2026-04-20,0,10,1.46,0.0
photobooth frame size,2026-04-27,0,9,1.33,0.0
photobooth frame size,2026-05-04,2,15,1.61,13.333
photobooth frame size,2026-05-11,1,11,1.4,9.091
photobooth frame size,2026-05-18,0,17,1.57,0.0
photobooth frame size,2026-05-25,1,15,2.25,6.667
photobooth frames,2026-02-09,0,1,12.0,0.0
photobooth frames,2026-03-30,0,1,12.0,0.0
photobooth francais,2026-05-04,0,1,3.0,0.0
photobooth fremont,2026-02-16,0,2,1.0,0.0
photobooth gi,2026-02-23,0,1,1.0,0.0
photobooth girl,2026-04-06,0,1,32.0,0.0
photobooth granada,2026-05-11,0,1,8.0,0.0
photobooth grid,2026-05-04,0,1,6.0,0.0
photobooth hard launch,2026-04-06,0,1,2.0,0.0
photobooth hardiknas,2026-04-27,0,1,2.0,0.0
photobooth hay photobook,2026-03-16,0,1,1.0,0.0
photobooth holic,2026-02-09,0,2,1.0,0.0
photobooth holic artinya,2026-02-09,0,1,1.0,0.0
photobooth icon,2026-03-09,0,1,4.0,0.0
photobooth icon,2026-05-25,0,1,3.0,0.0
photobooth image,2026-03-02,0,2,53.0,0.0
photobooth image,2026-04-06,0,1,4.0,0.0
photobooth image size,2026-04-20,0,2,4.5,0.0
photobooth image size,2026-04-27,0,1,2.0,0.0
photobooth images,2026-02-16,0,1,7.0,0.0
photobooth images,2026-03-09,0,1,31.0,0.0
photobooth images,2026-03-23,0,1,2.0,0.0
photobooth images,2026-03-30,0,1,2.0,0.0
photobooth images,2026-05-11,0,1,4.0,0.0
photobooth in,2026-02-16,0,1,1.0,0.0
photobooth in afrikaans,2026-03-16,0,1,2.0,0.0
photobooth in cafe,2026-02-09,0,1,1.0,0.0
photobooth in cafe,2026-04-13,0,1,1.0,0.0
photobooth in chinese,2026-02-09,0,10,2.03,0.0
photobooth in chinese,2026-02-16,0,12,2.63,0.0
photobooth in chinese,2026-02-23,0,13,2.42,0.0
photobooth in chinese,2026-03-02,0,2,2.0,0.0
photobooth in chinese,2026-03-09,0,2,2.5,0.0
photobooth in chinese,2026-03-16,0,3,2.0,0.0
photobooth in chinese,2026-03-23,0,1,2.0,0.0
photobooth in chinese,2026-03-30,0,9,2.06,0.0
photobooth in chinese,2026-04-06,0,1,3.0,0.0
photobooth in chinese,2026-04-13,0,3,2.0,0.0
photobooth in chinese,2026-04-27,0,2,2.0,0.0
photobooth in chinese,2026-05-04,0,3,2.67,0.0
photobooth in chinese,2026-05-11,0,2,2.0,0.0
photobooth in chinese,2026-05-25,0,1,2.0,0.0
photobooth in festival,2026-02-09,0,1,8.0,0.0
photobooth in french,2026-02-09,0,2,2.5,0.0
photobooth in french,2026-02-23,0,1,2.0,0.0
photobooth in french,2026-03-09,0,2,2.0,0.0
photobooth in french,2026-03-16,0,4,2.33,0.0
photobooth in french,2026-04-06,0,1,2.0,0.0
photobooth in french,2026-04-20,0,2,2.0,0.0
photobooth in french,2026-04-27,0,1,2.0,0.0
photobooth in french,2026-05-04,0,1,2.0,0.0
photobooth in french,2026-05-11,0,1,3.0,0.0
photobooth in italian,2026-03-16,0,1,3.0,0.0
photobooth in japanese,2026-02-16,0,1,3.0,0.0
photobooth in japanese,2026-02-23,0,1,3.0,0.0
photobooth in japanese,2026-03-02,0,1,3.0,0.0
photobooth in japanese,2026-03-09,0,1,3.0,0.0
photobooth in japanese,2026-03-23,0,1,3.0,0.0
photobooth in japanese,2026-05-04,0,1,2.0,0.0
photobooth in korean,2026-03-02,0,2,2.5,0.0
photobooth in korean,2026-03-23,0,1,2.0,0.0
photobooth in korean,2026-05-11,0,3,2.67,0.0
photobooth in korean,2026-05-18,0,1,3.0,0.0
photobooth in malay,2026-04-06,0,1,5.0,0.0
photobooth in miami,2026-02-09,0,1,1.0,0.0
photobooth in miami,2026-02-16,0,1,17.0,0.0
photobooth in miami,2026-02-23,0,2,8.5,0.0
photobooth in miami,2026-03-16,0,2,9.0,0.0
photobooth in miami,2026-03-30,0,2,17.0,0.0
photobooth in spanish,2026-02-09,0,7,2.0,0.0
photobooth in spanish,2026-02-16,0,7,2.13,0.0
photobooth in spanish,2026-02-23,0,5,2.0,0.0
photobooth in spanish,2026-03-02,0,5,2.2,0.0
photobooth in spanish,2026-03-09,0,6,2.2,0.0
photobooth in spanish,2026-03-16,0,3,2.0,0.0
photobooth in spanish,2026-03-23,0,9,2.07,0.0
photobooth in spanish,2026-03-30,0,17,2.0,0.0
photobooth in spanish,2026-04-06,0,4,2.0,0.0
photobooth in spanish,2026-04-13,0,10,2.0,0.0
photobooth in spanish,2026-04-20,0,3,2.0,0.0
photobooth in spanish,2026-04-27,0,3,2.33,0.0
photobooth in spanish,2026-05-04,0,12,2.0,0.0
photobooth in spanish,2026-05-11,0,2,2.0,0.0
photobooth in spanish,2026-05-18,0,1,2.0,0.0
photobooth in spanish,2026-05-25,0,7,2.0,0.0
photobooth in tagalog,2026-02-09,0,11,1.0,0.0
photobooth in tagalog,2026-02-16,0,8,1.25,0.0
photobooth in tagalog,2026-02-23,0,5,1.5,0.0
photobooth in tagalog,2026-03-02,0,7,1.5,0.0
photobooth in tagalog,2026-03-09,0,1,3.0,0.0
photobooth in tagalog,2026-03-16,0,1,1.0,0.0
photobooth in tagalog,2026-03-30,0,4,2.0,0.0
photobooth in tagalog,2026-04-06,0,1,1.0,0.0
photobooth in tagalog,2026-04-13,0,4,1.0,0.0
photobooth kendal,2026-03-02,0,1,1.0,0.0
photobooth kpop,2026-02-16,0,1,11.0,0.0
photobooth landscape size,2026-02-09,0,4,14.67,0.0
photobooth landscape size,2026-03-30,0,2,2.0,0.0
photobooth landscape size,2026-04-06,0,1,1.0,0.0
photobooth landscape size,2026-04-13,0,1,1.0,0.0
photobooth landscape size,2026-04-20,0,2,1.0,0.0
photobooth landscape size,2026-05-04,0,1,1.0,0.0
photobooth landscape size,2026-05-11,0,1,1.0,0.0
photobooth layout size,2026-02-09,0,7,1.0,0.0
photobooth layout size,2026-02-23,0,2,1.0,0.0
photobooth layout size,2026-03-02,0,8,6.38,0.0
photobooth layout size,2026-03-09,0,6,1.0,0.0
photobooth layout size,2026-03-16,0,9,1.0,0.0
photobooth layout size,2026-03-23,0,5,1.0,0.0
photobooth layout size,2026-03-30,0,4,1.0,0.0
photobooth layout size,2026-04-06,0,8,1.0,0.0
photobooth layout size,2026-04-13,1,7,1.0,14.286
photobooth layout size,2026-04-20,0,6,1.0,0.0
photobooth layout size,2026-04-27,0,8,1.0,0.0
photobooth layout size,2026-05-04,0,2,1.0,0.0
photobooth layout size,2026-05-11,0,8,1.0,0.0
photobooth layout size,2026-05-18,0,7,1.0,0.0
photobooth layout size,2026-05-25,0,4,1.0,0.0
photobooth location,2026-03-16,0,1,6.0,0.0
photobooth logo,2026-03-02,0,1,3.0,0.0
photobooth lotte,2026-02-23,0,1,4.0,0.0
photobooth m,2026-02-16,0,1,1.0,0.0
photobooth magazine style,2026-05-18,0,1,4.0,0.0
photobooth magnet,2026-02-09,0,2,7.5,0.0
photobooth magnet,2026-03-23,0,1,3.0,0.0
photobooth magnetic strip,2026-02-09,0,1,2.0,0.0
photobooth magnetic strip,2026-05-18,0,1,5.0,0.0
photobooth mall,2026-02-16,0,1,1.0,0.0
photobooth mangalore,2026-02-23,0,1,3.0,0.0
photobooth mariage,2026-02-23,0,1,82.0,0.0
photobooth mariage,2026-05-04,0,1,48.0,0.0
photobooth materials,2026-03-02,0,1,1.0,0.0
photobooth materials,2026-03-23,0,2,14.0,0.0
photobooth materials,2026-05-11,0,1,42.0,0.0
photobooth meaning,2026-02-09,0,5,2.33,0.0
photobooth meaning,2026-02-16,0,2,18.0,0.0
photobooth meaning,2026-02-23,0,1,48.0,0.0
photobooth meaning,2026-03-02,0,10,9.6,0.0
photobooth meaning,2026-03-09,0,10,8.08,0.0
photobooth meaning,2026-03-16,0,25,4.71,0.0
photobooth meaning,2026-03-23,0,10,2.29,0.0
photobooth meaning,2026-03-30,0,4,1.0,0.0
photobooth meaning,2026-04-06,0,4,5.33,0.0
photobooth meaning,2026-04-13,0,9,7.47,0.0
photobooth meaning,2026-04-20,0,4,20.75,0.0
photobooth meaning,2026-04-27,0,5,20.62,0.0
photobooth meaning,2026-05-04,0,1,3.0,0.0
photobooth meaning,2026-05-11,0,8,16.0,0.0
photobooth meaning,2026-05-18,0,4,17.0,0.0
photobooth meaning,2026-05-25,0,4,12.75,0.0
photobooth means,2026-03-23,0,3,1.0,0.0
photobooth means,2026-04-06,0,1,1.0,0.0
photobooth measurements,2026-02-09,0,4,2.5,0.0
photobooth measurements,2026-02-16,0,3,1.67,0.0
photobooth measurements,2026-02-23,0,2,2.0,0.0
photobooth measurements,2026-03-02,0,6,4.0,0.0
photobooth measurements,2026-03-09,0,3,3.67,0.0
photobooth measurements,2026-03-16,0,6,1.75,0.0
photobooth measurements,2026-03-23,0,1,1.0,0.0
photobooth measurements,2026-03-30,1,4,1.33,25.0
photobooth measurements,2026-04-06,0,3,6.0,0.0
photobooth measurements,2026-04-13,0,1,1.0,0.0
photobooth measurements,2026-04-20,0,4,1.0,0.0
photobooth measurements,2026-04-27,0,1,5.0,0.0
photobooth measurements,2026-05-04,1,10,1.93,10.0
photobooth measurements,2026-05-11,0,2,1.5,0.0
photobooth measurements,2026-05-18,0,3,1.0,0.0
photobooth measurements,2026-05-25,0,2,1.0,0.0
photobooth medidas,2026-05-25,0,2,1.0,0.0
photobooth meme,2026-03-16,0,1,1.0,0.0
photobooth memories,2026-05-18,0,1,5.0,0.0
photobooth miami,2026-02-09,0,17,11.6,0.0
photobooth miami,2026-02-16,0,15,7.38,0.0
photobooth miami,2026-02-23,0,18,8.44,0.0
photobooth miami,2026-03-02,0,22,6.07,0.0
photobooth miami,2026-03-09,0,17,8.14,0.0
photobooth miami,2026-03-16,0,19,9.1,0.0
photobooth miami,2026-03-23,1,13,6.24,7.692
photobooth miami,2026-03-30,1,6,11.12,16.667
photobooth miami,2026-04-06,2,13,11.3,15.385
photobooth miami,2026-04-13,0,2,21.0,0.0
photobooth miami,2026-04-20,0,6,13.25,0.0
photobooth miami,2026-04-27,0,8,4.72,0.0
photobooth miami,2026-05-04,0,7,7.08,0.0
photobooth miami,2026-05-11,0,8,11.55,0.0
photobooth miami,2026-05-18,1,5,17.12,20.0
photobooth miami,2026-05-25,0,2,14.0,0.0
photobooth mooning,2026-02-16,0,1,2.0,0.0
photobooth name,2026-02-09,0,3,17.0,0.0
photobooth name,2026-03-02,0,1,27.0,0.0
photobooth name,2026-04-06,0,1,1.0,0.0
photobooth name,2026-04-27,0,2,19.5,0.0
photobooth name,2026-05-04,0,1,35.0,0.0
photobooth name,2026-05-25,0,1,3.0,0.0
photobooth name ideas,2026-02-16,0,1,3.0,0.0
photobooth name ideas,2026-03-02,0,1,3.0,0.0
photobooth name ideas,2026-04-13,0,1,4.0,0.0
photobooth name ideas,2026-04-20,0,2,1.0,0.0
photobooth name ideas,2026-05-18,0,1,3.0,0.0
photobooth names,2026-02-09,0,5,29.4,0.0
photobooth names,2026-02-16,0,1,30.0,0.0
photobooth names,2026-03-02,0,11,16.18,0.0
photobooth names,2026-03-09,0,9,24.64,0.0
photobooth names,2026-03-16,0,9,22.83,0.0
photobooth names,2026-03-23,0,10,17.78,0.0
photobooth names,2026-03-30,0,6,25.17,0.0
photobooth names,2026-04-13,0,2,1.5,0.0
photobooth names,2026-04-20,0,4,21.0,0.0
photobooth names,2026-04-27,0,2,16.5,0.0
photobooth names,2026-05-04,0,1,37.0,0.0
photobooth names,2026-05-18,0,1,3.0,0.0
photobooth nashallery,2026-03-23,0,1,8.0,0.0
photobooth nashallery,2026-03-30,0,1,10.0,0.0
photobooth near,2026-05-25,0,1,10.0,0.0
photobooth near me,2026-02-09,0,4,9.5,0.0
photobooth near me,2026-02-16,0,5,4.67,0.0
photobooth near me,2026-02-23,1,7,4.2,14.286
photobooth near me,2026-03-02,0,4,4.75,0.0
photobooth near me,2026-03-09,0,1,1.0,0.0
photobooth near me,2026-03-16,0,3,1.0,0.0
photobooth near me,2026-03-23,0,2,11.5,0.0
photobooth near me,2026-04-06,0,3,8.33,0.0
photobooth near me,2026-04-13,0,3,10.75,0.0
photobooth near me,2026-04-20,0,1,34.0,0.0
photobooth near me,2026-04-27,0,3,19.33,0.0
photobooth near me,2026-05-04,0,3,6.0,0.0
photobooth near me,2026-05-11,0,1,30.0,0.0
photobooth near me,2026-05-18,0,1,36.0,0.0
photobooth near me,2026-05-25,0,1,1.0,0.0
photobooth near me within 5 mi,2026-03-02,0,1,4.0,0.0
photobooth near ne,2026-04-06,0,1,1.0,0.0
photobooth nearby,2026-03-16,0,1,11.0,0.0
photobooth nipslip,2026-04-27,0,1,11.0,0.0
photobooth one or two words,2026-03-16,0,1,3.0,0.0
photobooth one word or two,2026-03-09,0,2,24.0,0.0
photobooth one word or two,2026-04-06,0,1,53.0,0.0
photobooth options,2026-03-30,0,1,37.0,0.0
photobooth options,2026-04-06,0,1,1.0,0.0
photobooth options,2026-04-13,0,1,1.0,0.0
photobooth options,2026-05-04,0,1,30.0,0.0
photobooth options,2026-05-25,0,1,38.0,0.0
photobooth opus,2026-02-09,0,1,2.0,0.0
photobooth opus,2026-02-23,0,1,2.0,0.0
photobooth opus,2026-03-16,0,1,1.0,0.0
photobooth or photo booth,2026-02-23,0,4,17.5,0.0
photobooth or photo booth,2026-03-16,0,1,1.0,0.0
photobooth or photo booth,2026-04-06,0,2,1.0,0.0
photobooth or photo booth,2026-04-13,0,1,2.0,0.0
photobooth or photo booth,2026-04-27,0,1,2.0,0.0
photobooth or photo booth,2026-05-04,0,1,2.0,0.0
photobooth or photo booth,2026-05-18,0,1,2.0,0.0
photobooth or photobox,2026-03-16,0,1,3.0,0.0
photobooth ou,2026-03-30,0,1,9.0,0.0
photobooth outline,2026-02-09,0,1,7.0,0.0
photobooth overlay,2026-02-16,0,1,4.0,0.0
photobooth paper,2026-02-09,0,3,1.33,0.0
photobooth paper,2026-02-16,0,1,1.0,0.0
photobooth paper,2026-03-16,0,1,1.0,0.0
photobooth paper,2026-04-20,0,1,3.0,0.0
photobooth paper,2026-05-04,0,1,2.0,0.0
photobooth paper,2026-05-11,0,1,2.0,0.0
photobooth paper,2026-05-25,0,1,2.0,0.0
photobooth paper size,2026-02-09,1,26,1.0,3.846
photobooth paper size,2026-02-16,0,31,1.32,0.0
photobooth paper size,2026-02-23,1,23,1.06,4.348
photobooth paper size,2026-03-02,1,20,1.1,5.0
photobooth paper size,2026-03-09,1,14,1.14,7.143
photobooth paper size,2026-03-16,1,20,1.0,5.0
photobooth paper size,2026-03-23,1,13,1.0,7.692
photobooth paper size,2026-03-30,0,10,1.0,0.0
photobooth paper size,2026-04-06,0,15,1.07,0.0
photobooth paper size,2026-04-13,0,12,1.22,0.0
photobooth paper size,2026-04-20,0,9,1.22,0.0
photobooth paper size,2026-04-27,1,19,1.43,5.263
photobooth paper size,2026-05-04,0,18,1.51,0.0
photobooth paper size,2026-05-11,1,19,1.74,5.263
photobooth paper size,2026-05-18,3,23,2.12,13.043
photobooth paper size,2026-05-25,0,20,1.79,0.0
photobooth paper type,2026-02-09,0,1,1.0,0.0
photobooth party rental,2026-03-16,0,1,5.0,0.0
photobooth pekanbaru,2026-03-16,0,1,4.0,0.0
photobooth pernikahan,2026-04-06,0,2,1.0,0.0
photobooth photo,2026-02-09,0,6,3.83,0.0
photobooth photo,2026-02-16,0,5,3.5,0.0
photobooth photo,2026-02-23,0,2,3.5,0.0
photobooth photo,2026-03-02,0,1,3.0,0.0
photobooth photo,2026-03-09,0,4,5.0,0.0
photobooth photo,2026-03-16,0,1,35.0,0.0
photobooth photo,2026-03-23,0,1,5.0,0.0
photobooth photo,2026-03-30,0,3,5.33,0.0
photobooth photo,2026-04-06,0,1,10.0,0.0
photobooth photo,2026-04-13,0,2,19.0,0.0
photobooth photo,2026-04-20,0,2,5.0,0.0
photobooth photo,2026-04-27,0,1,4.0,0.0
photobooth photo,2026-05-04,0,1,5.0,0.0
photobooth photo,2026-05-11,0,1,6.0,0.0
photobooth photo,2026-05-18,0,2,8.5,0.0
photobooth photo album,2026-03-02,0,1,5.0,0.0
photobooth photo booth,2026-04-20,0,1,7.0,0.0
photobooth photo dimensions,2026-02-09,1,3,1.33,33.333
photobooth photo dimensions,2026-02-16,0,2,1.5,0.0
photobooth photo dimensions,2026-02-23,0,3,1.0,0.0
photobooth photo dimensions,2026-03-02,0,4,1.0,0.0
photobooth photo dimensions,2026-03-09,0,7,1.25,0.0
photobooth photo dimensions,2026-03-16,0,4,1.25,0.0
photobooth photo dimensions,2026-03-23,1,3,1.33,33.333
photobooth photo dimensions,2026-03-30,1,2,1.0,50.0
photobooth photo dimensions,2026-04-06,1,10,1.6,10.0
photobooth photo dimensions,2026-04-13,1,6,1.28,16.667
photobooth photo dimensions,2026-04-20,0,5,2.38,0.0
photobooth photo dimensions,2026-05-04,0,6,1.0,0.0
photobooth photo dimensions,2026-05-11,0,4,1.5,0.0
photobooth photo dimensions,2026-05-18,0,2,1.5,0.0
photobooth photo dimensions,2026-05-25,1,6,2.33,16.667
photobooth photo frame,2026-02-09,0,2,7.5,0.0
photobooth photo frame,2026-05-18,0,1,10.0,0.0
photobooth photo size,2026-02-09,2,27,1.14,7.407
photobooth photo size,2026-02-16,1,22,1.35,4.545
photobooth photo size,2026-02-23,1,19,1.08,5.263
photobooth photo size,2026-03-02,0,15,1.07,0.0
photobooth photo size,2026-03-09,0,22,1.32,0.0
photobooth photo size,2026-03-16,1,16,1.29,6.25
photobooth photo size,2026-03-23,2,24,1.08,8.333
photobooth photo size,2026-03-30,1,19,1.29,5.263
photobooth photo size,2026-04-06,0,21,1.43,0.0
photobooth photo size,2026-04-13,2,27,1.5,7.407
photobooth photo size,2026-04-20,1,19,1.56,5.263
photobooth photo size,2026-04-27,1,29,1.7,3.448
photobooth photo size,2026-05-04,4,19,1.39,21.053
photobooth photo size,2026-05-11,3,21,1.35,14.286
photobooth photo size,2026-05-18,1,22,1.34,4.545
photobooth photo size,2026-05-25,4,20,1.1,20.0
photobooth photo sizes,2026-02-09,0,10,1.0,0.0
photobooth photo sizes,2026-02-16,1,11,1.17,9.091
photobooth photo sizes,2026-02-23,0,4,1.5,0.0
photobooth photo sizes,2026-03-02,0,4,1.0,0.0
photobooth photo sizes,2026-03-09,1,2,1.0,50.0
photobooth photo sizes,2026-03-16,0,4,1.25,0.0
photobooth photo sizes,2026-03-23,1,6,1.12,16.667
photobooth photo sizes,2026-03-30,0,6,1.44,0.0
photobooth photo sizes,2026-04-06,0,3,1.5,0.0
photobooth photo sizes,2026-04-13,1,5,1.67,20.0
photobooth photo sizes,2026-04-20,0,4,1.5,0.0
photobooth photo sizes,2026-04-27,1,8,1.61,12.5
photobooth photo sizes,2026-05-04,0,5,1.5,0.0
photobooth photo sizes,2026-05-11,0,2,1.5,0.0
photobooth photo sizes,2026-05-18,1,5,1.5,20.0
photobooth photo sizes,2026-05-25,0,3,1.67,0.0
photobooth photo strip,2026-02-09,0,2,18.0,0.0
photobooth photo strip,2026-02-16,0,1,5.0,0.0
photobooth photo strip,2026-02-23,0,1,33.0,0.0
photobooth photo strip,2026-03-02,0,1,5.0,0.0
photobooth photo strip,2026-03-09,0,1,37.0,0.0
photobooth photo strip,2026-03-30,0,1,4.0,0.0
photobooth photo strip,2026-05-11,0,3,18.67,0.0
photobooth photo strip,2026-05-18,0,1,3.0,0.0
photobooth photo strip frame,2026-02-16,0,1,3.0,0.0
photobooth photo strip png,2026-03-02,0,1,76.0,0.0
photobooth photo strip size,2026-02-09,1,13,2.5,7.692
photobooth photo strip size,2026-02-16,0,9,1.44,0.0
photobooth photo strip size,2026-02-23,0,3,2.0,0.0
photobooth photo strip size,2026-03-02,0,6,2.12,0.0
photobooth photo strip size,2026-03-09,0,4,1.25,0.0
photobooth photo strip size,2026-03-16,0,3,1.5,0.0
photobooth photo strip size,2026-03-23,0,7,1.42,0.0
photobooth photo strip size,2026-03-30,0,2,2.0,0.0
photobooth photo strip size,2026-04-06,1,5,2.4,20.0
photobooth photo strip size,2026-04-13,0,3,2.67,0.0
photobooth photo strip size,2026-04-20,0,7,2.5,0.0
photobooth photo strip size,2026-04-27,0,3,1.67,0.0
photobooth photo strip size,2026-05-04,0,12,2.55,0.0
photobooth photo strip size,2026-05-11,0,3,1.0,0.0
photobooth photo strip size,2026-05-18,0,4,1.67,0.0
photobooth photo strip size,2026-05-25,0,4,2.25,0.0
photobooth photo strips,2026-04-27,0,1,13.0,0.0
photobooth photo strips,2026-05-25,0,1,3.0,0.0
photobooth photobox,2026-02-09,0,1,1.0,0.0
photobooth photobox bedanya,2026-03-23,0,1,3.0,0.0
photobooth photoframe,2026-05-04,0,1,11.0,0.0
photobooth photoism,2026-03-23,0,1,7.0,0.0
photobooth photos,2026-02-09,0,24,3.26,0.0
photobooth photos,2026-02-16,0,18,7.6,0.0
photobooth photos,2026-02-23,0,19,5.98,0.0
photobooth photos,2026-03-02,1,12,4.01,8.333
photobooth photos,2026-03-09,0,4,4.0,0.0
photobooth photos,2026-03-16,0,8,2.25,0.0
photobooth photos,2026-03-23,0,5,8.0,0.0
photobooth photos,2026-03-30,0,10,7.56,0.0
photobooth photos,2026-04-06,0,10,2.89,0.0
photobooth photos,2026-04-13,0,8,3.1,0.0
photobooth photos,2026-04-20,0,1,2.0,0.0
photobooth photos,2026-04-27,0,5,3.17,0.0
photobooth photos,2026-05-04,0,5,3.88,0.0
photobooth photos,2026-05-11,0,3,3.0,0.0
photobooth photos,2026-05-18,0,4,2.67,0.0
photobooth photos,2026-05-25,0,4,2.25,0.0
photobooth pic,2026-02-16,0,6,17.38,0.0
photobooth pic,2026-02-23,0,2,17.0,0.0
photobooth pic,2026-03-02,0,3,4.33,0.0
photobooth pic,2026-03-16,0,2,3.5,0.0
photobooth pic,2026-03-23,0,1,2.0,0.0
photobooth pic,2026-03-30,0,1,5.0,0.0
photobooth pic,2026-04-06,0,1,3.0,0.0
photobooth pic,2026-04-13,0,3,4.5,0.0
photobooth pic,2026-05-11,0,1,2.0,0.0
photobooth pic,2026-05-18,0,2,5.0,0.0
photobooth pic frame,2026-03-23,0,1,5.0,0.0
photobooth pic size,2026-02-09,0,21,1.14,0.0
photobooth pic size,2026-02-16,1,8,1.0,12.5
photobooth pic size,2026-02-23,0,9,1.17,0.0
photobooth pic size,2026-03-02,1,14,1.0,7.143
photobooth pic size,2026-03-09,0,5,1.33,0.0
photobooth pic size,2026-03-16,0,3,2.0,0.0
photobooth pic size,2026-03-23,0,11,1.44,0.0
photobooth pic size,2026-03-30,0,4,1.5,0.0
photobooth pic size,2026-04-06,0,5,1.88,0.0
photobooth pic size,2026-04-13,0,3,1.25,0.0
photobooth pic size,2026-04-20,0,7,2.0,0.0
photobooth pic size,2026-04-27,2,6,1.38,33.333
photobooth pic size,2026-05-04,0,10,1.69,0.0
photobooth pic size,2026-05-11,0,5,1.11,0.0
photobooth pic size,2026-05-18,0,7,1.62,0.0
photobooth pic size,2026-05-25,0,11,2.25,0.0
photobooth pics,2026-02-09,0,34,5.82,0.0
photobooth pics,2026-02-16,0,26,10.13,0.0
photobooth pics,2026-02-23,0,25,4.69,0.0
photobooth pics,2026-03-02,0,2,4.0,0.0
photobooth pics,2026-03-09,0,7,5.25,0.0
photobooth pics,2026-03-16,0,9,2.33,0.0
photobooth pics,2026-03-23,0,4,2.25,0.0
photobooth pics,2026-03-30,0,5,2.12,0.0
photobooth pics,2026-04-06,0,5,2.0,0.0
photobooth pics,2026-04-27,0,2,2.0,0.0
photobooth pics,2026-05-04,0,1,4.0,0.0
photobooth pics,2026-05-11,0,1,2.0,0.0
photobooth pics,2026-05-18,0,2,3.5,0.0
photobooth pics at home,2026-02-23,0,3,4.5,0.0
photobooth picture,2026-02-09,0,18,4.77,0.0
photobooth picture,2026-02-16,0,3,6.25,0.0
photobooth picture,2026-02-23,0,13,11.75,0.0
photobooth picture,2026-03-02,0,3,3.75,0.0
photobooth picture,2026-03-09,0,10,7.55,0.0
photobooth picture,2026-03-16,0,11,5.37,0.0
photobooth picture,2026-03-23,0,8,10.5,0.0
photobooth picture,2026-03-30,0,11,2.0,0.0
photobooth picture,2026-04-06,0,10,2.45,0.0
photobooth picture,2026-04-13,0,3,3.0,0.0
photobooth picture,2026-04-20,0,2,17.5,0.0
photobooth picture,2026-04-27,0,3,4.33,0.0
photobooth picture,2026-05-04,0,4,4.25,0.0
photobooth picture,2026-05-11,0,6,2.38,0.0
photobooth picture,2026-05-18,0,2,2.0,0.0
photobooth picture,2026-05-25,0,1,3.0,0.0
photobooth picture called,2026-02-09,0,3,1.0,0.0
photobooth picture called,2026-02-16,0,4,1.33,0.0
photobooth picture called,2026-02-23,0,4,1.0,0.0
photobooth picture called,2026-03-02,0,7,1.07,0.0
photobooth picture called,2026-03-09,0,2,1.0,0.0
photobooth picture called,2026-03-16,0,4,1.0,0.0
photobooth picture called,2026-03-23,0,4,1.0,0.0
photobooth picture called,2026-03-30,0,7,1.0,0.0
photobooth picture called,2026-04-06,0,2,1.0,0.0
photobooth picture called,2026-04-13,0,4,1.0,0.0
photobooth picture called,2026-04-20,0,3,1.0,0.0
photobooth picture called,2026-04-27,0,7,1.4,0.0
photobooth picture called,2026-05-04,0,9,1.0,0.0
photobooth picture called,2026-05-11,0,9,1.38,0.0
photobooth picture called,2026-05-18,0,7,1.75,0.0
photobooth picture called,2026-05-25,0,2,1.5,0.0
photobooth picture dimensions,2026-02-09,0,6,1.0,0.0
photobooth picture dimensions,2026-02-16,0,6,1.0,0.0
photobooth picture dimensions,2026-02-23,0,4,1.17,0.0
photobooth picture dimensions,2026-03-02,0,3,1.0,0.0
photobooth picture dimensions,2026-03-09,0,5,1.25,0.0
photobooth picture dimensions,2026-03-16,0,2,1.0,0.0
photobooth picture dimensions,2026-03-23,1,4,1.67,25.0
photobooth picture dimensions,2026-03-30,0,1,1.0,0.0
photobooth picture dimensions,2026-04-06,0,1,1.0,0.0
photobooth picture dimensions,2026-05-18,0,4,1.5,0.0
photobooth picture dimensions,2026-05-25,0,2,1.0,0.0
photobooth picture frame,2026-05-11,0,1,5.0,0.0
photobooth picture name,2026-02-09,0,4,3.25,0.0
photobooth picture name,2026-02-16,0,5,2.88,0.0
photobooth picture name,2026-02-23,0,3,1.0,0.0
photobooth picture name,2026-03-02,0,1,1.0,0.0
photobooth picture name,2026-03-30,0,2,1.0,0.0
photobooth picture name,2026-04-06,0,1,1.0,0.0
photobooth picture name,2026-04-13,0,3,1.0,0.0
photobooth picture name,2026-04-20,0,4,4.83,0.0
photobooth picture name,2026-04-27,0,2,1.0,0.0
photobooth picture name,2026-05-04,0,6,1.0,0.0
photobooth picture name,2026-05-11,0,1,1.0,0.0
photobooth picture name,2026-05-18,0,2,1.0,0.0
photobooth picture size,2026-02-09,3,96,1.35,3.125
photobooth picture size,2026-02-16,0,46,2.67,0.0
photobooth picture size,2026-02-23,1,38,3.4,2.632
photobooth picture size,2026-03-02,1,47,1.91,2.128
photobooth picture size,2026-03-09,0,49,1.49,0.0
photobooth picture size,2026-03-16,1,28,2.04,3.571
photobooth picture size,2026-03-23,3,60,1.77,5.0
photobooth picture size,2026-03-30,2,39,1.71,5.128
photobooth picture size,2026-04-06,1,46,1.97,2.174
photobooth picture size,2026-04-13,1,39,1.98,2.564
photobooth picture size,2026-04-20,0,46,2.18,0.0
photobooth picture size,2026-04-27,2,39,1.82,5.128
photobooth picture size,2026-05-04,3,51,1.81,5.882
photobooth picture size,2026-05-11,0,41,1.52,0.0
photobooth picture size,2026-05-18,1,38,1.54,2.632
photobooth picture size,2026-05-25,1,38,1.57,2.632
photobooth picture sizes,2026-02-09,1,6,1.0,16.667
photobooth picture sizes,2026-02-16,0,1,1.0,0.0
photobooth picture sizes,2026-03-02,0,3,1.0,0.0
photobooth picture sizes,2026-03-09,0,2,1.0,0.0
photobooth picture strip,2026-02-09,0,2,2.0,0.0
photobooth picture strip,2026-04-13,0,1,2.0,0.0
photobooth picture strip,2026-05-25,0,1,2.0,0.0
photobooth pictures,2026-02-09,0,9,2.56,0.0
photobooth pictures,2026-02-16,0,10,7.48,0.0
photobooth pictures,2026-02-23,0,6,2.75,0.0
photobooth pictures,2026-03-02,0,7,8.67,0.0
photobooth pictures,2026-03-09,0,5,10.62,0.0
photobooth pictures,2026-03-16,0,8,2.67,0.0
photobooth pictures,2026-03-23,0,5,4.0,0.0
photobooth pictures,2026-03-30,0,10,7.75,0.0
photobooth pictures,2026-04-06,0,8,2.0,0.0
photobooth pictures,2026-04-13,0,3,2.75,0.0
photobooth pictures,2026-04-20,0,2,2.5,0.0
photobooth pictures,2026-04-27,0,5,2.22,0.0
photobooth pictures,2026-05-04,0,9,2.64,0.0
photobooth pictures,2026-05-11,0,7,2.7,0.0
photobooth pictures,2026-05-18,0,4,2.0,0.0
photobooth pictures,2026-05-25,0,2,2.0,0.0
photobooth png,2026-02-16,0,1,11.0,0.0
photobooth po,2026-05-18,0,1,10.0,0.0
photobooth portrait,2026-02-09,0,1,12.0,0.0
photobooth pose,2026-02-09,0,2,6.0,0.0
photobooth pose,2026-02-16,0,3,6.0,0.0
photobooth pose,2026-02-23,0,4,6.33,0.0
photobooth pose,2026-03-02,0,1,10.0,0.0
photobooth pose,2026-03-09,0,1,9.0,0.0
photobooth pose,2026-03-16,0,3,6.67,0.0
photobooth pose,2026-03-23,0,1,3.0,0.0
photobooth pose,2026-04-06,0,1,9.0,0.0
photobooth pose,2026-04-13,0,1,8.0,0.0
photobooth pose,2026-04-27,0,1,5.0,0.0
photobooth pose,2026-05-18,0,1,3.0,0.0
photobooth posed,2026-02-23,0,1,2.0,0.0
photobooth poses,2026-02-16,0,1,5.0,0.0
photobooth poses,2026-02-23,0,5,5.67,0.0
photobooth poses,2026-03-02,0,5,7.83,0.0
photobooth poses,2026-03-09,0,2,4.0,0.0
photobooth poses,2026-03-30,0,1,7.0,0.0
photobooth poses,2026-04-06,0,1,4.0,0.0
photobooth poses,2026-05-04,0,1,6.0,0.0
photobooth poses,2026-05-11,0,1,4.0,0.0
photobooth poses,2026-05-18,0,2,4.5,0.0
photobooth poses meme,2026-05-11,0,1,5.0,0.0
photobooth poses single,2026-02-09,0,1,4.0,0.0
photobooth post,2026-02-16,0,1,8.0,0.0
photobooth post,2026-02-23,0,1,4.0,0.0
photobooth poster,2026-03-02,0,1,6.0,0.0
photobooth price,2026-04-20,0,1,12.0,0.0
photobooth print,2026-02-09,0,7,9.0,0.0
photobooth print,2026-02-23,0,4,6.67,0.0
photobooth print,2026-03-09,0,1,5.0,0.0
photobooth print,2026-03-23,0,1,2.0,0.0
photobooth print,2026-05-04,0,1,5.0,0.0
photobooth print out,2026-02-09,0,1,5.0,0.0
photobooth print out,2026-05-11,0,1,4.0,0.0
photobooth print size,2026-02-09,0,11,1.07,0.0
photobooth print size,2026-02-16,0,6,1.0,0.0
photobooth print size,2026-02-23,0,7,1.28,0.0
photobooth print size,2026-03-02,0,1,1.0,0.0
photobooth print size,2026-03-09,0,6,1.0,0.0
photobooth print size,2026-03-16,0,3,1.0,0.0
photobooth print size,2026-03-23,0,13,1.21,0.0
photobooth print size,2026-03-30,2,2,1.0,100.0
photobooth print size,2026-04-06,0,5,1.33,0.0
photobooth print size,2026-04-13,0,4,1.5,0.0
photobooth print size,2026-04-20,0,9,1.65,0.0
photobooth print size,2026-04-27,0,8,1.69,0.0
photobooth print size,2026-05-04,0,7,1.25,0.0
photobooth print size,2026-05-11,0,11,1.31,0.0
photobooth print size,2026-05-18,0,11,1.75,0.0
photobooth print size,2026-05-25,0,8,1.9,0.0
photobooth print sizes,2026-02-09,0,3,3.25,0.0
photobooth print sizes,2026-02-16,0,1,1.0,0.0
photobooth print sizes,2026-02-23,0,2,4.5,0.0
photobooth printer,2026-02-09,0,13,1.0,0.0
photobooth printer,2026-02-23,0,1,3.0,0.0
photobooth printer,2026-03-09,0,2,5.5,0.0
photobooth printer strips,2026-02-09,0,1,4.0,0.0
photobooth printer strips,2026-02-16,0,1,7.0,0.0
photobooth printer strips,2026-02-23,0,1,1.0,0.0
photobooth printer strips,2026-03-02,0,1,5.0,0.0
photobooth printer strips,2026-03-16,0,1,3.0,0.0
photobooth printer strips,2026-03-30,0,1,3.0,0.0
photobooth printer strips,2026-04-13,0,1,2.0,0.0
photobooth printing,2026-02-16,0,1,10.0,0.0
photobooth printing,2026-02-23,0,1,1.0,0.0
photobooth printout,2026-03-23,0,1,2.0,0.0
photobooth prints,2026-02-09,0,1,53.0,0.0
photobooth prints,2026-02-16,0,1,2.0,0.0
photobooth prints,2026-02-23,0,1,10.0,0.0
photobooth prints,2026-03-23,0,1,37.0,0.0
photobooth pronunciation,2026-03-02,0,1,1.0,0.0
photobooth prop ideas,2026-02-09,0,2,1.0,0.0
photobooth prop ideas,2026-03-09,0,1,1.0,0.0
photobooth prop ideas,2026-03-23,0,1,16.0,0.0
photobooth prop ideas,2026-03-30,0,1,13.0,0.0
photobooth prop ideas,2026-04-06,0,1,6.0,0.0
photobooth prop ideas,2026-04-13,0,1,18.0,0.0
photobooth prop ideas,2026-05-25,0,1,19.0,0.0
photobooth props,2026-03-09,0,5,19.83,0.0
photobooth props diy,2026-02-16,0,2,29.5,0.0
photobooth props diy,2026-03-02,0,1,40.0,0.0
photobooth props diy,2026-03-09,0,2,22.5,0.0
photobooth props diy,2026-03-16,0,3,8.33,0.0
photobooth props diy,2026-03-23,0,1,12.0,0.0
photobooth props diy,2026-03-30,0,4,5.17,0.0
photobooth props diy,2026-04-06,0,5,5.12,0.0
photobooth props diy,2026-04-13,0,6,6.17,0.0
photobooth props diy,2026-04-27,0,2,4.5,0.0
photobooth props diy,2026-05-04,0,2,7.0,0.0
photobooth props diy,2026-05-11,0,2,2.5,0.0
photobooth props diy,2026-05-18,0,2,9.5,0.0
photobooth props diy,2026-05-25,0,3,17.0,0.0
photobooth props ideas,2026-03-23,0,2,10.0,0.0
photobooth props ideas,2026-05-11,0,1,31.0,0.0
photobooth qu'est ce que c'est,2026-05-11,0,1,2.0,0.0
photobooth reference,2026-02-16,0,1,8.0,0.0
photobooth reference,2026-03-02,0,1,1.0,0.0
photobooth reference,2026-04-20,0,1,10.0,0.0
photobooth reference,2026-05-11,0,1,7.0,0.0
photobooth rent,2026-03-02,0,1,7.0,0.0
photobooth rent,2026-04-13,0,1,1.0,0.0
photobooth rent,2026-04-20,0,1,1.0,0.0
photobooth rent,2026-05-11,0,1,11.0,0.0
photobooth rental,2026-02-09,0,11,4.87,0.0
photobooth rental,2026-02-16,0,7,7.0,0.0
photobooth rental,2026-02-23,0,7,7.71,0.0
photobooth rental,2026-03-02,0,10,7.11,0.0
photobooth rental,2026-03-09,0,19,6.99,0.0
photobooth rental,2026-03-16,0,5,5.44,0.0
photobooth rental,2026-03-23,0,18,5.8,0.0
photobooth rental,2026-03-30,0,5,10.67,0.0
photobooth rental,2026-04-06,0,7,7.5,0.0
photobooth rental,2026-04-13,0,7,6.3,0.0
photobooth rental,2026-04-20,0,8,7.13,0.0
photobooth rental,2026-04-27,0,10,7.88,0.0
photobooth rental,2026-05-04,0,13,8.15,0.0
photobooth rental,2026-05-11,0,7,7.4,0.0
photobooth rental,2026-05-18,0,7,7.8,0.0
photobooth rental,2026-05-25,0,1,8.0,0.0
photobooth rental companies on-demand last-minute bookings,2026-03-16,0,1,5.0,0.0
photobooth rental companies on-demand last-minute bookings,2026-04-27,0,1,6.0,0.0
photobooth rental for wedding,2026-02-09,0,2,14.5,0.0
photobooth rental in miami,2026-02-23,0,2,6.0,0.0
photobooth rental miami,2026-02-09,0,13,10.92,0.0
photobooth rental miami,2026-02-16,0,11,6.44,0.0
photobooth rental miami,2026-02-23,0,13,7.57,0.0
photobooth rental miami,2026-03-02,0,7,6.42,0.0
photobooth rental miami,2026-03-09,0,8,6.8,0.0
photobooth rental miami,2026-03-16,0,8,6.85,0.0
photobooth rental miami,2026-03-23,0,13,9.24,0.0
photobooth rental miami,2026-03-30,0,8,8.35,0.0
photobooth rental miami,2026-04-06,0,6,13.42,0.0
photobooth rental miami,2026-04-13,0,7,9.6,0.0
photobooth rental miami,2026-04-20,0,6,13.88,0.0
photobooth rental miami,2026-04-27,0,4,16.0,0.0
photobooth rental miami,2026-05-04,0,4,14.5,0.0
photobooth rental miami,2026-05-11,0,3,12.75,0.0
photobooth rental miami,2026-05-18,0,5,20.83,0.0
photobooth rental miami,2026-05-25,0,4,33.67,0.0
photobooth rental near me,2026-02-09,0,2,8.0,0.0
photobooth rental near me,2026-02-16,0,2,10.5,0.0
photobooth rental near me,2026-02-23,0,4,8.83,0.0
photobooth rental near me,2026-03-02,0,2,8.0,0.0
photobooth rental near me,2026-03-09,0,2,36.0,0.0
photobooth rental near me,2026-03-16,0,3,17.0,0.0
photobooth rental near me,2026-03-23,0,5,21.5,0.0
photobooth rental near me,2026-03-30,0,2,12.0,0.0
photobooth rental near me,2026-04-06,0,3,34.33,0.0
photobooth rental near me,2026-04-13,0,2,27.5,0.0
photobooth rental near me,2026-04-20,0,1,32.0,0.0
photobooth rental near me,2026-04-27,0,1,19.0,0.0
photobooth rental near me,2026-05-04,0,2,21.0,0.0
photobooth rental near me,2026-05-11,0,2,21.5,0.0
photobooth rental near me,2026-05-18,0,2,24.5,0.0
photobooth rental near me,2026-05-25,0,2,26.0,0.0
photobooth rentals,2026-02-09,0,7,14.2,0.0
photobooth rentals,2026-02-16,0,3,10.0,0.0
photobooth rentals,2026-02-23,0,3,10.0,0.0
photobooth rentals,2026-03-02,0,3,11.33,0.0
photobooth rentals,2026-03-09,0,6,12.0,0.0
photobooth rentals,2026-03-16,0,4,13.33,0.0
photobooth rentals,2026-03-23,0,6,9.5,0.0
photobooth rentals,2026-03-30,0,1,5.0,0.0
photobooth rentals,2026-04-06,0,2,9.5,0.0
photobooth rentals,2026-04-13,0,5,9.38,0.0
photobooth rentals,2026-04-20,0,5,14.62,0.0
photobooth rentals,2026-04-27,0,2,14.0,0.0
photobooth rentals,2026-05-04,0,4,11.0,0.0
photobooth rentals,2026-05-11,0,3,10.25,0.0
photobooth rentals,2026-05-18,0,1,16.0,0.0
photobooth rentals,2026-05-25,0,1,10.0,0.0
photobooth rentals for weddings,2026-05-04,0,1,16.0,0.0
photobooth rentals miami,2026-02-09,0,3,9.67,0.0
photobooth rentals miami,2026-02-16,0,2,7.5,0.0
photobooth rentals miami,2026-02-23,0,1,8.0,0.0
photobooth rentals miami,2026-03-02,0,3,5.33,0.0
photobooth rentals miami,2026-03-09,0,1,48.0,0.0
photobooth rentals miami,2026-03-16,0,1,1.0,0.0
photobooth rentals near me,2026-02-09,0,1,5.0,0.0
photobooth roamer,2026-03-09,0,1,1.0,0.0
photobooth sama pacar,2026-03-23,0,1,3.0,0.0
photobooth sama photobox apa bedanya,2026-03-23,0,3,2.75,0.0
photobooth selfie time,2026-04-27,0,1,4.0,0.0
photobooth selfies,2026-04-27,0,1,11.0,0.0
photobooth series,2026-03-09,0,1,1.0,0.0
photobooth series,2026-03-16,0,1,1.0,0.0
photobooth series,2026-03-30,0,1,1.0,0.0
photobooth service,2026-02-23,0,1,15.0,0.0
photobooth service,2026-03-16,0,1,11.0,0.0
photobooth service,2026-03-23,0,2,44.5,0.0
photobooth service,2026-04-13,0,1,100.0,0.0
photobooth services near me,2026-02-09,0,1,7.0,0.0
photobooth session,2026-03-09,0,1,1.0,0.0
photobooth session,2026-04-06,0,1,1.0,0.0
photobooth shell,2026-03-23,0,1,10.0,0.0
photobooth shell,2026-03-30,0,1,6.0,0.0
photobooth shoot,2026-02-23,0,1,4.0,0.0
photobooth shoot,2026-03-30,0,1,2.0,0.0
photobooth shoot,2026-05-11,0,1,2.0,0.0
photobooth shoot,2026-05-18,0,1,4.0,0.0
photobooth shot,2026-02-16,0,3,1.0,0.0
photobooth shot,2026-02-23,0,1,1.0,0.0
photobooth shot,2026-03-23,0,1,3.0,0.0
photobooth shot,2026-03-30,0,1,2.0,0.0
photobooth shot,2026-04-20,0,1,6.0,0.0
photobooth shots,2026-02-09,0,2,1.5,0.0
photobooth shots,2026-03-02,0,2,2.0,0.0
photobooth sign,2026-05-04,0,2,4.0,0.0
photobooth signage,2026-03-23,0,1,2.0,0.0
photobooth size,2026-02-09,6,232,1.97,2.586
photobooth size,2026-02-16,0,131,3.35,0.0
photobooth size,2026-02-23,2,181,3.24,1.105
photobooth size,2026-03-02,3,136,2.85,2.206
photobooth size,2026-03-09,0,129,2.94,0.0
photobooth size,2026-03-16,2,146,2.87,1.37
photobooth size,2026-03-23,3,113,2.91,2.655
photobooth size,2026-03-30,3,113,2.34,2.655
photobooth size,2026-04-06,3,132,2.4,2.273
photobooth size,2026-04-13,2,106,2.32,1.887
photobooth size,2026-04-20,2,118,2.18,1.695
photobooth size,2026-04-27,2,111,2.95,1.802
photobooth size,2026-05-04,2,139,2.9,1.439
photobooth size,2026-05-11,1,117,2.36,0.855
photobooth size,2026-05-18,2,143,2.31,1.399
photobooth size,2026-05-25,2,91,2.45,2.198
photobooth size cm,2026-02-09,0,4,2.0,0.0
photobooth size cm,2026-02-16,0,2,2.0,0.0
photobooth size cm,2026-02-23,0,3,1.33,0.0
photobooth size cm,2026-03-09,0,2,7.5,0.0
photobooth size cm,2026-03-16,0,2,2.0,0.0
photobooth size cm,2026-03-30,0,4,2.17,0.0
photobooth size cm,2026-04-06,0,3,1.33,0.0
photobooth size cm,2026-04-13,0,2,2.0,0.0
photobooth size cm,2026-04-20,0,4,2.0,0.0
photobooth size cm,2026-04-27,0,6,2.33,0.0
photobooth size cm,2026-05-04,0,3,4.5,0.0
photobooth size cm,2026-05-11,0,3,2.0,0.0
photobooth size cm,2026-05-18,0,4,2.0,0.0
photobooth size cm,2026-05-25,0,1,2.0,0.0
photobooth size in canva,2026-02-09,0,1,1.0,0.0
photobooth size in canva,2026-02-16,0,1,3.0,0.0
photobooth size in canva,2026-03-30,0,1,3.0,0.0
photobooth size in canva,2026-05-11,0,2,1.0,0.0
photobooth size in cm,2026-02-09,0,59,2.46,0.0
photobooth size in cm,2026-02-16,1,37,2.18,2.703
photobooth size in cm,2026-02-23,0,44,1.73,0.0
photobooth size in cm,2026-03-02,0,38,2.01,0.0
photobooth size in cm,2026-03-09,0,35,2.16,0.0
photobooth size in cm,2026-03-16,0,42,1.94,0.0
photobooth size in cm,2026-03-23,0,33,2.04,0.0
photobooth size in cm,2026-03-30,0,22,2.02,0.0
photobooth size in cm,2026-04-06,0,32,2.33,0.0
photobooth size in cm,2026-04-13,0,33,2.13,0.0
photobooth size in cm,2026-04-20,0,16,3.17,0.0
photobooth size in cm,2026-04-27,0,26,2.12,0.0
photobooth size in cm,2026-05-04,1,27,3.32,3.704
photobooth size in cm,2026-05-11,0,22,2.75,0.0
photobooth size in cm,2026-05-18,0,39,3.85,0.0
photobooth size in cm,2026-05-25,0,17,4.25,0.0
photobooth size in feet,2026-03-16,0,1,13.0,0.0
photobooth size in feet,2026-03-23,0,1,1.0,0.0
photobooth size in feet,2026-04-13,0,1,12.0,0.0
photobooth size in feet,2026-04-20,0,2,9.0,0.0
photobooth size in inches,2026-02-09,0,24,1.31,0.0
photobooth size in inches,2026-02-16,1,19,1.79,5.263
photobooth size in inches,2026-02-23,0,14,1.19,0.0
photobooth size in inches,2026-03-02,0,18,1.08,0.0
photobooth size in inches,2026-03-09,0,14,1.24,0.0
photobooth size in inches,2026-03-16,0,9,1.27,0.0
photobooth size in inches,2026-03-23,0,12,1.12,0.0
photobooth size in inches,2026-03-30,0,5,1.2,0.0
photobooth size in inches,2026-04-06,0,13,1.11,0.0
photobooth size in inches,2026-04-13,0,6,1.08,0.0
photobooth size in inches,2026-04-20,1,7,2.83,14.286
photobooth size in inches,2026-04-27,0,5,1.6,0.0
photobooth size in inches,2026-05-04,0,5,1.0,0.0
photobooth size in inches,2026-05-11,1,5,2.33,20.0
photobooth size in inches,2026-05-18,0,10,1.5,0.0
photobooth size in inches,2026-05-25,1,2,1.5,50.0
photobooth size picture,2026-02-09,2,26,1.14,7.692
photobooth size picture,2026-02-16,1,23,1.0,4.348
photobooth size picture,2026-02-23,1,26,1.07,3.846
photobooth size picture,2026-03-02,1,14,1.72,7.143
photobooth size picture,2026-03-09,3,17,1.0,17.647
photobooth size picture,2026-03-16,0,17,1.0,0.0
photobooth size picture,2026-03-23,0,10,1.14,0.0
photobooth size picture,2026-03-30,4,16,1.0,25.0
photobooth size picture,2026-04-06,0,11,1.17,0.0
photobooth size picture,2026-04-13,0,12,1.33,0.0
photobooth size picture,2026-04-20,0,12,1.16,0.0
photobooth size picture,2026-04-27,1,10,1.13,10.0
photobooth size picture,2026-05-04,1,22,1.17,4.545
photobooth size picture,2026-05-11,2,10,1.29,20.0
photobooth size picture,2026-05-18,0,12,1.4,0.0
photobooth size picture,2026-05-25,1,11,1.0,9.091
photobooth size print,2026-02-09,0,23,1.91,0.0
photobooth size print,2026-02-16,0,14,2.38,0.0
photobooth size print,2026-02-23,0,4,1.0,0.0
photobooth size print,2026-03-02,0,9,1.5,0.0
photobooth size print,2026-03-09,0,8,1.3,0.0
photobooth size print,2026-03-16,1,11,2.1,9.091
photobooth size print,2026-03-23,2,12,1.28,16.667
photobooth size print,2026-03-30,0,11,1.16,0.0
photobooth size print,2026-04-06,0,14,1.97,0.0
photobooth size print,2026-04-13,0,14,2.05,0.0
photobooth size print,2026-04-20,0,8,2.4,0.0
photobooth size print,2026-04-27,0,13,1.98,0.0
photobooth size print,2026-05-04,0,11,2.0,0.0
photobooth size print,2026-05-11,0,18,1.92,0.0
photobooth size print,2026-05-18,0,16,1.86,0.0
photobooth size print,2026-05-25,0,15,2.1,0.0
photobooth sizes,2026-02-09,2,24,1.24,8.333
photobooth sizes,2026-02-16,2,23,1.0,8.696
photobooth sizes,2026-02-23,0,12,1.0,0.0
photobooth sizes,2026-03-02,1,20,1.17,5.0
photobooth sizes,2026-03-09,1,13,1.0,7.692
photobooth sizes,2026-03-16,0,7,1.0,0.0
photobooth sizes,2026-03-23,0,10,1.0,0.0
photobooth sizes,2026-03-30,0,11,1.0,0.0
photobooth sizes,2026-04-06,3,10,1.0,30.0
photobooth sizes,2026-04-13,1,15,1.0,6.667
photobooth sizes,2026-04-20,0,3,1.0,0.0
photobooth sizes,2026-04-27,1,12,1.0,8.333
photobooth sizes,2026-05-04,0,6,1.0,0.0
photobooth sizes,2026-05-11,0,9,1.11,0.0
photobooth sizes,2026-05-18,1,15,1.0,6.667
photobooth sizes,2026-05-25,1,7,1.0,14.286
photobooth sleeve,2026-03-09,0,1,2.0,0.0
photobooth sleeve,2026-05-18,0,1,8.0,0.0
photobooth slip,2026-02-16,0,2,2.0,0.0
photobooth slip,2026-04-13,0,1,2.0,0.0
photobooth slip,2026-04-27,0,1,2.0,0.0
photobooth slip,2026-05-11,0,1,2.0,0.0
photobooth slips,2026-02-09,0,2,1.5,0.0
photobooth slips,2026-02-16,0,2,1.0,0.0
photobooth slips,2026-02-23,0,1,2.0,0.0
photobooth slips,2026-03-09,0,2,1.5,0.0
photobooth slips,2026-04-20,0,1,2.0,0.0
photobooth slips,2026-05-04,0,1,2.0,0.0
photobooth slot,2026-02-23,0,1,8.0,0.0
photobooth sluts,2026-03-02,0,2,9.5,0.0
photobooth smb,2026-03-16,0,1,13.0,0.0
photobooth soft launch,2026-03-09,0,1,1.0,0.0
photobooth spring,2026-02-16,0,1,2.0,0.0
photobooth square,2026-04-06,0,1,12.0,0.0
photobooth ss15,2026-04-27,0,1,11.0,0.0
photobooth stand,2026-02-09,0,1,6.0,0.0
photobooth stand,2026-02-16,0,1,7.0,0.0
photobooth stand,2026-02-23,0,1,6.0,0.0
photobooth stand,2026-03-02,0,2,6.0,0.0
photobooth stand,2026-03-09,0,2,5.0,0.0
photobooth standard size,2026-02-09,0,5,1.33,0.0
photobooth standard size,2026-02-16,0,5,3.0,0.0
photobooth standard size,2026-02-23,0,4,1.17,0.0
photobooth standard size,2026-03-02,0,1,1.0,0.0
photobooth standard size,2026-03-09,0,6,3.7,0.0
photobooth standard size,2026-03-16,0,4,2.5,0.0
photobooth standard size,2026-03-23,1,3,3.75,33.333
photobooth standard size,2026-03-30,0,2,2.5,0.0
photobooth standard size,2026-04-13,0,4,2.67,0.0
photobooth standard size,2026-04-20,0,5,3.38,0.0
photobooth standard size,2026-04-27,0,3,3.0,0.0
photobooth standard size,2026-05-04,1,5,3.0,20.0
photobooth standard size,2026-05-25,0,4,2.0,0.0
photobooth stick,2026-02-09,0,1,2.0,0.0
photobooth stick,2026-04-06,0,3,2.67,0.0
photobooth stickers,2026-04-20,0,1,9.0,0.0
photobooth store,2026-04-06,0,1,13.0,0.0
photobooth strap,2026-03-23,0,1,2.0,0.0
photobooth strap,2026-04-06,0,1,6.0,0.0
photobooth strip,2026-02-09,0,13,6.51,0.0
photobooth strip,2026-02-16,0,6,10.2,0.0
photobooth strip,2026-02-23,0,5,6.0,0.0
photobooth strip,2026-03-02,0,1,9.0,0.0
photobooth strip,2026-03-09,0,9,17.3,0.0
photobooth strip,2026-03-16,0,2,20.0,0.0
photobooth strip,2026-03-23,0,1,7.0,0.0
photobooth strip,2026-03-30,0,2,58.0,0.0
photobooth strip,2026-04-06,0,1,10.0,0.0
photobooth strip,2026-04-27,0,1,9.0,0.0
photobooth strip,2026-05-04,0,2,7.0,0.0
photobooth strip,2026-05-11,0,2,28.0,0.0
photobooth strip,2026-05-18,0,1,7.0,0.0
photobooth strip,2026-05-25,0,1,6.0,0.0
photobooth strip album book,2026-04-06,0,2,7.5,0.0
photobooth strip app,2026-02-09,0,1,3.0,0.0
photobooth strip canva,2026-02-23,0,1,6.0,0.0
photobooth strip dimensions,2026-02-09,2,23,1.17,8.696
photobooth strip dimensions,2026-02-16,0,15,2.28,0.0
photobooth strip dimensions,2026-02-23,1,12,1.18,8.333
photobooth strip dimensions,2026-03-02,1,11,1.07,9.091
photobooth strip dimensions,2026-03-09,1,20,1.54,5.0
photobooth strip dimensions,2026-03-16,0,9,1.53,0.0
photobooth strip dimensions,2026-03-23,0,4,1.33,0.0
photobooth strip dimensions,2026-03-30,0,10,1.14,0.0
photobooth strip dimensions,2026-04-06,0,9,1.06,0.0
photobooth strip dimensions,2026-04-13,0,12,1.33,0.0
photobooth strip dimensions,2026-04-20,0,12,1.32,0.0
photobooth strip dimensions,2026-04-27,0,13,1.5,0.0
photobooth strip dimensions,2026-05-04,2,17,1.4,11.765
photobooth strip dimensions,2026-05-11,0,18,1.1,0.0
photobooth strip dimensions,2026-05-18,0,12,1.29,0.0
photobooth strip dimensions,2026-05-25,0,4,2.17,0.0
photobooth strip drawing,2026-04-13,0,2,10.0,0.0
photobooth strip frame,2026-02-16,0,1,7.0,0.0
photobooth strip holder,2026-02-09,0,1,6.0,0.0
photobooth strip ideas,2026-02-09,0,1,2.0,0.0
photobooth strip ideas,2026-03-02,0,1,12.0,0.0
photobooth strip maker,2026-05-25,0,1,11.0,0.0
photobooth strip measurements,2026-03-30,0,2,1.5,0.0
photobooth strip measurements,2026-04-06,0,1,1.0,0.0
photobooth strip paper,2026-02-09,0,1,2.0,0.0
photobooth strip photo,2026-03-02,0,1,1.0,0.0
photobooth strip photo,2026-04-06,0,1,4.0,0.0
photobooth strip photo frame,2026-02-23,0,1,8.0,0.0
photobooth strip photos,2026-02-09,0,3,3.5,0.0
photobooth strip photos,2026-05-11,0,1,4.0,0.0
photobooth strip size,2026-02-09,12,350,1.69,3.429
photobooth strip size,2026-02-16,2,258,2.88,0.775
photobooth strip size,2026-02-23,4,169,3.2,2.367
photobooth strip size,2026-03-02,1,164,2.15,0.61
photobooth strip size,2026-03-09,2,140,2.91,1.429
photobooth strip size,2026-03-16,2,151,1.61,1.325
photobooth strip size,2026-03-23,3,172,2.41,1.744
photobooth strip size,2026-03-30,1,161,2.34,0.621
photobooth strip size,2026-04-06,2,190,2.34,1.053
photobooth strip size,2026-04-13,1,168,2.27,0.595
photobooth strip size,2026-04-20,3,163,2.49,1.84
photobooth strip size,2026-04-27,1,146,2.48,0.685
photobooth strip size,2026-05-04,2,173,2.12,1.156
photobooth strip size,2026-05-11,1,175,1.75,0.571
photobooth strip size,2026-05-18,2,177,2.61,1.13
photobooth strip size,2026-05-25,3,147,2.32,2.041
photobooth strip size in cm,2026-02-09,1,27,1.94,3.704
photobooth strip size in cm,2026-02-16,0,7,2.21,0.0
photobooth strip size in cm,2026-02-23,0,5,1.62,0.0
photobooth strip size in cm,2026-03-02,0,4,2.0,0.0
photobooth strip size in cm,2026-03-09,0,9,1.4,0.0
photobooth strip size in cm,2026-03-16,1,10,1.79,10.0
photobooth strip size in cm,2026-03-23,0,4,1.83,0.0
photobooth strip size in cm,2026-03-30,0,6,1.5,0.0
photobooth strip size in cm,2026-04-06,1,11,1.36,9.091
photobooth strip size in cm,2026-04-13,0,10,1.75,0.0
photobooth strip size in cm,2026-04-20,0,6,1.25,0.0
photobooth strip size in cm,2026-04-27,0,6,1.75,0.0
photobooth strip size in cm,2026-05-04,1,12,1.73,8.333
photobooth strip size in cm,2026-05-11,0,3,1.67,0.0
photobooth strip size in cm,2026-05-18,0,11,2.0,0.0
photobooth strip size in cm,2026-05-25,0,4,2.0,0.0
photobooth strip size in px,2026-02-09,0,7,1.92,0.0
photobooth strip size in px,2026-02-16,0,4,4.0,0.0
photobooth strip size in px,2026-02-23,0,4,2.33,0.0
photobooth strip size in px,2026-03-02,0,2,6.0,0.0
photobooth strip size in px,2026-03-09,0,3,2.0,0.0
photobooth strip size in px,2026-03-16,0,2,2.0,0.0
photobooth strip size in px,2026-03-23,0,4,2.0,0.0
photobooth strip size in px,2026-03-30,0,8,1.56,0.0
photobooth strip size in px,2026-04-06,0,5,2.5,0.0
photobooth strip size in px,2026-04-13,0,8,2.46,0.0
photobooth strip size in px,2026-04-20,0,11,2.58,0.0
photobooth strip size in px,2026-04-27,0,8,2.33,0.0
photobooth strip size in px,2026-05-04,0,6,2.5,0.0
photobooth strip size in px,2026-05-11,0,6,3.0,0.0
photobooth strip size in px,2026-05-18,0,8,2.88,0.0
photobooth strip size in px,2026-05-25,0,5,2.25,0.0
photobooth strip sizes,2026-03-09,0,6,2.25,0.0
photobooth strip sizes,2026-03-16,0,5,1.0,0.0
photobooth strip sizes,2026-03-23,0,5,1.5,0.0
photobooth strip sizes,2026-03-30,0,2,4.0,0.0
photobooth strip sizes,2026-04-06,0,1,4.0,0.0
photobooth strip sizes,2026-04-27,0,3,1.33,0.0
photobooth strip sizes,2026-05-25,0,2,1.0,0.0
photobooth strip standard size 2 x 6 inches,2026-05-18,0,6,5.58,0.0
photobooth strip standard size 2 x 6 inches,2026-05-25,0,11,5.46,0.0
photobooth strip standard size 2 x 6 inches source,2026-05-18,0,3,6.33,0.0
photobooth strip standard size 2 x 6 inches source,2026-05-25,0,4,6.75,0.0
photobooth strip standard size 2x6 inches,2026-04-06,0,12,9.56,0.0
photobooth strip standard size 2x6 inches,2026-04-13,0,1,7.0,0.0
photobooth strip standard size 2x6 inches,2026-04-20,0,3,10.0,0.0
photobooth strip standard size 2x6 inches,2026-04-27,0,9,10.67,0.0
photobooth strip standard size 2x6 inches,2026-05-04,0,11,10.85,0.0
photobooth strip standard size 2x6 inches,2026-05-11,0,22,11.28,0.0
photobooth strip standard size 2x6 inches,2026-05-18,0,14,3.75,0.0
photobooth strip standard size 2x6 inches,2026-05-25,0,32,5.66,0.0
photobooth strip standee,2026-02-23,0,1,4.0,0.0
photobooth strip template,2026-02-23,0,3,8.0,0.0
photobooth strip template,2026-03-02,0,2,7.0,0.0
photobooth strip template,2026-03-23,0,1,14.0,0.0
photobooth strip vintage,2026-02-16,0,1,2.0,0.0
photobooth strip yearbook spread,2026-02-16,0,1,1.0,0.0
photobooth strip yearbook spread,2026-02-23,0,1,1.0,0.0
photobooth strip yearbook spread,2026-05-04,0,1,1.0,0.0
photobooth stripe,2026-03-02,0,1,1.0,0.0
photobooth stripe,2026-04-27,0,1,2.0,0.0
photobooth stripe,2026-05-04,0,1,3.0,0.0
photobooth stripe,2026-05-11,0,2,2.5,0.0
photobooth stripes,2026-03-02,0,1,2.0,0.0
photobooth stripes,2026-03-30,0,1,5.0,0.0
photobooth stripes,2026-05-04,0,1,3.0,0.0
photobooth stripes,2026-05-11,0,1,3.0,0.0
photobooth strips,2026-02-09,0,8,6.88,0.0
photobooth strips,2026-02-23,0,6,4.83,0.0
photobooth strips,2026-03-02,0,2,3.0,0.0
photobooth strips,2026-03-23,0,2,3.5,0.0
photobooth strips,2026-03-30,0,5,3.67,0.0
photobooth strips,2026-04-20,0,1,1.0,0.0
photobooth strips,2026-05-04,0,1,4.0,0.0
photobooth strips,2026-05-11,0,1,4.0,0.0
photobooth strips,2026-05-18,0,1,5.0,0.0
photobooth strips,2026-05-25,0,2,7.0,0.0
photobooth strips size,2026-02-09,1,23,1.44,4.348
photobooth strips size,2026-02-16,1,13,1.0,7.692
photobooth strips size,2026-02-23,1,16,1.08,6.25
photobooth strips size,2026-03-02,1,9,1.08,11.111
photobooth strips size,2026-03-09,0,13,1.53,0.0
photobooth strips size,2026-03-16,0,9,1.0,0.0
photobooth strips size,2026-03-23,2,8,1.83,25.0
photobooth strips size,2026-03-30,0,7,1.25,0.0
photobooth strips size,2026-04-06,0,6,1.44,0.0
photobooth strips size,2026-04-13,0,6,1.5,0.0
photobooth strips size,2026-04-20,0,14,1.97,0.0
photobooth strips size,2026-04-27,1,13,1.75,7.692
photobooth strips size,2026-05-04,0,8,1.81,0.0
photobooth strips size,2026-05-11,0,11,1.5,0.0
photobooth strips size,2026-05-18,0,7,2.0,0.0
photobooth strips size,2026-05-25,0,9,1.92,0.0
photobooth studio,2026-02-23,0,1,12.0,0.0
photobooth style photos,2026-04-13,0,1,4.0,0.0
photobooth style prints,2026-03-02,0,2,5.0,0.0
photobooth style prints,2026-04-27,0,1,4.0,0.0
photobooth style prints,2026-05-04,0,1,9.0,0.0
photobooth sukhakala,2026-05-18,0,1,10.0,0.0
photobooth sun plaza,2026-04-13,0,1,2.0,0.0
photobooth supermall karawaci,2026-05-11,0,1,5.0,0.0
photobooth supplier,2026-03-23,0,1,73.0,0.0
photobooth swiss portrait lyrics meaning,2026-03-02,0,1,1.0,0.0
photobooth swiss portrait lyrics meaning,2026-03-23,0,2,1.0,0.0
photobooth swiss portrait meaning,2026-02-09,0,1,1.0,0.0
photobooth synonym,2026-02-09,0,4,1.25,0.0
photobooth synonym,2026-02-16,0,1,1.0,0.0
photobooth synonym,2026-02-23,0,5,1.0,0.0
photobooth synonym,2026-03-09,0,4,1.0,0.0
photobooth synonym,2026-03-16,0,4,1.0,0.0
photobooth synonym,2026-03-23,0,2,1.0,0.0
photobooth synonym,2026-03-30,0,8,1.0,0.0
photobooth synonym,2026-04-06,0,3,1.0,0.0
photobooth synonym,2026-04-13,0,6,1.0,0.0
photobooth synonym,2026-04-20,0,1,1.0,0.0
photobooth synonym,2026-05-04,0,1,1.0,0.0
photobooth template size,2026-02-09,0,2,1.5,0.0
photobooth template size,2026-02-23,0,3,2.0,0.0
photobooth template size,2026-03-02,0,1,1.0,0.0
photobooth template size,2026-03-30,0,2,1.0,0.0
photobooth template size,2026-04-06,0,4,1.25,0.0
photobooth template size,2026-04-13,0,3,1.33,0.0
photobooth template size,2026-04-20,0,9,1.2,0.0
photobooth template size,2026-04-27,0,5,1.5,0.0
photobooth template size,2026-05-04,0,4,1.75,0.0
photobooth template size,2026-05-11,0,1,1.0,0.0
photobooth template size,2026-05-18,0,5,1.75,0.0
photobooth template size,2026-05-25,0,3,1.0,0.0
photobooth terdekat,2026-02-09,0,1,3.0,0.0
photobooth terdekat,2026-03-02,0,1,4.0,0.0
photobooth terdekat,2026-03-16,0,1,3.0,0.0
photobooth terdekat,2026-03-23,0,1,4.0,0.0
photobooth terdekat,2026-03-30,0,2,2.5,0.0
photobooth thing,2026-02-09,0,2,4.5,0.0
photobooth thing,2026-03-16,0,1,1.0,0.0
photobooth ti,2026-03-02,0,1,1.0,0.0
photobooth ti,2026-03-09,0,1,1.0,0.0
photobooth time,2026-03-02,0,1,1.0,0.0
photobooth time,2026-03-09,0,1,1.0,0.0
photobooth timezone,2026-02-23,0,1,1.0,0.0
photobooth timezone,2026-03-23,0,2,1.0,0.0
photobooth tits,2026-02-23,0,2,5.0,0.0
photobooth tits,2026-03-02,0,6,2.12,0.0
photobooth tits,2026-03-09,0,10,1.87,0.0
photobooth tits,2026-03-16,0,1,2.0,0.0
photobooth tits,2026-03-30,0,1,3.0,0.0
photobooth tits,2026-04-06,0,1,3.0,0.0
photobooth traduction,2026-03-30,0,1,2.0,0.0
photobooth traduction,2026-05-04,0,1,3.0,0.0
photobooth trends 2026,2026-03-09,0,2,5.0,0.0
photobooth trends 2026,2026-03-16,0,5,3.75,0.0
photobooth trends 2026,2026-03-23,0,5,6.12,0.0
photobooth trends 2026,2026-03-30,0,6,5.75,0.0
photobooth trends 2026,2026-04-06,0,1,5.0,0.0
photobooth trends 2026,2026-04-13,0,2,6.0,0.0
photobooth trends 2026,2026-04-20,0,3,7.0,0.0
photobooth trends 2026,2026-04-27,0,4,9.83,0.0
photobooth trends 2026,2026-05-04,0,1,9.0,0.0
photobooth trends 2026,2026-05-11,0,2,4.5,0.0
photobooth trends 2026,2026-05-18,0,2,6.0,0.0
photobooth trip,2026-03-02,0,1,2.0,0.0
photobooth types,2026-03-09,0,1,6.0,0.0
photobooth types,2026-03-16,0,1,3.0,0.0
photobooth types,2026-03-30,0,1,3.0,0.0
photobooth ukuran,2026-04-27,0,1,2.0,0.0
photobooth ukuran berapa,2026-04-06,0,2,2.0,0.0
photobooth vendor,2026-04-27,0,1,84.0,0.0
photobooth vendors,2026-02-09,0,1,7.0,0.0
photobooth vendors,2026-03-09,0,1,8.0,0.0
photobooth vendors,2026-03-16,0,1,5.0,0.0
photobooth vendors,2026-04-20,0,1,9.0,0.0
photobooth vip box,2026-02-23,0,1,4.0,0.0
photobooth vs photo booth,2026-04-27,0,1,2.0,0.0
photobooth wall,2026-02-09,0,1,8.0,0.0
photobooth wedding,2026-02-09,0,1,1.0,0.0
photobooth wedding,2026-02-16,0,1,1.0,0.0
photobooth wedding rental,2026-02-16,0,1,10.0,0.0
photobooth with cortis,2026-03-23,0,1,2.0,0.0
photobooth word,2026-02-09,0,5,1.0,0.0
photobooth word,2026-02-23,0,1,1.0,0.0
photobooth word,2026-03-02,0,1,1.0,0.0
photobooth word,2026-03-16,0,1,1.0,0.0
photobooth word,2026-03-30,0,2,1.0,0.0
photobooth word,2026-04-06,0,2,1.0,0.0
photobooth words,2026-02-09,0,1,1.0,0.0
photobooth words,2026-02-16,0,1,1.0,0.0
photobooth words,2026-02-23,0,1,1.0,0.0
photobooth words,2026-03-02,0,5,1.0,0.0
photobooth words,2026-03-09,0,1,1.0,0.0
photobooth words,2026-03-16,0,1,1.0,0.0
photobooth words,2026-04-13,0,2,1.0,0.0
photobooth words,2026-05-04,0,1,1.0,0.0
photobooth wynwood,2026-02-09,0,1,11.0,0.0
photobooth wynwood,2026-02-16,0,1,10.0,0.0
photobooth wynwood,2026-02-23,0,1,10.0,0.0
photobooth wynwood,2026-03-02,0,1,9.0,0.0
photobooth wynwood,2026-03-09,0,2,9.0,0.0
photobooth wynwood,2026-03-16,0,4,10.5,0.0
photobooth wynwood,2026-03-23,0,1,11.0,0.0
photobooth wynwood,2026-03-30,0,1,11.0,0.0
photobooth wynwood,2026-04-06,0,4,8.5,0.0
photobooth wynwood,2026-04-13,0,2,7.0,0.0
photobooth ขนาด,2026-02-23,0,1,2.0,0.0
photobooth-io.cc canvas.html,2026-02-23,0,1,8.0,0.0
photobooth.,2026-03-30,0,1,2.0,0.0
photobooth.,2026-05-04,0,1,11.0,0.0
photobooth?,2026-05-11,0,1,3.0,0.0
photobooth],2026-05-04,0,1,5.0,0.0
photobootha,2026-03-23,0,1,6.0,0.0
photoboothaholic,2026-02-09,0,2,1.0,0.0
photoboothaholic,2026-03-16,0,1,1.0,0.0
photoboothe,2026-03-23,0,1,11.0,0.0
photoboothholic,2026-02-23,0,1,1.0,0.0
photoboothing,2026-02-16,0,1,1.0,0.0
photoboothing,2026-03-02,0,1,1.0,0.0
photoboothing,2026-03-16,0,1,6.0,0.0
photoboothio,2026-02-23,0,1,8.0,0.0
photoboothio,2026-04-20,0,1,10.0,0.0
photoboothiocc,2026-04-13,0,1,7.0,0.0
photoboothj,2026-05-18,0,1,11.0,0.0
photoboothmiami,2026-02-23,0,2,1.0,0.0
photoboothrental,2026-03-02,0,1,65.0,0.0
photoboothrental,2026-03-09,0,1,86.0,0.0
photobooths,2026-02-23,0,5,4.62,0.0
photobooths,2026-03-02,0,3,2.0,0.0
photobooths,2026-03-16,0,2,2.0,0.0
photobooths,2026-03-23,0,2,3.0,0.0
photobooths,2026-04-06,0,2,1.0,0.0
photobooths,2026-04-13,0,1,1.0,0.0
photobooths,2026-04-27,0,2,4.5,0.0
photobooths,2026-05-04,0,1,2.0,0.0
photobooths,2026-05-18,0,1,4.0,0.0
photobooths,2026-05-25,0,2,2.5,0.0
photobooths for events,2026-04-06,0,1,12.0,0.0
photobooths for rent,2026-03-16,0,1,1.0,0.0
photobooths in miami,2026-02-09,0,2,1.0,0.0
photobooths in miami,2026-02-16,0,1,21.0,0.0
photobooths in miami,2026-02-23,0,3,1.0,0.0
photobooths in miami,2026-03-09,0,1,1.0,0.0
photobooths in miami,2026-03-16,0,2,5.5,0.0
photobooths in miami,2026-03-23,0,2,21.5,0.0
photobooths in miami,2026-04-06,0,3,9.5,0.0
photobooths in miami,2026-04-13,0,1,28.0,0.0
photobooths in miami,2026-04-27,0,1,1.0,0.0
photobooths in miami,2026-05-11,0,1,18.0,0.0
photobooths in miami,2026-05-18,0,2,10.0,0.0
photobooths in miami,2026-05-25,0,1,12.0,0.0
photobooths miami,2026-03-09,0,7,1.0,0.0
photobooths miami,2026-03-16,0,1,1.0,0.0
photobooths miami,2026-04-13,0,1,2.0,0.0
photobooths near me,2026-02-16,0,2,5.0,0.0
photobooths near me,2026-03-02,0,2,5.5,0.0
photobooths near me,2026-05-11,0,1,20.0,0.0
photoboothstrip,2026-03-02,0,1,5.0,0.0
photoboothto,2026-04-06,0,1,6.0,0.0
photobootj,2026-02-09,0,1,6.0,0.0
photobootj,2026-02-23,0,1,12.0,0.0
photobootj,2026-03-09,0,1,1.0,0.0
photobootj,2026-03-16,0,1,6.0,0.0
photobootj,2026-03-30,0,3,7.5,0.0
photobootj,2026-04-13,0,1,1.0,0.0
photobootj,2026-05-18,0,1,1.0,0.0
photobooty,2026-03-30,0,1,12.0,0.0
photobooyh,2026-02-23,0,1,6.0,0.0
photoboth,2026-02-09,0,4,23.0,0.0
photoboth,2026-02-16,0,6,7.12,0.0
photoboth,2026-02-23,0,11,6.5,0.0
photoboth,2026-03-02,0,3,1.5,0.0
photoboth,2026-03-09,0,1,6.0,0.0
photoboth,2026-03-16,0,2,7.5,0.0
photoboth,2026-03-23,0,2,2.5,0.0
photoboth,2026-03-30,0,1,5.0,0.0
photoboth,2026-04-06,1,1,2.0,100.0
photoboth,2026-04-13,0,2,5.0,0.0
photoboth,2026-04-27,0,1,4.0,0.0
photoboth,2026-05-04,0,2,4.5,0.0
photoboth photos,2026-03-16,0,1,2.0,0.0
photobotth,2026-02-23,0,1,2.0,0.0
photobotth,2026-04-20,0,1,12.0,0.0
photobox,2026-03-02,0,2,2.0,0.0
photobox,2026-03-09,0,7,2.0,0.0
photobox,2026-03-16,0,9,2.08,0.0
photobox,2026-03-23,0,6,2.0,0.0
photobox,2026-03-30,0,2,2.0,0.0
photobox,2026-04-20,0,1,2.0,0.0
photobox atau photo booth,2026-03-02,0,1,3.0,0.0
photobox atau photobooth,2026-03-16,0,1,15.0,0.0
photobox atau photobox,2026-03-23,0,1,3.0,0.0
photobox atrium,2026-03-09,0,1,5.0,0.0
photobox bestie,2026-02-09,0,1,10.0,0.0
photobox dan photobooth,2026-05-04,0,1,3.0,0.0
photobox dan photobooth apa bedanya,2026-03-02,0,3,2.67,0.0
photobox dan photobooth apa bedanya,2026-03-09,0,1,2.0,0.0
photobox dan photobooth apa bedanya,2026-03-16,0,1,2.0,0.0
photobox dan photobooth apa bedanya,2026-03-23,0,1,3.0,0.0
photobox kamera depan atau belakang,2026-04-27,0,1,3.0,0.0
photobox machine,2026-02-16,0,1,1.0,0.0
photobox photo booth strips,2026-03-02,0,1,2.0,0.0
photobox pvj,2026-03-09,0,1,5.0,0.0
photobox sama photobooth apa bedanya,2026-03-09,0,1,3.0,0.0
photobox sama photobooth apa bedanya,2026-03-23,0,1,3.0,0.0
photobox tangcity,2026-05-11,0,1,3.0,0.0
photobox template,2026-03-30,0,1,8.0,0.0
photobox terdekat,2026-03-09,0,2,3.0,0.0
photobox terdekat,2026-03-16,0,1,3.0,0.0
photobox terdekat,2026-03-23,0,1,2.0,0.0
photobox terdekat,2026-05-11,0,2,5.0,0.0
photobox tsm bandung,2026-03-23,0,1,5.0,0.0
photobox vs photobooth,2026-02-16,0,1,2.0,0.0
photobppth,2026-03-30,0,1,63.0,0.0
photobuth,2026-05-04,0,1,7.0,0.0
photobytes,2026-02-16,0,1,5.0,0.0
photocall,2026-04-13,0,1,2.0,0.0
photocall définition,2026-03-16,0,1,12.0,0.0
photocall définition,2026-04-27,0,1,2.0,0.0
photocall définition,2026-05-11,0,1,2.0,0.0
photocard photobooth,2026-05-11,0,1,2.0,0.0
photog booth,2026-02-16,0,1,77.0,0.0
photog booth,2026-02-23,0,6,6.58,0.0
photog booth,2026-03-02,0,1,8.0,0.0
photog booth,2026-04-06,0,1,6.0,0.0
photogenic photobooth,2026-02-09,0,1,10.0,0.0
photogenic photobooth,2026-02-23,0,2,10.5,0.0
photogenic photobooth,2026-03-16,0,1,4.0,0.0
photogooth,2026-02-16,0,2,1.0,0.0
photograph booth,2026-02-23,0,2,4.5,0.0
photograph booth,2026-03-30,0,1,6.0,0.0
photographer photo booth,2026-05-11,0,1,4.0,0.0
photographer with photo booth,2026-02-23,0,1,2.0,0.0
photography booth display ideas,2026-02-16,0,1,75.0,0.0
photography booth rental,2026-02-16,0,1,92.0,0.0
photography by mia,2026-02-09,0,1,3.0,0.0
photography by mia,2026-04-06,0,1,5.0,0.0
photography photo booth,2026-05-18,0,1,6.0,0.0
photography shop,2026-05-18,0,1,1.0,0.0
photography stall,2026-02-09,0,1,2.0,0.0
photography studio rental miami,2026-02-09,0,1,94.0,0.0
photography studio rental miami,2026-02-16,0,1,79.0,0.0
photography studio rental miami,2026-03-02,0,2,86.0,0.0
photogray photobooth,2026-03-02,0,1,1.0,0.0
photogray photobooth,2026-03-09,0,1,1.0,0.0
photogray photobooth,2026-03-16,0,4,1.0,0.0
photogray photobooth,2026-03-23,0,2,3.5,0.0
photois queen city,2026-03-16,0,1,7.0,0.0
photoism,2026-03-16,0,1,4.0,0.0
photoism - bintaro jaya xchange mall foto,2026-05-11,0,1,3.0,0.0
photoism - grand batam mall foto,2026-03-16,0,1,2.0,0.0
photoism blok m,2026-03-16,0,1,2.0,0.0
photoism booth,2026-02-09,0,1,6.0,0.0
photoism bxc lantai berapa,2026-03-16,0,1,2.0,0.0
photoism pose,2026-03-30,0,1,3.0,0.0
photoism size,2026-03-23,0,1,1.0,0.0
photoism size,2026-04-13,0,1,1.0,0.0
photoism size in cm,2026-04-20,0,1,1.0,0.0
photoism size in cm,2026-04-27,0,1,1.0,0.0
photoism size in cm,2026-05-11,0,4,1.5,0.0
photoism store,2026-03-02,0,1,3.0,0.0
photolookup braga,2026-03-02,0,1,4.0,0.0
photomansion,2026-05-25,0,1,4.0,0.0
photomatics (photomaticsid) latest,2026-02-16,0,2,7.5,0.0
photomatics (photomaticsid) latest,2026-02-23,0,4,7.75,0.0
photomatics xxl,2026-02-09,0,1,5.0,0.0
photomatique,2026-03-30,0,1,4.0,0.0
photomaton,2026-03-16,0,1,4.0,0.0
photomaton,2026-03-30,1,2,4.0,50.0
photomaton,2026-04-13,1,1,3.0,100.0
photomaton ancien,2026-05-18,0,1,6.0,0.0
photomaton definition,2026-02-09,0,1,2.0,0.0
photomaton dimension,2026-03-02,0,1,2.0,0.0
photomaton dimension photo,2026-04-13,0,3,4.0,0.0
photomaton echirolles,2026-04-06,0,1,1.0,0.0
photomaton photos fun portraits cabine,2026-05-04,0,1,6.0,0.0
photomaton photos fun portraits cabine,2026-05-18,0,1,5.0,0.0
photomaton photos fun portraits cabine,2026-05-25,0,2,4.0,0.0
photomaton savigny sur orge,2026-03-16,0,1,4.0,0.0
photomaton taille photo,2026-05-11,0,1,5.0,0.0
photomong,2026-05-11,0,1,6.0,0.0
photonooth,2026-04-13,0,1,6.0,0.0
photonooth,2026-05-04,0,1,4.0,0.0
photonooth rental,2026-03-09,0,1,11.0,0.0
photooboth,2026-04-27,0,1,12.0,0.0
photopbooth,2026-02-23,0,1,2.0,0.0
photopot,2026-02-09,0,1,7.0,0.0
photos,2026-03-16,0,1,34.0,0.0
photos booth,2026-02-16,0,1,3.0,0.0
photos booth,2026-02-23,0,1,3.0,0.0
photos booth,2026-03-23,0,1,84.0,0.0
photos booth,2026-04-06,0,1,11.0,0.0
photos booth,2026-05-18,0,1,8.0,0.0
photos from photo booth,2026-02-09,0,1,2.0,0.0
photos from photo booth,2026-02-16,0,3,2.0,0.0
photos from photo booth,2026-03-16,0,1,2.0,0.0
photos from photo booth,2026-03-23,0,1,2.0,0.0
photos from photo booth,2026-04-06,0,1,2.0,0.0
photos from photo booth,2026-04-27,0,1,2.0,0.0
photos from photo booth,2026-05-11,0,1,2.0,0.0
photos strips,2026-02-16,0,1,2.0,0.0
photoset meaning,2026-03-30,0,1,1.0,0.0
photosets,2026-03-30,0,1,1.0,0.0
photosheet,2026-05-25,0,1,5.0,0.0
photoshoot 360,2026-05-11,0,1,16.0,0.0
photoshoot 360,2026-05-18,0,2,20.5,0.0
photoshoot 360,2026-05-25,0,1,14.0,0.0
photoshoot booth,2026-02-16,0,1,1.0,0.0
photoshoot booth,2026-03-02,0,1,2.0,0.0
photoshoot booth,2026-03-09,0,1,1.0,0.0
photoshoot booth,2026-03-16,0,1,1.0,0.0
photoshoot booth,2026-03-23,0,1,3.0,0.0
photoshoot booth,2026-04-13,0,1,4.0,0.0
photoshoot strip,2026-02-09,0,1,1.0,0.0
photoshoot strip,2026-03-02,0,1,2.0,0.0
photoshoot strip,2026-03-09,0,1,1.0,0.0
photoshop,2026-03-09,0,1,14.0,0.0
photoshop props,2026-04-06,0,1,47.0,0.0
photostory photobooth,2026-02-09,0,1,8.0,0.0
photostrio,2026-03-09,0,1,1.0,0.0
photostrip,2026-02-09,0,257,2.01,0.0
photostrip,2026-02-16,0,80,3.45,0.0
photostrip,2026-02-23,0,36,5.18,0.0
photostrip,2026-03-02,0,60,2.26,0.0
photostrip,2026-03-09,0,9,8.6,0.0
photostrip,2026-03-16,0,35,5.48,0.0
photostrip,2026-03-23,0,22,3.79,0.0
photostrip,2026-03-30,0,6,10.83,0.0
photostrip,2026-04-06,0,8,2.83,0.0
photostrip,2026-04-13,0,7,1.0,0.0
photostrip,2026-04-20,0,12,5.58,0.0
photostrip,2026-04-27,0,3,8.5,0.0
photostrip,2026-05-04,0,4,9.5,0.0
photostrip,2026-05-11,0,7,1.17,0.0
photostrip,2026-05-18,0,8,1.0,0.0
photostrip adalah,2026-03-16,0,1,3.0,0.0
photostrip adalah,2026-03-30,0,1,2.0,0.0
photostrip booth,2026-02-09,0,1,1.0,0.0
photostrip camera,2026-05-25,0,1,4.0,0.0
photostrip dimension,2026-02-09,0,4,2.5,0.0
photostrip dimension,2026-02-16,0,2,1.0,0.0
photostrip dimension,2026-02-23,0,1,1.0,0.0
photostrip dimension,2026-03-02,0,7,2.42,0.0
photostrip dimension,2026-03-09,0,1,2.0,0.0
photostrip dimension,2026-03-23,0,1,4.0,0.0
photostrip dimension,2026-03-30,0,1,2.0,0.0
photostrip dimensions,2026-02-09,0,14,1.72,0.0
photostrip dimensions,2026-02-16,0,25,3.4,0.0
photostrip dimensions,2026-02-23,0,6,1.12,0.0
photostrip dimensions,2026-03-02,0,12,2.25,0.0
photostrip dimensions,2026-03-09,0,9,1.44,0.0
photostrip dimensions,2026-03-16,0,18,2.86,0.0
photostrip dimensions,2026-03-23,2,13,1.5,15.385
photostrip dimensions,2026-03-30,0,6,1.5,0.0
photostrip dimensions,2026-04-06,0,11,1.53,0.0
photostrip dimensions,2026-04-13,0,8,1.0,0.0
photostrip dimensions,2026-04-20,0,14,1.6,0.0
photostrip dimensions,2026-04-27,0,13,1.71,0.0
photostrip dimensions,2026-05-04,0,11,2.73,0.0
photostrip dimensions,2026-05-11,0,13,2.15,0.0
photostrip dimensions,2026-05-18,0,5,1.17,0.0
photostrip dimensions,2026-05-25,0,4,1.33,0.0
photostrip ebuzzpro com,2026-05-25,0,2,5.5,0.0
photostrip frame,2026-02-09,0,1,10.0,0.0
photostrip holder,2026-03-16,0,1,6.0,0.0
photostrip holder,2026-05-18,0,1,9.0,0.0
photostrip latest,2026-02-23,0,1,8.0,0.0
photostrip meaning,2026-02-09,0,4,1.0,0.0
photostrip meaning,2026-03-09,0,1,1.0,0.0
photostrip meaning,2026-03-16,0,1,1.0,0.0
photostrip or photo strip,2026-04-06,0,1,3.0,0.0
photostrip photobooth,2026-02-09,0,2,5.5,0.0
photostrip photobooth,2026-02-16,0,2,6.5,0.0
photostrip photobooth,2026-03-09,0,1,31.0,0.0
photostrip photobooth,2026-03-16,0,1,49.0,0.0
photostrip photobooth,2026-05-11,0,1,23.0,0.0
photostrip photobooth size,2026-02-09,0,18,2.88,0.0
photostrip photobooth size,2026-02-16,0,18,4.43,0.0
photostrip photobooth size,2026-02-23,0,21,1.86,0.0
photostrip photobooth size,2026-03-02,0,19,1.65,0.0
photostrip photobooth size,2026-03-09,0,24,2.26,0.0
photostrip photobooth size,2026-03-16,1,40,1.0,2.5
photostrip photobooth size,2026-03-23,0,25,2.7,0.0
photostrip photobooth size,2026-03-30,0,22,2.66,0.0
photostrip photobooth size,2026-04-06,0,23,2.21,0.0
photostrip photobooth size,2026-04-13,0,39,2.59,0.0
photostrip photobooth size,2026-04-20,0,49,2.64,0.0
photostrip photobooth size,2026-04-27,1,36,2.81,2.778
photostrip photobooth size,2026-05-04,0,29,2.26,0.0
photostrip photobooth size,2026-05-11,0,39,2.44,0.0
photostrip photobooth size,2026-05-18,0,38,2.93,0.0
photostrip photobooth size,2026-05-25,0,27,3.5,0.0
photostrip picture frame,2026-02-23,0,1,7.0,0.0
photostrip size,2026-02-09,2,83,2.3,2.41
photostrip size,2026-02-16,1,52,2.23,1.923
photostrip size,2026-02-23,1,48,2.4,2.083
photostrip size,2026-03-02,0,41,1.8,0.0
photostrip size,2026-03-09,0,54,2.62,0.0
photostrip size,2026-03-16,0,48,2.37,0.0
photostrip size,2026-03-23,0,65,1.65,0.0
photostrip size,2026-03-30,0,39,2.67,0.0
photostrip size,2026-04-06,0,57,1.92,0.0
photostrip size,2026-04-13,0,48,1.86,0.0
photostrip size,2026-04-20,0,41,2.24,0.0
photostrip size,2026-04-27,1,59,2.95,1.695
photostrip size,2026-05-04,0,56,2.82,0.0
photostrip size,2026-05-11,0,48,2.09,0.0
photostrip size,2026-05-18,0,62,2.22,0.0
photostrip size,2026-05-25,0,42,2.47,0.0
photostrip size photobooth,2026-02-09,1,89,2.96,1.124
photostrip size photobooth,2026-02-16,0,59,2.58,0.0
photostrip size photobooth,2026-02-23,0,47,3.05,0.0
photostrip size photobooth,2026-03-02,1,54,2.59,1.852
photostrip size photobooth,2026-03-09,0,60,2.37,0.0
photostrip size photobooth,2026-03-16,0,51,2.37,0.0
photostrip size photobooth,2026-03-23,1,57,2.92,1.754
photostrip size photobooth,2026-03-30,1,42,3.69,2.381
photostrip size photobooth,2026-04-06,2,45,3.17,4.444
photostrip size photobooth,2026-04-13,2,51,3.63,3.922
photostrip size photobooth,2026-04-20,0,32,3.96,0.0
photostrip size photobooth,2026-04-27,0,39,4.15,0.0
photostrip size photobooth,2026-05-04,2,50,3.69,4.0
photostrip size photobooth,2026-05-11,0,29,2.79,0.0
photostrip size photobooth,2026-05-18,2,39,3.63,5.128
photostrip size photobooth,2026-05-25,0,27,3.25,0.0
photostrip size photobooth in cm,2026-05-18,0,6,5.56,0.0
photostrip size photobooth in cm,2026-05-25,0,10,6.6,0.0
photostrip sizes,2026-02-09,0,1,1.0,0.0
photostrip sizes,2026-02-16,0,1,1.0,0.0
photostrip sizes,2026-02-23,0,1,2.0,0.0
photostrip sizes,2026-03-16,0,1,2.0,0.0
photostrip sizes,2026-03-23,0,1,2.0,0.0
photostrip sizes,2026-03-30,0,2,2.0,0.0
photostrip sizes,2026-04-13,0,1,2.0,0.0
photostrip sizes,2026-05-18,0,2,1.5,0.0
photostrip sleeve,2026-05-18,0,1,4.0,0.0
photostrip ukuran,2026-02-16,0,1,1.0,0.0
photostrip ukuran,2026-03-16,0,1,2.0,0.0
photostrip ukuran berapa,2026-02-09,0,1,2.0,0.0
photostrip ukuran berapa,2026-03-16,1,2,2.0,50.0
photostrip ukuran berapa,2026-03-30,0,1,1.0,0.0
photostrip website,2026-03-16,0,1,11.0,0.0
photostripe,2026-03-30,0,1,1.0,0.0
photostripe,2026-04-06,0,2,1.0,0.0
photostripe,2026-04-13,0,2,2.0,0.0
photostripes,2026-02-23,0,1,1.0,0.0
photostripes,2026-03-02,0,1,1.0,0.0
photostrips,2026-02-09,0,23,1.29,0.0
photostrips,2026-02-16,0,10,2.0,0.0
photostrips,2026-02-23,0,12,1.1,0.0
photostrips,2026-03-02,0,7,1.42,0.0
photostrips,2026-03-09,0,2,19.0,0.0
photostrips,2026-03-16,0,3,2.25,0.0
photostrips,2026-03-23,0,3,2.33,0.0
photostrips,2026-03-30,0,1,1.0,0.0
photostrips,2026-04-06,0,8,1.07,0.0
photostrips,2026-04-13,0,8,1.96,0.0
photostrips size,2026-02-09,0,13,3.07,0.0
photostrips size,2026-02-16,0,3,1.33,0.0
photostrips size,2026-02-23,0,5,1.67,0.0
photostrips size,2026-03-02,0,10,2.19,0.0
photostrips size,2026-03-09,0,2,1.0,0.0
photostrips size,2026-03-16,0,12,2.17,0.0
photostrips size,2026-03-23,0,10,4.36,0.0
photostrips size,2026-03-30,0,4,2.83,0.0
photostrips size,2026-04-13,0,1,2.0,0.0
photostrips size,2026-04-20,0,3,2.67,0.0
photostrips size,2026-04-27,0,2,4.0,0.0
photostrips size,2026-05-04,0,2,1.0,0.0
photostrips size,2026-05-11,0,6,4.83,0.0
photostrips size,2026-05-18,0,5,2.5,0.0
photostrips size,2026-05-25,0,3,4.67,0.0
photostrup,2026-04-06,0,1,1.0,0.0
photot booth,2026-03-02,0,1,3.0,0.0
photot booth,2026-03-23,0,1,12.0,0.0
photot both,2026-02-09,0,1,3.0,0.0
phototbooth,2026-02-09,0,2,9.5,0.0
phototbooth,2026-03-23,0,1,7.0,0.0
phototbooth,2026-05-11,0,1,12.0,0.0
phoyo booth,2026-03-02,0,1,2.0,0.0
phoyo booth,2026-04-27,0,1,6.0,0.0
phoyobooth,2026-03-02,0,1,5.0,0.0
phptobooth,2026-03-02,0,1,5.0,0.0
phptp booth,2026-03-30,0,1,3.0,0.0
phptpbooth,2026-02-09,0,1,2.0,0.0
phptpbooth,2026-03-02,0,1,9.0,0.0
phto strip,2026-04-06,0,1,8.0,0.0
phtobooth,2026-02-09,0,1,72.0,0.0
phtobooth,2026-02-16,0,1,10.0,0.0
phtobooth,2026-02-23,0,5,7.5,0.0
phtoboth,2026-02-23,0,1,7.0,0.0
phtotbooth,2026-02-09,0,1,10.0,0.0
pi ca pi ca booth,2026-02-16,0,1,4.0,0.0
pic booth,2026-02-23,0,1,4.0,0.0
pic booth,2026-05-11,0,1,6.0,0.0
pica photobooth,2026-02-23,0,1,11.0,0.0
pica photobooth,2026-03-09,0,1,8.0,0.0
pica photobooth,2026-04-06,0,1,7.0,0.0
pica pica photo booth,2026-02-23,0,1,10.0,0.0
pica pica photobooth,2026-03-23,0,1,8.0,0.0
pica pica photobooth,2026-04-06,0,3,7.0,0.0
pica pica photobooth,2026-04-13,0,1,7.0,0.0
pica pica photobooth,2026-05-11,0,1,9.0,0.0
picaphotobooth,2026-03-09,0,4,8.0,0.0
picapica photo,2026-03-16,0,1,8.0,0.0
picapica photo boothhttps //picapicabooth.compicapica photo booth,2026-02-23,0,1,9.0,0.0
picapica photobook,2026-03-23,0,1,10.0,0.0
picapica photobooth,2026-03-16,0,1,8.0,0.0
picatier photo booth,2026-02-09,0,1,4.0,0.0
pickposes.pages.dev,2026-04-13,0,1,1.0,0.0
pickypic photobooth,2026-03-30,0,1,4.0,0.0
pics 360,2026-05-11,0,1,25.0,0.0
picstrip,2026-03-30,0,1,6.0,0.0
pictopia photo booth,2026-02-09,0,1,3.0,0.0
picture 2x2 size,2026-03-09,0,3,1.0,0.0
picture boards for celebration of life,2026-05-18,0,1,4.0,0.0
picture booth,2026-02-09,0,4,10.0,0.0
picture booth,2026-02-16,0,2,18.5,0.0
picture booth,2026-02-23,0,1,2.0,0.0
picture booth,2026-03-09,0,2,11.0,0.0
picture booth,2026-03-23,0,1,35.0,0.0
picture booth,2026-03-30,0,1,8.0,0.0
picture booth,2026-04-06,0,2,6.0,0.0
picture booth,2026-04-27,0,1,3.0,0.0
picture booth,2026-05-04,0,8,8.47,0.0
picture booth,2026-05-11,0,2,3.0,0.0
picture booth,2026-05-18,0,1,6.0,0.0
picture booth for parties,2026-03-02,0,1,13.0,0.0
picture booth for rent,2026-03-23,0,1,43.0,0.0
picture booth photos,2026-02-16,0,1,64.0,0.0
picture booth photos,2026-02-23,0,5,54.62,0.0
picture booth photos,2026-03-09,0,1,82.0,0.0
picture booth photos,2026-03-16,0,1,2.0,0.0
picture booth photos,2026-03-23,0,1,2.0,0.0
picture booth photos,2026-04-06,0,1,93.0,0.0
picture booth photos,2026-04-13,0,1,72.0,0.0
picture booth photos,2026-05-11,0,1,84.0,0.0
picture booth pictures,2026-02-16,0,1,17.0,0.0
picture booth pictures,2026-02-23,0,1,24.0,0.0
picture booth rental,2026-02-09,0,1,5.0,0.0
picture booth rental,2026-02-23,0,3,7.0,0.0
picture booth rental,2026-03-23,0,2,32.5,0.0
picture booth rental,2026-04-06,1,2,4.5,50.0
picture booth rental,2026-04-13,0,1,5.0,0.0
picture booth rental,2026-04-20,0,1,5.0,0.0
picture booth rental,2026-05-18,0,1,3.0,0.0
picture frame for photo booth,2026-02-16,0,1,2.0,0.0
picture frame for photo booth strips,2026-03-09,0,1,7.0,0.0
picture frame for photo booth strips,2026-04-13,0,1,4.0,0.0
picture frame for photo booth strips,2026-04-20,0,1,9.0,0.0
picture frame for photo booth strips,2026-04-27,0,1,3.0,0.0
picture frame photo booth,2026-02-23,0,1,3.0,0.0
picture frame strips,2026-04-06,0,1,3.0,0.0
picture of a photo booth,2026-03-16,0,1,21.0,0.0
picture of a photo booth,2026-05-04,0,1,17.0,0.0
picture of a photo booth,2026-05-11,0,1,3.0,0.0
picture of a photo booth,2026-05-25,0,1,1.0,0.0
picture of photo booth,2026-02-09,0,2,14.0,0.0
picture of photo booth,2026-03-02,0,1,15.0,0.0
picture of photo booth,2026-03-09,0,1,1.0,0.0
picture of photo booth,2026-05-11,0,2,6.5,0.0
picture of strips,2026-05-11,0,2,2.0,0.0
picture photo booth,2026-02-16,0,3,3.5,0.0
picture photo booth,2026-03-02,0,1,31.0,0.0
picture photo booth,2026-03-09,0,1,5.0,0.0
picture photo booth,2026-03-16,0,1,11.0,0.0
picture photo booth,2026-03-23,0,1,4.0,0.0
picture photo booth,2026-05-11,0,2,5.5,0.0
picture photo booth,2026-05-18,0,2,2.5,0.0
picture sizes at walgreens,2026-03-02,0,1,1.0,0.0
picture sticky strips,2026-04-06,0,1,2.0,0.0
picture strip,2026-02-16,0,1,2.0,0.0
picture strip,2026-04-06,0,1,2.0,0.0
picture strip,2026-04-13,0,1,3.0,0.0
picture strip,2026-05-18,0,1,2.0,0.0
picture strip frame,2026-02-09,0,2,4.0,0.0
picture strip template,2026-03-02,0,2,6.5,0.0
picture this booth,2026-02-23,0,1,95.0,0.0
picture this photobooth,2026-02-23,0,1,9.0,0.0
pictures,2026-02-09,0,1,23.0,0.0
pictures called,2026-02-16,0,1,7.0,0.0
pictures called,2026-03-02,0,1,9.0,0.0
pictures come out,2026-03-02,0,1,2.0,0.0
pictures photo booth,2026-02-09,0,1,5.0,0.0
pienji photobooth,2026-05-18,0,1,3.0,0.0
pikapika booth,2026-02-09,0,1,8.0,0.0
pikcher booth,2026-02-16,0,1,10.0,0.0
pinterest photobooth,2026-05-04,0,1,13.0,0.0
pixect photo,2026-02-09,0,2,9.0,0.0
pixenze booth,2026-03-23,0,1,8.0,0.0
pixie photobooth,2026-04-06,0,1,10.0,0.0
pixie ptb,2026-05-25,0,1,11.0,0.0
pocket size photo in cm,2026-03-23,0,1,3.0,0.0
pocketbooth app photo booth strips,2026-04-20,0,2,9.0,0.0
pocketbooth app photo booth strips,2026-05-04,0,1,7.0,0.0
pocketbooth app photo booth strips,2026-05-18,0,1,7.0,0.0
podium photobooth,2026-03-30,0,1,4.0,0.0
podium photobooth,2026-04-06,0,1,6.0,0.0
polariod dimensions,2026-03-30,0,2,1.0,0.0
polariod photo size,2026-03-02,0,1,1.0,0.0
polariod photo size,2026-03-16,0,1,1.0,0.0
polaroid 2r size,2026-03-09,0,1,5.0,0.0
polaroid booth,2026-03-23,0,1,3.0,0.0
polaroid booth rental,2026-02-09,0,1,8.0,0.0
polaroid border,2026-05-18,0,1,16.0,0.0
polaroid camera photo size,2026-03-23,0,1,2.0,0.0
polaroid camera size photos,2026-03-23,0,1,1.0,0.0
polaroid card size,2026-03-30,0,1,3.0,0.0
polaroid cut out frame,2026-04-13,0,1,26.0,0.0
polaroid cut out frame,2026-04-27,0,1,15.0,0.0
polaroid cut out frame,2026-05-04,0,1,22.0,0.0
polaroid cut out frame,2026-05-11,0,1,17.0,0.0
polaroid cut out frame,2026-05-18,0,1,11.0,0.0
polaroid dimensions,2026-02-09,0,1,1.0,0.0
polaroid dimensions,2026-03-30,0,3,1.0,0.0
polaroid diy frame,2026-05-04,0,2,29.0,0.0
polaroid frame diy,2026-05-11,0,1,48.0,0.0
polaroid frame diy,2026-05-18,0,1,18.0,0.0
polaroid frame for photo booth,2026-04-06,0,2,10.5,0.0
polaroid frame for photo booth,2026-04-13,0,4,6.33,0.0
polaroid frame for photo booth,2026-04-20,0,5,12.33,0.0
polaroid frame for photo booth,2026-04-27,0,7,9.79,0.0
polaroid frame for photo booth,2026-05-04,0,5,8.78,0.0
polaroid frame for photo booth,2026-05-11,0,4,7.0,0.0
polaroid frame for photo booth,2026-05-18,0,4,7.83,0.0
polaroid frame for photo booth,2026-05-25,0,5,10.0,0.0
polaroid frame photo booth,2026-03-30,0,2,24.5,0.0
polaroid frame photo booth,2026-04-06,0,1,10.0,0.0
polaroid frame photo booth,2026-04-13,0,1,18.0,0.0
polaroid frame photo booth,2026-04-20,0,1,10.0,0.0
polaroid frame photo booth,2026-04-27,0,4,12.0,0.0
polaroid frame photo booth,2026-05-04,0,1,11.0,0.0
polaroid frame photo booth,2026-05-11,1,9,7.83,11.111
polaroid frame photo booth,2026-05-18,0,2,10.0,0.0
polaroid frame photo booth,2026-05-25,0,2,9.5,0.0
polaroid frame photo prop,2026-05-18,0,1,18.0,0.0
polaroid frame photobooth,2026-04-13,0,1,9.0,0.0
polaroid frame photobooth,2026-04-27,0,1,9.0,0.0
polaroid frame prop,2026-04-13,0,1,18.0,0.0
polaroid frame prop,2026-04-20,0,1,30.0,0.0
polaroid frame prop,2026-05-11,0,1,29.0,0.0
polaroid frame size,2026-03-30,0,1,1.0,0.0
polaroid frame size,2026-04-20,0,1,1.0,0.0
polaroid image size,2026-03-16,0,2,1.0,0.0
polaroid image size,2026-03-23,0,2,1.0,0.0
polaroid ohoto size,2026-03-02,0,1,1.0,0.0
polaroid photo booth diy,2026-04-13,0,1,22.0,0.0
polaroid photo booth diy,2026-04-27,0,1,20.0,0.0
polaroid photo booth diy,2026-05-11,0,1,8.0,0.0
polaroid photo booth film,2026-03-16,0,4,1.0,0.0
polaroid photo booth film,2026-03-23,0,1,1.0,0.0
polaroid photo booth frame,2026-04-06,0,1,16.0,0.0
polaroid photo booth frame,2026-04-13,0,3,12.67,0.0
polaroid photo booth frame,2026-04-20,0,4,10.17,0.0
polaroid photo booth frame,2026-04-27,0,5,11.0,0.0
polaroid photo booth frame,2026-05-04,0,7,11.8,0.0
polaroid photo booth frame,2026-05-11,0,7,17.21,0.0
polaroid photo booth frame,2026-05-18,0,7,9.0,0.0
polaroid photo booth frame,2026-05-25,0,1,9.0,0.0
polaroid photo booth frame diy,2026-04-06,0,1,30.0,0.0
polaroid photo booth frame diy,2026-04-20,0,1,12.0,0.0
polaroid photo booth frame diy,2026-05-04,0,2,8.5,0.0
polaroid photo booth frame diy,2026-05-11,0,5,7.75,0.0
polaroid photo booth frame diy,2026-05-18,1,1,10.0,100.0
polaroid photo booth frame diy,2026-05-25,0,2,12.5,0.0
polaroid photo booth ideas,2026-05-04,0,1,34.0,0.0
polaroid photo booth rental,2026-04-13,0,1,10.0,0.0
polaroid photo booth setup,2026-02-23,0,1,8.0,0.0
polaroid photo booth setup,2026-04-20,0,1,8.0,0.0
polaroid photo dimension,2026-03-23,0,2,1.0,0.0
polaroid photo dimensions,2026-03-23,0,2,1.0,0.0
polaroid photo dimensions,2026-03-30,0,2,1.0,0.0
polaroid photo dimensions,2026-04-06,0,2,1.0,0.0
polaroid photo frame diy,2026-05-04,0,1,41.0,0.0
polaroid photo frame prop,2026-04-13,0,1,16.0,0.0
polaroid photo frame prop,2026-04-27,0,1,15.0,0.0
polaroid photo frame prop,2026-05-11,0,2,27.0,0.0
polaroid photo frame size,2026-03-30,0,1,2.0,0.0
polaroid photo measurements,2026-03-23,0,1,3.0,0.0
polaroid photo prop,2026-04-27,0,1,18.0,0.0
polaroid photo prop,2026-05-04,0,1,15.0,0.0
polaroid photo prop frame,2026-05-04,0,1,9.0,0.0
polaroid photo prop frame,2026-05-11,0,2,10.5,0.0
polaroid photo size,2026-02-09,0,3,1.0,0.0
polaroid photo size,2026-02-16,0,2,1.0,0.0
polaroid photo size,2026-03-02,0,8,1.0,0.0
polaroid photo size,2026-03-16,0,61,1.0,0.0
polaroid photo size,2026-03-23,0,61,1.0,0.0
polaroid photo size,2026-03-30,0,37,1.0,0.0
polaroid photo size,2026-04-06,0,34,1.0,0.0
polaroid photo size,2026-04-13,0,3,1.0,0.0
polaroid photo size,2026-04-20,0,2,1.0,0.0
polaroid photo size,2026-04-27,0,5,1.0,0.0
polaroid photo size,2026-05-11,0,1,1.0,0.0
polaroid photo size cm,2026-03-16,0,1,1.0,0.0
polaroid photo size dimensions,2026-04-06,0,1,1.0,0.0
polaroid photo size in inch,2026-03-23,0,1,1.0,0.0
polaroid photo size in inch,2026-04-13,0,6,1.5,0.0
polaroid photo size in inches,2026-03-02,0,1,3.0,0.0
polaroid photo size in inches,2026-03-23,0,1,3.0,0.0
polaroid photo size in inches,2026-04-06,0,1,3.0,0.0
polaroid photo size in inches,2026-04-13,0,1,3.0,0.0
polaroid photo size inches,2026-03-02,0,1,3.0,0.0
polaroid photo size inches,2026-03-16,0,1,1.0,0.0
polaroid photobooth frame,2026-04-20,0,1,12.0,0.0
polaroid photobooth frame,2026-04-27,0,1,12.0,0.0
polaroid photobooth frame,2026-05-11,0,1,7.0,0.0
polaroid photobooth frame,2026-05-18,0,1,9.0,0.0
polaroid photos dimensions,2026-03-02,0,1,1.0,0.0
polaroid photos size,2026-03-23,0,1,1.0,0.0
polaroid pic size,2026-03-02,0,1,1.0,0.0
polaroid pic size,2026-03-16,0,1,1.0,0.0
polaroid pic size,2026-03-30,0,2,1.0,0.0
polaroid pic size,2026-04-20,0,4,1.0,0.0
polaroid pics size,2026-03-30,0,1,1.0,0.0
polaroid picture,2026-05-18,0,1,2.0,0.0
polaroid picture frame photo booth,2026-04-27,0,2,16.0,0.0
polaroid picture frame photo booth,2026-05-11,0,2,10.0,0.0
polaroid picture frame photo booth,2026-05-18,0,3,11.25,0.0
polaroid picture size,2026-02-09,0,1,1.0,0.0
polaroid picture size,2026-02-16,0,2,1.0,0.0
polaroid picture size,2026-03-16,0,2,1.0,0.0
polaroid picture size,2026-03-23,0,2,1.0,0.0
polaroid picture size,2026-03-30,0,21,1.0,0.0
polaroid picture size,2026-04-06,0,1,1.0,0.0
polaroid picture strip,2026-03-02,0,1,1.0,0.0
polaroid pictures size,2026-04-13,0,2,1.0,0.0
polaroid print dimensions,2026-02-16,0,1,1.0,0.0
polaroid print size,2026-02-09,0,5,1.0,0.0
polaroid print size,2026-04-06,0,1,1.0,0.0
polaroid print size,2026-04-13,0,1,1.0,0.0
polaroid prop,2026-04-13,0,1,15.0,0.0
polaroid prop frame,2026-05-11,0,2,17.0,0.0
polaroid regular size,2026-02-16,0,1,1.0,0.0
polaroid selfie frame,2026-04-13,0,1,27.0,0.0
polaroid size,2026-02-09,0,1,1.0,0.0
polaroid size,2026-03-02,0,2,1.0,0.0
polaroid size,2026-03-16,0,8,1.0,0.0
polaroid size,2026-03-23,0,1,2.0,0.0
polaroid size,2026-03-30,0,11,1.18,0.0
polaroid size,2026-04-06,0,1,1.0,0.0
polaroid size,2026-04-13,0,1,1.0,0.0
polaroid size,2026-04-20,0,3,1.67,0.0
polaroid size,2026-04-27,0,1,1.0,0.0
polaroid size in cm,2026-02-09,0,4,1.0,0.0
polaroid size in cm,2026-03-02,0,1,1.0,0.0
polaroid size in cm,2026-03-23,0,1,1.0,0.0
polaroid size in cm,2026-04-27,0,1,2.0,0.0
polaroid size in inch,2026-03-16,0,1,1.0,0.0
polaroid size in inches,2026-02-09,0,1,1.0,0.0
polaroid size in inches,2026-02-16,0,1,1.0,0.0
polaroid size in inches,2026-03-16,0,3,1.0,0.0
polaroid size in inches,2026-03-23,0,4,1.0,0.0
polaroid size in inches,2026-04-06,0,1,1.0,0.0
polaroid size in inches,2026-04-20,0,1,1.0,0.0
polaroid size inch,2026-03-16,0,1,1.0,0.0
polaroid size photo,2026-03-02,0,1,1.0,0.0
polaroid size photo,2026-03-23,0,3,2.0,0.0
polaroid size photo,2026-03-30,0,1,2.0,0.0
polaroid size print,2026-02-09,0,1,3.0,0.0
polaroid size width and height,2026-04-13,0,1,3.0,0.0
polaroid sizes,2026-03-30,0,1,1.0,0.0
polaroid standard size,2026-02-16,0,2,3.0,0.0
polaroid standard size,2026-04-13,0,2,3.0,0.0
polaroid strip,2026-02-09,0,1,7.0,0.0
polaroid strip,2026-02-16,0,1,3.0,0.0
polaroid strip,2026-03-09,0,1,10.0,0.0
polaroid strip,2026-04-06,0,1,8.0,0.0
polaroid strip,2026-04-13,0,2,7.0,0.0
polaroid strip,2026-04-27,0,1,10.0,0.0
polaroid strip,2026-05-11,0,1,9.0,0.0
polaroid strip size,2026-02-09,2,16,1.0,12.5
polaroid strip size,2026-02-16,0,7,1.42,0.0
polaroid strip size,2026-02-23,1,6,1.25,16.667
polaroid strip size,2026-03-02,0,9,1.0,0.0
polaroid strip size,2026-03-09,0,10,1.0,0.0
polaroid strip size,2026-03-16,0,16,1.36,0.0
polaroid strip size,2026-03-23,1,13,1.33,7.692
polaroid strip size,2026-03-30,0,5,1.56,0.0
polaroid strip size,2026-04-06,0,3,1.0,0.0
polaroid strip size,2026-04-13,0,6,1.11,0.0
polaroid strip size,2026-04-20,0,6,1.5,0.0
polaroid strip size,2026-04-27,0,6,1.22,0.0
polaroid strip size,2026-05-04,1,10,1.5,10.0
polaroid strip size,2026-05-11,2,10,1.28,20.0
polaroid strip size,2026-05-18,2,14,1.38,14.286
polaroid strip size,2026-05-25,0,7,2.8,0.0
polaroid strips,2026-04-27,0,1,1.0,0.0
polaroid strips,2026-05-11,0,1,4.0,0.0
pollard photo size,2026-02-16,0,1,1.0,0.0
pollard photo size,2026-04-06,0,2,1.0,0.0
poloride photo size,2026-03-30,0,1,1.0,0.0
poloroid dimensions,2026-03-23,0,1,1.0,0.0
pop up photo booth,2026-05-25,0,1,4.0,0.0
pop up photo booth rental,2026-03-30,0,2,16.5,0.0
porta booth,2026-04-27,0,1,4.0,0.0
portable photo booth for events,2026-02-16,0,1,1.0,0.0
portable photo booth for parties,2026-03-23,0,1,4.0,0.0
portable photo booth for rent,2026-02-09,0,1,3.0,0.0
portable photo booth hire,2026-03-23,0,1,25.0,0.0
portable photo booth minimalist elegant event aesthetics,2026-03-23,0,3,14.67,0.0
portable photo booth minimalist elegant event aesthetics,2026-03-30,0,2,17.0,0.0
portable photo booth minimalist elegant event aesthetics,2026-04-06,0,2,16.0,0.0
portable photo booth minimalist elegant event aesthetics,2026-04-27,0,1,20.0,0.0
portable photo booth rental,2026-03-16,0,1,2.0,0.0
portable photo booth rental,2026-03-23,0,1,83.0,0.0
portable photo booth rental,2026-03-30,0,3,68.0,0.0
portable photo booth rental,2026-04-06,0,2,90.0,0.0
portable photo booth rental,2026-04-13,0,1,99.0,0.0
portable photo booth rental,2026-04-20,0,4,72.67,0.0
portable photo booth rentals,2026-05-04,0,1,80.0,0.0
portable photo booth that fits minimalist or elegant event aesthetics,2026-04-13,0,1,1.0,0.0
portable photo booth that fits minimalist or elegant event aesthetics,2026-04-20,0,7,12.2,0.0
portable photo booth that fits minimalist or elegant event aesthetics,2026-04-27,0,4,1.0,0.0
portable photo booth that fits minimalist or elegant event aesthetics,2026-05-04,0,1,1.0,0.0
portable photo booths for rent,2026-05-04,0,1,83.0,0.0
portable photo printer for photo booth,2026-02-23,0,1,1.0,0.0
portable picture booth,2026-02-16,0,1,75.0,0.0
portrait booth,2026-04-13,0,1,9.0,0.0
portrait photo booth,2026-03-23,0,1,72.0,0.0
"portrait photography in coral gables, fl",2026-02-09,0,5,85.6,0.0
"portrait photography in coral gables, fl",2026-02-16,0,3,83.0,0.0
"portrait photography in coral gables, fl",2026-02-23,0,3,56.75,0.0
"portrait photography in coral gables, fl",2026-03-02,0,1,82.0,0.0
"portrait photography in coral gables, fl",2026-03-09,0,1,69.0,0.0
"portrait photography in coral gables, fl",2026-03-16,0,1,65.0,0.0
portrait polaroid size,2026-02-09,0,1,2.0,0.0
portsmouth photo booth rental,2026-02-09,0,11,88.86,0.0
portsmouth photo booth rental,2026-02-16,0,5,85.62,0.0
portsmouth photo booth rental,2026-02-23,0,8,83.25,0.0
portsmouth photo booth rental,2026-03-02,0,6,78.3,0.0
portsmouth photo booth rental,2026-03-23,0,4,68.67,0.0
portsmouth photo booth rental,2026-03-30,0,13,73.36,0.0
portsmouth photo booth rental,2026-04-06,0,6,76.5,0.0
portsmouth photo booth rental,2026-04-27,0,6,81.75,0.0
portsmouth photo booth rental,2026-05-04,0,9,82.25,0.0
portsmouth photo booth rental,2026-05-11,0,3,82.33,0.0
portsmouth photo booth rental,2026-05-18,0,2,76.5,0.0
pose booth,2026-05-04,0,2,6.0,0.0
pose fotobooth,2026-03-02,0,1,5.0,0.0
pose in photobooth,2026-02-09,0,2,4.0,0.0
pose photobooth sendiri,2026-02-09,0,1,2.0,0.0
poser girl photobooth,2026-03-30,0,1,5.0,0.0
poser girl photobooth,2026-04-06,0,1,4.0,0.0
poser girl photobooth,2026-04-27,0,1,7.0,0.0
poser girl photobooth,2026-05-11,0,1,5.0,0.0
poses photobooth,2026-02-23,0,1,11.0,0.0
post office phuket photo booth,2026-04-06,0,1,9.0,0.0
post photobooth,2026-05-04,0,1,1.0,0.0
post strip,2026-05-11,0,1,2.0,0.0
pothobooth,2026-02-23,0,2,8.0,0.0
poto booth,2026-02-16,0,1,12.0,0.0
poto booth,2026-03-23,0,2,8.5,0.0
poto box,2026-03-23,0,1,2.0,0.0
potobooth,2026-04-06,0,1,3.0,0.0
pp size,2026-03-16,0,1,1.0,0.0
pre wedding shoot,2026-02-16,0,1,1.0,0.0
premier photo booth,2026-02-09,0,11,26.79,0.0
premier photo booth,2026-02-16,0,10,23.19,0.0
premier photo booth,2026-02-23,0,12,21.28,0.0
premier photo booth,2026-03-02,0,6,21.6,0.0
premier photo booth,2026-04-13,0,1,18.0,0.0
premier photo booth,2026-04-20,0,6,15.67,0.0
premier photo booth rental,2026-02-09,0,5,19.88,0.0
premier photo booth rental,2026-02-16,0,3,20.25,0.0
premier photo booth rental,2026-02-23,0,7,27.6,0.0
premier photo booth rental,2026-03-02,0,5,12.75,0.0
premier photo booth rental,2026-03-16,0,5,14.12,0.0
premier photo booth rental,2026-03-23,0,3,13.0,0.0
premier photo booth rental,2026-04-27,0,1,76.0,0.0
premiere photo booth,2026-02-09,0,3,23.0,0.0
premiere photo booth,2026-02-16,0,1,26.0,0.0
premiere photo booth,2026-02-23,0,2,30.5,0.0
premiere photo booth,2026-03-02,0,1,30.0,0.0
prime photo booth,2026-02-23,0,1,55.0,0.0
print near me 24 hours,2026-03-09,0,1,1.0,0.0
print out photo booth,2026-02-16,0,2,8.5,0.0
print photo booth pictures,2026-02-09,0,1,21.0,0.0
print photo booth strips,2026-03-30,0,1,5.0,0.0
print photo booth style photos,2026-03-09,0,1,42.0,0.0
print photo booth style photos,2026-05-04,0,1,33.0,0.0
print photo strips,2026-04-13,0,1,2.0,0.0
print photo strips,2026-05-04,0,1,4.0,0.0
print photobooth,2026-02-23,0,1,2.0,0.0
print photobooth,2026-03-30,0,1,6.0,0.0
print photobooth,2026-05-11,0,1,9.0,0.0
print photobooth strip,2026-03-30,0,1,7.0,0.0
print photos photo booth style,2026-05-11,0,1,25.0,0.0
print photostrip,2026-02-23,0,1,7.0,0.0
print photostrip,2026-04-06,0,1,12.0,0.0
print props,2026-05-04,0,1,1.0,0.0
print strip,2026-04-06,0,1,2.0,0.0
printable photobooth,2026-02-09,0,1,7.0,0.0
printed photo booth,2026-03-09,0,6,1.0,0.0
printed strip,2026-02-09,0,1,1.0,0.0
printed strips,2026-04-27,0,1,2.0,0.0
printer for photo booth,2026-05-18,0,1,6.0,0.0
printer photo booth,2026-03-23,0,1,8.0,0.0
printing 2x2 photos,2026-02-09,0,1,1.0,0.0
printing photo booth,2026-02-16,0,2,4.5,0.0
printing photo booth rental,2026-02-16,0,1,8.0,0.0
printing photo booth strips,2026-03-09,0,1,3.0,0.0
printing photobooth,2026-03-30,0,1,1.0,0.0
professional photo booth,2026-05-11,0,1,12.0,0.0
prom photo booth rental,2026-03-30,0,2,23.0,0.0
prompt for this,2026-04-27,0,1,2.0,0.0
prompt for this photo,2026-04-13,0,1,1.0,0.0
prop,2026-04-13,0,1,1.0,0.0
prop ideas for photo booth,2026-02-09,0,1,37.0,0.0
prop ideas for photo booth,2026-03-23,0,2,7.5,0.0
prop ideas for photo booth,2026-04-06,0,2,21.5,0.0
prop ideas for photo booth,2026-04-13,0,1,36.0,0.0
prop ideas for photo booth,2026-04-27,0,1,20.0,0.0
prop ideas for photo booth,2026-05-04,0,2,41.0,0.0
prop ideas for photo booth,2026-05-25,0,2,28.0,0.0
prop photo,2026-04-20,0,1,4.0,0.0
prop photobooth,2026-05-11,0,1,54.0,0.0
prop table set up,2026-05-11,0,1,43.0,0.0
props for 360 photo booth,2026-02-23,0,1,68.0,0.0
props for a photo booth,2026-03-09,0,1,37.0,0.0
props for a photo booth,2026-03-23,0,1,32.0,0.0
props for a photo booth,2026-04-06,0,1,39.0,0.0
props for a photo booth,2026-05-11,0,1,37.0,0.0
props for photo booth,2026-03-09,0,1,45.0,0.0
props for photo booth,2026-04-06,0,1,43.0,0.0
props for photo booth diy,2026-03-16,0,2,13.0,0.0
props for photo booth diy,2026-03-23,0,1,1.0,0.0
props for photo booth diy,2026-04-06,0,5,1.0,0.0
props for photo booth diy,2026-04-13,0,4,5.0,0.0
props for photo booth diy,2026-04-20,0,1,7.0,0.0
props for photo booth diy,2026-04-27,0,1,19.0,0.0
props for photo booth diy,2026-05-04,0,3,10.0,0.0
props for photo booth diy,2026-05-11,0,3,1.0,0.0
props for photo booth diy,2026-05-18,0,2,24.0,0.0
props for photo booth diy,2026-05-25,0,1,1.0,0.0
props for photo booth ideas,2026-03-16,0,1,28.0,0.0
props for photo booth ideas,2026-03-30,0,1,24.0,0.0
props for photo booth ideas,2026-04-13,0,2,38.0,0.0
props for photo booth ideas,2026-05-04,0,1,35.0,0.0
props for photo booth ideas,2026-05-25,0,1,28.0,0.0
props for photography,2026-04-06,0,1,1.0,0.0
props for photoshoot,2026-05-04,0,1,4.0,0.0
props in photo booth,2026-03-09,0,1,57.0,0.0
props in photo booth,2026-04-27,0,1,38.0,0.0
props in photo booth,2026-05-11,0,2,51.0,0.0
props in photography,2026-04-20,0,1,1.0,0.0
props making,2026-05-04,0,1,3.0,0.0
props para fotos,2026-03-30,0,1,20.0,0.0
props para fotos,2026-04-13,0,1,22.0,0.0
props photo booth,2026-02-09,0,2,1.0,0.0
props photo booth,2026-03-02,0,1,1.0,0.0
props photo booth,2026-03-09,0,1,1.0,0.0
props photography,2026-04-20,0,1,1.0,0.0
props to you,2026-02-09,0,1,1.0,0.0
public photo booths near me,2026-04-06,0,1,1.0,0.0
purple studio photobooth,2026-02-09,0,1,8.0,0.0
que es fotomaton,2026-03-30,0,1,3.0,0.0
quienes son esas personas,2026-02-16,0,1,1.0,0.0
r photobooth photography,2026-02-16,0,2,7.5,0.0
r photobooth photography,2026-02-23,0,1,10.0,0.0
ratio of passport size photo,2026-04-06,0,1,2.0,0.0
ready set pose,2026-03-23,0,1,6.0,0.0
red carpet photo booth,2026-02-23,0,1,3.0,0.0
red photo booth,2026-03-30,0,1,10.0,0.0
redwood photo booth,2026-03-09,0,1,35.0,0.0
rent 360 photo booth,2026-02-09,0,10,9.0,0.0
rent 360 photo booth,2026-02-16,0,7,7.08,0.0
rent 360 photo booth,2026-02-23,0,7,8.4,0.0
rent 360 photo booth,2026-03-02,0,4,6.0,0.0
rent 360 photo booth,2026-03-16,0,2,8.0,0.0
rent 360 photo booth,2026-03-23,0,8,7.39,0.0
rent 360 photo booth,2026-03-30,0,9,8.87,0.0
rent 360 photo booth,2026-04-06,0,5,10.83,0.0
rent 360 photo booth,2026-04-13,0,7,10.8,0.0
rent 360 photo booth,2026-04-20,0,8,12.88,0.0
rent 360 photo booth,2026-04-27,0,7,11.67,0.0
rent 360 photo booth,2026-05-04,0,7,11.79,0.0
rent 360 photo booth,2026-05-11,0,5,11.83,0.0
rent 360 photo booth,2026-05-18,0,9,9.67,0.0
rent 360 photo booth,2026-05-25,0,5,15.8,0.0
rent a 360 photo booth,2026-02-09,0,7,14.43,0.0
rent a 360 photo booth,2026-02-16,0,5,10.67,0.0
rent a 360 photo booth,2026-02-23,0,7,10.0,0.0
rent a 360 photo booth,2026-03-02,0,9,6.96,0.0
rent a 360 photo booth,2026-03-09,0,5,21.33,0.0
rent a 360 photo booth,2026-03-16,0,3,9.33,0.0
rent a 360 photo booth,2026-03-23,0,4,11.83,0.0
rent a 360 photo booth,2026-03-30,0,7,10.67,0.0
rent a 360 photo booth,2026-04-06,0,7,14.0,0.0
rent a 360 photo booth,2026-04-13,0,6,13.17,0.0
rent a 360 photo booth,2026-04-20,0,11,14.04,0.0
rent a 360 photo booth,2026-04-27,0,11,13.96,0.0
rent a 360 photo booth,2026-05-04,0,12,12.69,0.0
rent a 360 photo booth,2026-05-11,0,8,12.9,0.0
rent a 360 photo booth,2026-05-18,0,7,10.6,0.0
rent a 360 photo booth,2026-05-25,0,3,13.75,0.0
rent a photo,2026-04-06,0,1,1.0,0.0
rent a photo booth,2026-02-09,0,14,12.53,0.0
rent a photo booth,2026-02-16,0,11,4.83,0.0
rent a photo booth,2026-02-23,0,11,5.52,0.0
rent a photo booth,2026-03-02,0,6,4.5,0.0
rent a photo booth,2026-03-09,0,7,5.0,0.0
rent a photo booth,2026-03-16,0,11,5.72,0.0
rent a photo booth,2026-03-23,0,11,6.14,0.0
rent a photo booth,2026-03-30,0,12,10.71,0.0
rent a photo booth,2026-04-06,0,14,10.5,0.0
rent a photo booth,2026-04-13,0,16,13.67,0.0
rent a photo booth,2026-04-20,0,15,8.83,0.0
rent a photo booth,2026-04-27,0,13,12.02,0.0
rent a photo booth,2026-05-04,0,12,8.86,0.0
rent a photo booth,2026-05-11,0,9,6.7,0.0
rent a photo booth,2026-05-18,0,10,8.11,0.0
rent a photo booth,2026-05-25,0,10,11.95,0.0
rent a photo booth cheap,2026-03-16,0,1,4.0,0.0
rent a photo booth for a party,2026-04-20,0,1,88.0,0.0
rent a photo booth for a wedding,2026-04-06,0,1,18.0,0.0
rent a photo booth for wedding,2026-02-16,0,1,42.0,0.0
rent a photo booth miami,2026-02-09,0,2,7.0,0.0
rent a photo booth miami,2026-02-16,0,2,7.0,0.0
rent a photo booth miami,2026-02-23,0,1,10.0,0.0
rent a photo booth miami,2026-03-02,0,1,9.0,0.0
rent a photo booth miami,2026-03-09,0,1,6.0,0.0
rent a photo booth miami,2026-03-16,0,3,5.33,0.0
rent a photo booth miami,2026-03-23,0,2,7.5,0.0
rent a photo booth miami,2026-03-30,0,1,7.0,0.0
rent a photo booth miami,2026-04-06,0,1,1.0,0.0
rent a photo booth miami,2026-04-13,0,1,16.0,0.0
rent a photo booth miami,2026-05-04,0,1,16.0,0.0
rent a photo booth miami,2026-05-11,0,1,14.0,0.0
rent a photo booth miami,2026-05-25,0,1,17.0,0.0
rent a photo booth near me,2026-02-16,0,1,9.0,0.0
rent a photo booth prices,2026-02-09,0,1,12.0,0.0
rent a photobooth,2026-02-09,0,5,78.8,0.0
rent a photobooth,2026-02-16,0,2,78.5,0.0
rent a photobooth,2026-03-16,0,1,7.0,0.0
rent a photobooth,2026-04-27,0,1,66.0,0.0
rent a photobooth,2026-05-04,0,1,1.0,0.0
rent a photobooth,2026-05-25,0,1,1.0,0.0
rent a photobooth for wedding,2026-02-23,0,1,5.0,0.0
rent a picture,2026-02-09,0,3,84.33,0.0
rent a picture,2026-02-16,0,1,66.0,0.0
rent a selfie booth,2026-04-27,0,1,59.0,0.0
rent a selfie station,2026-03-23,0,2,38.5,0.0
rent a video booth,2026-05-25,0,1,19.0,0.0
rent digital photo booth,2026-04-06,0,1,7.0,0.0
rent halloween decorations,2026-03-30,0,1,21.0,0.0
rent modern open-air photobooth for wedding near me,2026-04-27,0,1,16.0,0.0
rent my booth,2026-03-23,0,1,40.0,0.0
rent my booth,2026-03-30,0,1,42.0,0.0
rent my booth,2026-04-13,0,1,14.0,0.0
rent my booth,2026-04-27,0,1,44.0,0.0
rent my booth,2026-05-11,0,1,81.0,0.0
rent my photo booth,2026-02-09,0,1,35.0,0.0
rent my photo booth,2026-02-16,0,1,30.0,0.0
rent my photo booth,2026-02-23,0,2,25.0,0.0
rent my photo booth,2026-03-02,0,1,22.0,0.0
rent my photo booth,2026-03-09,0,3,30.67,0.0
rent my photo booth,2026-03-16,0,2,19.0,0.0
rent my photo booth,2026-03-23,0,2,15.0,0.0
rent my photo booth,2026-03-30,0,2,24.5,0.0
rent my photo booth,2026-04-06,0,2,50.0,0.0
rent my photo booth,2026-04-13,0,1,37.0,0.0
rent my photo booth,2026-04-20,0,1,31.0,0.0
rent my photo booth,2026-04-27,0,1,30.0,0.0
rent my photo booth,2026-05-04,0,1,48.0,0.0
rent my photo booth,2026-05-11,0,1,31.0,0.0
rent photo booth,2026-02-09,0,11,9.62,0.0
rent photo booth,2026-02-16,0,12,7.74,0.0
rent photo booth,2026-02-23,0,13,6.39,0.0
rent photo booth,2026-03-02,0,6,6.38,0.0
rent photo booth,2026-03-09,0,9,15.79,0.0
rent photo booth,2026-03-16,0,11,3.78,0.0
rent photo booth,2026-03-23,0,13,9.01,0.0
rent photo booth,2026-03-30,0,13,9.3,0.0
rent photo booth,2026-04-06,0,9,8.67,0.0
rent photo booth,2026-04-13,0,12,19.86,0.0
rent photo booth,2026-04-20,0,13,13.1,0.0
rent photo booth,2026-04-27,0,16,12.97,0.0
rent photo booth,2026-05-04,0,8,9.3,0.0
rent photo booth,2026-05-11,1,11,10.63,9.091
rent photo booth,2026-05-18,0,9,9.8,0.0
rent photo booth,2026-05-25,0,9,14.06,0.0
rent photo booth equipment,2026-04-20,0,1,87.0,0.0
rent photo booth for party,2026-03-16,0,1,25.0,0.0
rent photo booth for party,2026-04-06,0,1,30.0,0.0
rent photo booth for wedding,2026-03-09,0,1,12.0,0.0
rent photo booth miami,2026-02-09,0,3,8.33,0.0
rent photo booth miami,2026-02-16,0,3,6.5,0.0
rent photo booth miami,2026-02-23,0,5,4.62,0.0
rent photo booth miami,2026-03-02,0,2,5.5,0.0
rent photo booth miami,2026-03-09,0,4,7.5,0.0
rent photo booth miami,2026-03-16,0,1,1.0,0.0
rent photo booth miami,2026-03-23,0,2,8.5,0.0
rent photo booth miami,2026-03-30,0,6,9.0,0.0
rent photo booth miami,2026-04-13,0,2,16.0,0.0
rent photo booth miami,2026-04-20,0,1,17.0,0.0
rent photo booth miami,2026-04-27,0,2,35.0,0.0
rent photo booth miami,2026-05-11,0,2,19.5,0.0
rent photo booth miami,2026-05-25,0,1,15.0,0.0
rent photo booth near me,2026-03-02,0,1,39.0,0.0
rent photo booth printer,2026-02-23,0,1,4.0,0.0
rent photobooth,2026-02-09,0,2,78.5,0.0
rent photobooth,2026-03-16,0,1,93.0,0.0
rent photobooth,2026-04-20,0,1,10.0,0.0
rent photobooth for wedding,2026-03-16,0,1,4.0,0.0
rent picture booth,2026-04-13,0,2,27.5,0.0
rent portable photo booth,2026-03-02,0,1,9.0,0.0
rent portable photo booth,2026-03-09,0,1,1.0,0.0
rent portable photo booth,2026-04-20,0,2,51.0,0.0
rent selfie booth,2026-03-23,0,1,51.0,0.0
renta de cabina de fotos,2026-02-16,0,1,7.0,0.0
renta de photo booth,2026-02-16,0,1,3.0,0.0
renta photobooth,2026-03-02,0,1,99.0,0.0
rentable photo booth,2026-02-09,0,1,6.0,0.0
rentable photo booth,2026-02-16,0,1,4.0,0.0
rentable photo booth,2026-03-02,0,1,4.0,0.0
rentable photo booth,2026-04-27,0,1,46.0,0.0
rentable photo booth,2026-05-25,0,1,9.0,0.0
rentable photo booths,2026-03-09,0,1,8.0,0.0
rentable photo booths,2026-05-04,0,1,12.0,0.0
rental a photo booth,2026-02-16,0,1,76.0,0.0
rental booth,2026-04-20,0,1,6.0,0.0
rental booth,2026-05-11,0,1,98.0,0.0
rental for photo booth,2026-03-02,0,1,33.0,0.0
rental for photo booth,2026-03-30,0,1,41.0,0.0
rental for photo booth,2026-04-06,0,2,57.5,0.0
rental for photo booth,2026-04-20,0,4,52.0,0.0
rental for photo booth,2026-04-27,0,3,47.0,0.0
rental for photo booth,2026-05-11,0,2,32.5,0.0
rental for photo booth,2026-05-18,0,1,32.0,0.0
rental of photo booth,2026-04-06,0,1,10.0,0.0
rental photo booth,2026-02-23,0,1,4.0,0.0
rental photo booth,2026-03-09,0,2,2.0,0.0
rental photo booth,2026-04-06,0,2,7.0,0.0
rental photo booth,2026-04-27,0,3,52.67,0.0
rental photo booth for wedding,2026-02-09,0,1,70.0,0.0
rental photo booth for wedding,2026-02-16,0,9,47.14,0.0
rental photo booth for wedding,2026-02-23,0,7,49.0,0.0
rental photo booth for wedding,2026-03-02,0,2,52.5,0.0
rental photo booth for wedding,2026-03-16,0,1,23.0,0.0
rental photo booth for wedding,2026-03-23,0,1,43.0,0.0
rental photo booth for wedding,2026-03-30,0,3,44.67,0.0
rental photo booth for wedding,2026-04-06,0,4,32.5,0.0
rental photo booth for wedding,2026-04-20,0,7,50.42,0.0
rental photo booth for wedding,2026-04-27,0,3,62.5,0.0
rental photo booth wedding,2026-02-16,0,1,62.0,0.0
rental photo booth wedding,2026-02-23,0,1,87.0,0.0
rental photo booths,2026-04-06,0,2,64.5,0.0
rental photo booths,2026-04-13,0,3,74.0,0.0
rental photo booths,2026-04-20,0,1,61.0,0.0
rental photobooth,2026-03-16,0,1,12.0,0.0
rental picture booth,2026-02-09,0,5,20.2,0.0
rental picture booth,2026-04-13,0,1,90.0,0.0
rented photo booth,2026-03-30,0,1,66.0,0.0
renting a photo booth,2026-02-09,0,8,53.56,0.0
renting a photo booth,2026-02-16,0,1,47.0,0.0
renting a photo booth,2026-03-30,0,2,34.0,0.0
renting a photo booth,2026-04-20,0,8,44.21,0.0
renting a photo booth near me,2026-03-23,0,1,65.0,0.0
renting photo booth,2026-02-16,0,1,3.0,0.0
renting photo booth,2026-04-13,0,1,52.0,0.0
renting photo booth,2026-04-20,0,1,63.0,0.0
renting photo booth,2026-05-18,0,1,11.0,0.0
renting photo booth near me,2026-02-09,0,1,12.0,0.0
renting photo booths,2026-04-06,0,1,35.0,0.0
retro photo booth near me,2026-03-16,0,1,1.0,0.0
retro photo size,2026-03-23,0,1,1.0,0.0
retro photo size,2026-04-13,0,1,1.0,0.0
retro photo strip,2026-02-09,0,2,4.5,0.0
reverie photobox,2026-05-18,0,1,11.0,0.0
ring light photo booth rental,2026-03-23,0,1,22.0,0.0
ring light photo booth rental,2026-03-30,0,2,28.5,0.0
ring light photo booth rental,2026-04-20,1,2,5.0,50.0
ring light photo booth rental,2026-04-27,0,4,20.83,0.0
ring light photo booth rental,2026-05-04,0,5,23.4,0.0
ring light photo booth rental,2026-05-11,0,2,19.0,0.0
ring light photo booth rental,2026-05-18,0,2,30.0,0.0
ring light photo booth rental,2026-05-25,0,5,29.12,0.0
ring roamer,2026-02-23,0,1,48.0,0.0
ring roamer,2026-03-09,0,1,57.0,0.0
ring roamer,2026-03-16,0,1,17.0,0.0
ring roamer,2026-03-23,0,1,49.0,0.0
ring roamer,2026-03-30,0,2,40.5,0.0
ring roamer,2026-04-20,0,1,7.0,0.0
ring roamer,2026-05-18,0,1,23.0,0.0
ring roamer photo booth,2026-02-09,0,1,17.0,0.0
ring roamer photo booth,2026-02-16,0,2,15.0,0.0
ring roamer photo booth,2026-03-02,0,1,30.0,0.0
ring roamer photo booth,2026-03-16,0,1,30.0,0.0
ring roamer photo booth,2026-03-23,0,3,47.5,0.0
ring roamer photo booth,2026-03-30,0,5,24.0,0.0
ring roamer photo booth,2026-04-06,0,2,41.5,0.0
ring roamer photo booth,2026-04-13,0,2,28.5,0.0
ring roamer photo booth,2026-04-20,0,3,36.25,0.0
ring roamer photo booth,2026-04-27,0,6,30.88,0.0
ring roamer photo booth,2026-05-04,0,3,19.0,0.0
ring roamer photo booth,2026-05-11,0,2,19.5,0.0
ring roamer photo booth,2026-05-18,0,3,22.33,0.0
ring roamer photo booth,2026-05-25,0,2,31.0,0.0
ring roamer photo booth near me,2026-05-18,0,1,74.0,0.0
roam photobooth,2026-04-20,0,1,54.0,0.0
roam photobooth,2026-05-11,0,1,42.0,0.0
roam photobooth,2026-05-18,0,1,39.0,0.0
roamer booth,2026-02-09,0,9,16.47,0.0
roamer booth,2026-02-16,0,23,9.73,0.0
roamer booth,2026-02-23,0,11,8.5,0.0
roamer booth,2026-03-02,0,9,8.75,0.0
roamer booth,2026-03-09,0,17,14.34,0.0
roamer booth,2026-03-16,0,14,10.42,0.0
roamer booth,2026-03-23,0,10,8.28,0.0
roamer booth,2026-03-30,0,14,18.34,0.0
roamer booth,2026-04-06,0,13,15.95,0.0
roamer booth,2026-04-13,0,14,14.22,0.0
roamer booth,2026-04-20,0,13,9.6,0.0
roamer booth,2026-04-27,0,25,11.8,0.0
roamer booth,2026-05-04,0,13,11.6,0.0
roamer booth,2026-05-11,0,18,14.37,0.0
roamer booth,2026-05-18,0,14,9.89,0.0
roamer booth,2026-05-25,0,16,12.99,0.0
roamer photo booth,2026-02-09,0,13,31.17,0.0
roamer photo booth,2026-02-16,0,16,24.78,0.0
roamer photo booth,2026-02-23,0,10,23.33,0.0
roamer photo booth,2026-03-02,0,11,38.19,0.0
roamer photo booth,2026-03-09,0,16,21.11,0.0
roamer photo booth,2026-03-16,0,8,24.08,0.0
roamer photo booth,2026-03-23,0,9,24.08,0.0
roamer photo booth,2026-03-30,0,15,21.75,0.0
roamer photo booth,2026-04-06,0,13,12.04,0.0
roamer photo booth,2026-04-13,0,9,18.3,0.0
roamer photo booth,2026-04-20,0,15,14.88,0.0
roamer photo booth,2026-04-27,0,13,10.73,0.0
roamer photo booth,2026-05-04,0,14,19.0,0.0
roamer photo booth,2026-05-11,0,13,37.93,0.0
roamer photo booth,2026-05-18,0,6,47.39,0.0
roamer photo booth,2026-05-25,0,15,39.3,0.0
roamer photo booth baltimore md,2026-03-30,0,1,49.0,0.0
roamer photo booth baltimore md,2026-04-13,0,1,76.0,0.0
roamer photo booth baltimore md,2026-05-25,0,1,56.0,0.0
roamer photo booth for sale,2026-02-16,1,1,39.0,100.0
roamer photo booth for sale,2026-03-23,0,1,53.0,0.0
roamer photo booth for sale,2026-05-11,0,1,39.0,0.0
roamer photo booth miami,2026-02-09,0,11,9.92,0.0
roamer photo booth miami,2026-02-16,0,10,6.14,0.0
roamer photo booth miami,2026-02-23,0,14,12.1,0.0
roamer photo booth miami,2026-03-02,0,15,11.08,0.0
roamer photo booth miami,2026-03-09,0,11,6.25,0.0
roamer photo booth miami,2026-03-16,0,17,11.42,0.0
roamer photo booth miami,2026-03-23,0,18,12.3,0.0
roamer photo booth miami,2026-03-30,0,16,12.62,0.0
roamer photo booth miami,2026-04-06,0,15,6.13,0.0
roamer photo booth miami,2026-04-13,0,15,10.08,0.0
roamer photo booth miami,2026-04-20,0,16,8.15,0.0
roamer photo booth miami,2026-04-27,0,11,6.42,0.0
roamer photo booth miami,2026-05-04,0,11,7.3,0.0
roamer photo booth miami,2026-05-11,0,13,9.43,0.0
roamer photo booth miami,2026-05-18,0,8,4.28,0.0
roamer photo booth miami,2026-05-25,0,12,8.69,0.0
roamer photo booth rental,2026-02-09,0,11,8.83,0.0
roamer photo booth rental,2026-02-16,0,15,10.53,0.0
roamer photo booth rental,2026-02-23,0,15,10.78,0.0
roamer photo booth rental,2026-03-02,0,18,16.01,0.0
roamer photo booth rental,2026-03-09,0,14,13.03,0.0
roamer photo booth rental,2026-03-16,0,11,8.97,0.0
roamer photo booth rental,2026-03-23,0,8,5.44,0.0
roamer photo booth rental,2026-03-30,0,9,6.97,0.0
roamer photo booth rental,2026-04-06,0,9,5.47,0.0
roamer photo booth rental,2026-04-13,0,10,6.46,0.0
roamer photo booth rental,2026-04-20,0,11,3.85,0.0
roamer photo booth rental,2026-04-27,0,14,7.07,0.0
roamer photo booth rental,2026-05-04,0,12,5.07,0.0
roamer photo booth rental,2026-05-11,0,14,11.47,0.0
roamer photo booth rental,2026-05-18,0,9,4.53,0.0
roamer photo booth rental,2026-05-25,1,10,4.39,10.0
roamer photo booth washington dc,2026-05-04,0,1,77.0,0.0
roaming photo booth,2026-02-09,0,1,33.0,0.0
roaming photo booth,2026-02-16,0,3,51.67,0.0
roaming photo booth,2026-02-23,0,1,44.0,0.0
roaming photo booth,2026-03-02,0,3,33.67,0.0
roaming photo booth,2026-03-16,0,3,11.0,0.0
roaming photo booth,2026-03-30,0,3,17.33,0.0
roaming photo booth,2026-04-06,0,2,11.5,0.0
roaming photo booth,2026-04-13,0,1,11.0,0.0
roaming photo booth,2026-04-20,0,2,12.0,0.0
roaming photo booth,2026-04-27,0,1,11.0,0.0
roaming photo booth,2026-05-04,0,1,11.0,0.0
roaming photo booth,2026-05-11,0,4,73.25,0.0
roaming photo booth,2026-05-18,0,1,9.0,0.0
roaming photo booth,2026-05-25,0,1,7.0,0.0
roaming photo booth rental,2026-03-23,0,1,9.0,0.0
roaming photo booth rental,2026-04-06,0,1,9.0,0.0
roaming photo booths,2026-05-25,0,1,7.0,0.0
roaming photobooth,2026-03-30,1,1,19.0,100.0
roaming photobooth,2026-04-20,0,1,10.0,0.0
roaming photobooth,2026-05-11,0,1,53.0,0.0
roaming photobooth,2026-05-18,0,1,12.0,0.0
roaming selfie booth,2026-02-23,0,1,1.0,0.0
say i do photo booth fuck,2026-02-16,0,1,2.0,0.0
say photobooth,2026-03-23,0,1,3.0,0.0
scrapbook photobooth,2026-02-23,0,1,4.0,0.0
screen saver photos from gallery,2026-02-09,0,1,1.0,0.0
self photo booth,2026-03-23,0,1,1.0,0.0
self service photo booth,2026-03-30,0,1,22.0,0.0
selfie,2026-04-13,0,1,21.0,0.0
selfie booth,2026-02-09,0,1,94.0,0.0
selfie booth,2026-02-23,0,1,10.0,0.0
selfie booth,2026-03-23,0,1,12.0,0.0
selfie booth for rent,2026-02-23,0,1,20.0,0.0
selfie booth for rent,2026-03-02,0,1,20.0,0.0
selfie booth for rent,2026-03-23,0,3,16.25,0.0
selfie booth for rent,2026-03-30,0,1,20.0,0.0
selfie booth for rent,2026-04-06,0,3,21.67,0.0
selfie booth for rent,2026-04-27,0,1,19.0,0.0
selfie booth for rent,2026-05-18,0,2,28.0,0.0
selfie booth props,2026-04-27,0,1,26.0,0.0
selfie booth rental,2026-02-09,0,2,10.5,0.0
selfie booth rental,2026-02-16,0,3,35.0,0.0
selfie booth rental,2026-02-23,0,2,26.0,0.0
selfie booth rental,2026-03-02,0,2,11.5,0.0
selfie booth rental,2026-03-09,0,1,9.0,0.0
selfie booth rental,2026-03-16,0,2,10.5,0.0
selfie booth rental,2026-03-23,0,2,14.5,0.0
selfie booth rental,2026-03-30,0,1,13.0,0.0
selfie booth rental,2026-04-06,0,3,23.5,0.0
selfie booth rental,2026-04-13,0,2,17.0,0.0
selfie booth rental,2026-04-20,0,2,16.5,0.0
selfie booth rental,2026-05-04,0,4,19.0,0.0
selfie booth rental,2026-05-11,0,2,17.5,0.0
selfie booth rental,2026-05-18,0,2,14.5,0.0
selfie booth rental,2026-05-25,0,3,14.0,0.0
selfie booth size,2026-02-09,0,5,10.4,0.0
selfie booth size,2026-02-23,0,1,9.0,0.0
selfie booth size,2026-03-02,0,1,8.0,0.0
selfie booth size,2026-03-16,0,1,3.0,0.0
selfie booth size,2026-03-30,0,1,8.0,0.0
selfie booth size,2026-04-06,0,3,11.5,0.0
selfie booth size,2026-04-13,0,2,10.0,0.0
selfie booth size,2026-04-20,0,2,11.0,0.0
selfie booth size,2026-04-27,0,4,10.83,0.0
selfie booth size,2026-05-04,0,2,11.5,0.0
selfie booth size,2026-05-11,0,3,8.25,0.0
selfie booth size,2026-05-18,0,3,9.33,0.0
selfie booth size,2026-05-25,0,1,11.0,0.0
selfie booth size in feet,2026-02-09,0,1,1.0,0.0
selfie photo booth rental,2026-02-16,0,1,99.0,0.0
selfie photo booth rental,2026-02-23,0,3,94.67,0.0
selfie photo booth rental,2026-03-02,0,2,70.0,0.0
selfie photo booth rental,2026-04-13,0,4,77.5,0.0
selfie photo booth rental,2026-04-20,0,2,82.5,0.0
selfie photo booth rental,2026-05-18,0,8,77.6,0.0
selfie photo booth rental,2026-05-25,0,10,80.75,0.0
selfie photo booth rental near me,2026-02-23,0,1,60.0,0.0
selfie rental,2026-02-23,0,1,76.0,0.0
selfie station diy,2026-04-20,0,1,1.0,0.0
selfie station photo booth rental,2026-02-16,0,1,63.0,0.0
selfie station rental,2026-02-09,0,2,47.0,0.0
selfie strip,2026-02-23,0,1,1.0,0.0
selfie strip,2026-03-02,0,1,1.0,0.0
selfie strip,2026-03-23,0,1,1.0,0.0
selfie strip,2026-04-13,0,1,2.0,0.0
selfie strip,2026-04-20,0,1,7.0,0.0
selfie time ada dimana saja,2026-03-02,0,1,4.0,0.0
selfie time margo city foto,2026-05-11,0,1,1.0,0.0
selfie time tangcity mall foto,2026-04-27,0,1,1.0,0.0
selfie+photo+booth+rental,2026-02-23,0,1,98.0,0.0
senior photo prop,2026-04-20,0,1,6.0,0.0
sewa photo booth,2026-03-23,0,1,72.0,0.0
sewa photo booth,2026-05-25,0,1,61.0,0.0
show me more about this,2026-02-23,0,1,24.0,0.0
show me one photo,2026-03-23,0,1,31.0,0.0
show me realistic features of a polaroid frame,2026-05-18,0,1,4.0,0.0
show me realistic features of a polaroid frame,2026-05-25,0,1,3.0,0.0
si,2026-03-23,0,1,3.0,0.0
si,2026-04-13,0,1,32.0,0.0
signature photobooth,2026-03-23,0,1,4.0,0.0
signature photobox,2026-03-23,0,1,5.0,0.0
similar,2026-04-20,0,1,2.0,0.0
simple booth on rent a photobooth,2026-04-06,0,1,19.0,0.0
simple booth on rent a photobooth,2026-04-13,0,1,16.0,0.0
simple photo booth ideas,2026-02-16,0,1,3.0,0.0
singkatan photobooth,2026-04-20,0,1,2.0,0.0
single picture,2026-04-13,0,1,4.0,0.0
size 2x2,2026-03-23,0,2,1.0,0.0
size for photo booth,2026-02-09,0,6,1.88,0.0
size for photo booth,2026-02-16,0,6,1.56,0.0
size for photo booth,2026-02-23,0,3,3.5,0.0
size for photo booth,2026-03-02,0,2,2.0,0.0
size for photo booth,2026-03-09,0,4,2.0,0.0
size for photo booth,2026-03-16,0,5,1.0,0.0
size for photo booth,2026-03-23,1,1,1.0,100.0
size for photo booth,2026-03-30,0,2,1.0,0.0
size for photo booth,2026-04-06,0,1,1.0,0.0
size for photo booth,2026-04-13,0,7,2.33,0.0
size for photo booth,2026-04-20,0,2,3.0,0.0
size for photo booth,2026-04-27,1,4,1.0,25.0
size for photo booth,2026-05-04,1,4,3.0,25.0
size for photo booth,2026-05-11,0,1,6.0,0.0
size for photo booth,2026-05-18,0,5,1.67,0.0
size frame photobooth,2026-02-23,0,2,1.0,0.0
size frame photobooth,2026-03-02,0,4,1.0,0.0
size frame photobooth,2026-03-09,1,7,1.0,14.286
size frame photobooth,2026-03-16,1,6,1.0,16.667
size frame photobooth,2026-03-23,0,9,1.0,0.0
size frame photobooth,2026-03-30,0,7,1.0,0.0
size frame photobooth,2026-04-06,0,9,1.0,0.0
size frame photobooth,2026-04-13,0,4,1.0,0.0
size frame photobooth,2026-04-20,1,3,1.0,33.333
size frame photobooth,2026-04-27,0,2,2.0,0.0
size frame photobooth,2026-05-04,0,15,1.39,0.0
size frame photobooth,2026-05-11,1,11,1.1,9.091
size frame photobooth,2026-05-18,0,3,1.75,0.0
size frame photobooth,2026-05-25,1,4,1.0,25.0
size ng 2x2 picture,2026-03-09,0,1,2.0,0.0
size of 2 by 2 picture,2026-03-09,0,5,1.0,0.0
size of 2v2 picture,2026-03-09,0,1,1.0,0.0
size of 2x2,2026-03-23,0,8,1.0,0.0
size of 2x2 picture in cm,2026-03-23,0,1,3.0,0.0
size of a 2x2,2026-03-23,0,1,1.0,0.0
size of a photo booth strip,2026-02-09,1,37,1.24,2.703
size of a photo booth strip,2026-02-16,1,35,1.98,2.857
size of a photo booth strip,2026-02-23,0,27,1.35,0.0
size of a photo booth strip,2026-03-02,0,24,1.02,0.0
size of a photo booth strip,2026-03-09,0,22,1.99,0.0
size of a photo booth strip,2026-03-16,0,21,1.74,0.0
size of a photo booth strip,2026-03-23,0,22,1.75,0.0
size of a photo booth strip,2026-03-30,0,17,2.0,0.0
size of a photo booth strip,2026-04-06,1,22,1.79,4.545
size of a photo booth strip,2026-04-13,0,21,1.82,0.0
size of a photo booth strip,2026-04-20,0,25,1.62,0.0
size of a photo booth strip,2026-04-27,0,17,2.46,0.0
size of a photo booth strip,2026-05-04,1,34,1.78,2.941
size of a photo booth strip,2026-05-11,0,13,1.86,0.0
size of a photo booth strip,2026-05-18,0,16,2.83,0.0
size of a photo booth strip,2026-05-25,0,17,2.37,0.0
size of a photo strip,2026-02-09,0,8,1.6,0.0
size of a photo strip,2026-02-16,0,5,1.33,0.0
size of a photo strip,2026-02-23,0,4,1.0,0.0
size of a photo strip,2026-03-02,0,6,1.2,0.0
size of a photo strip,2026-03-09,0,9,1.4,0.0
size of a photo strip,2026-03-16,0,6,1.61,0.0
size of a photo strip,2026-03-23,0,3,1.33,0.0
size of a photo strip,2026-03-30,0,3,1.0,0.0
size of a photo strip,2026-04-06,0,5,1.11,0.0
size of a photo strip,2026-04-13,0,8,1.25,0.0
size of a photo strip,2026-04-20,0,4,1.33,0.0
size of a photo strip,2026-04-27,0,4,1.5,0.0
size of a photo strip,2026-05-04,0,4,1.5,0.0
size of a photo strip,2026-05-11,0,1,1.0,0.0
size of a photo strip,2026-05-18,0,1,1.0,0.0
size of a photo strip,2026-05-25,0,6,2.0,0.0
size of a photobooth strip,2026-02-09,1,4,1.0,25.0
size of a photobooth strip,2026-02-16,0,3,1.33,0.0
size of a photobooth strip,2026-02-23,0,5,2.38,0.0
size of a photobooth strip,2026-03-02,0,7,1.0,0.0
size of a photobooth strip,2026-03-09,0,3,1.0,0.0
size of a photobooth strip,2026-03-16,0,5,1.17,0.0
size of a photobooth strip,2026-03-23,0,1,1.0,0.0
size of a photobooth strip,2026-03-30,0,2,1.5,0.0
size of a photobooth strip,2026-04-06,0,6,1.4,0.0
size of a photobooth strip,2026-04-13,0,2,1.5,0.0
size of a photobooth strip,2026-04-20,0,4,2.0,0.0
size of a photobooth strip,2026-04-27,0,3,5.33,0.0
size of a photobooth strip,2026-05-04,1,2,2.0,50.0
size of a photobooth strip,2026-05-11,0,2,4.5,0.0
size of a photobooth strip,2026-05-18,0,6,1.4,0.0
size of a photobooth strip,2026-05-25,0,2,1.0,0.0
size of instax mini photo,2026-04-06,0,1,1.0,0.0
size of mini photo strip,2026-02-09,0,4,4.5,0.0
size of mini photo strip,2026-02-16,0,4,4.75,0.0
size of mini photo strip,2026-02-23,0,7,5.92,0.0
size of mini photo strip,2026-03-09,0,3,4.33,0.0
size of mini photo strip,2026-03-16,0,4,3.67,0.0
size of mini photo strip,2026-03-23,0,5,5.62,0.0
size of mini photo strip,2026-03-30,0,7,4.11,0.0
size of photo booth,2026-02-09,0,11,1.46,0.0
size of photo booth,2026-02-16,0,12,2.83,0.0
size of photo booth,2026-02-23,0,3,1.0,0.0
size of photo booth,2026-03-02,0,2,1.0,0.0
size of photo booth,2026-03-09,0,2,1.0,0.0
size of photo booth,2026-03-16,0,7,2.2,0.0
size of photo booth,2026-03-23,0,3,3.33,0.0
size of photo booth,2026-03-30,0,6,1.67,0.0
size of photo booth,2026-04-06,0,4,3.5,0.0
size of photo booth,2026-04-13,0,5,3.33,0.0
size of photo booth,2026-04-20,0,3,2.75,0.0
size of photo booth,2026-04-27,0,6,3.8,0.0
size of photo booth,2026-05-04,0,2,5.5,0.0
size of photo booth,2026-05-11,0,5,1.62,0.0
size of photo booth,2026-05-18,0,2,3.5,0.0
size of photo booth,2026-05-25,0,5,5.11,0.0
size of photo booth frame,2026-02-09,0,7,9.25,0.0
size of photo booth frame,2026-02-16,0,2,1.0,0.0
size of photo booth frame,2026-02-23,0,1,1.0,0.0
size of photo booth frame,2026-03-02,0,6,6.75,0.0
size of photo booth frame,2026-03-09,0,1,1.0,0.0
size of photo booth frame,2026-03-16,0,2,1.0,0.0
size of photo booth frame,2026-03-23,0,3,3.33,0.0
size of photo booth frame,2026-03-30,0,3,3.0,0.0
size of photo booth frame,2026-04-13,0,6,1.5,0.0
size of photo booth frame,2026-04-27,0,8,4.81,0.0
size of photo booth frame,2026-05-04,0,3,3.33,0.0
size of photo booth frame,2026-05-11,0,3,4.67,0.0
size of photo booth frame,2026-05-18,0,3,6.75,0.0
size of photo booth frame,2026-05-25,0,2,6.0,0.0
size of photo booth pictures,2026-02-09,0,6,2.5,0.0
size of photo booth pictures,2026-02-16,0,4,1.67,0.0
size of photo booth pictures,2026-02-23,0,1,2.0,0.0
size of photo booth pictures,2026-03-02,0,6,2.25,0.0
size of photo booth pictures,2026-03-09,0,2,2.5,0.0
size of photo booth pictures,2026-03-16,0,4,2.0,0.0
size of photo booth pictures,2026-03-23,0,1,3.0,0.0
size of photo booth pictures,2026-03-30,0,2,2.5,0.0
size of photo booth pictures,2026-04-06,0,2,2.5,0.0
size of photo booth pictures,2026-04-20,0,10,2.33,0.0
size of photo booth pictures,2026-04-27,0,5,1.92,0.0
size of photo booth pictures,2026-05-04,0,1,2.0,0.0
size of photo booth pictures,2026-05-11,0,3,1.25,0.0
size of photo booth pictures,2026-05-18,1,5,1.75,20.0
size of photo booth pictures,2026-05-25,0,1,3.0,0.0
size of photo booth strips,2026-02-09,1,59,1.85,1.695
size of photo booth strips,2026-02-16,0,33,1.43,0.0
size of photo booth strips,2026-02-23,0,28,1.92,0.0
size of photo booth strips,2026-03-02,0,26,1.35,0.0
size of photo booth strips,2026-03-09,0,16,2.07,0.0
size of photo booth strips,2026-03-16,0,18,1.37,0.0
size of photo booth strips,2026-03-23,0,14,1.58,0.0
size of photo booth strips,2026-03-30,0,27,1.43,0.0
size of photo booth strips,2026-04-06,0,17,1.98,0.0
size of photo booth strips,2026-04-13,1,28,2.23,3.571
size of photo booth strips,2026-04-20,0,28,1.91,0.0
size of photo booth strips,2026-04-27,0,22,1.65,0.0
size of photo booth strips,2026-05-04,1,37,1.61,2.703
size of photo booth strips,2026-05-11,0,20,1.74,0.0
size of photo booth strips,2026-05-18,0,18,2.2,0.0
size of photo booth strips,2026-05-25,0,31,2.16,0.0
size of photo booth strips in cm,2026-02-09,2,64,1.76,3.125
size of photo booth strips in cm,2026-02-16,2,47,1.78,4.255
size of photo booth strips in cm,2026-02-23,0,27,2.05,0.0
size of photo booth strips in cm,2026-03-02,0,39,2.23,0.0
size of photo booth strips in cm,2026-03-09,0,25,2.01,0.0
size of photo booth strips in cm,2026-03-16,0,25,2.3,0.0
size of photo booth strips in cm,2026-03-23,0,29,2.17,0.0
size of photo booth strips in cm,2026-03-30,0,22,2.07,0.0
size of photo booth strips in cm,2026-04-06,1,44,1.77,2.273
size of photo booth strips in cm,2026-04-13,0,31,2.38,0.0
size of photo booth strips in cm,2026-04-20,0,28,3.17,0.0
size of photo booth strips in cm,2026-04-27,0,40,2.99,0.0
size of photo booth strips in cm,2026-05-04,2,44,3.53,4.545
size of photo booth strips in cm,2026-05-11,0,46,3.86,0.0
size of photo booth strips in cm,2026-05-18,0,35,2.85,0.0
size of photo booth strips in cm,2026-05-25,0,29,2.91,0.0
size of photo strip,2026-02-09,0,24,1.39,0.0
size of photo strip,2026-02-16,0,7,3.33,0.0
size of photo strip,2026-02-23,0,6,1.9,0.0
size of photo strip,2026-03-02,0,11,1.0,0.0
size of photo strip,2026-03-09,0,13,1.33,0.0
size of photo strip,2026-03-16,0,7,1.7,0.0
size of photo strip,2026-03-23,0,8,1.0,0.0
size of photo strip,2026-03-30,0,9,2.14,0.0
size of photo strip,2026-04-06,0,8,1.5,0.0
size of photo strip,2026-04-13,0,5,1.25,0.0
size of photo strip,2026-04-20,0,8,2.1,0.0
size of photo strip,2026-04-27,0,11,1.98,0.0
size of photo strip,2026-05-04,0,6,2.9,0.0
size of photo strip,2026-05-11,0,8,2.33,0.0
size of photo strip,2026-05-18,0,3,1.67,0.0
size of photo strip,2026-05-25,0,6,3.17,0.0
size of photo strip in cm,2026-03-16,0,3,2.0,0.0
size of photo strips,2026-02-09,0,20,1.0,0.0
size of photo strips,2026-02-16,0,7,4.44,0.0
size of photo strips,2026-02-23,0,5,3.75,0.0
size of photo strips,2026-03-02,0,4,3.5,0.0
size of photo strips,2026-03-09,0,8,1.35,0.0
size of photo strips,2026-03-16,0,1,9.0,0.0
size of photo strips,2026-03-23,0,3,1.33,0.0
size of photo strips,2026-03-30,0,6,2.39,0.0
size of photo strips,2026-04-06,0,6,3.3,0.0
size of photo strips,2026-04-13,0,6,3.25,0.0
size of photo strips,2026-04-20,0,2,2.0,0.0
size of photo strips,2026-04-27,0,2,3.0,0.0
size of photo strips,2026-05-04,0,3,5.67,0.0
size of photo strips,2026-05-11,0,2,1.5,0.0
size of photo strips,2026-05-18,1,7,2.7,14.286
size of photo strips,2026-05-25,0,2,5.5,0.0
size of photobooth,2026-02-09,0,3,1.0,0.0
size of photobooth,2026-02-16,0,6,1.17,0.0
size of photobooth,2026-02-23,0,1,1.0,0.0
size of photobooth,2026-03-02,0,1,2.0,0.0
size of photobooth,2026-03-09,0,2,1.0,0.0
size of photobooth,2026-03-16,0,2,1.5,0.0
size of photobooth,2026-03-23,0,4,2.0,0.0
size of photobooth,2026-04-06,0,3,1.67,0.0
size of photobooth,2026-04-13,0,5,1.17,0.0
size of photobooth,2026-04-20,0,4,2.5,0.0
size of photobooth,2026-04-27,0,1,5.0,0.0
size of photobooth,2026-05-04,0,6,1.25,0.0
size of photobooth,2026-05-11,0,3,1.33,0.0
size of photobooth,2026-05-25,0,3,4.75,0.0
size of photobooth picture,2026-02-09,0,13,2.12,0.0
size of photobooth picture,2026-02-16,0,8,2.53,0.0
size of photobooth picture,2026-02-23,1,7,2.08,14.286
size of photobooth picture,2026-03-02,0,4,2.0,0.0
size of photobooth picture,2026-03-09,0,5,2.0,0.0
size of photobooth picture,2026-03-16,0,5,1.75,0.0
size of photobooth picture,2026-03-23,0,1,2.0,0.0
size of photobooth picture,2026-03-30,0,4,2.0,0.0
size of photobooth picture,2026-04-06,0,6,1.62,0.0
size of photobooth picture,2026-04-13,0,5,1.75,0.0
size of photobooth picture,2026-04-20,1,11,1.55,9.091
size of photobooth picture,2026-04-27,0,4,1.75,0.0
size of photobooth picture,2026-05-04,0,4,1.75,0.0
size of photobooth picture,2026-05-11,0,6,1.42,0.0
size of photobooth picture,2026-05-18,1,2,1.5,50.0
size of photobooth picture,2026-05-25,1,6,2.0,16.667
size of photobooth strip,2026-02-09,4,132,1.35,3.03
size of photobooth strip,2026-02-16,0,71,3.36,0.0
size of photobooth strip,2026-02-23,0,70,2.6,0.0
size of photobooth strip,2026-03-02,2,65,1.5,3.077
size of photobooth strip,2026-03-09,0,59,2.94,0.0
size of photobooth strip,2026-03-16,0,65,1.67,0.0
size of photobooth strip,2026-03-23,0,51,1.75,0.0
size of photobooth strip,2026-03-30,0,42,1.98,0.0
size of photobooth strip,2026-04-06,1,67,2.58,1.493
size of photobooth strip,2026-04-13,0,59,2.24,0.0
size of photobooth strip,2026-04-20,0,41,2.45,0.0
size of photobooth strip,2026-04-27,0,42,2.09,0.0
size of photobooth strip,2026-05-04,1,59,1.94,1.695
size of photobooth strip,2026-05-11,0,35,1.92,0.0
size of photobooth strip,2026-05-18,0,51,1.97,0.0
size of photobooth strip,2026-05-25,0,65,2.04,0.0
size of photobooth strip in cm,2026-03-23,0,6,2.0,0.0
size of photobooth strip in cm,2026-03-30,0,6,2.0,0.0
size of photobooth strip in cm,2026-04-06,0,3,2.0,0.0
size of photobooth strip in cm,2026-04-13,0,3,3.0,0.0
size of photobooth strip in cm,2026-04-20,0,3,3.33,0.0
size of photobooth strip in cm,2026-04-27,1,7,2.9,14.286
size of photobooth strip in cm,2026-05-04,0,4,5.0,0.0
size of photobooth strip in cm,2026-05-11,0,7,3.11,0.0
size of photobooth strip in cm,2026-05-18,0,3,5.0,0.0
size of photobooth strip in cm,2026-05-25,0,5,2.83,0.0
size of photostrip,2026-02-09,0,4,2.75,0.0
size of photostrip,2026-02-16,0,7,1.9,0.0
size of photostrip,2026-02-23,0,7,1.5,0.0
size of photostrip,2026-03-02,0,2,1.5,0.0
size of photostrip,2026-03-09,0,1,2.0,0.0
size of photostrip,2026-03-16,0,3,1.5,0.0
size of photostrip,2026-03-23,0,2,2.0,0.0
size of photostrip,2026-03-30,0,1,2.0,0.0
size of photostrip,2026-04-06,0,1,2.0,0.0
size of photostrip,2026-04-13,0,4,3.0,0.0
size of photostrip,2026-04-20,0,1,2.0,0.0
size of polaroid photo,2026-03-02,0,1,1.0,0.0
size of polaroid photo,2026-03-16,0,2,2.0,0.0
size of polaroid picture,2026-03-02,0,1,1.0,0.0
size of polaroid picture,2026-03-30,0,4,2.0,0.0
size of polaroid picture in cm,2026-03-23,0,1,1.0,0.0
size of polaroid picture in cm,2026-03-30,0,1,1.0,0.0
size of polaroid picture in cm,2026-04-13,0,1,1.0,0.0
size of two by two picture,2026-03-09,0,1,1.0,0.0
size photo booth,2026-02-09,0,7,3.8,0.0
size photo booth strip,2026-05-11,0,4,2.5,0.0
size photo booth strip,2026-05-18,0,5,2.62,0.0
size photo booth strip,2026-05-25,0,1,2.0,0.0
size photo strip,2026-03-09,0,1,1.0,0.0
size photo strip,2026-03-23,0,9,1.3,0.0
size photo strip,2026-03-30,0,2,2.0,0.0
size photo strip,2026-04-06,0,4,1.33,0.0
size photo strip,2026-04-13,0,7,1.5,0.0
size photo strip,2026-04-20,0,6,1.62,0.0
size photo strip,2026-04-27,0,4,1.83,0.0
size photo strip,2026-05-04,0,3,1.5,0.0
size photo strip,2026-05-11,0,1,2.0,0.0
size photo strip,2026-05-18,1,3,1.25,33.333
size photo strip,2026-05-25,0,3,3.67,0.0
size photobooth,2026-02-09,2,21,1.0,9.524
size photobooth,2026-02-16,0,18,1.0,0.0
size photobooth,2026-02-23,2,28,1.0,7.143
size photobooth,2026-03-02,1,23,1.0,4.348
size photobooth,2026-03-09,1,16,1.03,6.25
size photobooth,2026-03-16,1,11,1.0,9.091
size photobooth,2026-03-23,1,18,1.0,5.556
size photobooth,2026-03-30,1,19,1.0,5.263
size photobooth,2026-04-06,1,21,1.0,4.762
size photobooth,2026-04-13,0,12,1.0,0.0
size photobooth,2026-04-20,2,13,1.0,15.385
size photobooth,2026-04-27,1,8,1.0,12.5
size photobooth,2026-05-04,1,23,1.0,4.348
size photobooth,2026-05-11,2,18,1.0,11.111
size photobooth,2026-05-18,3,12,1.0,25.0
size photobooth,2026-05-25,0,13,1.07,0.0
size photobooth frame,2026-02-09,0,6,1.6,0.0
size photobooth frame,2026-02-16,0,1,2.0,0.0
size photobooth frame,2026-02-23,0,4,5.5,0.0
size photobooth frame,2026-03-02,0,4,1.0,0.0
size photobooth frame,2026-03-09,0,10,1.9,0.0
size photobooth frame,2026-03-16,0,13,1.18,0.0
size photobooth frame,2026-03-23,0,9,1.3,0.0
size photobooth frame,2026-03-30,0,5,1.38,0.0
size photobooth frame,2026-04-06,0,10,1.6,0.0
size photobooth frame,2026-04-13,0,10,1.11,0.0
size photobooth frame,2026-04-20,0,1,1.0,0.0
size photobooth frame,2026-04-27,0,1,1.0,0.0
size photobooth frame,2026-05-04,0,13,2.27,0.0
size photobooth frame,2026-05-11,1,13,1.25,7.692
size photobooth frame,2026-05-18,0,11,3.04,0.0
size photobooth frame,2026-05-25,0,13,2.23,0.0
size photobooth strip,2026-02-09,0,5,4.75,0.0
size photobooth strip,2026-02-16,0,1,1.0,0.0
size photobooth strip,2026-02-23,0,1,1.0,0.0
size photobooth strip,2026-03-23,0,2,2.0,0.0
size photostrip,2026-02-09,0,4,1.33,0.0
size photostrip,2026-02-16,0,12,2.33,0.0
size photostrip,2026-02-23,1,9,1.67,11.111
size photostrip,2026-03-02,1,6,1.62,16.667
size photostrip,2026-03-09,0,15,1.82,0.0
size photostrip,2026-03-16,1,16,1.54,6.25
size photostrip,2026-03-23,0,10,2.79,0.0
size photostrip,2026-03-30,0,12,1.75,0.0
size photostrip,2026-04-06,0,9,3.2,0.0
size photostrip,2026-04-13,0,14,1.23,0.0
size photostrip,2026-04-20,0,3,1.67,0.0
size photostrip,2026-04-27,0,4,1.83,0.0
size photostrip,2026-05-04,0,10,2.73,0.0
size photostrip,2026-05-11,0,12,1.95,0.0
size photostrip,2026-05-18,0,6,2.5,0.0
size photostrip,2026-05-25,0,5,1.88,0.0
size ảnh photo booth,2026-02-16,0,1,1.0,0.0
size ảnh photo booth,2026-03-02,0,1,1.0,0.0
size ảnh photo booth,2026-03-09,0,2,1.0,0.0
size ảnh photo booth,2026-03-16,0,1,1.0,0.0
size ảnh photo booth,2026-03-23,0,1,1.0,0.0
size ảnh photo booth,2026-03-30,0,1,3.0,0.0
size ảnh photo booth,2026-04-06,0,3,1.0,0.0
size ảnh photo booth,2026-04-27,0,1,1.0,0.0
size ảnh photo booth,2026-05-11,0,1,1.0,0.0
size ảnh photobooth là bao nhiêu,2026-03-23,0,3,2.0,0.0
sizes of polaroids,2026-03-16,0,1,1.0,0.0
sketch photo booth,2026-03-30,0,1,9.0,0.0
sketch photo booth,2026-04-20,0,1,10.0,0.0
sketchboth,2026-04-06,0,1,10.0,0.0
slice of life photo booth,2026-02-23,0,1,9.0,0.0
slushy machine rental near me,2026-04-06,0,1,1.0,0.0
small building space for rent,2026-03-23,0,1,1.0,0.0
small photo booth rental,2026-02-09,0,1,10.0,0.0
small photo booth rental,2026-03-16,0,1,10.0,0.0
small photo booth rental,2026-04-27,0,1,5.0,0.0
small photo booth rental,2026-05-04,0,1,91.0,0.0
small photo booth rental,2026-05-18,0,1,16.0,0.0
small photo booth rental,2026-05-25,0,1,41.0,0.0
small photobooth,2026-04-13,0,1,9.0,0.0
small photobooth,2026-05-11,0,1,10.0,0.0
small square prints,2026-02-09,0,1,1.0,0.0
smile up photobooth,2026-03-23,0,1,2.0,0.0
snap and smile photo booth,2026-03-23,0,1,10.0,0.0
snapfish photo strips,2026-03-23,0,1,7.0,0.0
snapic photo mall ciputra jakarta,2026-03-16,0,1,5.0,0.0
snapshot photobooth,2026-03-30,0,1,6.0,0.0
snapshot timezone,2026-03-02,0,4,1.0,0.0
snapshot timezone,2026-04-06,0,1,1.0,0.0
snapshot timezone,2026-04-13,0,2,1.0,0.0
snippets of photos meaning,2026-02-16,0,2,1.0,0.0
social booth,2026-05-25,0,1,7.0,0.0
social booth rental,2026-02-09,0,12,12.86,0.0
social booth rental,2026-02-16,0,7,4.67,0.0
social booth rental,2026-02-23,0,7,3.8,0.0
social booth rental,2026-03-02,0,5,3.88,0.0
social booth rental,2026-03-16,0,9,11.08,0.0
social booth rental,2026-03-23,0,6,5.5,0.0
social booth rental,2026-03-30,0,9,12.5,0.0
social booth rental,2026-04-06,0,12,10.58,0.0
social booth rental,2026-04-13,0,10,10.78,0.0
social booth rental,2026-04-20,0,15,7.41,0.0
social booth rental,2026-04-27,0,8,10.06,0.0
social booth rental,2026-05-04,0,12,8.62,0.0
social booth rental,2026-05-11,0,13,13.87,0.0
social booth rental,2026-05-18,0,11,8.77,0.0
social booth rental,2026-05-25,0,11,15.43,0.0
social gathering photo booth trends 2025 2026,2026-03-09,0,5,7.0,0.0
social media booth,2026-03-09,0,1,4.0,0.0
social media photo booth,2026-02-09,0,7,63.42,0.0
social media photo booth,2026-02-16,0,2,55.0,0.0
social media photo booth,2026-02-23,0,3,54.25,0.0
social media photo booth,2026-03-30,0,10,49.29,0.0
social media photo booth,2026-04-06,0,10,55.31,0.0
social media photo booth,2026-04-13,0,12,25.81,0.0
social media photo booth,2026-04-20,0,3,22.0,0.0
social media photo booth rental,2026-03-23,0,1,46.0,0.0
social media photo booth rental,2026-03-30,0,1,37.0,0.0
social media photo booth rental,2026-04-06,0,1,33.0,0.0
social media photo booth rental,2026-04-27,0,2,34.5,0.0
social media slang,2026-05-04,0,1,2.0,0.0
social photo booth,2026-02-23,0,1,8.0,0.0
social photo booth,2026-03-02,0,1,4.0,0.0
social photo booth,2026-03-23,0,1,2.0,0.0
social photo booth rental,2026-02-09,0,7,5.17,0.0
social photo booth rental,2026-02-16,0,9,5.57,0.0
social photo booth rental,2026-02-23,0,8,3.73,0.0
social photo booth rental,2026-03-02,0,5,3.62,0.0
social photo booth rental,2026-03-09,0,6,4.5,0.0
social photo booth rental,2026-03-16,0,7,4.33,0.0
social photo booth rental,2026-03-23,0,7,4.67,0.0
social photo booth rental,2026-03-30,0,8,5.7,0.0
social photo booth rental,2026-04-06,0,11,8.81,0.0
social photo booth rental,2026-04-13,0,13,10.27,0.0
social photo booth rental,2026-04-20,0,12,7.13,0.0
social photo booth rental,2026-04-27,0,19,9.54,0.0
social photo booth rental,2026-05-04,0,12,10.9,0.0
social photo booth rental,2026-05-11,0,9,7.67,0.0
social photo booth rental,2026-05-18,0,12,9.62,0.0
social photo booth rental,2026-05-25,0,11,12.67,0.0
social photo booth rental miami,2026-02-09,0,9,6.36,0.0
social photo booth rental miami,2026-02-16,0,7,2.83,0.0
social photo booth rental miami,2026-02-23,0,437,3.04,0.0
social photo booth rental miami,2026-03-02,0,650,2.44,0.0
social photo booth rental miami,2026-03-09,0,107,3.11,0.0
social photo booth rental miami,2026-03-16,0,356,3.18,0.0
social photo booth rental miami,2026-03-23,0,267,3.88,0.0
social photo booth rental miami,2026-03-30,0,269,4.12,0.0
social photo booth rental miami,2026-04-06,0,230,3.18,0.0
social photo booth rental miami,2026-04-13,0,212,3.77,0.0
social photo booth rental miami,2026-04-20,0,152,3.76,0.0
social photo booth rental miami,2026-04-27,0,3969,3.83,0.0
social photo booth rental miami,2026-05-04,0,3716,3.33,0.0
social photo booth rental miami,2026-05-11,0,3208,6.08,0.0
social photo booth rental miami,2026-05-18,0,84,6.45,0.0
social photo booth rental miami,2026-05-25,0,77,6.74,0.0
sold out photo,2026-02-16,0,1,10.0,0.0
solo photobooth pose,2026-03-16,0,1,4.0,0.0
something a little shorter,2026-03-30,0,1,3.0,0.0
south florida photo booth,2026-03-23,0,1,49.0,0.0
south florida photo booth,2026-04-13,0,1,72.0,0.0
south florida photo booth,2026-04-20,0,1,47.0,0.0
south florida photo booth,2026-04-27,0,1,63.0,0.0
specifications,2026-04-20,0,1,2.0,0.0
speech booth,2026-03-02,0,1,1.0,0.0
speech booth,2026-05-18,0,1,10.0,0.0
spotlight photo booth,2026-05-18,0,1,6.0,0.0
spotlight photobooth,2026-04-13,0,1,10.0,0.0
spotlight photobooth,2026-04-20,0,1,9.0,0.0
spotlight photobooth,2026-05-11,0,1,9.0,0.0
square composition photography,2026-02-09,0,1,1.0,0.0
square one photobooth,2026-04-06,0,1,9.0,0.0
square photo booth,2026-02-09,0,2,6.5,0.0
square photo booth,2026-02-16,0,1,13.0,0.0
square photo booth,2026-02-23,0,2,11.0,0.0
square photo booth,2026-03-16,0,1,9.0,0.0
square photo booth,2026-03-30,0,2,1.0,0.0
square photo booth,2026-04-06,0,1,12.0,0.0
square photo booth,2026-05-04,0,1,12.0,0.0
square photo booth,2026-05-11,0,1,11.0,0.0
square photo booth frame,2026-03-09,0,1,1.0,0.0
square photo booth frame,2026-04-13,0,1,1.0,0.0
staff photos,2026-02-23,0,1,2.0,0.0
stand de fotos para eventos,2026-03-23,0,1,4.0,0.0
stand para foto,2026-03-02,0,1,2.0,0.0
standard booth,2026-03-23,0,1,2.0,0.0
standard photo booth,2026-02-09,0,4,3.83,0.0
standard photo booth,2026-03-02,0,4,4.33,0.0
standard photo booth,2026-03-09,0,2,8.0,0.0
standard photo booth,2026-03-16,0,1,3.0,0.0
standard photo booth,2026-03-23,0,8,4.7,0.0
standard photo booth,2026-03-30,0,1,13.0,0.0
standard photo booth,2026-04-06,0,3,1.33,0.0
standard photo booth,2026-04-13,0,9,5.42,0.0
standard photo booth,2026-04-20,0,3,2.67,0.0
standard photo booth,2026-04-27,0,9,6.3,0.0
standard photo booth,2026-05-04,0,3,6.0,0.0
standard photo booth,2026-05-11,0,2,4.5,0.0
standard photo booth,2026-05-18,0,8,7.2,0.0
standard photo booth,2026-05-25,0,6,6.0,0.0
standard photo booth backdrop size,2026-02-16,0,3,12.0,0.0
standard photo booth backdrop size,2026-02-23,0,3,8.5,0.0
standard photo booth backdrop size,2026-04-13,0,1,11.0,0.0
standard photo booth backdrop size,2026-05-25,0,1,18.0,0.0
standard photo booth size,2026-02-09,1,15,1.38,6.667
standard photo booth size,2026-02-16,0,20,2.12,0.0
standard photo booth size,2026-02-23,1,9,1.1,11.111
standard photo booth size,2026-03-02,0,13,1.55,0.0
standard photo booth size,2026-03-09,0,11,1.37,0.0
standard photo booth size,2026-03-16,0,12,1.47,0.0
standard photo booth size,2026-03-23,0,12,1.82,0.0
standard photo booth size,2026-03-30,0,6,1.38,0.0
standard photo booth size,2026-04-06,0,6,1.0,0.0
standard photo booth size,2026-04-13,1,16,1.42,6.25
standard photo booth size,2026-04-20,0,7,1.44,0.0
standard photo booth size,2026-04-27,0,9,1.44,0.0
standard photo booth size,2026-05-04,0,6,1.62,0.0
standard photo booth size,2026-05-11,1,7,2.25,14.286
standard photo booth size,2026-05-18,0,3,2.0,0.0
standard photo booth size,2026-05-25,0,7,3.88,0.0
standard photo booth strip size,2026-02-09,3,25,1.2,12.0
standard photo booth strip size,2026-02-16,1,12,1.71,8.333
standard photo booth strip size,2026-02-23,0,13,1.75,0.0
standard photo booth strip size,2026-03-02,0,12,1.3,0.0
standard photo booth strip size,2026-03-09,0,15,1.74,0.0
standard photo booth strip size,2026-03-16,0,10,1.33,0.0
standard photo booth strip size,2026-03-23,1,10,1.44,10.0
standard photo booth strip size,2026-03-30,1,14,1.07,7.143
standard photo booth strip size,2026-04-06,0,7,1.96,0.0
standard photo booth strip size,2026-04-13,0,18,2.3,0.0
standard photo booth strip size,2026-04-20,0,10,2.07,0.0
standard photo booth strip size,2026-04-27,0,11,1.77,0.0
standard photo booth strip size,2026-05-04,0,17,1.67,0.0
standard photo booth strip size,2026-05-11,0,8,1.8,0.0
standard photo booth strip size,2026-05-18,0,13,1.88,0.0
standard photo booth strip size,2026-05-25,0,5,2.83,0.0
standard photo sizes for wallet storage -filetype:txt -filetype:pdf -filetype:epub -filetype:doc -filetype:docx -filetype:xls -filetype:xlsx -filetype:ppt -filetype:csv -site:youtube.com -site:tiktok.com -site:instagram.com -site:ebay.com -site:jd.com -site:amazon.com -site:iqiyi.com -site:bilibili.com -site:t.me -site:douyin.com -site:douban.com -site:apple.com -site:reddit.com -site:researchgate.net -site:academia.edu -site:dokumen.pub -site:en.wikipedia.org -site:quora.com -site:sciencedirect.com -site:cambridge.org -site:mdpi.com -site:link.springer.com -site:zhuanlan.zhihu.com -site:journals.sagepub.com -site:imdb.com -site:tandfonline.com -site:onlinelibrary.wiley.com -site:brill.com -site:getyourguide.com -site:academic.oup.com -site:www.emerald.com -site:eresources.nlb.gov.sg -site:www.govinfo.gov,2026-05-11,0,4,13.0,0.0
standard photo strip size,2026-02-09,0,21,1.65,0.0
standard photo strip size,2026-02-16,0,10,1.36,0.0
standard photo strip size,2026-02-23,0,9,1.8,0.0
standard photo strip size,2026-03-02,0,6,4.0,0.0
standard photo strip size,2026-03-09,0,7,3.22,0.0
standard photo strip size,2026-03-16,0,11,1.52,0.0
standard photo strip size,2026-03-23,0,12,1.46,0.0
standard photo strip size,2026-03-30,0,8,1.0,0.0
standard photo strip size,2026-04-06,0,5,1.33,0.0
standard photo strip size,2026-04-13,0,11,1.22,0.0
standard photo strip size,2026-04-20,0,5,1.5,0.0
standard photo strip size,2026-04-27,1,15,1.93,6.667
standard photo strip size,2026-05-04,2,14,1.63,14.286
standard photo strip size,2026-05-11,0,7,1.2,0.0
standard photo strip size,2026-05-18,0,5,4.6,0.0
standard photo strip size,2026-05-25,0,12,2.45,0.0
standard photobooth,2026-02-09,0,3,6.0,0.0
standard photobooth,2026-02-16,0,2,4.0,0.0
standard photobooth,2026-03-09,0,2,5.5,0.0
standard photobooth,2026-03-16,0,4,5.33,0.0
standard photobooth,2026-03-23,0,2,7.5,0.0
standard photobooth,2026-03-30,0,2,6.5,0.0
standard photobooth,2026-04-06,0,2,5.5,0.0
standard photobooth,2026-04-13,0,1,1.0,0.0
standard photobooth,2026-04-20,0,2,4.0,0.0
standard photobooth,2026-04-27,0,2,5.0,0.0
standard photobooth,2026-05-04,0,4,5.0,0.0
standard photobooth,2026-05-11,0,2,6.5,0.0
standard photobooth,2026-05-18,0,2,6.0,0.0
standard photobooth,2026-05-25,0,5,7.67,0.0
standard photobooth size,2026-02-09,0,5,1.0,0.0
standard photobooth size,2026-02-16,0,5,1.25,0.0
standard photobooth size,2026-02-23,0,2,1.0,0.0
standard photobooth size,2026-03-02,0,6,1.2,0.0
standard photobooth size,2026-03-09,0,4,1.17,0.0
standard photobooth size,2026-03-16,0,6,1.2,0.0
standard photobooth size,2026-03-23,0,5,1.75,0.0
standard photobooth size,2026-03-30,0,7,1.62,0.0
standard photobooth size,2026-04-06,0,6,1.88,0.0
standard photobooth size,2026-04-13,0,2,1.0,0.0
standard photobooth size,2026-04-20,0,5,2.25,0.0
standard photobooth size,2026-04-27,0,7,2.62,0.0
standard photobooth size,2026-05-04,0,10,1.92,0.0
standard photobooth size,2026-05-11,0,3,1.25,0.0
standard photobooth size,2026-05-18,1,8,1.6,12.5
standard photobooth size,2026-05-25,0,3,1.33,0.0
standard photobooth strip size,2026-02-09,0,20,1.17,0.0
standard photobooth strip size,2026-02-16,0,14,1.14,0.0
standard photobooth strip size,2026-02-23,2,11,1.0,18.182
standard photobooth strip size,2026-03-02,0,8,1.0,0.0
standard photobooth strip size,2026-03-09,0,11,1.67,0.0
standard photobooth strip size,2026-03-16,0,16,1.0,0.0
standard photobooth strip size,2026-03-23,0,14,1.22,0.0
standard photobooth strip size,2026-03-30,0,19,1.73,0.0
standard photobooth strip size,2026-04-06,0,16,1.31,0.0
standard photobooth strip size,2026-04-13,0,9,1.75,0.0
standard photobooth strip size,2026-04-20,1,7,2.0,14.286
standard photobooth strip size,2026-04-27,0,14,2.06,0.0
standard photobooth strip size,2026-05-04,0,8,2.2,0.0
standard photobooth strip size,2026-05-11,0,16,1.55,0.0
standard photobooth strip size,2026-05-18,1,14,2.17,7.143
standard photobooth strip size,2026-05-25,0,16,1.95,0.0
standard photostrip size,2026-02-09,0,4,1.33,0.0
standard photostrip size,2026-02-16,0,2,1.5,0.0
standard photostrip size,2026-02-23,1,8,1.87,12.5
standard photostrip size,2026-03-02,0,3,2.5,0.0
standard photostrip size,2026-03-09,0,1,2.0,0.0
standard photostrip size,2026-03-16,0,1,2.0,0.0
standard photostrip size,2026-03-23,0,2,2.0,0.0
standard photostrip size,2026-03-30,0,1,2.0,0.0
standard polaroid dimensions,2026-02-16,0,1,1.0,0.0
standard polaroid photo size,2026-02-09,0,1,1.0,0.0
standard polaroid photo size,2026-02-16,0,3,1.0,0.0
standard polaroid photo size,2026-03-30,0,1,1.0,0.0
standard polaroid picture size,2026-02-16,0,1,1.0,0.0
standard polaroid size,2026-02-16,0,6,1.0,0.0
standard polaroid size,2026-03-30,0,1,1.0,0.0
standard polaroid size in cm,2026-04-06,0,1,1.0,0.0
standard size of a polaroid picture,2026-02-16,0,2,1.0,0.0
standard size of photo booth strip,2026-02-09,0,6,1.25,0.0
standard size of photo booth strip,2026-02-16,0,7,2.92,0.0
standard size of photo booth strip,2026-02-23,0,5,1.33,0.0
standard size of photo booth strip,2026-03-02,0,6,1.0,0.0
standard size of photo booth strip,2026-03-09,1,8,1.38,12.5
standard size of photo booth strip,2026-03-23,0,2,1.5,0.0
standard size of photo booth strip,2026-03-30,0,3,2.0,0.0
standard size of photo booth strip,2026-04-06,0,4,1.75,0.0
standard size of photo booth strip,2026-04-13,0,3,1.75,0.0
standard size of photo booth strip,2026-04-20,0,3,1.25,0.0
standard size of photo booth strip,2026-05-11,0,1,3.0,0.0
standard size of photo booth strip,2026-05-18,0,1,2.0,0.0
standard size of photobooth,2026-02-09,0,1,1.0,0.0
standard size of photobooth,2026-02-16,0,2,2.0,0.0
standard size of photobooth,2026-02-23,0,3,5.67,0.0
standard size of photobooth,2026-03-02,0,2,3.5,0.0
standard size of photobooth strip,2026-02-09,0,15,2.03,0.0
standard size of photobooth strip,2026-02-16,0,13,1.98,0.0
standard size of photobooth strip,2026-02-23,0,9,1.22,0.0
standard size of photobooth strip,2026-03-02,0,2,1.5,0.0
standard size of photobooth strip,2026-03-09,0,3,2.33,0.0
standard size of photobooth strip,2026-03-16,1,6,2.0,16.667
standard size of photobooth strip,2026-03-23,0,4,1.5,0.0
standard size of photobooth strip,2026-03-30,0,3,2.0,0.0
standard size of photobooth strip,2026-04-06,0,2,1.0,0.0
standard size of photobooth strip,2026-04-13,0,4,2.25,0.0
standard size of photobooth strip,2026-04-20,0,8,2.0,0.0
standard size of photobooth strip,2026-04-27,0,3,1.33,0.0
standard size of photobooth strip,2026-05-04,0,4,1.67,0.0
standard size of photobooth strip,2026-05-11,0,9,1.58,0.0
standard size of photobooth strip,2026-05-18,0,4,1.75,0.0
standard size of photobooth strip,2026-05-25,0,9,2.33,0.0
standard size of polaroid,2026-02-16,0,4,1.0,0.0
standard strips,2026-03-02,0,1,1.0,0.0
statement photo booth,2026-04-20,0,1,82.0,0.0
stick photo booth,2026-02-09,0,1,2.0,0.0
stick props for photo booth,2026-02-16,0,1,2.0,0.0
sticker for photobooth,2026-03-16,0,2,5.5,0.0
sticker photo booth,2026-03-02,0,1,2.0,0.0
sticker photo booth,2026-03-23,0,1,10.0,0.0
sticks for photo booth props,2026-02-23,0,1,3.0,0.0
sticky things for pictures on wall,2026-02-23,0,1,2.0,0.0
strand photo,2026-03-23,0,1,2.0,0.0
strap photobooth,2026-02-16,0,4,2.33,0.0
strap photobooth,2026-02-23,0,1,2.0,0.0
strap photobooth,2026-03-09,0,1,1.0,0.0
strap photobooth,2026-03-23,0,3,1.67,0.0
strap photobooth,2026-03-30,0,5,1.4,0.0
strap photobooth,2026-04-06,0,4,1.0,0.0
stri photo,2026-02-16,0,1,34.0,0.0
strike a pose photobooth,2026-04-13,0,1,1.0,0.0
strip,2026-04-27,0,1,2.0,0.0
strip booth,2026-02-16,0,1,1.0,0.0
strip booth,2026-02-23,0,1,1.0,0.0
strip camera,2026-03-16,0,2,1.5,0.0
strip club photo booth,2026-02-09,0,1,13.0,0.0
strip club photo booth,2026-02-16,0,1,3.0,0.0
strip club photo booth,2026-02-23,0,1,2.0,0.0
strip club photo booth,2026-03-02,0,1,2.0,0.0
strip club photo booth,2026-04-20,0,1,3.0,0.0
strip club photo booth,2026-05-11,0,1,4.0,0.0
strip foto,2026-02-16,0,1,3.0,0.0
strip foto,2026-02-23,0,3,2.75,0.0
strip foto,2026-03-09,0,1,2.0,0.0
strip foto,2026-03-23,0,1,2.0,0.0
strip foto,2026-04-06,0,1,2.0,0.0
strip foto,2026-04-13,0,3,2.0,0.0
strip foto,2026-04-20,0,1,2.0,0.0
strip foto adalah,2026-02-09,0,1,1.0,0.0
strip foto adalah,2026-02-16,0,2,1.5,0.0
strip foto adalah,2026-02-23,0,5,1.0,0.0
strip foto adalah,2026-03-02,0,1,1.0,0.0
strip foto adalah,2026-03-16,0,1,3.0,0.0
strip foto adalah,2026-03-30,0,2,2.5,0.0
strip foto adalah,2026-04-06,0,1,3.0,0.0
strip gallery,2026-02-23,0,1,1.0,0.0
strip gallery,2026-04-13,0,2,1.0,0.0
strip gallery,2026-05-04,0,1,1.0,0.0
strip image,2026-04-13,0,1,2.0,0.0
strip image meaning,2026-02-09,0,6,1.33,0.0
strip image meaning,2026-02-16,0,4,1.67,0.0
strip image meaning,2026-03-09,0,3,1.67,0.0
strip image meaning,2026-03-16,0,1,1.0,0.0
strip image meaning,2026-03-23,0,2,1.0,0.0
strip image meaning,2026-03-30,0,4,1.0,0.0
strip image meaning,2026-04-06,0,5,1.12,0.0
strip image size,2026-05-11,0,8,2.12,0.0
strip image size,2026-05-18,0,4,2.5,0.0
strip image size,2026-05-25,0,6,2.0,0.0
strip images,2026-03-30,0,1,2.0,0.0
strip images,2026-04-06,0,1,2.0,0.0
strip magnet photobooth,2026-03-02,0,1,3.0,0.0
strip magnet photobooth,2026-04-06,0,1,3.0,0.0
strip magnet photobooth,2026-05-18,0,1,3.0,0.0
strip meaning,2026-03-16,0,1,3.0,0.0
strip of photos,2026-02-09,0,2,1.5,0.0
strip of photos,2026-03-02,0,1,2.0,0.0
strip of photos,2026-03-16,0,1,37.0,0.0
strip of pictures,2026-02-16,0,1,2.0,0.0
strip of pictures,2026-03-16,0,1,2.0,0.0
strip on camera,2026-04-13,0,1,2.0,0.0
strip photo,2026-03-02,0,4,4.0,0.0
strip photo,2026-03-23,0,1,2.0,0.0
strip photo,2026-04-06,0,1,2.0,0.0
strip photo,2026-04-27,0,2,3.5,0.0
strip photo,2026-05-25,0,1,8.0,0.0
strip photo booth,2026-02-09,0,1,5.0,0.0
strip photo booth,2026-02-16,0,1,2.0,0.0
strip photo booth,2026-02-23,0,3,2.33,0.0
strip photo booth,2026-03-02,0,2,11.0,0.0
strip photo booth,2026-03-23,0,1,3.0,0.0
strip photo booth,2026-04-06,0,1,78.0,0.0
strip photo booth,2026-04-20,0,1,6.0,0.0
strip photo booth,2026-05-11,0,1,14.0,0.0
strip photo booth,2026-05-18,0,1,15.0,0.0
strip photo booth,2026-05-25,0,1,16.0,0.0
strip photo booth near me,2026-02-09,0,3,4.0,0.0
strip photo booth near me,2026-02-16,0,3,1.67,0.0
strip photo booth near me,2026-02-23,0,1,2.0,0.0
strip photo booth near me,2026-03-02,0,2,3.0,0.0
strip photo booth near me,2026-03-09,0,3,2.67,0.0
strip photo booth near me,2026-03-16,0,2,3.0,0.0
strip photo booth near me,2026-03-23,0,4,3.5,0.0
strip photo booth near me,2026-03-30,0,1,7.0,0.0
strip photo booth near me,2026-04-06,0,2,4.5,0.0
strip photo booth near me,2026-05-04,0,2,4.0,0.0
strip photo booth near me,2026-05-18,0,1,6.0,0.0
strip photo booth near me,2026-05-25,0,2,3.5,0.0
strip photo booth rental,2026-04-13,0,1,12.0,0.0
strip photo booth rental,2026-05-18,0,1,8.0,0.0
strip photo booth size,2026-02-09,0,5,1.0,0.0
strip photo booth size,2026-02-16,0,5,1.25,0.0
strip photo booth size,2026-02-23,0,4,1.67,0.0
strip photo booth size,2026-04-13,0,1,2.0,0.0
strip photo box,2026-02-09,0,1,2.0,0.0
strip photo frame,2026-02-09,0,3,6.0,0.0
strip photo frame,2026-03-09,0,1,8.0,0.0
strip photo frame,2026-04-13,0,1,7.0,0.0
strip photo frame,2026-04-20,0,1,7.0,0.0
strip photo frame,2026-04-27,0,1,8.0,0.0
strip photo frame,2026-05-11,0,2,6.5,0.0
strip photo prints,2026-04-27,0,1,10.0,0.0
strip photo size,2026-02-09,2,17,1.58,11.765
strip photo size,2026-02-16,1,12,1.0,8.333
strip photo size,2026-02-23,2,14,1.26,14.286
strip photo size,2026-03-02,2,19,1.73,10.526
strip photo size,2026-03-09,0,18,1.49,0.0
strip photo size,2026-03-16,0,22,1.22,0.0
strip photo size,2026-03-23,0,14,1.77,0.0
strip photo size,2026-03-30,1,19,1.7,5.263
strip photo size,2026-04-06,0,12,1.38,0.0
strip photo size,2026-04-13,0,8,1.5,0.0
strip photo size,2026-04-20,1,13,1.65,7.692
strip photo size,2026-04-27,0,17,1.82,0.0
strip photo size,2026-05-04,1,20,1.51,5.0
strip photo size,2026-05-11,0,12,1.93,0.0
strip photo size,2026-05-18,0,12,1.77,0.0
strip photo size,2026-05-25,0,6,1.88,0.0
strip photobooth,2026-02-09,0,5,1.0,0.0
strip photobooth,2026-02-16,0,2,1.5,0.0
strip photobooth,2026-02-23,0,3,1.67,0.0
strip photobooth,2026-03-02,0,1,3.0,0.0
strip photobooth,2026-03-09,0,4,12.0,0.0
strip photobooth,2026-03-16,0,2,1.0,0.0
strip photobooth,2026-03-30,0,2,1.0,0.0
strip photobooth,2026-04-06,0,1,45.0,0.0
strip photobooth,2026-05-18,0,1,15.0,0.0
strip photobooth adalah,2026-02-09,0,4,1.0,0.0
strip photobooth adalah,2026-02-16,0,5,1.25,0.0
strip photobooth adalah,2026-02-23,0,9,1.0,0.0
strip photobooth adalah,2026-03-16,0,1,2.0,0.0
strip photobooth adalah,2026-03-23,0,1,2.0,0.0
strip photobooth adalah,2026-03-30,0,4,2.67,0.0
strip photobooth size,2026-03-02,0,2,2.0,0.0
strip photobooth size,2026-03-09,0,2,1.5,0.0
strip photobooth size,2026-03-16,0,3,1.0,0.0
strip photobooth size,2026-04-06,0,4,1.25,0.0
strip photobooth template,2026-03-02,0,1,5.0,0.0
strip photobooth ukuran,2026-04-06,0,2,1.5,0.0
strip photobooth ukuran,2026-04-13,0,2,2.0,0.0
strip photobooth ukuran,2026-04-20,0,3,2.0,0.0
strip photobooth ukuran,2026-04-27,0,2,2.0,0.0
strip photobooth ukuran,2026-05-04,0,2,2.0,0.0
strip photobooth ukuran,2026-05-11,0,1,2.0,0.0
strip photobooth ukuran,2026-05-18,0,1,2.0,0.0
strip photography,2026-02-16,0,1,2.0,0.0
strip photography,2026-03-09,0,1,3.0,0.0
strip photography,2026-03-23,0,2,4.5,0.0
strip photography,2026-03-30,0,2,2.5,0.0
strip photos,2026-02-09,0,2,1.5,0.0
strip photos,2026-03-30,0,1,2.0,0.0
strip photos,2026-04-13,0,2,3.0,0.0
strip photos,2026-04-20,0,1,1.0,0.0
strip photos,2026-05-04,0,1,2.0,0.0
strip photoshoot,2026-03-02,0,1,1.0,0.0
strip pic,2026-02-16,0,1,2.0,0.0
strip pic,2026-04-20,0,1,2.0,0.0
strip pics,2026-04-13,0,2,9.0,0.0
strip picture,2026-02-16,0,1,2.0,0.0
strip picture,2026-03-16,0,1,3.0,0.0
strip picture,2026-04-06,0,1,2.0,0.0
strip picture frame,2026-02-16,0,1,2.0,0.0
strip picture frame,2026-05-18,0,1,4.0,0.0
strip picture size,2026-02-09,0,12,1.12,0.0
strip picture size,2026-02-16,0,9,1.0,0.0
strip picture size,2026-02-23,0,5,1.0,0.0
strip picture size,2026-03-02,0,11,1.37,0.0
strip picture size,2026-03-09,0,7,1.38,0.0
strip picture size,2026-03-16,0,7,1.29,0.0
strip picture size,2026-03-23,0,5,1.17,0.0
strip picture size,2026-03-30,0,1,1.0,0.0
strip picture size,2026-04-06,0,3,1.67,0.0
strip picture size,2026-04-13,0,2,5.5,0.0
strip picture size,2026-04-20,0,5,2.0,0.0
strip picture size,2026-04-27,0,3,1.75,0.0
strip picture size,2026-05-04,0,7,1.7,0.0
strip picture size,2026-05-11,0,1,1.0,0.0
strip picture size,2026-05-18,0,4,1.67,0.0
strip picture size,2026-05-25,0,5,1.5,0.0
strip pictures,2026-02-09,0,1,2.0,0.0
strip pictures,2026-02-16,0,2,2.0,0.0
strip polaroid,2026-02-09,0,2,2.0,0.0
strip polaroid,2026-03-16,0,1,2.0,0.0
strip polaroid size,2026-02-16,0,1,1.0,0.0
strip polaroid size,2026-03-02,0,3,1.75,0.0
strip polaroid size,2026-03-09,0,1,1.0,0.0
strip polaroid size,2026-03-16,0,4,1.25,0.0
strip polaroid size,2026-03-23,0,2,1.5,0.0
strip polaroid size,2026-03-30,0,3,1.25,0.0
strip polaroid size,2026-04-06,0,1,1.0,0.0
strip pose,2026-03-16,0,1,2.0,0.0
strip post,2026-02-16,0,1,1.0,0.0
strip poto,2026-04-13,0,1,2.0,0.0
strip print,2026-02-16,0,3,2.0,0.0
strip printing,2026-02-09,0,1,1.0,0.0
strip prints,2026-02-09,0,1,2.0,0.0
strip prints,2026-04-06,0,1,2.0,0.0
strip shots,2026-04-27,0,1,2.0,0.0
strip size,2026-03-09,0,1,11.0,0.0
strip size,2026-03-16,0,3,8.0,0.0
strip size,2026-03-30,0,1,15.0,0.0
strip size,2026-04-13,0,1,11.0,0.0
strip size,2026-04-20,0,1,17.0,0.0
strip size,2026-05-04,0,1,3.0,0.0
strip size,2026-05-11,0,1,16.0,0.0
strip size,2026-05-18,0,2,1.0,0.0
strip size,2026-05-25,0,1,1.0,0.0
strip size photobooth,2026-02-09,0,18,1.37,0.0
strip size photobooth,2026-02-16,0,8,1.31,0.0
strip size photobooth,2026-02-23,0,3,1.0,0.0
strip size photobooth,2026-03-02,0,6,1.38,0.0
strip size photobooth,2026-03-09,0,14,1.25,0.0
strip size photobooth,2026-03-16,0,7,1.33,0.0
strip size photobooth,2026-03-23,0,9,1.57,0.0
strip size photobooth,2026-03-30,1,4,1.67,25.0
strip size photobooth,2026-04-06,0,7,1.88,0.0
strip size photobooth,2026-04-13,0,7,1.88,0.0
strip size photobooth,2026-04-20,0,3,2.0,0.0
strip size photobooth,2026-04-27,0,10,1.75,0.0
strip size photobooth,2026-05-04,0,11,1.58,0.0
strip size photobooth,2026-05-11,0,7,3.0,0.0
strip size photobooth,2026-05-18,0,8,1.94,0.0
strip size photobooth,2026-05-25,0,2,2.0,0.0
strip style photobooth,2026-02-23,0,1,2.0,0.0
strip style photobooth,2026-05-25,0,1,2.0,0.0
strip-ornts,2026-02-09,0,2,2.0,0.0
strip?,2026-04-06,0,1,2.0,0.0
stripe image,2026-03-23,0,1,2.0,0.0
stripe photo booth,2026-05-18,0,1,1.0,0.0
stripe photobooth,2026-02-09,0,2,1.0,0.0
stripe photobooth,2026-02-16,0,1,1.0,0.0
stripe photobooth,2026-02-23,0,1,1.0,0.0
stripe photobooth,2026-03-16,0,2,1.5,0.0
stripe photobooth,2026-03-23,0,2,1.0,0.0
striping pics,2026-05-04,0,1,5.0,0.0
stripped photo,2026-03-16,0,1,2.0,0.0
stripphoto,2026-02-16,0,2,1.0,0.0
stripphoto,2026-03-23,0,1,1.0,0.0
strips photo,2026-03-09,0,1,2.0,0.0
strips photo,2026-03-23,0,1,3.0,0.0
strips photo,2026-03-30,0,1,3.0,0.0
strips photobooth,2026-02-09,0,7,1.0,0.0
strips photobooth,2026-02-16,0,2,1.0,0.0
strips photobooth,2026-02-23,0,2,1.0,0.0
strips photobooth,2026-03-02,0,1,1.0,0.0
strips photobooth,2026-03-16,0,6,1.5,0.0
strips photobooth,2026-03-23,0,4,1.0,0.0
strips photobooth,2026-03-30,0,2,1.0,0.0
strips photobooth,2026-04-06,0,1,1.0,0.0
strips photobooth,2026-04-13,0,3,1.0,0.0
strips photobooth,2026-05-18,0,1,3.0,0.0
strips photos,2026-02-09,0,1,2.0,0.0
strips print,2026-02-16,0,1,1.0,0.0
strips size,2026-04-06,0,1,1.0,0.0
strips size,2026-04-13,0,2,1.0,0.0
strips size,2026-04-20,0,2,1.0,0.0
strips size,2026-05-25,1,2,1.0,50.0
stub photo,2026-03-16,0,1,1.0,0.0
studio booth for rent miami,2026-02-09,0,15,8.39,0.0
studio booth for rent miami,2026-02-16,0,7,8.83,0.0
studio booth for rent miami,2026-02-23,0,8,17.17,0.0
studio booth for rent miami,2026-03-02,0,9,12.71,0.0
studio booth for rent miami,2026-03-09,0,8,18.92,0.0
studio booth for rent miami,2026-03-16,0,9,15.13,0.0
studio booth for rent miami,2026-03-23,0,12,9.05,0.0
studio booth for rent miami,2026-03-30,0,14,11.24,0.0
studio booth for rent miami,2026-04-06,0,6,12.17,0.0
studio booth for rent miami,2026-04-13,0,5,9.88,0.0
studio booth for rent miami,2026-04-20,0,5,17.0,0.0
studio booth for rent miami,2026-04-27,0,1,26.0,0.0
studio booth for rent miami,2026-05-04,0,3,16.75,0.0
studio booth for rent miami,2026-05-11,0,8,13.3,0.0
studio booth for rent miami,2026-05-18,0,5,8.5,0.0
studio booth for rent miami,2026-05-25,0,2,20.0,0.0
studio photo booth,2026-05-25,0,2,8.5,0.0
studio photo booth rental,2026-02-09,0,7,3.33,0.0
studio photo booth rental,2026-02-16,0,7,2.17,0.0
studio photo booth rental,2026-02-23,0,7,4.6,0.0
studio photo booth rental,2026-03-02,0,6,3.5,0.0
studio photo booth rental,2026-03-09,0,8,12.3,0.0
studio photo booth rental,2026-03-16,0,7,2.1,0.0
studio photo booth rental,2026-03-23,0,7,2.8,0.0
studio photo booth rental,2026-03-30,0,9,8.17,0.0
studio photo booth rental,2026-04-06,0,6,10.25,0.0
studio photo booth rental,2026-04-13,0,7,5.08,0.0
studio photo booth rental,2026-04-20,0,9,6.9,0.0
studio photo booth rental,2026-04-27,0,6,8.6,0.0
studio photo booth rental,2026-05-04,0,10,9.13,0.0
studio photo booth rental,2026-05-11,0,7,5.4,0.0
studio photo booth rental,2026-05-18,0,7,3.75,0.0
studio photo booth rental,2026-05-25,0,7,6.83,0.0
studiobooth,2026-02-23,0,1,29.0,0.0
studiobooth,2026-05-04,0,1,75.0,0.0
subway photo booth,2026-04-13,0,1,1.0,0.0
sukhakala photobooth,2026-04-06,0,1,8.0,0.0
sweet 16 photo booth rental,2026-03-02,0,6,17.38,0.0
sweet 16 photo booth rental,2026-03-16,0,4,25.67,0.0
sweet 16 photo booth rental,2026-03-23,0,6,33.92,0.0
sweet 16 photo booth rental,2026-03-30,0,3,55.33,0.0
sweet 16 photo booth rental,2026-04-06,0,3,45.67,0.0
swing photo booth,2026-02-23,0,1,80.0,0.0
tack tack photobooth,2026-04-13,0,1,8.0,0.0
tacktack photobooth,2026-04-13,0,1,4.0,0.0
taille photo photobooth,2026-02-09,0,1,3.0,0.0
taille photo photobooth,2026-02-23,0,1,2.0,0.0
taille photo photobooth,2026-03-02,0,1,2.0,0.0
taille photo photobooth,2026-03-16,0,1,2.0,0.0
taille photo photobooth,2026-03-30,0,1,12.0,0.0
taille photo photobooth,2026-04-13,0,1,3.0,0.0
taille photo photobooth,2026-04-27,0,2,2.5,0.0
taille photo photobooth,2026-05-11,1,2,11.5,50.0
taille photo photobooth,2026-05-18,0,2,5.0,0.0
taille photo photobooth,2026-05-25,0,1,10.0,0.0
taille photo photomaton,2026-05-04,0,1,6.0,0.0
taille photobooth,2026-04-06,0,3,2.0,0.0
taille photobooth,2026-04-20,0,1,1.0,0.0
taille photobooth,2026-05-04,0,1,2.0,0.0
tamaño foto fotomaton,2026-02-23,0,1,1.0,0.0
tamaño fotos fotomaton,2026-02-23,0,2,1.0,0.0
tamaño fotos fotomaton,2026-03-16,0,1,2.0,0.0
tap to lock in your pose photobooth,2026-05-04,0,1,7.0,0.0
telephone booth rental,2026-03-30,0,2,5.5,0.0
telephone booth rental,2026-04-06,0,2,4.0,0.0
telephone booth rental,2026-05-04,0,1,4.0,0.0
telephone booth rental near me,2026-05-04,0,1,5.0,0.0
telephone booth rental wedding,2026-03-23,0,1,61.0,0.0
telephone booth rental wedding,2026-05-11,0,1,34.0,0.0
tempat foto booth,2026-03-30,0,1,5.0,0.0
tempat foto booth terdekat,2026-03-23,0,1,2.0,0.0
tempat foto namanya apa,2026-02-23,0,1,1.0,0.0
tempat photobox bogor,2026-03-30,0,1,4.0,0.0
tempat photobox terdekat,2026-05-11,0,1,4.0,0.0
template photo booth strip,2026-02-09,0,2,4.5,0.0
the booth photo booth company,2026-02-23,0,1,7.0,0.0
the event roamer,2026-04-13,0,2,20.0,0.0
the glam booth,2026-04-06,0,1,1.0,0.0
the photo booth,2026-02-16,0,1,2.0,0.0
the photo booth,2026-03-16,0,1,5.0,0.0
the photo booth,2026-04-06,0,1,6.0,0.0
the photo booth,2026-04-13,0,1,7.0,0.0
the photo booth collective,2026-03-02,0,1,3.0,0.0
the photo booth experience,2026-02-23,0,1,9.0,0.0
the photo booth parlour,2026-02-16,0,1,4.0,0.0
the photos,2026-03-30,0,1,1.0,0.0
the social booth,2026-03-09,0,1,6.0,0.0
the standard photo booth,2026-02-23,0,2,11.0,0.0
the strip club photobooth studio,2026-04-13,0,1,11.0,0.0
the strip club photobooth studio,2026-04-20,0,1,11.0,0.0
the strip photo booth,2026-05-25,0,1,3.0,0.0
theme photobooth,2026-03-23,0,1,98.0,0.0
this type of prompt,2026-02-16,0,1,2.0,0.0
time zone photo booth,2026-03-23,0,1,1.0,0.0
timezone photo booth,2026-03-16,0,1,1.0,0.0
timezone photobooth size,2026-02-09,0,10,1.0,0.0
timezone photobooth size,2026-02-16,0,2,6.5,0.0
timezone photobooth size,2026-02-23,0,1,1.0,0.0
timezone photobooth size,2026-03-02,0,2,5.5,0.0
timezone photobooth size,2026-03-09,0,1,1.0,0.0
tira de fotos,2026-02-09,0,1,2.0,0.0
tira de fotos,2026-02-16,0,1,7.0,0.0
tira de fotos,2026-02-23,0,1,2.0,0.0
tira de fotos,2026-03-16,0,1,3.0,0.0
tira de fotos,2026-03-30,0,1,2.0,0.0
tira de fotos,2026-05-18,0,1,5.0,0.0
tira de fotos,2026-05-25,0,1,3.0,0.0
tira de fotos cabina,2026-02-09,0,1,2.0,0.0
tira de fotos cabina,2026-02-23,0,1,2.0,0.0
tira de fotos cabina,2026-03-09,0,1,2.0,0.0
tira de fotos en ingles,2026-02-09,0,1,1.0,0.0
tira de fotos fotomaton,2026-03-23,0,1,2.0,0.0
tira de rollo fotografico,2026-02-16,0,2,3.0,0.0
tira de rollo fotografico,2026-04-13,0,1,3.0,0.0
tira foto,2026-03-23,0,1,4.0,0.0
tira fotografica,2026-03-23,0,1,1.0,0.0
tira fotográfica,2026-04-13,0,1,2.0,0.0
tira fotomaton,2026-02-16,0,1,10.0,0.0
tira photobooth,2026-02-09,0,1,1.0,0.0
tirage photomaton,2026-03-16,0,1,7.0,0.0
tiras de foto,2026-03-30,0,2,2.5,0.0
tiras de foto,2026-05-11,0,1,2.0,0.0
tiras de fotomaton,2026-03-23,0,1,6.0,0.0
tiras de fotomaton,2026-05-04,0,1,5.0,0.0
tiras de fotos,2026-02-09,0,1,3.0,0.0
tiras de fotos,2026-02-23,0,1,2.0,0.0
tiras de fotos,2026-03-16,0,2,4.0,0.0
tiras de fotos,2026-03-30,0,1,2.0,0.0
tiras de fotos,2026-04-06,0,5,2.2,0.0
tiras de fotos,2026-05-25,0,1,2.0,0.0
tiras de fotos antiguas,2026-02-09,0,1,2.0,0.0
tiras de fotos antiguas,2026-02-23,0,1,2.0,0.0
tiras de fotos antiguas,2026-03-16,0,2,2.0,0.0
tiras de fotos de cabinas,2026-02-09,0,1,2.0,0.0
tiras de fotos de cabinas,2026-04-06,0,1,2.0,0.0
tiras fotograficas,2026-03-23,0,1,2.0,0.0
tiras fotograficas,2026-04-20,0,1,2.0,0.0
to more photo booths with you,2026-03-09,0,1,1.0,0.0
top photo booth companies,2026-03-09,0,1,75.0,0.0
towne park estates,2026-03-30,0,1,1.0,0.0
traditional photo booth,2026-02-09,0,1,1.0,0.0
traditional photo booth,2026-02-16,0,1,2.0,0.0
traditional photo booth,2026-02-23,0,1,1.0,0.0
traditional photo booth,2026-03-02,0,2,1.0,0.0
traditional photo booth,2026-03-09,0,1,1.0,0.0
traditional photo booth,2026-03-16,0,1,1.0,0.0
traditional photo booth,2026-04-13,0,1,1.0,0.0
traditional photo sizes,2026-03-02,0,1,11.0,0.0
traditional photo sizes,2026-03-09,0,1,11.0,0.0
traditional photo sizes,2026-03-16,0,1,11.0,0.0
traditional photobooth,2026-03-30,0,1,1.0,0.0
traditional photobooth,2026-05-11,0,1,63.0,0.0
traduire anglais français photo booth,2026-04-13,0,1,4.0,0.0
traffic camera photo booth,2026-03-30,0,1,37.0,0.0
traffic photo booth,2026-03-30,0,1,62.0,0.0
traffic photo booth,2026-04-06,0,2,27.5,0.0
traffic photo booth,2026-04-13,0,2,9.0,0.0
traveling photo booth,2026-02-23,0,1,7.0,0.0
trio poses photobooth,2026-03-23,0,1,4.0,0.0
tripod photo booth,2026-03-09,0,1,5.0,0.0
tulisan foto booth,2026-03-23,0,1,3.0,0.0
tulisan foto box,2026-03-23,0,1,3.0,0.0
tulisan photo booth,2026-03-09,0,1,1.0,0.0
tulisan photo booth,2026-03-23,0,5,3.0,0.0
tulisan photo booth yang benar,2026-04-06,0,1,3.0,0.0
tulisan photobooth,2026-03-23,0,2,3.0,0.0
turn photos into photo booth strips,2026-05-04,0,1,5.0,0.0
turn pictures into photo booth strip,2026-03-23,0,1,63.0,0.0
turn pictures into photo booth strip,2026-05-04,0,1,47.0,0.0
turnkey packages 360 video booth rental business,2026-04-27,0,1,12.0,0.0
turnkey photobooth rental business package what's included,2026-03-23,0,1,17.0,0.0
types of photo booths,2026-02-16,0,1,3.0,0.0
types of photo booths,2026-02-23,0,1,2.0,0.0
types of photo booths,2026-03-16,0,1,1.0,0.0
types of photo booths,2026-03-23,0,1,1.0,0.0
types of photo booths,2026-04-20,0,1,4.0,0.0
types of photobooths,2026-02-09,0,1,3.0,0.0
types of photobooths,2026-03-23,0,1,2.0,0.0
types of photobooths,2026-05-25,0,1,3.0,0.0
typical photo booth print size,2026-02-09,0,3,1.0,0.0
typical photo booth print size,2026-02-16,0,3,3.0,0.0
typical photo booth print size,2026-02-23,0,3,1.0,0.0
typical photo booth print size,2026-03-02,1,4,1.0,25.0
typical photo booth print size,2026-03-09,0,2,1.5,0.0
typical photo booth print size,2026-03-16,0,4,1.75,0.0
typical photo booth print size,2026-03-23,0,1,1.0,0.0
typical photo booth print size,2026-03-30,0,1,2.0,0.0
typical photo booth strip size,2026-05-11,0,6,2.62,0.0
typical photo booth strip size,2026-05-18,0,6,4.25,0.0
typical photo booth strip size,2026-05-25,0,7,4.2,0.0
typical polaroid size,2026-02-16,0,1,1.0,0.0
uk polaroid 2r,2026-03-02,0,3,1.0,0.0
ukuran background photo booth,2026-05-04,0,1,8.0,0.0
ukuran cetak foto photobooth,2026-02-09,0,1,1.0,0.0
ukuran cetak foto photobooth,2026-02-23,0,1,1.0,0.0
ukuran cetak foto photobooth,2026-04-27,0,1,1.0,0.0
ukuran cetak foto photobooth,2026-05-11,0,1,4.0,0.0
ukuran cetak photo booth,2026-02-23,0,1,1.0,0.0
ukuran cetak photobooth,2026-02-23,0,3,30.5,0.0
ukuran cetak photobooth,2026-03-02,0,2,1.0,0.0
ukuran cetak photobooth,2026-04-06,0,1,6.0,0.0
ukuran cetak photobooth,2026-04-13,0,1,40.0,0.0
ukuran cetak photobooth,2026-05-04,0,1,1.0,0.0
ukuran cetak photobooth,2026-05-18,0,2,8.5,0.0
ukuran foto photo booth,2026-03-30,0,1,11.0,0.0
ukuran foto photo booth,2026-04-20,0,1,30.0,0.0
ukuran foto photo booth,2026-04-27,0,1,63.0,0.0
ukuran foto photobooth,2026-02-16,0,2,2.0,0.0
ukuran foto photobox,2026-02-09,0,1,1.0,0.0
ukuran foto photobox,2026-04-27,0,1,1.0,0.0
ukuran foto strip,2026-04-06,0,1,10.0,0.0
ukuran foto strip,2026-05-18,0,1,5.0,0.0
ukuran foto strip,2026-05-25,0,2,14.0,0.0
ukuran foto strip photobooth,2026-02-16,0,1,3.0,0.0
ukuran foto strip photobooth,2026-03-23,0,1,2.0,0.0
ukuran foto strip photobooth,2026-04-13,0,1,2.0,0.0
ukuran foto strip photobooth,2026-04-20,1,2,1.0,50.0
ukuran foto strip photobooth,2026-05-04,0,5,2.0,0.0
ukuran foto strip photobooth,2026-05-11,0,1,2.0,0.0
ukuran foto strip photobooth,2026-05-18,0,4,1.67,0.0
ukuran foto strip photobox,2026-02-16,0,1,3.0,0.0
ukuran fotobooth,2026-03-23,0,1,1.0,0.0
ukuran fotobox,2026-03-23,0,1,3.0,0.0
ukuran fotostrip,2026-02-09,0,1,2.0,0.0
ukuran frame foto booth,2026-04-20,0,1,1.0,0.0
ukuran frame photo booth,2026-02-09,0,1,1.0,0.0
ukuran frame photobooth,2026-04-27,0,1,13.0,0.0
ukuran frame photobooth,2026-05-11,0,3,7.0,0.0
ukuran frame photobooth,2026-05-25,0,1,1.0,0.0
ukuran kertas foto booth,2026-02-09,0,2,2.5,0.0
ukuran kertas foto booth,2026-02-16,0,1,3.0,0.0
ukuran kertas foto booth,2026-02-23,0,3,1.5,0.0
ukuran kertas foto photobooth,2026-02-09,0,2,2.0,0.0
ukuran kertas fotobooth,2026-02-23,0,9,1.58,0.0
ukuran kertas fotobooth,2026-03-02,0,1,1.0,0.0
ukuran kertas fotobooth,2026-05-11,0,1,2.0,0.0
ukuran kertas photo booth,2026-04-06,0,1,6.0,0.0
ukuran kertas photobooth,2026-02-09,0,4,3.0,0.0
ukuran kertas photobooth,2026-02-16,0,7,1.8,0.0
ukuran kertas photobooth,2026-02-23,0,2,2.0,0.0
ukuran kertas photobooth,2026-03-30,0,2,1.5,0.0
ukuran kertas photobooth,2026-04-06,0,1,2.0,0.0
ukuran kertas photobooth,2026-04-20,0,1,8.0,0.0
ukuran kertas photobox,2026-03-02,0,1,7.0,0.0
ukuran kertas photobox,2026-04-06,0,1,9.0,0.0
ukuran photo booth,2026-02-09,0,2,32.5,0.0
ukuran photo booth,2026-02-16,0,1,61.0,0.0
ukuran photo booth,2026-02-23,0,3,42.67,0.0
ukuran photo booth,2026-03-02,0,2,1.0,0.0
ukuran photo booth,2026-03-09,0,3,2.0,0.0
ukuran photo booth,2026-03-23,0,1,11.0,0.0
ukuran photo booth,2026-03-30,0,1,2.0,0.0
ukuran photo booth,2026-04-06,0,7,2.0,0.0
ukuran photo booth,2026-04-13,0,6,2.0,0.0
ukuran photo booth,2026-04-27,0,2,2.0,0.0
ukuran photo booth,2026-05-04,0,3,6.75,0.0
ukuran photo booth,2026-05-11,0,3,1.33,0.0
ukuran photo booth instagram,2026-05-11,0,1,45.0,0.0
ukuran photo strip,2026-02-09,0,1,1.0,0.0
ukuran photo strip,2026-03-09,0,3,1.67,0.0
ukuran photo strip,2026-03-16,0,2,1.0,0.0
ukuran photo strip,2026-03-23,0,3,1.0,0.0
ukuran photo strip,2026-03-30,0,4,1.33,0.0
ukuran photo strip,2026-04-06,0,14,1.46,0.0
ukuran photo strip,2026-04-13,0,5,1.62,0.0
ukuran photo strip,2026-04-20,0,7,1.5,0.0
ukuran photo strip,2026-04-27,0,7,1.67,0.0
ukuran photo strip,2026-05-04,0,10,1.64,0.0
ukuran photo strip,2026-05-11,0,16,4.69,0.0
ukuran photo strip,2026-05-18,0,8,2.0,0.0
ukuran photo strips,2026-02-16,0,1,2.0,0.0
ukuran photo strips,2026-02-23,0,1,1.0,0.0
ukuran photo strips,2026-03-02,0,1,1.0,0.0
ukuran photo strips,2026-03-16,0,1,2.0,0.0
ukuran photo strips,2026-03-23,0,1,2.0,0.0
ukuran photo strips,2026-03-30,0,16,2.19,0.0
ukuran photo strips,2026-04-06,0,38,2.67,0.0
ukuran photo strips,2026-04-13,0,19,2.0,0.0
ukuran photo strips,2026-04-20,0,1,2.0,0.0
ukuran photo strips,2026-04-27,0,6,2.0,0.0
ukuran photo strips,2026-05-04,0,3,6.75,0.0
ukuran photo strips,2026-05-11,1,4,1.33,25.0
ukuran photo strips,2026-05-18,0,6,1.83,0.0
ukuran photo strips,2026-05-25,0,1,1.0,0.0
ukuran photobooth,2026-02-09,0,7,1.08,0.0
ukuran photobooth,2026-02-16,0,6,28.25,0.0
ukuran photobooth,2026-02-23,0,1,1.0,0.0
ukuran photobooth,2026-03-02,0,1,64.0,0.0
ukuran photobooth,2026-03-09,0,2,9.0,0.0
ukuran photobooth,2026-03-16,0,1,1.0,0.0
ukuran photobooth,2026-03-23,0,2,46.5,0.0
ukuran photobooth,2026-03-30,0,1,47.0,0.0
ukuran photobooth,2026-04-06,0,1,1.0,0.0
ukuran photobooth,2026-04-13,0,3,20.67,0.0
ukuran photobooth,2026-04-20,0,1,47.0,0.0
ukuran photobooth,2026-04-27,0,4,38.5,0.0
ukuran photobooth,2026-05-04,0,2,50.5,0.0
ukuran photobooth,2026-05-11,0,2,8.5,0.0
ukuran photobooth,2026-05-18,0,3,7.25,0.0
ukuran photobooth,2026-05-25,0,3,10.0,0.0
ukuran photobooth 2 strip,2026-05-11,0,1,2.0,0.0
ukuran photobooth 2 strip,2026-05-18,0,3,2.5,0.0
ukuran photobooth 4r,2026-03-30,0,1,3.0,0.0
ukuran photobooth di canva,2026-04-13,0,1,2.0,0.0
ukuran photobooth event,2026-02-09,0,2,21.0,0.0
ukuran photobooth strip,2026-02-09,0,3,2.67,0.0
ukuran photobooth strip,2026-02-16,0,2,1.0,0.0
ukuran photobooth strip,2026-02-23,0,2,12.0,0.0
ukuran photobooth strip,2026-03-02,0,1,10.0,0.0
ukuran photobooth strip,2026-03-09,0,4,1.67,0.0
ukuran photobooth strip,2026-03-16,0,13,2.0,0.0
ukuran photobooth strip,2026-03-23,0,4,2.0,0.0
ukuran photobooth strip,2026-03-30,0,37,1.91,0.0
ukuran photobooth strip,2026-04-06,0,98,2.24,0.0
ukuran photobooth strip,2026-04-13,0,63,2.17,0.0
ukuran photobooth strip,2026-04-20,0,107,2.47,0.0
ukuran photobooth strip,2026-04-27,0,35,1.96,0.0
ukuran photobooth strip,2026-05-04,0,20,2.53,0.0
ukuran photobooth strip,2026-05-11,0,6,2.0,0.0
ukuran photobooth strip,2026-05-18,0,7,2.67,0.0
ukuran photobooth strip,2026-05-25,0,4,1.83,0.0
ukuran photobooth strip 4 foto,2026-02-16,0,1,1.0,0.0
ukuran photobooth strip 4 foto,2026-04-27,0,1,1.0,0.0
ukuran photobooth strip 4 foto,2026-05-04,0,1,1.0,0.0
ukuran photobooth strip 6 foto,2026-04-20,0,2,2.0,0.0
ukuran photobooth strip 6 foto,2026-04-27,0,1,2.0,0.0
ukuran photobooth strip 6 foto,2026-05-18,0,1,2.0,0.0
ukuran photobooth strip 6 foto,2026-05-25,0,1,2.0,0.0
ukuran photobooth strip berapa cm,2026-02-09,0,1,1.0,0.0
ukuran photobooth strip cm,2026-02-09,0,2,3.0,0.0
ukuran photobooth strip cm,2026-02-16,0,1,2.0,0.0
ukuran photobooth strip cm,2026-04-20,0,1,4.0,0.0
ukuran photobox,2026-02-09,0,1,1.0,0.0
ukuran photobox,2026-03-16,0,1,1.0,0.0
ukuran photobox strip,2026-02-09,0,1,1.0,0.0
ukuran photostrip,2026-03-09,0,1,1.0,0.0
ukuran photostrip mini,2026-05-11,0,1,8.0,0.0
ukuran photostrip photobooth,2026-04-27,0,1,2.0,0.0
ukuran photostrip photomatics,2026-02-16,0,1,1.0,0.0
ukuran print photobooth,2026-03-23,0,1,3.0,0.0
ukuran print photobooth,2026-04-27,0,2,2.0,0.0
ukuran print photobooth,2026-05-18,0,1,2.0,0.0
ukuran spanduk photo booth,2026-04-06,0,2,5.5,0.0
ukuran standar photobooth,2026-03-09,0,1,8.0,0.0
ukuran standar photobooth,2026-03-23,0,1,1.0,0.0
ukuran standar photobooth,2026-03-30,0,1,1.0,0.0
ukuran standar photobooth,2026-04-13,0,1,1.0,0.0
ukuran strip photobooth,2026-02-09,0,3,3.0,0.0
ukuran strip photobooth,2026-02-16,0,4,17.5,0.0
ukuran strip photobooth,2026-03-02,0,2,2.0,0.0
ukuran strip photobooth,2026-03-09,0,13,2.0,0.0
ukuran strip photobooth,2026-03-16,0,54,1.96,0.0
ukuran strip photobooth,2026-03-23,2,60,2.0,3.333
ukuran strip photobooth,2026-03-30,1,68,2.01,1.471
ukuran strip photobooth,2026-04-06,0,61,2.0,0.0
ukuran strip photobooth,2026-04-13,0,83,2.04,0.0
ukuran strip photobooth,2026-04-20,0,106,2.07,0.0
ukuran strip photobooth,2026-04-27,1,74,1.98,1.351
ukuran strip photobooth,2026-05-04,0,36,1.98,0.0
ukuran strip photobooth,2026-05-11,0,19,2.0,0.0
ukuran strip photobooth,2026-05-18,0,6,2.0,0.0
ukuran strip photobooth,2026-05-25,0,1,2.0,0.0
ukuran untuk photo booth,2026-05-18,0,1,2.0,0.0
ukurannya berapa,2026-03-16,0,1,1.0,0.0
under the sea photobooth,2026-04-06,0,1,5.0,0.0
unique 360 photo service,2026-02-23,0,1,89.0,0.0
unique photo booth,2026-04-06,0,1,10.0,0.0
unique photo booth name,2026-02-23,0,1,38.0,0.0
unique photo booth name,2026-05-04,0,1,3.0,0.0
unique photo booth names,2026-04-20,0,1,3.0,0.0
unique photo booth names,2026-05-18,0,1,2.0,0.0
unique photo booth props,2026-02-23,0,1,80.0,0.0
unique photobooths,2026-03-30,0,1,10.0,0.0
units,2026-03-09,0,1,3.0,0.0
university photo booth,2026-02-09,0,2,18.0,0.0
university photo booth,2026-02-23,0,1,6.0,0.0
university photo booth,2026-03-16,0,1,6.0,0.0
urban outfitters photobooth,2026-03-09,0,1,1.0,0.0
use this,2026-03-09,0,1,22.0,0.0
using pillows for photo booth props at events,2026-03-16,0,1,45.0,0.0
using pillows for photo booth props at events,2026-03-30,0,1,18.0,0.0
using pillows for photo booth props at events,2026-04-27,0,2,21.0,0.0
using pillows for photo booth props at events,2026-05-04,0,2,19.5,0.0
using pillows for photo booth props at events,2026-05-11,0,2,17.5,0.0
using pillows for photo booth props at events,2026-05-25,0,2,24.0,0.0
vad heter den på engelska,2026-02-09,0,1,1.0,0.0
vendor photo booth,2026-03-23,0,1,54.0,0.0
vendor photobooth,2026-03-23,0,1,57.0,0.0
video booth rental,2026-02-23,0,1,10.0,0.0
video booth rental,2026-03-02,0,1,7.0,0.0
video booth rental,2026-03-30,0,1,11.0,0.0
video camera rental miami,2026-02-16,0,1,63.0,0.0
vintage photo booth,2026-03-09,0,1,2.0,0.0
vintage photo booth,2026-03-16,0,1,1.0,0.0
vintage photo booth locations in miami for couples,2026-02-16,0,3,13.67,0.0
vintage photo booth miami,2026-02-09,0,1,41.0,0.0
vintage photo booth miami,2026-02-16,0,2,36.0,0.0
vintage photo booth miami,2026-02-23,0,1,39.0,0.0
vintage photo booth miami,2026-03-02,0,2,46.0,0.0
vintage photo booth miami,2026-03-23,0,1,40.0,0.0
vintage photo booth miami,2026-04-13,0,1,55.0,0.0
vintage photo booth miami,2026-04-27,0,1,56.0,0.0
vintage photo booth miami,2026-05-11,0,2,54.0,0.0
vintage photo booth photos,2026-03-30,0,1,39.0,0.0
vintage photo booth pictures,2026-04-06,0,1,39.0,0.0
vintage photo booth strip,2026-02-09,0,1,87.0,0.0
vintage photo booth strip size,2026-02-09,0,2,2.0,0.0
vintage photo booth strip size,2026-02-16,0,2,2.0,0.0
vintage photo booth strip size,2026-02-23,0,5,1.67,0.0
vintage photo booth strip size,2026-03-09,0,3,2.5,0.0
vintage photo booth strip size,2026-03-16,0,3,1.25,0.0
vintage photo booth strip size,2026-03-23,0,3,2.0,0.0
vintage photo booth strip size,2026-03-30,0,1,2.0,0.0
vintage photo booth strip size,2026-04-06,0,2,2.5,0.0
vintage photo booth strip size,2026-04-13,0,2,2.0,0.0
vintage photo booth strip size,2026-04-20,1,1,1.0,100.0
vintage photo booth strips,2026-02-09,0,1,94.0,0.0
vintage photo booth strips,2026-03-02,0,3,32.75,0.0
vintage photo booth strips,2026-03-30,0,1,6.0,0.0
vintage photo booth strips,2026-05-18,0,1,3.0,0.0
vintage photo strip frame,2026-03-30,0,1,7.0,0.0
vintage photo strips,2026-02-16,0,3,1.0,0.0
vintage photobooth miami,2026-05-11,0,1,67.0,0.0
vintage photobooth photo strip,2026-02-09,0,1,8.0,0.0
vintage photobooth size,2026-02-09,0,6,4.17,0.0
vintage photobooth size,2026-02-16,0,5,1.88,0.0
vintage photobooth size,2026-02-23,0,4,2.33,0.0
vintage photobooth size,2026-03-02,0,3,1.0,0.0
vintage photobooth size,2026-03-09,0,2,1.5,0.0
vintage photobooth size,2026-03-16,0,1,3.0,0.0
vintage photobooth size,2026-03-23,0,3,1.33,0.0
vintage photobooth size,2026-03-30,0,2,1.5,0.0
vintage photobooth size,2026-04-06,0,7,1.4,0.0
vintage photobooth size,2026-04-13,0,2,1.0,0.0
vintage photobooth strip size,2026-02-09,0,13,1.9,0.0
vintage photobooth strip size,2026-02-16,0,9,1.95,0.0
vintage photobooth strip size,2026-02-23,1,9,2.03,11.111
vintage photobooth strip size,2026-03-02,0,7,1.92,0.0
vintage photobooth strip size,2026-03-09,0,10,1.83,0.0
vintage photobooth strip size,2026-03-16,0,4,1.83,0.0
vintage photobooth strip size,2026-03-23,0,7,1.56,0.0
vintage photobooth strip size,2026-03-30,0,13,1.33,0.0
vintage photobooth strip size,2026-04-06,0,4,1.33,0.0
vintage photobooth strip size,2026-04-13,1,12,1.55,8.333
vintage photobooth strip size,2026-04-20,0,7,1.6,0.0
vintage photobooth strip size,2026-04-27,0,5,2.0,0.0
vintage photobooth strip size,2026-05-04,0,6,1.2,0.0
vintage photobooth strip size,2026-05-11,1,9,1.56,11.111
vintage photobooth strip size,2026-05-18,0,5,2.11,0.0
vintage photobooth strip size,2026-05-25,0,2,1.5,0.0
vintage photobooth strips,2026-03-02,0,1,2.0,0.0
vintage photostrip,2026-03-23,0,1,75.0,0.0
vip box photobooth,2026-02-23,0,1,8.0,0.0
vipbox photobooth,2026-05-18,0,1,3.0,0.0
virginia gardens camera,2026-02-16,0,3,11.25,0.0
virginia gardens camera,2026-02-23,0,12,8.97,0.0
virginia gardens camera,2026-03-02,0,8,9.29,0.0
virginia gardens camera,2026-03-09,0,1,9.0,0.0
virginia gardens camera,2026-03-16,0,3,9.67,0.0
virginia gardens camera,2026-03-23,0,4,8.67,0.0
virginia gardens camera,2026-03-30,0,17,8.81,0.0
virginia gardens camera,2026-04-06,0,6,9.67,0.0
virginia gardens camera,2026-04-13,0,1,11.0,0.0
virginia gardens camera,2026-04-27,0,2,8.5,0.0
virginia gardens camera,2026-05-04,0,4,8.25,0.0
virginia gardens camera,2026-05-11,0,8,8.0,0.0
virginia gardens camera,2026-05-25,0,2,9.0,0.0
virginia gardens cameras,2026-02-23,0,2,8.0,0.0
virginia gardens cameras,2026-03-09,0,1,12.0,0.0
virginia gardens cameras,2026-03-23,0,12,7.71,0.0
virginia gardens cameras,2026-03-30,0,15,9.62,0.0
virginia gardens cameras,2026-04-06,0,15,9.13,0.0
virginia gardens cameras,2026-04-20,0,3,10.0,0.0
virginia gardens cameras,2026-04-27,0,1,8.0,0.0
virginia gardens cameras,2026-05-04,0,2,9.5,0.0
virginia gardens cameras,2026-05-25,0,2,8.5,0.0
virginia gardens park camera,2026-02-16,0,1,10.0,0.0
virginia gardens park camera,2026-05-18,0,6,8.7,0.0
virginia gardens park camera,2026-05-25,0,1,10.0,0.0
"virginia gardens, fl 33166",2026-03-16,0,1,2.0,0.0
visual sample,2026-03-23,0,1,22.0,0.0
vogue photo booth,2026-03-16,0,1,1.0,0.0
wacky pictures meaning,2026-02-16,0,1,1.0,0.0
walgreens photo booth strip,2026-02-09,0,1,6.0,0.0
walgreens photo booth strip,2026-03-23,0,1,3.0,0.0
walgreens photo booth strip,2026-04-06,0,1,5.0,0.0
walgreens photo booth strip,2026-05-11,0,1,5.0,0.0
walgreens photo strip,2026-02-09,0,1,5.0,0.0
walgreens photo strip size,2026-03-16,0,2,1.0,0.0
walking photo booth,2026-02-16,0,1,1.0,0.0
wall decor strips,2026-02-16,0,1,2.0,0.0
wallet size picture width and height,2026-03-30,0,1,1.0,0.0
wallpaper photo booth,2026-04-06,0,1,5.0,0.0
wanted photo prop,2026-05-04,0,1,7.0,0.0
wawa photo booth ioi,2026-02-09,0,1,1.0,0.0
wawa self photo booth,2026-02-09,0,1,3.0,0.0
ways to display photo booth strips,2026-02-09,0,5,4.33,0.0
ways to display photo booth strips,2026-02-16,0,5,2.5,0.0
ways to display photo booth strips,2026-02-23,0,1,1.0,0.0
ways to display photo booth strips,2026-03-02,0,1,1.0,0.0
ways to display photo booth strips,2026-03-09,0,4,6.83,0.0
ways to display photo booth strips,2026-03-16,0,3,7.67,0.0
ways to display photo booth strips,2026-03-23,0,1,3.0,0.0
ways to display photo booth strips,2026-04-06,0,2,4.0,0.0
ways to display photo booth strips,2026-05-11,0,1,18.0,0.0
ways to display photo booth strips,2026-05-18,0,1,10.0,0.0
web foto di laptop,2026-02-23,0,1,5.0,0.0
wedding booth,2026-02-09,0,1,1.0,0.0
wedding booth,2026-03-02,0,1,1.0,0.0
wedding booth photo,2026-03-23,0,1,7.0,0.0
wedding booth rentals,2026-03-30,0,1,10.0,0.0
wedding ohoto booth,2026-03-23,0,1,11.0,0.0
wedding phone booth rental,2026-02-23,0,1,85.0,0.0
wedding phone booth rental,2026-04-20,0,1,77.0,0.0
wedding phone booth rental,2026-05-25,0,1,4.0,0.0
wedding photo booth,2026-02-09,0,2,23.0,0.0
wedding photo booth,2026-02-16,0,4,10.83,0.0
wedding photo booth,2026-02-23,0,2,9.0,0.0
wedding photo booth,2026-03-09,0,2,5.0,0.0
wedding photo booth,2026-03-16,0,5,11.83,0.0
wedding photo booth,2026-03-23,0,4,12.67,0.0
wedding photo booth,2026-03-30,0,6,16.25,0.0
wedding photo booth,2026-04-06,0,4,20.5,0.0
wedding photo booth,2026-04-13,0,3,22.0,0.0
wedding photo booth,2026-04-20,0,3,21.5,0.0
wedding photo booth,2026-04-27,0,3,23.75,0.0
wedding photo booth,2026-05-04,0,1,30.0,0.0
wedding photo booth,2026-05-11,0,4,11.83,0.0
wedding photo booth,2026-05-18,0,3,19.25,0.0
wedding photo booth,2026-05-25,0,3,21.67,0.0
wedding photo booth hire,2026-02-16,0,1,80.0,0.0
wedding photo booth miami,2026-02-09,0,7,14.29,0.0
wedding photo booth miami,2026-02-16,0,8,8.42,0.0
wedding photo booth miami,2026-02-23,0,9,11.27,0.0
wedding photo booth miami,2026-03-02,0,8,16.65,0.0
wedding photo booth miami,2026-03-09,0,7,10.1,0.0
wedding photo booth miami,2026-03-16,0,17,10.18,0.0
wedding photo booth miami,2026-03-23,0,7,10.3,0.0
wedding photo booth miami,2026-03-30,0,8,11.33,0.0
wedding photo booth miami,2026-04-06,0,4,13.25,0.0
wedding photo booth miami,2026-04-13,0,6,18.83,0.0
wedding photo booth miami,2026-04-20,0,3,19.5,0.0
wedding photo booth miami,2026-04-27,0,2,21.5,0.0
wedding photo booth miami,2026-05-04,0,3,19.25,0.0
wedding photo booth miami,2026-05-11,0,6,18.75,0.0
wedding photo booth miami,2026-05-18,0,3,19.5,0.0
wedding photo booth miami,2026-05-25,0,2,20.0,0.0
wedding photo booth photos,2026-03-30,0,1,2.0,0.0
wedding photo booth photos,2026-04-13,0,1,2.0,0.0
wedding photo booth photos,2026-05-04,0,1,4.0,0.0
wedding photo booth photos,2026-05-18,0,2,4.5,0.0
wedding photo booth pictures,2026-02-23,1,1,2.0,100.0
wedding photo booth pictures,2026-04-06,0,1,4.0,0.0
wedding photo booth prints,2026-05-04,0,1,12.0,0.0
wedding photo booth rental,2026-02-09,0,6,40.67,0.0
wedding photo booth rental,2026-02-16,0,5,35.67,0.0
wedding photo booth rental,2026-02-23,0,2,5.0,0.0
wedding photo booth rental,2026-03-02,0,1,9.0,0.0
wedding photo booth rental,2026-03-09,0,1,10.0,0.0
wedding photo booth rental,2026-03-16,0,2,5.5,0.0
wedding photo booth rental,2026-03-23,0,2,4.0,0.0
wedding photo booth rental,2026-03-30,0,2,10.0,0.0
wedding photo booth rental,2026-04-06,0,3,7.33,0.0
wedding photo booth rental,2026-04-13,0,1,17.0,0.0
wedding photo booth rental,2026-04-20,0,1,15.0,0.0
wedding photo booth rental,2026-04-27,0,1,15.0,0.0
wedding photo booth rental,2026-05-04,0,1,1.0,0.0
wedding photo booth rental,2026-05-18,0,1,10.0,0.0
wedding photo booth rental,2026-05-25,0,1,10.0,0.0
wedding photo booth rentals,2026-02-09,0,1,12.0,0.0
wedding photo booth strip,2026-03-09,0,1,3.0,0.0
wedding photobooth,2026-02-23,0,3,12.33,0.0
wedding photobooth,2026-03-02,0,1,19.0,0.0
wedding photobooth,2026-04-13,0,1,1.0,0.0
wedding photobooth corner,2026-02-23,0,1,9.0,0.0
wedding photobooth rental,2026-02-23,0,2,8.5,0.0
wedding photobooth rental miami,2026-02-09,0,1,10.0,0.0
wedding photobooth strips,2026-03-02,0,1,62.0,0.0
wedding photobooths,2026-03-09,0,1,8.0,0.0
wedding shower photo booth,2026-05-04,0,2,18.0,0.0
wedding shower photo booth,2026-05-11,0,6,18.67,0.0
wedding shower photo booth,2026-05-18,0,4,14.67,0.0
what,2026-03-02,0,2,2.0,0.0
what about kissing,2026-03-30,0,1,10.0,0.0
what are photo booth photos called,2026-02-09,0,31,1.0,0.0
what are photo booth photos called,2026-02-16,0,21,1.07,0.0
what are photo booth photos called,2026-02-23,0,5,1.2,0.0
what are photo booth photos called,2026-03-02,0,6,1.5,0.0
what are photo booth photos called,2026-03-09,0,3,1.0,0.0
what are photo booth photos called,2026-03-16,0,7,1.08,0.0
what are photo booth photos called,2026-03-23,0,6,1.4,0.0
what are photo booth photos called,2026-03-30,0,12,1.0,0.0
what are photo booth photos called,2026-04-06,0,6,1.0,0.0
what are photo booth photos called,2026-04-13,0,11,1.21,0.0
what are photo booth photos called,2026-04-20,0,4,2.25,0.0
what are photo booth photos called,2026-04-27,0,9,1.5,0.0
what are photo booth photos called,2026-05-04,0,9,1.1,0.0
what are photo booth photos called,2026-05-11,0,5,2.0,0.0
what are photo booth photos called,2026-05-18,0,1,1.0,0.0
what are photo booth photos called,2026-05-25,0,5,2.5,0.0
what are photo booth pictures called,2026-02-09,0,16,2.31,0.0
what are photo booth pictures called,2026-02-16,0,22,1.0,0.0
what are photo booth pictures called,2026-02-23,0,31,1.0,0.0
what are photo booth pictures called,2026-03-02,0,32,1.0,0.0
what are photo booth pictures called,2026-03-09,0,37,1.0,0.0
what are photo booth pictures called,2026-03-16,0,39,1.05,0.0
what are photo booth pictures called,2026-03-23,0,39,1.36,0.0
what are photo booth pictures called,2026-03-30,0,25,1.0,0.0
what are photo booth pictures called,2026-04-06,0,30,1.07,0.0
what are photo booth pictures called,2026-04-13,0,29,1.22,0.0
what are photo booth pictures called,2026-04-20,0,30,1.86,0.0
what are photo booth pictures called,2026-04-27,0,21,1.68,0.0
what are photo booth pictures called,2026-05-04,0,39,1.14,0.0
what are photo booth pictures called,2026-05-11,0,33,2.08,0.0
what are photo booth pictures called,2026-05-18,0,39,3.04,0.0
what are photo booth pictures called,2026-05-25,0,27,1.99,0.0
what are photo booth props,2026-02-09,0,1,74.0,0.0
what are photo booth props,2026-02-23,0,1,53.0,0.0
what are photo booth props,2026-04-20,0,1,47.0,0.0
what are photo props,2026-03-23,0,1,64.0,0.0
what are photo props,2026-04-06,0,1,81.0,0.0
what are photobooth photos called,2026-02-16,0,3,1.0,0.0
what are photobooth photos called,2026-02-23,0,3,1.0,0.0
what are photobooth pictures called,2026-02-09,0,1,2.0,0.0
what are photobooth pictures called,2026-03-30,0,3,1.0,0.0
"what are recommended photo booth accessories to increase upsells at events (printers, backdrops, props)?",2026-03-16,0,1,7.0,0.0
what are the dimensions of a photo booth strip,2026-02-09,1,34,1.07,2.941
what are the dimensions of a photo booth strip,2026-02-16,1,23,1.14,4.348
what are the dimensions of a photo booth strip,2026-02-23,1,21,1.05,4.762
what are the dimensions of a photo booth strip,2026-03-02,0,20,1.02,0.0
what are the dimensions of a photo booth strip,2026-03-09,2,17,1.17,11.765
what are the dimensions of a photo booth strip,2026-03-16,1,18,1.11,5.556
what are the dimensions of a photo booth strip,2026-03-23,1,13,1.18,7.692
what are the dimensions of a photo booth strip,2026-03-30,0,12,1.21,0.0
what are the dimensions of a photo booth strip,2026-04-06,2,17,1.39,11.765
what are the dimensions of a photo booth strip,2026-04-13,1,10,1.58,10.0
what are the dimensions of a photo booth strip,2026-04-20,0,12,1.64,0.0
what are the dimensions of a photo booth strip,2026-04-27,1,16,1.55,6.25
what are the dimensions of a photo booth strip,2026-05-04,0,18,1.38,0.0
what are the dimensions of a photo booth strip,2026-05-11,0,9,1.17,0.0
what are the dimensions of a photo booth strip,2026-05-18,0,14,2.0,0.0
what are the dimensions of a photo booth strip,2026-05-25,0,8,2.12,0.0
what are the dimensions of a photo strip,2026-05-18,0,2,4.0,0.0
what are the dimensions of a photo strip,2026-05-25,0,9,2.9,0.0
what are the dimensions of a photobooth strip,2026-02-09,0,2,1.5,0.0
what are the dimentions,2026-04-27,0,1,2.0,0.0
what are the photo booth pictures called,2026-02-09,0,20,1.18,0.0
what are the photo booth pictures called,2026-02-16,0,9,1.0,0.0
what are the photo booth pictures called,2026-02-23,0,16,1.0,0.0
what are the photo booth pictures called,2026-03-02,0,9,1.0,0.0
what are the photo booth pictures called,2026-03-09,1,19,1.07,5.263
what are the photo booth pictures called,2026-03-16,0,16,1.0,0.0
what are the photo booth pictures called,2026-03-23,0,24,1.11,0.0
what are the photo booth pictures called,2026-03-30,0,12,1.0,0.0
what are the photo booth pictures called,2026-04-06,0,15,1.03,0.0
what are the photo booth pictures called,2026-04-13,0,12,1.06,0.0
what are the photo booth pictures called,2026-04-20,0,12,1.83,0.0
what are the photo booth pictures called,2026-04-27,0,20,1.3,0.0
what are the photo booth pictures called,2026-05-04,0,16,2.5,0.0
what are the photo booth pictures called,2026-05-11,0,16,1.48,0.0
what are the photo booth pictures called,2026-05-18,0,17,1.9,0.0
what are the photo booth pictures called,2026-05-25,0,16,1.77,0.0
what are the photos,2026-04-20,0,1,1.0,0.0
what are the photos,2026-04-27,0,1,1.0,0.0
what are the photos that come out of cameras called,2026-04-27,0,1,1.0,0.0
what are the photos that come out of cameras called,2026-05-11,0,3,1.0,0.0
what are these called,2026-02-09,0,1,2.0,0.0
what are these called,2026-03-16,0,1,1.0,0.0
what are these pictures called,2026-02-09,0,4,9.33,0.0
what are these pictures called,2026-02-16,0,3,3.5,0.0
what are they called,2026-02-09,0,1,4.0,0.0
what are they called,2026-02-23,0,1,2.0,0.0
what are they called,2026-03-09,0,1,1.0,0.0
what are they doing in the picture,2026-02-09,0,1,3.0,0.0
what are those,2026-05-11,0,1,1.0,0.0
what are those photo booth pictures called,2026-02-09,0,10,1.14,0.0
what are those photo booth pictures called,2026-02-16,0,11,1.0,0.0
what are those photo booth pictures called,2026-02-23,0,10,1.1,0.0
what are those photo booth pictures called,2026-03-02,0,7,1.0,0.0
what are those photo booth pictures called,2026-03-09,0,10,1.0,0.0
what are those photo booth pictures called,2026-03-16,0,7,1.0,0.0
what are those photo booth pictures called,2026-03-23,0,11,1.0,0.0
what are those photo booth pictures called,2026-03-30,0,12,1.0,0.0
what are those photo booth pictures called,2026-04-06,0,12,1.08,0.0
what are those photo booth pictures called,2026-04-13,0,8,1.47,0.0
what are those photo booth pictures called,2026-04-20,0,8,1.25,0.0
what are those photo booth pictures called,2026-04-27,0,12,1.63,0.0
what are those photo booth pictures called,2026-05-04,0,14,1.0,0.0
what are those photo booth pictures called,2026-05-11,0,14,1.57,0.0
what are those photo booth pictures called,2026-05-18,0,15,1.31,0.0
what are those photo booth pictures called,2026-05-25,0,8,1.5,0.0
what do i di,2026-04-27,0,1,3.0,0.0
what do you call a photo booth picture,2026-02-09,0,8,2.2,0.0
what do you call a photo booth picture,2026-02-16,0,1,1.0,0.0
what do you call a photo booth picture,2026-02-23,0,5,1.0,0.0
what do you call a photo booth picture,2026-03-02,0,5,1.5,0.0
what do you call a photo booth picture,2026-03-09,0,4,1.0,0.0
what do you call a photo booth picture,2026-03-16,0,6,1.12,0.0
what do you call a photo booth picture,2026-03-23,0,5,1.25,0.0
what do you call a photo booth picture,2026-03-30,0,5,1.0,0.0
what do you call a photo booth picture,2026-04-06,0,4,1.25,0.0
what do you call a photo booth picture,2026-04-20,0,3,2.0,0.0
what do you call a photo booth picture,2026-04-27,0,5,1.38,0.0
what do you call a photo booth picture,2026-05-04,0,5,1.17,0.0
what do you call a photo booth picture,2026-05-11,0,7,2.6,0.0
what do you call a photo booth picture,2026-05-18,0,2,2.5,0.0
what do you call a photo booth picture,2026-05-25,0,8,1.25,0.0
what do you call photo booth pictures,2026-02-09,0,20,1.17,0.0
what do you call photo booth pictures,2026-02-16,0,12,1.0,0.0
what do you call photo booth pictures,2026-02-23,0,10,1.0,0.0
what do you call photo booth pictures,2026-03-02,0,8,1.0,0.0
what do you call photo booth pictures,2026-03-09,0,10,1.0,0.0
what do you call photo booth pictures,2026-03-16,0,10,1.25,0.0
what do you call photo booth pictures,2026-03-23,0,8,1.0,0.0
what do you call photo booth pictures,2026-03-30,0,8,1.0,0.0
what do you call photo booth pictures,2026-04-06,0,8,1.42,0.0
what do you call photo booth pictures,2026-04-13,0,5,1.6,0.0
what do you call photo booth pictures,2026-04-20,0,10,3.65,0.0
what do you call photo booth pictures,2026-04-27,0,8,2.08,0.0
what do you call photo booth pictures,2026-05-04,0,10,1.15,0.0
what do you call photo booth pictures,2026-05-11,0,13,2.17,0.0
what do you call photo booth pictures,2026-05-18,0,7,1.67,0.0
what do you call photo booth pictures,2026-05-25,0,5,1.58,0.0
what do you call the photo booth pictures,2026-02-09,0,14,1.0,0.0
what do you call the photo booth pictures,2026-02-16,0,7,1.0,0.0
what do you call the photo booth pictures,2026-02-23,0,6,1.0,0.0
what do you call the photo booth pictures,2026-03-02,0,6,1.0,0.0
what do you call the photo booth pictures,2026-03-09,0,4,1.0,0.0
what do you call the photo booth pictures,2026-03-16,0,8,1.0,0.0
what do you call the photo booth pictures,2026-03-23,0,10,1.0,0.0
what do you call the photo booth pictures,2026-03-30,0,5,1.0,0.0
what do you call the photo booth pictures,2026-04-06,0,8,1.0,0.0
what do you call the photo booth pictures,2026-04-13,0,7,1.0,0.0
what do you call the photo booth pictures,2026-04-20,0,11,1.56,0.0
what do you call the photo booth pictures,2026-04-27,0,7,1.0,0.0
what do you call the photo booth pictures,2026-05-04,0,6,1.0,0.0
what do you call the photo booth pictures,2026-05-11,0,8,1.53,0.0
what do you call the photo booth pictures,2026-05-18,0,4,2.0,0.0
what do you call the photo booth pictures,2026-05-25,0,5,2.0,0.0
what do you call the photo that comes out of a camera,2026-03-16,0,2,1.0,0.0
what do you call the photo that comes out of a camera,2026-03-23,0,2,1.0,0.0
what do you call the picture that comes out of a camera,2026-03-23,0,4,1.0,0.0
what do you call the pictures that come out of a camera,2026-03-09,0,2,1.0,0.0
what do you call the pictures that come out of a camera,2026-03-16,0,2,1.0,0.0
what do you call the pictures that come out of a camera,2026-03-23,0,1,1.0,0.0
what do you call the strip of photos from a photo booth,2026-03-23,0,5,1.38,0.0
what do you call the strip of photos from a photo booth,2026-04-13,0,4,1.33,0.0
what does a 2mb picture look like,2026-02-23,0,1,1.0,0.0
what does a 2x2 picture look like,2026-03-16,0,1,4.0,0.0
what does a 2x2 picture look like,2026-04-06,0,1,1.0,0.0
what does a 2x2 picture look like,2026-04-20,0,1,3.0,0.0
what does photo booth mean,2026-02-09,0,1,2.0,0.0
what does photo booth mean,2026-03-30,0,1,3.0,0.0
what does photo booth mean,2026-04-06,0,1,1.0,0.0
what does photo booth mean?,2026-03-16,0,2,1.0,0.0
what does photo booth mean?,2026-05-18,0,1,3.0,0.0
what does your photo booth,2026-02-09,0,6,12.33,0.0
what does your photo booth,2026-02-16,0,2,13.5,0.0
what does your photo booth,2026-03-09,0,2,11.5,0.0
what does your photo booth,2026-05-11,0,2,12.5,0.0
what is 2000 x 2000 px,2026-04-06,0,1,1.0,0.0
what is 2mb photo,2026-03-16,0,1,1.0,0.0
what is 2x2 picture size,2026-03-09,0,1,1.0,0.0
what is 2x2 size,2026-03-23,0,1,3.0,0.0
what is 360 photo booth,2026-03-23,0,1,49.0,0.0
what is 360 photo booth,2026-03-30,0,1,44.0,0.0
what is 360 photo booth,2026-04-06,0,12,64.8,0.0
what is 360 photo booth,2026-04-13,0,2,91.5,0.0
what is 360 photo booth,2026-04-20,0,1,99.0,0.0
what is 360 photo booth,2026-05-11,0,1,59.0,0.0
what is 360 photo booth,2026-05-25,0,1,50.0,0.0
what is a 360 booth,2026-03-30,0,2,19.5,0.0
what is a 360 booth,2026-04-06,0,1,54.0,0.0
what is a 360 booth,2026-04-20,0,2,73.5,0.0
what is a 360 booth,2026-04-27,0,1,54.0,0.0
what is a 360 booth,2026-05-11,0,1,100.0,0.0
what is a 360 photo booth,2026-03-09,0,1,8.0,0.0
what is a 360 photo booth,2026-03-23,0,2,26.5,0.0
what is a 360 photo booth,2026-03-30,0,10,27.93,0.0
what is a 360 photo booth,2026-04-06,0,7,63.0,0.0
what is a 360 photo booth,2026-04-13,0,2,70.5,0.0
what is a 360 photo booth,2026-04-20,0,2,58.0,0.0
what is a 360 photo booth,2026-04-27,0,3,81.33,0.0
what is a 360 photo booth,2026-05-11,0,2,75.5,0.0
what is a 360 photo booth,2026-05-18,0,6,52.58,0.0
what is a 360 photo booth,2026-05-25,0,17,66.58,0.0
what is a boomerang picture,2026-03-30,0,1,10.0,0.0
what is a booth shot,2026-03-16,0,1,60.0,0.0
what is a collection of pictures called,2026-02-09,0,1,1.0,0.0
what is a glamour shot,2026-03-02,0,1,9.0,0.0
what is a photo booth,2026-02-09,0,1,45.0,0.0
what is a photo booth,2026-02-16,0,1,2.0,0.0
what is a photo booth,2026-02-23,0,1,79.0,0.0
what is a photo booth,2026-03-02,0,4,48.0,0.0
what is a photo booth,2026-03-09,0,2,14.5,0.0
what is a photo booth,2026-03-16,0,8,22.38,0.0
what is a photo booth,2026-03-23,0,6,1.33,0.0
what is a photo booth,2026-03-30,0,1,48.0,0.0
what is a photo booth,2026-04-06,0,2,2.0,0.0
what is a photo booth,2026-04-20,0,2,41.5,0.0
what is a photo booth,2026-05-04,0,2,26.5,0.0
what is a photo booth,2026-05-11,0,3,44.5,0.0
what is a photo booth,2026-05-18,0,1,3.0,0.0
what is a photo booth strip,2026-03-02,0,1,10.0,0.0
what is a photo booth strip,2026-03-09,0,4,2.33,0.0
what is a photo booth strip,2026-03-16,0,3,1.0,0.0
what is a photo booth strip,2026-03-23,0,6,2.67,0.0
what is a photo booth strip,2026-03-30,0,1,1.0,0.0
what is a photo booth strip,2026-04-06,0,2,5.0,0.0
what is a photo booth strip,2026-04-20,0,2,2.5,0.0
what is a photo booth strip,2026-04-27,0,1,3.0,0.0
what is a photo booth strip,2026-05-04,0,1,6.0,0.0
what is a photo booth strip,2026-05-11,0,1,6.0,0.0
what is a photo booth strip,2026-05-18,0,1,6.0,0.0
what is a photo booth strip called,2026-03-23,0,5,1.0,0.0
what is a photo booth strip called,2026-03-30,0,1,1.0,0.0
what is a photo booth strip called,2026-04-06,0,4,1.67,0.0
what is a photo booth strip called,2026-04-13,0,5,1.17,0.0
what is a photo booth strip called,2026-04-20,0,3,2.0,0.0
what is a photo booth strip called,2026-04-27,0,1,2.0,0.0
what is a photo booth strip called,2026-05-04,0,4,1.5,0.0
what is a photo booth strip called,2026-05-11,0,2,2.0,0.0
what is a photo booth?,2026-02-16,0,1,3.0,0.0
what is a photo booth?,2026-03-16,0,2,1.0,0.0
what is a photo booth?,2026-03-23,0,1,1.0,0.0
what is a photo strip,2026-02-09,0,8,2.83,0.0
what is a photo strip,2026-02-23,0,8,2.5,0.0
what is a photo strip,2026-03-02,0,2,1.0,0.0
what is a photo strip,2026-03-09,0,1,1.0,0.0
what is a photo strip,2026-03-16,0,2,3.0,0.0
what is a photo strip,2026-03-23,0,4,3.0,0.0
what is a photo strip,2026-03-30,0,4,6.67,0.0
what is a photo strip,2026-04-06,0,2,7.0,0.0
what is a photo strip,2026-04-13,0,4,1.0,0.0
what is a photo strip,2026-04-20,0,5,5.78,0.0
what is a photo strip,2026-04-27,0,4,5.5,0.0
what is a photo strip,2026-05-04,0,5,7.67,0.0
what is a photo strip,2026-05-11,0,3,5.67,0.0
what is a photo strip,2026-05-18,0,5,6.78,0.0
what is a photo strip,2026-05-25,0,6,3.78,0.0
what is a photobooth,2026-02-09,0,1,3.0,0.0
what is a photobooth,2026-02-16,0,1,7.0,0.0
what is a photobooth,2026-03-02,0,2,13.0,0.0
what is a photobooth,2026-03-16,0,6,14.42,0.0
what is a photobooth,2026-03-23,0,3,25.67,0.0
what is a photobooth,2026-05-04,0,1,3.0,0.0
what is a polaroid size,2026-03-30,0,1,1.0,0.0
what is a standard polaroid size,2026-02-16,0,1,1.0,0.0
what is it called those photo peaple put next to there work desk or next to there bed,2026-04-13,0,1,6.0,0.0
what is meaning,2026-02-09,0,1,2.0,0.0
what is photo booth,2026-02-09,0,1,40.0,0.0
what is photo booth,2026-02-16,0,2,54.0,0.0
what is photo booth,2026-02-23,0,2,61.0,0.0
what is photo booth,2026-03-02,0,2,55.0,0.0
what is photo booth,2026-03-09,0,4,37.5,0.0
what is photo booth,2026-03-16,0,11,16.0,0.0
what is photo booth,2026-03-23,0,19,2.36,0.0
what is photo booth,2026-03-30,0,9,29.17,0.0
what is photo booth,2026-04-06,0,3,2.75,0.0
what is photo booth,2026-05-04,0,1,64.0,0.0
what is photo booth,2026-05-11,0,1,32.0,0.0
what is photo booth strip,2026-05-04,0,1,6.0,0.0
what is photo booth strip,2026-05-11,0,1,9.0,0.0
what is photo booth strip,2026-05-18,0,1,6.0,0.0
what is photo booth strip,2026-05-25,0,4,4.67,0.0
what is photo strip,2026-02-23,0,1,1.0,0.0
what is photobooth,2026-02-09,0,2,2.0,0.0
what is photobooth,2026-02-23,0,1,1.0,0.0
what is photobooth,2026-03-02,0,1,83.0,0.0
what is photobooth,2026-03-09,0,1,3.0,0.0
what is photobooth,2026-03-16,0,1,1.0,0.0
what is photobooth,2026-03-23,0,2,1.0,0.0
what is photobooth,2026-03-30,0,2,29.0,0.0
what is photobooth,2026-04-06,0,1,1.0,0.0
what is photobooth,2026-04-13,0,2,2.0,0.0
what is photobooth,2026-05-04,0,1,1.0,0.0
what is photobooth,2026-05-11,0,2,47.5,0.0
what is picture composition,2026-03-30,0,1,1.0,0.0
what is polaroid photo size,2026-03-02,0,1,1.0,0.0
what is polaroid photo size,2026-03-23,0,1,1.0,0.0
what is polaroid size,2026-03-23,0,1,3.0,0.0
what is polaroid size photo,2026-04-06,0,1,1.0,0.0
what is size of 2x2,2026-03-23,0,1,1.0,0.0
what is size of 2x2 picture,2026-03-09,0,1,1.0,0.0
what is size of polaroid photo,2026-04-20,0,1,1.0,0.0
what is smaller than 4x6,2026-03-02,0,1,1.0,0.0
what is that thing called,2026-03-23,0,1,2.0,0.0
what is the average size of a photo booth strip,2026-02-09,0,13,1.0,0.0
what is the average size of a photo booth strip,2026-02-16,0,8,2.0,0.0
what is the average size of a photo booth strip,2026-02-23,0,1,1.0,0.0
what is the average size of a photo booth strip,2026-03-02,0,4,1.0,0.0
what is the average size of a photo booth strip,2026-03-09,1,4,1.67,25.0
what is the average size of a photo booth strip,2026-03-16,0,5,1.62,0.0
what is the average size of a photo booth strip,2026-03-23,0,5,1.62,0.0
what is the average size of a photo booth strip,2026-03-30,0,4,2.17,0.0
what is the average size of a photo booth strip,2026-04-06,0,4,1.25,0.0
what is the average size of a photo booth strip,2026-04-13,0,8,2.0,0.0
what is the average size of a photo booth strip,2026-04-20,0,1,1.0,0.0
what is the average size of a photo booth strip,2026-04-27,0,1,1.0,0.0
what is the average size of a photo booth strip,2026-05-04,0,4,2.5,0.0
what is the average size of a photo booth strip,2026-05-11,0,1,2.0,0.0
what is the average size of a photo booth strip,2026-05-18,0,2,4.5,0.0
what is the average size of a photo booth strip,2026-05-25,0,4,2.0,0.0
what is the dimensions of a polaroid photo,2026-03-30,0,1,3.0,0.0
what is the meaning of photo booth,2026-04-06,0,6,3.0,0.0
what is the name,2026-03-09,0,1,1.0,0.0
what is the polaroid size,2026-02-16,0,1,1.0,0.0
what is the size of 2 by 2 picture,2026-03-09,0,2,1.0,0.0
what is the size of 2x2,2026-03-23,0,1,1.0,0.0
what is the size of 2x2 picture,2026-03-09,0,21,1.0,0.0
what is the size of 2×2 picture,2026-03-09,0,1,1.0,0.0
what is the size of a 2x2 picture,2026-03-09,0,1,1.0,0.0
what is the size of a photo booth picture,2026-02-09,0,3,2.33,0.0
what is the size of a photo booth picture,2026-02-16,0,4,1.33,0.0
what is the size of a photo booth picture,2026-02-23,0,2,3.0,0.0
what is the size of a photo booth picture,2026-03-02,0,1,1.0,0.0
what is the size of a photo booth picture,2026-03-09,0,2,1.0,0.0
what is the size of a photo booth picture,2026-04-27,0,3,2.0,0.0
what is the size of a photo booth picture,2026-05-04,0,9,1.67,0.0
what is the size of a photo booth picture,2026-05-11,1,8,1.7,12.5
what is the size of a photo booth picture,2026-05-18,0,5,1.5,0.0
what is the size of a photo booth picture,2026-05-25,0,3,2.0,0.0
what is the size of a photo booth strip,2026-02-09,0,22,1.0,0.0
what is the size of a photo booth strip,2026-02-16,0,21,1.0,0.0
what is the size of a photo booth strip,2026-02-23,1,24,1.04,4.167
what is the size of a photo booth strip,2026-03-02,0,18,1.13,0.0
what is the size of a photo booth strip,2026-03-09,1,27,1.38,3.704
what is the size of a photo booth strip,2026-03-16,2,30,1.06,6.667
what is the size of a photo booth strip,2026-03-23,1,26,1.99,3.846
what is the size of a photo booth strip,2026-03-30,0,11,1.0,0.0
what is the size of a photo booth strip,2026-04-06,2,18,1.44,11.111
what is the size of a photo booth strip,2026-04-13,1,14,1.44,7.143
what is the size of a photo booth strip,2026-04-20,2,13,1.62,15.385
what is the size of a photo booth strip,2026-04-27,1,19,1.86,5.263
what is the size of a photo booth strip,2026-05-04,0,11,1.14,0.0
what is the size of a photo booth strip,2026-05-11,1,13,1.88,7.692
what is the size of a photo booth strip,2026-05-18,0,18,2.54,0.0
what is the size of a photo booth strip,2026-05-25,1,16,1.8,6.25
what is the size of a photo strip,2026-02-09,0,16,1.5,0.0
what is the size of a photo strip,2026-02-16,0,13,1.46,0.0
what is the size of a photo strip,2026-02-23,0,2,1.0,0.0
what is the size of a photo strip,2026-03-02,0,7,1.6,0.0
what is the size of a photo strip,2026-03-09,0,1,2.0,0.0
what is the size of a photo strip,2026-03-16,0,7,1.0,0.0
what is the size of a photo strip,2026-03-23,1,5,1.12,20.0
what is the size of a photo strip,2026-03-30,0,2,1.0,0.0
what is the size of a photo strip,2026-04-06,0,1,1.0,0.0
what is the size of a photo strip,2026-04-13,0,6,1.6,0.0
what is the size of a photo strip,2026-04-20,1,8,1.07,12.5
what is the size of a photo strip,2026-04-27,0,7,1.4,0.0
what is the size of a photo strip,2026-05-04,0,11,1.33,0.0
what is the size of a photo strip,2026-05-11,0,3,2.5,0.0
what is the size of a photo strip,2026-05-18,0,12,1.47,0.0
what is the size of a photo strip,2026-05-25,0,5,2.33,0.0
what is the size of a photobooth strip,2026-02-09,0,9,1.62,0.0
what is the size of a photobooth strip,2026-02-16,0,3,1.25,0.0
what is the size of a photobooth strip,2026-02-23,1,3,1.0,33.333
what is the size of a photobooth strip,2026-03-02,0,2,1.0,0.0
what is the size of a photobooth strip,2026-03-09,0,4,1.83,0.0
what is the size of a photobooth strip,2026-03-16,0,6,1.39,0.0
what is the size of a photobooth strip,2026-03-23,0,7,1.17,0.0
what is the size of a photobooth strip,2026-03-30,0,2,1.0,0.0
what is the size of a photobooth strip,2026-04-06,1,3,2.5,33.333
what is the size of a photobooth strip,2026-04-13,0,3,2.5,0.0
what is the size of a photobooth strip,2026-04-20,0,3,1.67,0.0
what is the size of a photobooth strip,2026-04-27,1,6,1.88,16.667
what is the size of a photobooth strip,2026-05-04,0,5,2.0,0.0
what is the size of a photobooth strip,2026-05-11,0,2,1.5,0.0
what is the size of a photobooth strip,2026-05-18,0,7,2.96,0.0
what is the size of a photobooth strip,2026-05-25,0,2,2.0,0.0
what is the size of a polaroid,2026-02-16,0,1,1.0,0.0
what is the size of a polaroid picture,2026-03-16,0,3,1.0,0.0
what is the size of a polaroid picture,2026-03-23,0,2,1.0,0.0
what is the size of a polaroid picture,2026-04-06,0,1,1.0,0.0
what is the size of a standard polaroid picture,2026-02-16,0,4,1.33,0.0
what is the size of photo booth pictures,2026-02-09,0,3,1.0,0.0
what is the size of photo booth pictures,2026-02-16,0,3,1.33,0.0
what is the size of photo booth pictures,2026-02-23,0,5,1.25,0.0
what is the size of photo booth pictures,2026-03-02,0,1,2.0,0.0
what is the size of photo booth strips,2026-02-09,2,19,1.45,10.526
what is the size of photo booth strips,2026-02-16,0,9,1.47,0.0
what is the size of photo booth strips,2026-02-23,0,5,1.25,0.0
what is the size of photo booth strips,2026-03-02,0,6,1.5,0.0
what is the size of photo booth strips,2026-03-09,0,7,1.6,0.0
what is the size of photo booth strips,2026-03-16,0,15,1.18,0.0
what is the size of photo booth strips,2026-03-23,0,17,1.61,0.0
what is the size of photo booth strips,2026-03-30,0,12,1.57,0.0
what is the size of photo booth strips,2026-04-06,0,10,1.87,0.0
what is the size of photo booth strips,2026-04-13,0,8,1.69,0.0
what is the size of photo booth strips,2026-04-20,0,3,1.67,0.0
what is the size of photo booth strips,2026-04-27,0,7,1.46,0.0
what is the size of photo booth strips,2026-05-04,0,13,1.75,0.0
what is the size of photo booth strips,2026-05-11,0,14,1.95,0.0
what is the size of photo booth strips,2026-05-18,0,17,2.85,0.0
what is the size of photo booth strips,2026-05-25,0,4,2.0,0.0
what is the size of photobooth strip,2026-02-09,0,35,1.23,0.0
what is the size of photobooth strip,2026-02-16,1,34,2.2,2.941
what is the size of photobooth strip,2026-02-23,0,27,1.18,0.0
what is the size of photobooth strip,2026-03-02,1,24,1.44,4.167
what is the size of photobooth strip,2026-03-09,0,21,2.52,0.0
what is the size of photobooth strip,2026-03-16,0,6,1.44,0.0
what is the size of photobooth strip,2026-03-23,0,10,3.38,0.0
what is the size of photobooth strip,2026-03-30,0,5,2.33,0.0
what is the size of photobooth strip,2026-04-06,0,14,2.65,0.0
what is the size of photobooth strip,2026-04-13,0,6,3.0,0.0
what is the size of photobooth strip,2026-04-20,0,7,2.4,0.0
what is the size of photobooth strip,2026-04-27,0,8,1.92,0.0
what is the size of photobooth strip,2026-05-04,1,11,2.3,9.091
what is the size of photobooth strip,2026-05-11,0,8,1.5,0.0
what is the size of photobooth strip,2026-05-18,0,16,3.49,0.0
what is the size of photobooth strip,2026-05-25,0,6,3.2,0.0
what is the size of polaroid photo,2026-03-30,0,4,1.0,0.0
what is the size of polaroid photo,2026-04-20,0,1,1.0,0.0
what is the size of polaroid picture,2026-03-16,0,4,1.0,0.0
what is the size of polaroid picture,2026-03-23,0,2,1.0,0.0
what is the size of polaroid picture,2026-03-30,0,1,1.0,0.0
what is the size of polaroid picture,2026-04-06,0,1,1.0,0.0
what is the size of the picture,2026-02-23,0,1,2.0,0.0
what is the size of this,2026-03-02,0,1,1.0,0.0
what is the size of this photo,2026-02-09,0,1,3.0,0.0
what is the size of wallet size picture in cm height and width,2026-02-16,0,1,1.0,0.0
what is the standard size of a photo booth strip,2026-03-30,0,4,2.33,0.0
what is the standard size of a photo booth strip,2026-04-06,2,12,2.03,16.667
what is the standard size of a photo booth strip,2026-04-13,0,22,1.81,0.0
what is the standard size of a photo booth strip,2026-04-20,0,6,2.0,0.0
what is the standard size of a photo booth strip,2026-04-27,0,18,2.25,0.0
what is the standard size of a photo booth strip,2026-05-04,0,3,1.0,0.0
what is the standard size of a photo booth strip,2026-05-11,0,5,1.0,0.0
what is the standard size of a photo booth strip,2026-05-18,0,2,1.0,0.0
what is the standard size of a photo booth strip,2026-05-25,0,1,4.0,0.0
what is the standard size of a photobooth strip,2026-03-09,0,1,3.0,0.0
what is the standard size of a photobooth strip,2026-03-16,0,3,1.75,0.0
what is the standard size of a photobooth strip,2026-03-23,0,2,2.5,0.0
what is the standard size of a photobooth strip,2026-03-30,0,1,4.0,0.0
what is the standard size of a polaroid picture,2026-02-16,0,3,1.0,0.0
what is the standard size of a polaroid picture,2026-03-02,0,1,1.0,0.0
what is this called,2026-02-23,0,1,22.0,0.0
what is this photo called,2026-03-02,0,2,19.5,0.0
what is this type of picture called,2026-03-09,0,1,1.0,0.0
what paper is used for photobooths,2026-02-16,0,1,1.0,0.0
what paper is used for photobooths,2026-03-02,0,1,1.0,0.0
what size are instax mini photos,2026-04-06,0,1,1.0,0.0
what size are photo booth photos,2026-02-09,1,12,1.43,8.333
what size are photo booth photos,2026-02-16,2,9,1.0,22.222
what size are photo booth photos,2026-02-23,0,3,1.67,0.0
what size are photo booth photos,2026-03-02,0,5,1.38,0.0
what size are photo booth photos,2026-03-09,0,2,1.0,0.0
what size are photo booth photos,2026-03-16,0,4,1.0,0.0
what size are photo booth photos,2026-03-23,0,2,2.0,0.0
what size are photo booth photos,2026-03-30,0,1,1.0,0.0
what size are photo booth photos,2026-04-06,0,2,2.0,0.0
what size are photo booth photos,2026-04-13,0,2,2.0,0.0
what size are photo booth photos,2026-05-04,0,1,1.0,0.0
what size are photo booth photos,2026-05-11,0,8,1.71,0.0
what size are photo booth photos,2026-05-18,0,12,1.48,0.0
what size are photo booth photos,2026-05-25,0,3,1.5,0.0
what size are photo booth pictures,2026-02-09,0,7,1.0,0.0
what size are photo booth pictures,2026-02-16,0,10,1.33,0.0
what size are photo booth pictures,2026-02-23,0,7,1.0,0.0
what size are photo booth pictures,2026-03-02,0,7,1.2,0.0
what size are photo booth pictures,2026-03-09,0,8,1.0,0.0
what size are photo booth pictures,2026-03-16,1,11,1.14,9.091
what size are photo booth pictures,2026-03-23,1,8,1.17,12.5
what size are photo booth pictures,2026-03-30,1,6,1.17,16.667
what size are photo booth pictures,2026-04-06,1,5,1.0,20.0
what size are photo booth pictures,2026-04-13,0,4,1.17,0.0
what size are photo booth pictures,2026-04-20,0,1,3.0,0.0
what size are photo booth pictures,2026-04-27,2,8,1.22,25.0
what size are photo booth pictures,2026-05-04,0,4,1.5,0.0
what size are photo booth pictures,2026-05-11,0,2,1.5,0.0
what size are photo booth pictures,2026-05-18,0,4,2.0,0.0
what size are photo booth pictures,2026-05-25,0,5,1.25,0.0
what size are photo booth strips,2026-02-09,1,57,1.18,1.754
what size are photo booth strips,2026-02-16,0,24,1.57,0.0
what size are photo booth strips,2026-02-23,1,33,1.55,3.03
what size are photo booth strips,2026-03-02,1,35,1.61,2.857
what size are photo booth strips,2026-03-09,0,17,2.51,0.0
what size are photo booth strips,2026-03-16,0,19,1.93,0.0
what size are photo booth strips,2026-03-23,1,26,1.41,3.846
what size are photo booth strips,2026-03-30,0,24,1.56,0.0
what size are photo booth strips,2026-04-06,1,23,1.72,4.348
what size are photo booth strips,2026-04-13,0,30,1.33,0.0
what size are photo booth strips,2026-04-20,0,17,2.25,0.0
what size are photo booth strips,2026-04-27,0,31,2.2,0.0
what size are photo booth strips,2026-05-04,0,37,1.65,0.0
what size are photo booth strips,2026-05-11,0,22,2.19,0.0
what size are photo booth strips,2026-05-18,0,21,2.29,0.0
what size are photo booth strips,2026-05-25,1,31,2.74,3.226
what size are photo strips,2026-02-09,0,7,1.0,0.0
what size are photo strips,2026-02-16,0,3,1.0,0.0
what size are photo strips,2026-02-23,1,5,1.0,20.0
what size are photo strips,2026-03-02,0,7,1.0,0.0
what size are photo strips,2026-03-09,1,6,2.42,16.667
what size are photo strips,2026-03-16,0,2,1.0,0.0
what size are photo strips,2026-03-23,0,5,1.33,0.0
what size are photo strips,2026-03-30,0,5,1.5,0.0
what size are photo strips,2026-04-06,0,5,1.25,0.0
what size are photo strips,2026-04-13,0,4,1.0,0.0
what size are photo strips,2026-04-20,0,7,2.08,0.0
what size are photo strips,2026-04-27,0,5,2.12,0.0
what size are photo strips,2026-05-04,0,8,2.08,0.0
what size are photo strips,2026-05-11,0,3,2.67,0.0
what size are photo strips,2026-05-18,0,11,2.5,0.0
what size are photo strips,2026-05-25,0,5,3.5,0.0
what size are photobooth pictures,2026-05-18,0,1,1.0,0.0
what size are photobooth pictures,2026-05-25,0,2,1.5,0.0
what size are photobooth strips,2026-02-09,0,29,1.14,0.0
what size are photobooth strips,2026-02-16,0,10,2.15,0.0
what size are photobooth strips,2026-02-23,0,9,1.0,0.0
what size are photobooth strips,2026-03-02,0,4,1.0,0.0
what size are photobooth strips,2026-03-09,0,13,1.19,0.0
what size are photobooth strips,2026-03-16,0,14,1.86,0.0
what size are photobooth strips,2026-03-23,0,11,1.81,0.0
what size are photobooth strips,2026-03-30,0,7,1.88,0.0
what size are photobooth strips,2026-04-06,0,21,1.43,0.0
what size are photobooth strips,2026-04-13,0,12,1.69,0.0
what size are photobooth strips,2026-04-20,0,9,1.87,0.0
what size are photobooth strips,2026-04-27,0,8,2.8,0.0
what size are photobooth strips,2026-05-04,0,14,1.07,0.0
what size are photobooth strips,2026-05-11,0,13,1.44,0.0
what size are photobooth strips,2026-05-18,1,8,2.25,12.5
what size are photobooth strips,2026-05-25,0,8,2.33,0.0
what size are photos,2026-03-09,0,1,34.0,0.0
what size are photos,2026-03-16,0,1,61.0,0.0
what size are pictures,2026-05-25,0,1,8.0,0.0
what size are polaroid prints,2026-02-09,0,1,1.0,0.0
what size is 2000 x 2000 pixels,2026-04-06,0,1,1.0,0.0
what size is 2x2,2026-03-23,0,1,1.0,0.0
what size is 2x2 picture,2026-03-09,0,10,1.0,0.0
what size is 2x6 in inches,2026-03-02,0,1,2.0,0.0
what size is 2x6 in inches,2026-04-13,0,6,2.0,0.0
what size is 2x6 in inches,2026-04-20,0,5,2.0,0.0
what size is 2x6 in inches,2026-04-27,0,1,2.0,0.0
what size is 2x6 in inches,2026-05-04,0,1,2.0,0.0
what size is a photo,2026-04-13,0,2,1.0,0.0
what size is a photo booth picture,2026-02-09,1,12,1.12,8.333
what size is a photo booth picture,2026-02-16,0,4,1.75,0.0
what size is a photo booth picture,2026-02-23,0,10,2.75,0.0
what size is a photo booth picture,2026-03-02,0,3,1.0,0.0
what size is a photo booth picture,2026-03-09,0,3,1.0,0.0
what size is a photo booth picture,2026-03-16,0,9,1.2,0.0
what size is a photo booth picture,2026-03-23,1,5,1.17,20.0
what size is a photo booth picture,2026-03-30,0,8,1.0,0.0
what size is a photo booth picture,2026-04-06,0,8,1.5,0.0
what size is a photo booth picture,2026-04-13,0,2,1.0,0.0
what size is a photo booth picture,2026-04-20,0,7,1.83,0.0
what size is a photo booth picture,2026-04-27,0,4,1.17,0.0
what size is a photo booth picture,2026-05-04,0,6,1.5,0.0
what size is a photo booth picture,2026-05-11,0,6,1.25,0.0
what size is a photo booth picture,2026-05-18,1,10,1.69,10.0
what size is a photo booth picture,2026-05-25,0,7,1.38,0.0
what size is a photo booth strip,2026-02-09,1,71,1.22,1.408
what size is a photo booth strip,2026-02-16,0,31,1.24,0.0
what size is a photo booth strip,2026-02-23,0,35,1.16,0.0
what size is a photo booth strip,2026-03-02,0,30,1.14,0.0
what size is a photo booth strip,2026-03-09,0,26,1.55,0.0
what size is a photo booth strip,2026-03-16,0,30,1.43,0.0
what size is a photo booth strip,2026-03-23,0,23,1.36,0.0
what size is a photo booth strip,2026-03-30,0,20,1.2,0.0
what size is a photo booth strip,2026-04-06,0,23,1.44,0.0
what size is a photo booth strip,2026-04-13,0,24,1.22,0.0
what size is a photo booth strip,2026-04-20,0,27,1.76,0.0
what size is a photo booth strip,2026-04-27,0,34,1.75,0.0
what size is a photo booth strip,2026-05-04,0,24,1.47,0.0
what size is a photo booth strip,2026-05-11,0,29,1.86,0.0
what size is a photo booth strip,2026-05-18,0,23,2.04,0.0
what size is a photo booth strip,2026-05-25,0,8,2.17,0.0
what size is a photo strip,2026-02-09,0,9,1.17,0.0
what size is a photo strip,2026-02-16,1,3,1.33,33.333
what size is a photo strip,2026-02-23,0,7,1.3,0.0
what size is a photo strip,2026-03-02,0,6,1.33,0.0
what size is a photo strip,2026-03-09,0,4,1.0,0.0
what size is a photo strip,2026-03-16,1,10,1.13,10.0
what size is a photo strip,2026-03-23,0,7,1.0,0.0
what size is a photo strip,2026-03-30,1,5,1.17,20.0
what size is a photo strip,2026-04-06,0,7,1.0,0.0
what size is a photo strip,2026-04-13,0,2,1.5,0.0
what size is a photo strip,2026-04-20,0,3,1.5,0.0
what size is a photo strip,2026-04-27,0,4,1.25,0.0
what size is a photo strip,2026-05-04,0,5,1.25,0.0
what size is a photo strip,2026-05-11,0,3,1.75,0.0
what size is a photo strip,2026-05-18,0,2,3.0,0.0
what size is a photo strip,2026-05-25,0,11,2.55,0.0
what size is a photobooth strip,2026-02-09,0,9,1.0,0.0
what size is a photobooth strip,2026-02-16,0,8,1.06,0.0
what size is a photobooth strip,2026-02-23,1,3,1.25,33.333
what size is a photobooth strip,2026-03-02,0,10,1.2,0.0
what size is a photobooth strip,2026-03-09,0,10,1.55,0.0
what size is a photobooth strip,2026-03-16,0,17,2.18,0.0
what size is a photobooth strip,2026-03-23,0,6,1.2,0.0
what size is a photobooth strip,2026-03-30,0,6,1.12,0.0
what size is a photobooth strip,2026-04-06,0,8,1.5,0.0
what size is a photobooth strip,2026-04-13,0,5,1.67,0.0
what size is a photobooth strip,2026-04-20,0,9,1.56,0.0
what size is a photobooth strip,2026-04-27,0,12,2.0,0.0
what size is a photobooth strip,2026-05-04,0,9,1.0,0.0
what size is a photobooth strip,2026-05-11,0,13,1.6,0.0
what size is a photobooth strip,2026-05-18,0,9,2.29,0.0
what size is a photobooth strip,2026-05-25,0,14,2.04,0.0
what size is a polaroid photo,2026-04-20,0,1,1.0,0.0
what size is a polaroid picture,2026-03-02,0,2,1.0,0.0
what size is a polaroid picture,2026-03-30,0,3,1.0,0.0
what size is a standard polaroid picture,2026-02-16,0,2,1.0,0.0
what size is normal photo,2026-04-13,0,1,41.0,0.0
what size is photo booth paper,2026-02-09,0,4,1.0,0.0
what size is photo booth paper,2026-02-16,0,6,1.11,0.0
what size is photo booth paper,2026-02-23,1,6,2.0,16.667
what size is photo booth paper,2026-03-02,0,5,1.0,0.0
what size is photo booth paper,2026-03-09,0,5,1.25,0.0
what size is photo booth paper,2026-03-16,0,5,1.5,0.0
what size is photo booth paper,2026-03-23,0,2,1.5,0.0
what size is photo booth paper,2026-03-30,0,1,1.0,0.0
what size is photo booth paper,2026-04-06,0,2,1.0,0.0
what size is photo booth paper,2026-04-13,0,7,1.42,0.0
what size is photo booth strips,2026-03-16,0,1,1.0,0.0
what size is photo booth strips,2026-05-25,1,5,3.33,20.0
what size is photobooth strip,2026-02-09,0,2,1.0,0.0
what size is photobooth strip,2026-02-16,0,8,3.1,0.0
what size is photobooth strip,2026-02-23,0,12,2.64,0.0
what size is photobooth strip,2026-03-02,0,8,2.63,0.0
what size is photobooth strip,2026-03-09,0,5,3.25,0.0
what size is photobooth strip,2026-03-16,0,4,1.75,0.0
what size is photobooth strip,2026-03-23,0,8,1.92,0.0
what size is photobooth strip,2026-03-30,0,6,3.67,0.0
what size is photobooth strip,2026-04-06,0,1,1.0,0.0
what size is photobooth strip,2026-04-13,0,7,2.5,0.0
what size is photobooth strip,2026-04-20,0,2,2.5,0.0
what size is photobooth strip,2026-04-27,0,5,1.75,0.0
what size is photobooth strip,2026-05-04,0,2,3.0,0.0
what size is photobooth strip,2026-05-11,0,1,1.0,0.0
what size is photobooth strip,2026-05-18,0,6,3.75,0.0
what size is photobooth strip,2026-05-25,0,7,2.25,0.0
what size is retro on free prints,2026-02-09,0,1,1.0,0.0
what size is the 2x2 picture,2026-03-09,0,1,1.0,0.0
what size is this photo,2026-02-16,0,1,3.0,0.0
what size is this?,2026-03-16,0,1,2.0,0.0
what size of 2x2 picture,2026-03-09,0,1,1.0,0.0
what size photos do photo booths take,2026-02-09,1,5,1.0,20.0
what size photos do photo booths take,2026-02-16,1,8,1.8,12.5
what size photos do photo booths take,2026-02-23,1,5,2.17,20.0
what size photos do photo booths take,2026-03-02,0,3,4.67,0.0
what size photos do photo booths take,2026-03-09,0,1,1.0,0.0
what size photos do photo booths take,2026-03-16,0,2,2.5,0.0
what size photos do photo booths take,2026-03-23,0,5,1.5,0.0
what size photos do photo booths take,2026-03-30,0,7,2.21,0.0
what size photos do photo booths take,2026-04-06,0,2,1.0,0.0
what size photos do photo booths take,2026-04-13,1,5,2.33,20.0
what size photos do photo booths take,2026-04-20,1,8,2.17,12.5
what size photos do photo booths take,2026-04-27,0,2,4.0,0.0
what size photos do photo booths take,2026-05-04,0,5,1.33,0.0
what size photos do photo booths take,2026-05-11,0,2,2.5,0.0
what size photos do photo booths take,2026-05-18,0,2,2.5,0.0
what size photos do photo booths take,2026-05-25,0,4,4.0,0.0
what size pictures,2026-02-23,0,1,29.0,0.0
what style is this?,2026-04-13,0,1,3.0,0.0
what the size of 2x2 picture,2026-03-09,0,2,1.0,0.0
what themes are popular for kids' photo booth backdrops?,2026-05-25,0,2,33.5,0.0
what this called,2026-03-30,0,1,1.0,0.0
what to do with photo booth pictures,2026-02-09,0,1,47.0,0.0
what to do with photo booth pictures,2026-02-23,0,1,42.0,0.0
what to do with photo booth strips,2026-02-09,0,2,1.0,0.0
what to do with photo booth strips,2026-02-16,0,1,5.0,0.0
what to do with photo booth strips,2026-02-23,0,1,21.0,0.0
what to do with photo booth strips,2026-03-02,0,2,5.5,0.0
what to do with photo booth strips,2026-03-09,0,1,1.0,0.0
what to do with photo booth strips,2026-03-30,0,1,1.0,0.0
what to do with photo booth strips,2026-04-06,0,2,42.0,0.0
what to do with photo booth strips,2026-04-27,0,1,10.0,0.0
what to do with photobooth strips,2026-02-09,0,4,2.75,0.0
what to do with photobooth strips,2026-02-16,0,1,2.0,0.0
what to do with photobooth strips,2026-02-23,0,2,19.0,0.0
what to do with photobooth strips,2026-03-02,0,1,8.0,0.0
what to do with photobooth strips,2026-03-30,0,1,3.0,0.0
what to do with photobooth strips,2026-04-06,0,1,24.0,0.0
what type of paper is used in photo booth,2026-02-23,0,1,1.0,0.0
what type of paper is used in photo booth,2026-04-13,0,1,1.0,0.0
what's it's called,2026-05-04,0,1,2.0,0.0
what's smaller than a 4x6 picture,2026-03-30,0,1,1.0,0.0
what's the size of polaroid pictures,2026-03-16,0,1,1.0,0.0
what's the trendiest neighborhood in miami for boutique hotels?,2026-02-16,0,1,27.0,0.0
what's the trendiest neighborhood in miami for boutique hotels?,2026-02-23,0,1,21.0,0.0
what's this called?,2026-04-20,0,1,22.0,0.0
whats a photo booth,2026-03-23,0,1,1.0,0.0
whats a photobooth,2026-03-30,0,1,1.0,0.0
whats photo booth,2026-03-16,0,1,1.0,0.0
whats the width,2026-05-04,0,1,5.0,0.0
what’s another name,2026-04-27,0,1,4.0,0.0
where can event planners rent minimalist photobooths that match modern decor?,2026-03-16,0,1,6.0,0.0
where can i find a photo booth near me,2026-05-18,0,1,7.0,0.0
where can i print something near me,2026-04-06,0,1,7.0,0.0
where can i print something near me,2026-04-20,0,1,10.0,0.0
where can i rent a photo booth,2026-03-09,0,1,10.0,0.0
where can i take photobooth pictures,2026-03-02,0,1,1.0,0.0
where is there a photo booth near me,2026-03-02,0,1,10.0,0.0
where to find a photo booth,2026-04-06,0,1,1.0,0.0
where to find photo booths,2026-02-16,0,1,4.0,0.0
where to get photo booth pictures,2026-02-23,0,1,3.0,0.0
where to print photo strips,2026-03-30,0,1,1.0,0.0
where to print photo strips,2026-05-18,0,1,5.0,0.0
where to print photobooth strips,2026-02-16,0,1,3.0,0.0
where to print polaroid size photos,2026-02-09,0,1,1.0,0.0
where to take photo booth pictures,2026-04-27,0,1,2.0,0.0
white photo strip,2026-02-23,0,1,4.0,0.0
who are these people,2026-03-16,0,1,5.0,0.0
"who offers warranties, support, and spare parts for commercial photo booths?",2026-03-30,0,2,3.5,0.0
why is,2026-03-02,0,1,1.0,0.0
width and height,2026-04-06,0,1,3.0,0.0
width and height,2026-04-13,0,1,9.0,0.0
with consent,2026-04-20,0,1,1.0,0.0
woman 2x2 picture size,2026-02-23,0,1,1.0,0.0
wooden photo booth hire,2026-03-23,0,1,7.0,0.0
wooden photo booth props,2026-02-23,0,1,33.0,0.0
wooden photo booth shell,2026-03-02,0,1,10.0,0.0
words for photo booth,2026-02-09,0,3,1.0,0.0
words for photo booth,2026-02-16,0,4,1.0,0.0
words for photo booth,2026-02-23,0,1,43.0,0.0
words for photo booth,2026-03-02,0,2,1.0,0.0
words for photo booth,2026-03-16,0,1,1.0,0.0
words for photo booth,2026-03-23,0,1,23.0,0.0
words for photo booth,2026-04-06,0,2,11.5,0.0
words for photo booth,2026-04-13,0,1,20.0,0.0
words for photo booth,2026-05-11,0,1,12.0,0.0
words for photo booth,2026-05-25,0,4,7.33,0.0
words to describe photo booth,2026-02-09,0,2,6.5,0.0
words to describe photo booth,2026-02-16,0,5,1.0,0.0
words to describe photo booth,2026-02-23,0,1,1.0,0.0
words to describe photo booth,2026-03-02,0,2,11.5,0.0
words to describe photo booth,2026-03-09,0,5,1.0,0.0
words to describe photo booth,2026-03-16,0,4,1.0,0.0
words to describe photo booth,2026-03-23,0,5,1.0,0.0
words to describe photo booth,2026-03-30,0,8,1.13,0.0
words to describe photo booth,2026-04-06,0,1,1.0,0.0
words to describe photo booth,2026-04-13,0,4,1.0,0.0
words to describe photo booth,2026-04-27,0,5,4.67,0.0
wynwood,2026-04-06,0,1,1.0,0.0
wynwood miami,2026-03-23,0,1,1.0,0.0
wynwood photo booth,2026-02-09,0,4,9.83,0.0
wynwood photo booth,2026-02-16,0,5,10.5,0.0
wynwood photo booth,2026-02-23,0,7,15.61,0.0
wynwood photo booth,2026-03-02,0,5,10.0,0.0
wynwood photo booth,2026-03-09,0,9,9.08,0.0
wynwood photo booth,2026-03-16,0,4,10.5,0.0
wynwood photo booth,2026-03-23,0,3,9.0,0.0
wynwood photo booth,2026-03-30,0,4,10.25,0.0
wynwood photo booth,2026-04-06,0,5,20.0,0.0
wynwood photo booth,2026-04-27,0,2,9.5,0.0
wynwood photo booth,2026-05-04,0,4,8.33,0.0
wynwood photo booth,2026-05-11,0,5,14.11,0.0
wynwood photobooth,2026-02-09,0,2,14.5,0.0
wynwood photobooth,2026-03-02,0,2,9.5,0.0
wynwood photobooth,2026-03-09,0,3,8.67,0.0
wynwood photobooth,2026-03-16,0,1,10.0,0.0
wynwood photobooth,2026-03-23,0,3,9.0,0.0
wynwood photobooth,2026-03-30,0,1,11.0,0.0
wynwood photobooth,2026-04-27,0,1,8.0,0.0
xl photo strips,2026-04-06,0,1,6.0,0.0
xl photostrip,2026-02-23,0,1,9.0,0.0
y en ingles,2026-02-16,0,1,3.0,0.0
yang benar photobooth atau photobox,2026-03-23,0,1,3.0,0.0
yeh,2026-05-04,0,1,5.0,0.0
yes,2026-03-16,0,1,2.0,0.0
yes,2026-04-27,0,1,4.0,0.0
yes,2026-05-04,0,1,13.0,0.0
yes please,2026-04-06,0,1,21.0,0.0
yes please,2026-04-13,0,1,2.0,0.0
your booths kent,2026-03-09,0,1,8.0,0.0
your photo booth,2026-02-09,0,1,1.0,0.0
your photo booth,2026-04-13,0,1,9.0,0.0
yourcityphotobooth,2026-03-09,0,1,46.0,0.0
yourcityphotobooth,2026-05-18,0,1,9.0,0.0
yours photobooth,2026-03-09,0,1,1.0,0.0
yoyo photobooth,2026-03-30,0,1,5.0,0.0
бумеранг фото как сделать,2026-03-30,0,2,3.0,0.0
бумеранг фото как сделать,2026-04-06,0,1,3.0,0.0
кабина для фотографирования,2026-04-27,0,1,2.0,0.0
как называются фото из фотобудки,2026-02-09,0,1,2.0,0.0
как называются фото из фотобудки,2026-03-30,0,1,2.0,0.0
как называются фотографии из фотобудки,2026-04-27,0,1,2.0,0.0
размер фото из фотобудки,2026-02-09,0,1,1.0,0.0
фотки в фотобудке,2026-05-25,0,2,5.0,0.0
фото в фотобудке,2026-04-13,0,1,3.0,0.0
фото из фотобудки,2026-02-09,0,1,2.0,0.0
фото из фотобудки,2026-02-16,0,1,2.0,0.0
фото из фотобудки,2026-03-16,0,1,2.0,0.0
фото из фотобудки,2026-04-13,0,1,2.0,0.0
фотобудка,2026-04-06,0,1,5.0,0.0
фотобудка бизнес,2026-05-18,0,1,4.0,0.0
фотобудка купить,2026-05-18,0,1,5.0,0.0
фотобудка на англ,2026-04-27,0,1,2.0,0.0
фотобудка печать фото,2026-02-23,0,1,1.0,0.0
اريد توضيح صورة,2026-02-23,0,1,1.0,0.0
الفوتو بوث,2026-03-16,0,1,2.0,0.0
الفوتو بوث,2026-04-06,0,1,2.0,0.0
شريط الصور,2026-04-13,0,1,2.0,0.0
صور بوث,2026-03-02,0,1,2.0,0.0
صور كشك صغير,2026-04-13,0,1,4.0,0.0
صور كشك صغير,2026-04-20,0,2,4.0,0.0
صور كشك صغير,2026-05-04,0,1,3.0,0.0
فوتو بوث,2026-02-09,0,1,5.0,0.0
فوتو بوث,2026-02-23,0,1,3.0,0.0
فوتو بوث,2026-03-02,0,1,4.0,0.0
فوتو بوث,2026-03-30,0,1,2.0,0.0
فوتو بوث,2026-04-06,0,1,6.0,0.0
فوتو بوث,2026-04-13,0,1,4.0,0.0
فوتوبوث,2026-03-02,0,1,3.0,0.0
فوتوبوث,2026-03-09,0,1,3.0,0.0
فوتوبوث,2026-03-16,0,9,3.67,0.0
فوتوبوث,2026-04-06,0,1,2.0,0.0
كشك التصوير,2026-03-16,0,1,5.0,0.0
كشك الصور,2026-03-30,0,2,3.0,0.0
كشك تصوير,2026-03-09,0,1,4.0,0.0
كشك تصوير,2026-03-30,0,1,8.0,0.0
كشك تصوير,2026-04-06,0,1,7.0,0.0
كشك صور,2026-03-02,0,1,3.0,0.0
ماهو الفوتوبوث,2026-04-06,0,1,3.0,0.0
معنى فوتوبوث,2026-02-23,0,1,1.0,0.0
معنى فوتوبوث,2026-03-30,0,1,3.0,0.0
معنى فوتوبوث,2026-05-04,0,1,2.0,0.0
कहते हैंphotobooth.com,2026-02-23,0,1,1.0,0.0
ফটোবুথ,2026-04-20,0,1,2.0,0.0
সেলফি বুথ,2026-04-06,0,1,12.0,0.0
ขนาด photo booth,2026-02-09,0,13,1.0,0.0
ขนาด photo booth,2026-02-16,0,8,1.0,0.0
ขนาด photo booth,2026-03-02,0,3,3.33,0.0
ขนาด photo booth,2026-03-09,0,8,1.0,0.0
ขนาด photo booth,2026-03-16,0,4,1.0,0.0
ขนาด photo booth,2026-03-23,1,7,1.0,14.286
ขนาด photo booth,2026-03-30,1,6,1.0,16.667
ขนาด photo booth,2026-04-06,0,3,1.0,0.0
ขนาด photo booth,2026-04-13,0,9,1.0,0.0
ขนาด photo booth,2026-04-20,0,12,1.0,0.0
ขนาด photo booth,2026-04-27,0,5,1.0,0.0
ขนาด photo booth,2026-05-04,0,7,1.0,0.0
ขนาด photo booth,2026-05-11,1,9,1.0,11.111
ขนาด photo booth,2026-05-18,0,7,1.0,0.0
ขนาด photo booth,2026-05-25,0,3,1.0,0.0
ขนาดphoto booth,2026-02-09,0,2,1.0,0.0
ขนาดphoto booth,2026-02-16,0,3,1.0,0.0
ขนาดphoto booth,2026-02-23,0,1,1.0,0.0
ขนาดphoto booth,2026-03-02,0,4,1.5,0.0
ขนาดphoto booth,2026-03-09,0,1,1.0,0.0
ขนาดphoto booth,2026-03-16,0,1,1.0,0.0
ขนาดรูป photo booth,2026-02-16,0,1,2.0,0.0
ขนาดโฟโต้บูธ,2026-02-09,0,1,3.0,0.0
ทำเองได้ไหม,2026-03-02,0,1,4.0,0.0
รูปโฟโต้บูธ ขนาด,2026-02-16,0,1,3.0,0.0
หมายถึงรูป,2026-03-16,0,1,1.0,0.0
სელფი photos,2026-03-23,0,1,53.0,0.0
ảnh photobooth kích thước,2026-02-09,0,1,5.0,0.0
ảnh polaroid là gì,2026-02-23,0,1,3.0,0.0
プリクラを撮る 英語,2026-02-23,0,1,7.0,0.0
大概長怎樣,2026-04-06,0,1,2.0,0.0
英語で,2026-02-16,0,1,2.0,0.0
누구임,2026-02-23,0,1,1.0,0.0
